strategy,set_id,evidence_grade,threshold_summary,pig_status,recommendable,hard_count,hard_percentage_all_notes,hard_percentage_assigned_notes,gt_eligible_notes,gt_hard_count,gt_hard_percentage,gt_error_count,gt_selected_errors,gt_error_recall,gt_precision,gt_correct_sieve_rate,gt_enrichment,assigned_gt_error_recall,assigned_gt_precision,macro_finger_recall,worst_finger,cluster_count,replicates,error_recall_ci_low,error_recall_ci_high,precision_ci_low,precision_ci_high
baseline,legacy_current_default,exploratory,legacy 500ms/15st-180ms/3-note cluster,"unavailable: PIG v1.02 annotations are distributed by the official authors upon request; no checksum-verifiable unattended download is published. Searched: /tmp/pianovam-audit-260724.djnuaa/PIG, /workspace/PIG. The strict validity gate remains closed.",False,35000,0.06881351733412501,0.0805759105653436,1800,90,0.05,392,26,0.0663265306122449,0.28888888888888886,0.045454545454545456,1.3265306122448979,0.2222222222222222,0.28888888888888886,0.04963508322663253,L2,11,2000,0.03508160645516229,0.10096275252525252,0.2,0.4138256343526348
baseline,legacy_current_default__ni_k3_r1,exploratory,"legacy 500ms/15st-180ms/3-note cluster; physical must-alert; Noinfo k=3, radius=1","unavailable: PIG v1.02 annotations are distributed by the official authors upon request; no checksum-verifiable unattended download is published. Searched: /tmp/pianovam-audit-260724.djnuaa/PIG, /workspace/PIG. The strict validity gate remains closed.",False,35000,0.06881351733412501,0.0805759105653436,1800,90,0.05,392,26,0.0663265306122449,0.28888888888888886,0.045454545454545456,1.3265306122448979,0.2222222222222222,0.28888888888888886,0.04963508322663253,L2,11,2000,0.03508160645516229,0.10096275252525252,0.2,0.4138256343526348
baseline,legacy_current_default__ni_k3_r2,exploratory,"legacy 500ms/15st-180ms/3-note cluster; physical must-alert; Noinfo k=3, radius=2","unavailable: PIG v1.02 annotations are distributed by the official authors upon request; no checksum-verifiable unattended download is published. Searched: /tmp/pianovam-audit-260724.djnuaa/PIG, /workspace/PIG. The strict validity gate remains closed.",False,35000,0.06881351733412501,0.0805759105653436,1800,90,0.05,392,26,0.0663265306122449,0.28888888888888886,0.045454545454545456,1.3265306122448979,0.2222222222222222,0.28888888888888886,0.04963508322663253,L2,11,2000,0.03508160645516229,0.10096275252525252,0.2,0.4138256343526348
baseline,legacy_current_default__ni_k5_r1,exploratory,"legacy 500ms/15st-180ms/3-note cluster; physical must-alert; Noinfo k=5, radius=1","unavailable: PIG v1.02 annotations are distributed by the official authors upon request; no checksum-verifiable unattended download is published. Searched: /tmp/pianovam-audit-260724.djnuaa/PIG, /workspace/PIG. The strict validity gate remains closed.",False,35000,0.06881351733412501,0.0805759105653436,1800,90,0.05,392,26,0.0663265306122449,0.28888888888888886,0.045454545454545456,1.3265306122448979,0.2222222222222222,0.28888888888888886,0.04963508322663253,L2,11,2000,0.03508160645516229,0.10096275252525252,0.2,0.4138256343526348
baseline,legacy_current_default__ni_k5_r2,exploratory,"legacy 500ms/15st-180ms/3-note cluster; physical must-alert; Noinfo k=5, radius=2","unavailable: PIG v1.02 annotations are distributed by the official authors upon request; no checksum-verifiable unattended download is published. Searched: /tmp/pianovam-audit-260724.djnuaa/PIG, /workspace/PIG. The strict validity gate remains closed.",False,35000,0.06881351733412501,0.0805759105653436,1800,90,0.05,392,26,0.0663265306122449,0.28888888888888886,0.045454545454545456,1.3265306122448979,0.2222222222222222,0.28888888888888886,0.04963508322663253,L2,11,2000,0.03508160645516229,0.10096275252525252,0.2,0.4138256343526348
baseline,legacy_current_default__ni_k5_r4,exploratory,"legacy 500ms/15st-180ms/3-note cluster; physical must-alert; Noinfo k=5, radius=4","unavailable: PIG v1.02 annotations are distributed by the official authors upon request; no checksum-verifiable unattended download is published. Searched: /tmp/pianovam-audit-260724.djnuaa/PIG, /workspace/PIG. The strict validity gate remains closed.",False,35860,0.07050436376004923,0.08255577579637777,1800,90,0.05,392,26,0.0663265306122449,0.28888888888888886,0.045454545454545456,1.3265306122448979,0.2222222222222222,0.28888888888888886,0.04963508322663253,L2,11,2000,0.03508160645516229,0.10096275252525252,0.2,0.4138256343526348
baseline,legacy_current_default__ni_k3_r4,exploratory,"legacy 500ms/15st-180ms/3-note cluster; physical must-alert; Noinfo k=3, radius=4","unavailable: PIG v1.02 annotations are distributed by the official authors upon request; no checksum-verifiable unattended download is published. Searched: /tmp/pianovam-audit-260724.djnuaa/PIG, /workspace/PIG. The strict validity gate remains closed.",False,43570,0.08566299857850934,0.10030549780948632,1800,116,0.06444444444444444,392,28,0.07142857142857142,0.2413793103448276,0.0625,1.1083743842364533,0.23931623931623933,0.2413793103448276,0.05365023474178404,L2,11,2000,0.03508160645516229,0.11171469257832126,0.15,0.36363636363636365
baseline,legacy_current_default__ni_k2_r1,exploratory,"legacy 500ms/15st-180ms/3-note cluster; physical must-alert; Noinfo k=2, radius=1","unavailable: PIG v1.02 annotations are distributed by the official authors upon request; no checksum-verifiable unattended download is published. Searched: /tmp/pianovam-audit-260724.djnuaa/PIG, /workspace/PIG. The strict validity gate remains closed.",False,49431,0.09718631358123239,0.11379850957587143,1800,139,0.07722222222222222,392,29,0.07397959183673469,0.20863309352517986,0.078125,0.9580091029217443,0.24786324786324787,0.20863309352517986,0.056665386256935554,L4,11,2000,0.041957478005865106,0.10997626011086772,0.14184397163120568,0.30337078651685395
baseline,legacy_current_default__ni_k2_r2,exploratory,"legacy 500ms/15st-180ms/3-note cluster; physical must-alert; Noinfo k=2, radius=2","unavailable: PIG v1.02 annotations are distributed by the official authors upon request; no checksum-verifiable unattended download is published. Searched: /tmp/pianovam-audit-260724.djnuaa/PIG, /workspace/PIG. The strict validity gate remains closed.",False,62762,0.12339639928355298,0.14448872282577416,1800,180,0.1,392,33,0.08418367346938775,0.18333333333333332,0.10440340909090909,0.8418367346938775,0.28205128205128205,0.18333333333333332,0.06236676625409019,L4,11,2000,0.04827171465813485,0.12876764217517642,0.11464968152866242,0.28573809523809507
baseline,legacy_current_default__ni_k2_r4,exploratory,"legacy 500ms/15st-180ms/3-note cluster; physical must-alert; Noinfo k=2, radius=4","unavailable: PIG v1.02 annotations are distributed by the official authors upon request; no checksum-verifiable unattended download is published. Searched: /tmp/pianovam-audit-260724.djnuaa/PIG, /workspace/PIG. The strict validity gate remains closed.",False,92261,0.1813943977932488,0.21240040241911906,1800,270,0.15,392,37,0.09438775510204081,0.13703703703703704,0.16548295454545456,0.6292517006802721,0.3162393162393162,0.13703703703703704,0.0702708066581306,L4,11,2000,0.05539457325452047,0.13772631901551227,0.08424723424723425,0.21268855192124483
blacklist,bl_step_crossing,exploratory,crossing and <=2 semitones,"unavailable: PIG v1.02 annotations are distributed by the official authors upon request; no checksum-verifiable unattended download is published. Searched: /tmp/pianovam-audit-260724.djnuaa/PIG, /workspace/PIG. The strict validity gate remains closed.",False,3631,0.0071389108982916555,0.008359175178936076,1800,10,0.005555555555555556,392,3,0.007653061224489796,0.3,0.004971590909090909,1.3775510204081634,0.02564102564102564,0.3,0.004545454545454545,L1,11,2000,0.0,0.015625,0.0,0.5454545454545454
blacklist,bl_step_crossing__ni_k5_r1,exploratory,"crossing and <=2 semitones; physical must-alert; Noinfo k=5, radius=1","unavailable: PIG v1.02 annotations are distributed by the official authors upon request; no checksum-verifiable unattended download is published. Searched: /tmp/pianovam-audit-260724.djnuaa/PIG, /workspace/PIG. The strict validity gate remains closed.",False,4200,0.008257622080095003,0.009669109267841234,1800,10,0.005555555555555556,392,3,0.007653061224489796,0.3,0.004971590909090909,1.3775510204081634,0.02564102564102564,0.3,0.004545454545454545,L1,11,2000,0.0,0.015625,0.0,0.5454545454545454
blacklist,bl_rate_q995,empirically_calibrated,LOPO 99.5th percentile,"unavailable: PIG v1.02 annotations are distributed by the official authors upon request; no checksum-verifiable unattended download is published. Searched: /tmp/pianovam-audit-260724.djnuaa/PIG, /workspace/PIG. The strict validity gate remains closed.",False,4745,0.009329146850012092,0.010923791303787298,1800,8,0.0044444444444444444,392,2,0.00510204081632653,0.25,0.004261363636363636,1.1479591836734695,0.017094017094017096,0.25,0.004015151515151515,L1,11,2000,0.0,0.01054889463362453,0.0,1.0
blacklist,bl_step_crossing__ni_k5_r2,exploratory,"crossing and <=2 semitones; physical must-alert; Noinfo k=5, radius=2","unavailable: PIG v1.02 annotations are distributed by the official authors upon request; no checksum-verifiable unattended download is published. Searched: /tmp/pianovam-audit-260724.djnuaa/PIG, /workspace/PIG. The strict validity gate remains closed.",False,4761,0.009360604457936263,0.010960626005760027,1800,10,0.005555555555555556,392,3,0.007653061224489796,0.3,0.004971590909090909,1.3775510204081634,0.02564102564102564,0.3,0.004545454545454545,L1,11,2000,0.0,0.015625,0.0,0.5454545454545454
blacklist,bl_rate_q995__ni_k5_r1,empirically_calibrated,"LOPO 99.5th percentile; physical must-alert; Noinfo k=5, radius=1","unavailable: PIG v1.02 annotations are distributed by the official authors upon request; no checksum-verifiable unattended download is published. Searched: /tmp/pianovam-audit-260724.djnuaa/PIG, /workspace/PIG. The strict validity gate remains closed.",False,5323,0.010465552936272784,0.012254444912552115,1800,8,0.0044444444444444444,392,2,0.00510204081632653,0.25,0.004261363636363636,1.1479591836734695,0.017094017094017096,0.25,0.004015151515151515,L1,11,2000,0.0,0.01054889463362453,0.0,1.0
blacklist,bl_step_crossing__ni_k5_r4,exploratory,"crossing and <=2 semitones; physical must-alert; Noinfo k=5, radius=4","unavailable: PIG v1.02 annotations are distributed by the official authors upon request; no checksum-verifiable unattended download is published. Searched: /tmp/pianovam-audit-260724.djnuaa/PIG, /workspace/PIG. The strict validity gate remains closed.",False,5839,0.011480060791827314,0.01344236405117261,1800,10,0.005555555555555556,392,3,0.007653061224489796,0.3,0.004971590909090909,1.3775510204081634,0.02564102564102564,0.3,0.004545454545454545,L1,11,2000,0.0,0.015625,0.0,0.5454545454545454
blacklist,bl_rate_q995__ni_k5_r2,empirically_calibrated,"LOPO 99.5th percentile; physical must-alert; Noinfo k=5, radius=2","unavailable: PIG v1.02 annotations are distributed by the official authors upon request; no checksum-verifiable unattended download is published. Searched: /tmp/pianovam-audit-260724.djnuaa/PIG, /workspace/PIG. The strict validity gate remains closed.",False,5887,0.011574433615599828,0.013552868157090794,1800,8,0.0044444444444444444,392,2,0.00510204081632653,0.25,0.004261363636363636,1.1479591836734695,0.017094017094017096,0.25,0.004015151515151515,L1,11,2000,0.0,0.01054889463362453,0.0,1.0
blacklist,bl_rate_q990,empirically_calibrated,LOPO 99th percentile,"unavailable: PIG v1.02 annotations are distributed by the official authors upon request; no checksum-verifiable unattended download is published. Searched: /tmp/pianovam-audit-260724.djnuaa/PIG, /workspace/PIG. The strict validity gate remains closed.",False,6351,0.0124867042454008,0.014621074514299922,1800,17,0.009444444444444445,392,4,0.01020408163265306,0.23529411764705882,0.009232954545454546,1.0804321728691477,0.03418803418803419,0.23529411764705882,0.010165945165945166,L1,11,2000,0.0,0.01815256525652565,0.0,0.4375
blacklist,bl_rate_q990__ni_k5_r1,empirically_calibrated,"LOPO 99th percentile; physical must-alert; Noinfo k=5, radius=1","unavailable: PIG v1.02 annotations are distributed by the official authors upon request; no checksum-verifiable unattended download is published. Searched: /tmp/pianovam-audit-260724.djnuaa/PIG, /workspace/PIG. The strict validity gate remains closed.",False,6928,0.013621144231166232,0.015949425954191444,1800,17,0.009444444444444445,392,4,0.01020408163265306,0.23529411764705882,0.009232954545454546,1.0804321728691477,0.03418803418803419,0.23529411764705882,0.010165945165945166,L1,11,2000,0.0,0.01815256525652565,0.0,0.4375
blacklist,bl_rate_q995__ni_k5_r4,empirically_calibrated,"LOPO 99.5th percentile; physical must-alert; Noinfo k=5, radius=4","unavailable: PIG v1.02 annotations are distributed by the official authors upon request; no checksum-verifiable unattended download is published. Searched: /tmp/pianovam-audit-260724.djnuaa/PIG, /workspace/PIG. The strict validity gate remains closed.",False,6972,0.013707652652957703,0.016050721384616447,1800,8,0.0044444444444444444,392,2,0.00510204081632653,0.25,0.004261363636363636,1.1479591836734695,0.017094017094017096,0.25,0.004015151515151515,L1,11,2000,0.0,0.01054889463362453,0.0,1.0
blacklist,bl_rate_q990__ni_k5_r2,empirically_calibrated,"LOPO 99th percentile; physical must-alert; Noinfo k=5, radius=2","unavailable: PIG v1.02 annotations are distributed by the official authors upon request; no checksum-verifiable unattended download is published. Searched: /tmp/pianovam-audit-260724.djnuaa/PIG, /workspace/PIG. The strict validity gate remains closed.",False,7492,0.014730024910493276,0.017247849198730125,1800,17,0.009444444444444445,392,4,0.01020408163265306,0.23529411764705882,0.009232954545454546,1.0804321728691477,0.03418803418803419,0.23529411764705882,0.010165945165945166,L1,11,2000,0.0,0.01815256525652565,0.0,0.4375
blacklist,bl_rate_q990__ni_k5_r4,empirically_calibrated,"LOPO 99th percentile; physical must-alert; Noinfo k=5, radius=4","unavailable: PIG v1.02 annotations are distributed by the official authors upon request; no checksum-verifiable unattended download is published. Searched: /tmp/pianovam-audit-260724.djnuaa/PIG, /workspace/PIG. The strict validity gate remains closed.",False,8572,0.016853413445374846,0.0197341915818893,1800,17,0.009444444444444445,392,4,0.01020408163265306,0.23529411764705882,0.009232954545454546,1.0804321728691477,0.03418803418803419,0.23529411764705882,0.010165945165945166,L1,11,2000,0.0,0.01815256525652565,0.0,0.4375
blacklist,bl_step_crossing__ni_k3_r1,exploratory,"crossing and <=2 semitones; physical must-alert; Noinfo k=3, radius=1","unavailable: PIG v1.02 annotations are distributed by the official authors upon request; no checksum-verifiable unattended download is published. Searched: /tmp/pianovam-audit-260724.djnuaa/PIG, /workspace/PIG. The strict validity gate remains closed.",False,8955,0.0176064299350597,0.020615922260361488,1800,25,0.013888888888888888,392,4,0.01020408163265306,0.16,0.014914772727272728,0.7346938775510204,0.03418803418803419,0.16,0.005953905249679898,L1,11,2000,0.0022887323943662006,0.017442495176195793,0.027083333333333372,0.2857142857142857
blacklist,bl_crossing,research_supported_corroboration_required,non-thumb crossing,"unavailable: PIG v1.02 annotations are distributed by the official authors upon request; no checksum-verifiable unattended download is published. Searched: /tmp/pianovam-audit-260724.djnuaa/PIG, /workspace/PIG. The strict validity gate remains closed.",False,9707,0.019084937507495757,0.022347153253079725,1800,28,0.015555555555555555,392,7,0.017857142857142856,0.25,0.014914772727272728,1.1479591836734695,0.05982905982905983,0.25,0.010227272727272727,L1,11,2000,0.00443337417823939,0.032573493995575256,0.06666666666666667,0.4375
blacklist,bl_rate_q995__ni_k3_r1,empirically_calibrated,"LOPO 99.5th percentile; physical must-alert; Noinfo k=3, radius=1","unavailable: PIG v1.02 annotations are distributed by the official authors upon request; no checksum-verifiable unattended download is published. Searched: /tmp/pianovam-audit-260724.djnuaa/PIG, /workspace/PIG. The strict validity gate remains closed.",False,10101,0.01985958110262848,0.023254207789158165,1800,25,0.013888888888888888,392,4,0.01020408163265306,0.16,0.014914772727272728,0.7346938775510204,0.03418803418803419,0.16,0.006938753734528383,L1,11,2000,0.0022887323943662006,0.017442495176195793,0.024375000000000036,0.3333333333333333
blacklist,bl_crossing__ni_k5_r1,research_supported_corroboration_required,"non-thumb crossing; physical must-alert; Noinfo k=5, radius=1","unavailable: PIG v1.02 annotations are distributed by the official authors upon request; no checksum-verifiable unattended download is published. Searched: /tmp/pianovam-audit-260724.djnuaa/PIG, /workspace/PIG. The strict validity gate remains closed.",False,10238,0.0201289368704792,0.023569604924799654,1800,28,0.015555555555555555,392,7,0.017857142857142856,0.25,0.014914772727272728,1.1479591836734695,0.05982905982905983,0.25,0.010227272727272727,L1,11,2000,0.00443337417823939,0.032573493995575256,0.06666666666666667,0.4375
blacklist,bl_crossing__ni_k5_r2,research_supported_corroboration_required,"non-thumb crossing; physical must-alert; Noinfo k=5, radius=2","unavailable: PIG v1.02 annotations are distributed by the official authors upon request; no checksum-verifiable unattended download is published. Searched: /tmp/pianovam-audit-260724.djnuaa/PIG, /workspace/PIG. The strict validity gate remains closed.",False,10777,0.021188665037424722,0.024810473947505945,1800,28,0.015555555555555555,392,7,0.017857142857142856,0.25,0.014914772727272728,1.1479591836734695,0.05982905982905983,0.25,0.010227272727272727,L1,11,2000,0.00443337417823939,0.032573493995575256,0.06666666666666667,0.4375
blacklist,bl_rate_q990__ni_k3_r1,empirically_calibrated,"LOPO 99th percentile; physical must-alert; Noinfo k=3, radius=1","unavailable: PIG v1.02 annotations are distributed by the official authors upon request; no checksum-verifiable unattended download is published. Searched: /tmp/pianovam-audit-260724.djnuaa/PIG, /workspace/PIG. The strict validity gate remains closed.",False,11690,0.022983714789597754,0.026912354128824766,1800,33,0.018333333333333333,392,6,0.015306122448979591,0.18181818181818182,0.019176136363636364,0.8348794063079779,0.05128205128205128,0.18181818181818182,0.013089547385322035,L1,11,2000,0.0033107136632973162,0.025411646622144395,0.041666666666666664,0.3214573732718893
blacklist,bl_crossing__ni_k5_r4,research_supported_corroboration_required,"non-thumb crossing; physical must-alert; Noinfo k=5, radius=4","unavailable: PIG v1.02 annotations are distributed by the official authors upon request; no checksum-verifiable unattended download is published. Searched: /tmp/pianovam-audit-260724.djnuaa/PIG, /workspace/PIG. The strict validity gate remains closed.",False,11818,0.023235375652991126,0.027207031744606595,1800,28,0.015555555555555555,392,7,0.017857142857142856,0.25,0.014914772727272728,1.1479591836734695,0.05982905982905983,0.25,0.010227272727272727,L1,11,2000,0.00443337417823939,0.032573493995575256,0.06666666666666667,0.4375
blacklist,bl_step_crossing__ni_k3_r2,exploratory,"crossing and <=2 semitones; physical must-alert; Noinfo k=3, radius=2","unavailable: PIG v1.02 annotations are distributed by the official authors upon request; no checksum-verifiable unattended download is published. Searched: /tmp/pianovam-audit-260724.djnuaa/PIG, /workspace/PIG. The strict validity gate remains closed.",False,13963,0.02745266121532536,0.03214518397782551,1800,40,0.022222222222222223,392,6,0.015306122448979591,0.15,0.024147727272727272,0.6887755102040817,0.05128205128205128,0.15,0.00986235595390525,L1,11,2000,0.002395577395577399,0.029085147668808844,0.016250000000000025,0.3333333333333333
blacklist,bl_rate_q975,empirically_calibrated,LOPO 97.5th percentile,"unavailable: PIG v1.02 annotations are distributed by the official authors upon request; no checksum-verifiable unattended download is published. Searched: /tmp/pianovam-audit-260724.djnuaa/PIG, /workspace/PIG. The strict validity gate remains closed.",False,14655,0.028813202758045775,0.03373828483814602,1800,42,0.023333333333333334,392,6,0.015306122448979591,0.14285714285714285,0.02556818181818182,0.6559766763848397,0.05128205128205128,0.14285714285714285,0.020358252858252858,L1,11,2000,0.0034129692832764505,0.02616504551257145,0.047619047619047616,0.2631578947368421
blacklist,bl_crossing__ni_k3_r1,research_supported_corroboration_required,"non-thumb crossing; physical must-alert; Noinfo k=3, radius=1","unavailable: PIG v1.02 annotations are distributed by the official authors upon request; no checksum-verifiable unattended download is published. Searched: /tmp/pianovam-audit-260724.djnuaa/PIG, /workspace/PIG. The strict validity gate remains closed.",False,14818,0.02913367713877327,0.03411353836449319,1800,43,0.02388888888888889,392,8,0.02040816326530612,0.18604651162790697,0.024857954545454544,0.8542952064546749,0.06837606837606838,0.18604651162790697,0.01163572343149808,L1,11,2000,0.007691326530612245,0.03405591587384089,0.06894592476489028,0.3
blacklist,bl_rate_q995__ni_k3_r2,empirically_calibrated,"LOPO 99.5th percentile; physical must-alert; Noinfo k=3, radius=2","unavailable: PIG v1.02 annotations are distributed by the official authors upon request; no checksum-verifiable unattended download is published. Searched: /tmp/pianovam-audit-260724.djnuaa/PIG, /workspace/PIG. The strict validity gate remains closed.",False,15115,0.029717608985865705,0.034797282519861965,1800,41,0.02277777777777778,392,7,0.017857142857142856,0.17073170731707318,0.024147727272727272,0.7839721254355402,0.05982905982905983,0.17073170731707318,0.01236235595390525,L1,11,2000,0.002395577395577399,0.03249336431213098,0.016250000000000025,0.3449025487256368
blacklist,bl_rate_q975__ni_k5_r1,empirically_calibrated,"LOPO 97.5th percentile; physical must-alert; Noinfo k=5, radius=1","unavailable: PIG v1.02 annotations are distributed by the official authors upon request; no checksum-verifiable unattended download is published. Searched: /tmp/pianovam-audit-260724.djnuaa/PIG, /workspace/PIG. The strict validity gate remains closed.",False,15225,0.029933880040344384,0.03505052109592447,1800,42,0.023333333333333334,392,6,0.015306122448979591,0.14285714285714285,0.02556818181818182,0.6559766763848397,0.05128205128205128,0.14285714285714285,0.020358252858252858,L1,11,2000,0.0034129692832764505,0.02616504551257145,0.047619047619047616,0.2631578947368421
blacklist,bl_rate_q975__ni_k5_r2,empirically_calibrated,"LOPO 97.5th percentile; physical must-alert; Noinfo k=5, radius=2","unavailable: PIG v1.02 annotations are distributed by the official authors upon request; no checksum-verifiable unattended download is published. Searched: /tmp/pianovam-audit-260724.djnuaa/PIG, /workspace/PIG. The strict validity gate remains closed.",False,15774,0.031013269212242515,0.036314411807363715,1800,42,0.023333333333333334,392,6,0.015306122448979591,0.14285714285714285,0.02556818181818182,0.6559766763848397,0.05128205128205128,0.14285714285714285,0.020358252858252858,L1,11,2000,0.0034129692832764505,0.02616504551257145,0.047619047619047616,0.2631578947368421
blacklist,bl_rate_q990__ni_k3_r2,empirically_calibrated,"LOPO 99th percentile; physical must-alert; Noinfo k=3, radius=2","unavailable: PIG v1.02 annotations are distributed by the official authors upon request; no checksum-verifiable unattended download is published. Searched: /tmp/pianovam-audit-260724.djnuaa/PIG, /workspace/PIG. The strict validity gate remains closed.",False,16685,0.03280438676342502,0.038411687650935944,1800,49,0.02722222222222222,392,9,0.02295918367346939,0.1836734693877551,0.028409090909090908,0.8433985839233653,0.07692307692307693,0.1836734693877551,0.0185131496046989,L1,11,2000,0.003859535798699297,0.038463597430406844,0.038461538461538464,0.3409090909090909
blacklist,bl_rate_q975__ni_k5_r4,empirically_calibrated,"LOPO 97.5th percentile; physical must-alert; Noinfo k=5, radius=4","unavailable: PIG v1.02 annotations are distributed by the official authors upon request; no checksum-verifiable unattended download is published. Searched: /tmp/pianovam-audit-260724.djnuaa/PIG, /workspace/PIG. The strict validity gate remains closed.",False,16831,0.03309143743573309,0.038747804306437095,1800,42,0.023333333333333334,392,6,0.015306122448979591,0.14285714285714285,0.02556818181818182,0.6559766763848397,0.05128205128205128,0.14285714285714285,0.020358252858252858,L1,11,2000,0.0034129692832764505,0.02616504551257145,0.047619047619047616,0.2631578947368421
blacklist,bl_crossing__ni_k3_r2,research_supported_corroboration_required,"non-thumb crossing; physical must-alert; Noinfo k=3, radius=2","unavailable: PIG v1.02 annotations are distributed by the official authors upon request; no checksum-verifiable unattended download is published. Searched: /tmp/pianovam-audit-260724.djnuaa/PIG, /workspace/PIG. The strict validity gate remains closed.",False,19674,0.0386810611437593,0.045292870413216293,1800,58,0.03222222222222222,392,10,0.025510204081632654,0.1724137931034483,0.03409090909090909,0.7916959887403238,0.08547008547008547,0.1724137931034483,0.015544174135723432,L1,11,2000,0.009035466189080646,0.04109754884075756,0.06059090909090909,0.3
blacklist,bl_rate_q975__ni_k3_r1,empirically_calibrated,"LOPO 97.5th percentile; physical must-alert; Noinfo k=3, radius=1","unavailable: PIG v1.02 annotations are distributed by the official authors upon request; no checksum-verifiable unattended download is published. Searched: /tmp/pianovam-audit-260724.djnuaa/PIG, /workspace/PIG. The strict validity gate remains closed.",False,19925,0.03917455236806974,0.04587071480041347,1800,58,0.03222222222222222,392,8,0.02040816326530612,0.13793103448275862,0.03551136363636364,0.6333567909922591,0.06837606837606838,0.13793103448275862,0.023281855077629723,L1,11,2000,0.00687226380454738,0.03107402424477794,0.05263157894736842,0.23407384230287842
blacklist,bl_step_crossing__ni_k3_r4,exploratory,"crossing and <=2 semitones; physical must-alert; Noinfo k=3, radius=4","unavailable: PIG v1.02 annotations are distributed by the official authors upon request; no checksum-verifiable unattended download is published. Searched: /tmp/pianovam-audit-260724.djnuaa/PIG, /workspace/PIG. The strict validity gate remains closed.",False,23216,0.04564498909797275,0.053447152562429066,1800,71,0.03944444444444444,392,10,0.025510204081632654,0.14084507042253522,0.04332386363636364,0.6467375682667433,0.08547008547008547,0.14084507042253522,0.018877507469056764,L1,11,2000,0.006802721088435374,0.041898704292638145,0.07692307692307693,0.21876905487804868
blacklist,bl_rate_q995__ni_k3_r4,empirically_calibrated,"LOPO 99.5th percentile; physical must-alert; Noinfo k=3, radius=4","unavailable: PIG v1.02 annotations are distributed by the official authors upon request; no checksum-verifiable unattended download is published. Searched: /tmp/pianovam-audit-260724.djnuaa/PIG, /workspace/PIG. The strict validity gate remains closed.",False,24316,0.04780769964275954,0.05597953832305415,1800,72,0.04,392,11,0.02806122448979592,0.1527777777777778,0.04332386363636364,0.7015306122448981,0.09401709401709402,0.1527777777777778,0.021377507469056763,L1,11,2000,0.008924655388471177,0.04376547465603548,0.10165254237288136,0.2222222222222222
blacklist,bl_rate_q975__ni_k3_r2,empirically_calibrated,"LOPO 97.5th percentile; physical must-alert; Noinfo k=3, radius=2","unavailable: PIG v1.02 annotations are distributed by the official authors upon request; no checksum-verifiable unattended download is published. Searched: /tmp/pianovam-audit-260724.djnuaa/PIG, /workspace/PIG. The strict validity gate remains closed.",False,24806,0.04877108888543729,0.05710760107096896,1800,74,0.04111111111111111,392,11,0.02806122448979592,0.14864864864864866,0.044744318181818184,0.6825703254274683,0.09401709401709402,0.14864864864864866,0.028705457297006593,L1,11,2000,0.008595988538681949,0.043583535108958835,0.05126582278481013,0.26318272095332657
blacklist,bl_step_crossing__ni_k2_r1,exploratory,"crossing and <=2 semitones; physical must-alert; Noinfo k=2, radius=1","unavailable: PIG v1.02 annotations are distributed by the official authors upon request; no checksum-verifiable unattended download is published. Searched: /tmp/pianovam-audit-260724.djnuaa/PIG, /workspace/PIG. The strict validity gate remains closed.",False,25019,0.04918986829092782,0.05759796304098091,1800,77,0.042777777777777776,392,8,0.02040816326530612,0.1038961038961039,0.049005681818181816,0.47707394646170165,0.06837606837606838,0.1038961038961039,0.014499359795134443,L1,11,2000,0.0039171623705662045,0.03513703844689759,0.028975155279503107,0.1904936974789915
blacklist,bl_rate_q990__ni_k3_r4,empirically_calibrated,"LOPO 99th percentile; physical must-alert; Noinfo k=3, radius=4","unavailable: PIG v1.02 annotations are distributed by the official authors upon request; no checksum-verifiable unattended download is published. Searched: /tmp/pianovam-audit-260724.djnuaa/PIG, /workspace/PIG. The strict validity gate remains closed.",False,25826,0.05077651139060322,0.0594558133217304,1800,80,0.044444444444444446,392,13,0.03316326530612245,0.1625,0.04758522727272727,0.7461734693877552,0.1111111111111111,0.1625,0.02752830111985042,L1,11,2000,0.013559322033898305,0.047836564667810395,0.1230701754385965,0.230833333333333
blacklist,bl_rate_q995__ni_k2_r1,empirically_calibrated,"LOPO 99.5th percentile; physical must-alert; Noinfo k=2, radius=1","unavailable: PIG v1.02 annotations are distributed by the official authors upon request; no checksum-verifiable unattended download is published. Searched: /tmp/pianovam-audit-260724.djnuaa/PIG, /workspace/PIG. The strict validity gate remains closed.",False,26248,0.05160620579960324,0.06042732858626112,1800,79,0.04388888888888889,392,8,0.02040816326530612,0.10126582278481013,0.05042613636363636,0.46499612503229143,0.06837606837606838,0.10126582278481013,0.01548420827998293,L1,11,2000,0.0039171623705662045,0.03513703844689759,0.025,0.19047619047619047
blacklist,bl_rate_q990__ni_k2_r1,empirically_calibrated,"LOPO 99th percentile; physical must-alert; Noinfo k=2, radius=1","unavailable: PIG v1.02 annotations are distributed by the official authors upon request; no checksum-verifiable unattended download is published. Searched: /tmp/pianovam-audit-260724.djnuaa/PIG, /workspace/PIG. The strict validity gate remains closed.",False,27794,0.0546457971652763,0.06398648166437601,1800,87,0.04833333333333333,392,10,0.025510204081632654,0.11494252873563218,0.0546875,0.5277973258268825,0.08547008547008547,0.11494252873563218,0.021635001930776575,L1,11,2000,0.007628621697551009,0.040860508042541974,0.03896103896103896,0.2
blacklist,bl_crossing__ni_k3_r4,research_supported_corroboration_required,"non-thumb crossing; physical must-alert; Noinfo k=3, radius=4","unavailable: PIG v1.02 annotations are distributed by the official authors upon request; no checksum-verifiable unattended download is published. Searched: /tmp/pianovam-audit-260724.djnuaa/PIG, /workspace/PIG. The strict validity gate remains closed.",False,28716,0.05645854182190668,0.06610908136555449,1800,89,0.049444444444444444,392,14,0.03571428571428571,0.15730337078651685,0.053267045454545456,0.7223113964686999,0.11965811965811966,0.15730337078651685,0.024559325650874948,L1,11,2000,0.01840410286137546,0.05248197023170168,0.09676224611708482,0.2500833333333329
blacklist,bl_crossing__ni_k2_r1,research_supported_corroboration_required,"non-thumb crossing; physical must-alert; Noinfo k=2, radius=1","unavailable: PIG v1.02 annotations are distributed by the official authors upon request; no checksum-verifiable unattended download is published. Searched: /tmp/pianovam-audit-260724.djnuaa/PIG, /workspace/PIG. The strict validity gate remains closed.",False,30453,0.059873658382174545,0.07010794869846883,1800,95,0.05277777777777778,392,12,0.030612244897959183,0.12631578947368421,0.05894886363636364,0.5800214822771215,0.10256410256410256,0.12631578947368421,0.020181177976952624,L1,11,2000,0.011832579185520362,0.051098141856192984,0.05616416978776529,0.2127886888525185
blacklist,bl_two_signal_strict,mixed,at least 2 of 4 families,"unavailable: PIG v1.02 annotations are distributed by the official authors upon request; no checksum-verifiable unattended download is published. Searched: /tmp/pianovam-audit-260724.djnuaa/PIG, /workspace/PIG. The strict validity gate remains closed.",False,31066,0.061078877985769366,0.07151917821779899,1800,90,0.05,392,16,0.04081632653061224,0.17777777777777778,0.052556818181818184,0.816326530612245,0.13675213675213677,0.17777777777777778,0.03035334548492443,L1,11,2000,0.016846491554431135,0.06713780918727916,0.09090909090909091,0.24742268041237114
blacklist,bl_two_signal_strict__ni_k5_r1,mixed,"at least 2 of 4 families; physical must-alert; Noinfo k=5, radius=1","unavailable: PIG v1.02 annotations are distributed by the official authors upon request; no checksum-verifiable unattended download is published. Searched: /tmp/pianovam-audit-260724.djnuaa/PIG, /workspace/PIG. The strict validity gate remains closed.",False,31515,0.06196165710814142,0.07255285204190869,1800,90,0.05,392,16,0.04081632653061224,0.17777777777777778,0.052556818181818184,0.816326530612245,0.13675213675213677,0.17777777777777778,0.03035334548492443,L1,11,2000,0.016846491554431135,0.06713780918727916,0.09090909090909091,0.24742268041237114
blacklist,bl_two_signal_strict__ni_k5_r2,mixed,"at least 2 of 4 families; physical must-alert; Noinfo k=5, radius=2","unavailable: PIG v1.02 annotations are distributed by the official authors upon request; no checksum-verifiable unattended download is published. Searched: /tmp/pianovam-audit-260724.djnuaa/PIG, /workspace/PIG. The strict validity gate remains closed.",False,32015,0.06294470735577179,0.07370393647855644,1800,90,0.05,392,16,0.04081632653061224,0.17777777777777778,0.052556818181818184,0.816326530612245,0.13675213675213677,0.17777777777777778,0.03035334548492443,L1,11,2000,0.016846491554431135,0.06713780918727916,0.09090909090909091,0.24742268041237114
blacklist,bl_two_signal_strict__ni_k5_r4,mixed,"at least 2 of 4 families; physical must-alert; Noinfo k=5, radius=4","unavailable: PIG v1.02 annotations are distributed by the official authors upon request; no checksum-verifiable unattended download is published. Searched: /tmp/pianovam-audit-260724.djnuaa/PIG, /workspace/PIG. The strict validity gate remains closed.",False,32961,0.06480463842428842,0.07588178823269402,1800,90,0.05,392,16,0.04081632653061224,0.17777777777777778,0.052556818181818184,0.816326530612245,0.13675213675213677,0.17777777777777778,0.03035334548492443,L1,11,2000,0.016846491554431135,0.06713780918727916,0.09090909090909091,0.24742268041237114
blacklist,bl_rate_q975__ni_k3_r4,empirically_calibrated,"LOPO 97.5th percentile; physical must-alert; Noinfo k=3, radius=4","unavailable: PIG v1.02 annotations are distributed by the official authors upon request; no checksum-verifiable unattended download is published. Searched: /tmp/pianovam-audit-260724.djnuaa/PIG, /workspace/PIG. The strict validity gate remains closed.",False,33699,0.06625562058979083,0.07758078886118612,1800,103,0.05722222222222222,392,15,0.03826530612244898,0.14563106796116504,0.0625,0.6687140875767783,0.1282051282051282,0.14563106796116504,0.03772060881215811,L1,11,2000,0.019543973941368076,0.05159844762117488,0.10344827586206896,0.2
blacklist,bl_two_signal_strict__ni_k3_r1,mixed,"at least 2 of 4 families; physical must-alert; Noinfo k=3, radius=1","unavailable: PIG v1.02 annotations are distributed by the official authors upon request; no checksum-verifiable unattended download is published. Searched: /tmp/pianovam-audit-260724.djnuaa/PIG, /workspace/PIG. The strict validity gate remains closed.",False,35656,0.07010327925901605,0.08208613334622548,1800,104,0.057777777777777775,392,17,0.04336734693877551,0.16346153846153846,0.06178977272727273,0.7505886970172685,0.1452991452991453,0.16346153846153846,0.03176179618914978,L1,11,2000,0.020595965569354096,0.0675685192234488,0.08736808780075982,0.23158215661103979
blacklist,bl_rate_q975__ni_k2_r1,empirically_calibrated,"LOPO 97.5th percentile; physical must-alert; Noinfo k=2, radius=1","unavailable: PIG v1.02 annotations are distributed by the official authors upon request; no checksum-verifiable unattended download is published. Searched: /tmp/pianovam-audit-260724.djnuaa/PIG, /workspace/PIG. The strict validity gate remains closed.",False,35876,0.0705358213679734,0.0825926104983505,1800,112,0.06222222222222222,392,12,0.030612244897959183,0.10714285714285714,0.07102272727272728,0.49198250728862974,0.10256410256410256,0.10714285714285714,0.03182730962308427,L1,11,2000,0.012629269097508661,0.04563085677493451,0.048189874884151995,0.1789512961508248
blacklist,bl_practical_or_crossing,mixed,MaxPrac OR crossing,"unavailable: PIG v1.02 annotations are distributed by the official authors upon request; no checksum-verifiable unattended download is published. Searched: /tmp/pianovam-audit-260724.djnuaa/PIG, /workspace/PIG. The strict validity gate remains closed.",False,39443,0.07754890183456838,0.09080444686939566,1800,131,0.07277777777777777,392,13,0.03316326530612245,0.09923664122137404,0.08380681818181818,0.4556784545879421,0.1111111111111111,0.09923664122137404,0.022687400318979263,L1,11,2000,0.014180910829548171,0.05699580369983648,0.04346657316503039,0.16842739378566896
blacklist,bl_span_practical,research_supported,Parncutt MaxPrac,"unavailable: PIG v1.02 annotations are distributed by the official authors upon request; no checksum-verifiable unattended download is published. Searched: /tmp/pianovam-audit-260724.djnuaa/PIG, /workspace/PIG. The strict validity gate remains closed.",False,39443,0.07754890183456838,0.09080444686939566,1800,131,0.07277777777777777,392,13,0.03316326530612245,0.09923664122137404,0.08380681818181818,0.4556784545879421,0.1111111111111111,0.09923664122137404,0.022687400318979263,L1,11,2000,0.014180910829548171,0.05699580369983648,0.04346657316503039,0.16842739378566896
blacklist,bl_practical_or_crossing__ni_k5_r1,mixed,"MaxPrac OR crossing; physical must-alert; Noinfo k=5, radius=1","unavailable: PIG v1.02 annotations are distributed by the official authors upon request; no checksum-verifiable unattended download is published. Searched: /tmp/pianovam-audit-260724.djnuaa/PIG, /workspace/PIG. The strict validity gate remains closed.",False,39866,0.07838056234406365,0.09177826430279967,1800,131,0.07277777777777777,392,13,0.03316326530612245,0.09923664122137404,0.08380681818181818,0.4556784545879421,0.1111111111111111,0.09923664122137404,0.022687400318979263,L1,11,2000,0.014180910829548171,0.05699580369983648,0.04346657316503039,0.16842739378566896
blacklist,bl_span_practical__ni_k5_r1,research_supported,"Parncutt MaxPrac; physical must-alert; Noinfo k=5, radius=1","unavailable: PIG v1.02 annotations are distributed by the official authors upon request; no checksum-verifiable unattended download is published. Searched: /tmp/pianovam-audit-260724.djnuaa/PIG, /workspace/PIG. The strict validity gate remains closed.",False,39866,0.07838056234406365,0.09177826430279967,1800,131,0.07277777777777777,392,13,0.03316326530612245,0.09923664122137404,0.08380681818181818,0.4556784545879421,0.1111111111111111,0.09923664122137404,0.022687400318979263,L1,11,2000,0.014180910829548171,0.05699580369983648,0.04346657316503039,0.16842739378566896
blacklist,bl_two_signal_strict__ni_k3_r2,mixed,"at least 2 of 4 families; physical must-alert; Noinfo k=3, radius=2","unavailable: PIG v1.02 annotations are distributed by the official authors upon request; no checksum-verifiable unattended download is published. Searched: /tmp/pianovam-audit-260724.djnuaa/PIG, /workspace/PIG. The strict validity gate remains closed.",False,40149,0.07893696878422243,0.0924297780939423,1800,119,0.0661111111111111,392,19,0.04846938775510204,0.15966386554621848,0.07102272727272728,0.7331504030183502,0.1623931623931624,0.15966386554621848,0.03567024689337514,L1,11,2000,0.025771389343867423,0.07097373414561067,0.08420316525579684,0.23200357142857142
blacklist,bl_practical_or_crossing__ni_k5_r2,mixed,"MaxPrac OR crossing; physical must-alert; Noinfo k=5, radius=2","unavailable: PIG v1.02 annotations are distributed by the official authors upon request; no checksum-verifiable unattended download is published. Searched: /tmp/pianovam-audit-260724.djnuaa/PIG, /workspace/PIG. The strict validity gate remains closed.",False,40336,0.07930462957683619,0.09286028367324857,1800,131,0.07277777777777777,392,13,0.03316326530612245,0.09923664122137404,0.08380681818181818,0.4556784545879421,0.1111111111111111,0.09923664122137404,0.022687400318979263,L1,11,2000,0.014180910829548171,0.05699580369983648,0.04346657316503039,0.16842739378566896
blacklist,bl_span_practical__ni_k5_r2,research_supported,"Parncutt MaxPrac; physical must-alert; Noinfo k=5, radius=2","unavailable: PIG v1.02 annotations are distributed by the official authors upon request; no checksum-verifiable unattended download is published. Searched: /tmp/pianovam-audit-260724.djnuaa/PIG, /workspace/PIG. The strict validity gate remains closed.",False,40336,0.07930462957683619,0.09286028367324857,1800,131,0.07277777777777777,392,13,0.03316326530612245,0.09923664122137404,0.08380681818181818,0.4556784545879421,0.1111111111111111,0.09923664122137404,0.022687400318979263,L1,11,2000,0.014180910829548171,0.05699580369983648,0.04346657316503039,0.16842739378566896
blacklist,bl_practical_or_crossing__ni_k5_r4,mixed,"MaxPrac OR crossing; physical must-alert; Noinfo k=5, radius=4","unavailable: PIG v1.02 annotations are distributed by the official authors upon request; no checksum-verifiable unattended download is published. Searched: /tmp/pianovam-audit-260724.djnuaa/PIG, /workspace/PIG. The strict validity gate remains closed.",False,41247,0.0810957471280187,0.09495755951682079,1800,131,0.07277777777777777,392,13,0.03316326530612245,0.09923664122137404,0.08380681818181818,0.4556784545879421,0.1111111111111111,0.09923664122137404,0.022687400318979263,L1,11,2000,0.014180910829548171,0.05699580369983648,0.04346657316503039,0.16842739378566896
blacklist,bl_span_practical__ni_k5_r4,research_supported,"Parncutt MaxPrac; physical must-alert; Noinfo k=5, radius=4","unavailable: PIG v1.02 annotations are distributed by the official authors upon request; no checksum-verifiable unattended download is published. Searched: /tmp/pianovam-audit-260724.djnuaa/PIG, /workspace/PIG. The strict validity gate remains closed.",False,41247,0.0810957471280187,0.09495755951682079,1800,131,0.07277777777777777,392,13,0.03316326530612245,0.09923664122137404,0.08380681818181818,0.4556784545879421,0.1111111111111111,0.09923664122137404,0.022687400318979263,L1,11,2000,0.014180910829548171,0.05699580369983648,0.04346657316503039,0.16842739378566896
blacklist,bl_step_crossing__ni_k2_r2,exploratory,"crossing and <=2 semitones; physical must-alert; Noinfo k=2, radius=2","unavailable: PIG v1.02 annotations are distributed by the official authors upon request; no checksum-verifiable unattended download is published. Searched: /tmp/pianovam-audit-260724.djnuaa/PIG, /workspace/PIG. The strict validity gate remains closed.",False,43719,0.0859559475523032,0.10064852097160736,1800,133,0.07388888888888889,392,15,0.03826530612244898,0.11278195488721804,0.08380681818181818,0.5178763234617155,0.1282051282051282,0.11278195488721804,0.02660919049651444,L1,11,2000,0.02083025147928994,0.0565627928570814,0.07017543859649122,0.19642857142857142
blacklist,bl_practical_or_crossing__ni_k3_r1,mixed,"MaxPrac OR crossing; physical must-alert; Noinfo k=3, radius=1","unavailable: PIG v1.02 annotations are distributed by the official authors upon request; no checksum-verifiable unattended download is published. Searched: /tmp/pianovam-audit-260724.djnuaa/PIG, /workspace/PIG. The strict validity gate remains closed.",False,43832,0.08617811690826765,0.10090866605428975,1800,146,0.0811111111111111,392,14,0.03571428571428571,0.0958904109589041,0.09375,0.44031311154598823,0.11965811965811966,0.0958904109589041,0.024095851023204617,L1,11,2000,0.017810199195988977,0.05806550261418565,0.04739274133200299,0.1579057017543859
blacklist,bl_span_practical__ni_k3_r1,research_supported,"Parncutt MaxPrac; physical must-alert; Noinfo k=3, radius=1","unavailable: PIG v1.02 annotations are distributed by the official authors upon request; no checksum-verifiable unattended download is published. Searched: /tmp/pianovam-audit-260724.djnuaa/PIG, /workspace/PIG. The strict validity gate remains closed.",False,43832,0.08617811690826765,0.10090866605428975,1800,146,0.0811111111111111,392,14,0.03571428571428571,0.0958904109589041,0.09375,0.44031311154598823,0.11965811965811966,0.0958904109589041,0.024095851023204617,L1,11,2000,0.017810199195988977,0.05806550261418565,0.04739274133200299,0.1579057017543859
blacklist,bl_practical_or_rate995,mixed,MaxPrac OR LOPO q99.5,"unavailable: PIG v1.02 annotations are distributed by the official authors upon request; no checksum-verifiable unattended download is published. Searched: /tmp/pianovam-audit-260724.djnuaa/PIG, /workspace/PIG. The strict validity gate remains closed.",False,44172,0.0868465910766563,0.10169140347121022,1800,139,0.07722222222222222,392,15,0.03826530612244898,0.1079136690647482,0.08806818181818182,0.4955219497871091,0.1282051282051282,0.1079136690647482,0.026702551834130776,L1,11,2000,0.014923158687275787,0.06422565741936893,0.041666666666666664,0.1896583186508935
blacklist,bl_practical_or_rate995__ni_k5_r1,mixed,"MaxPrac OR LOPO q99.5; physical must-alert; Noinfo k=5, radius=1","unavailable: PIG v1.02 annotations are distributed by the official authors upon request; no checksum-verifiable unattended download is published. Searched: /tmp/pianovam-audit-260724.djnuaa/PIG, /workspace/PIG. The strict validity gate remains closed.",False,44593,0.08767431938516106,0.10266061656686765,1800,139,0.07722222222222222,392,15,0.03826530612244898,0.1079136690647482,0.08806818181818182,0.4955219497871091,0.1282051282051282,0.1079136690647482,0.026702551834130776,L1,11,2000,0.014923158687275787,0.06422565741936893,0.041666666666666664,0.1896583186508935
blacklist,bl_rate_q995__ni_k2_r2,empirically_calibrated,"LOPO 99.5th percentile; physical must-alert; Noinfo k=2, radius=2","unavailable: PIG v1.02 annotations are distributed by the official authors upon request; no checksum-verifiable unattended download is published. Searched: /tmp/pianovam-audit-260724.djnuaa/PIG, /workspace/PIG. The strict validity gate remains closed.",False,44868,0.08821499702135775,0.10329371300702392,1800,135,0.075,392,15,0.03826530612244898,0.1111111111111111,0.08522727272727272,0.5102040816326531,0.1282051282051282,0.1111111111111111,0.027594038981362923,L1,11,2000,0.02089532753984646,0.0529421503700818,0.07388644023852736,0.17333333333333334
blacklist,bl_practical_or_rate995__ni_k5_r2,mixed,"MaxPrac OR LOPO q99.5; physical must-alert; Noinfo k=5, radius=2","unavailable: PIG v1.02 annotations are distributed by the official authors upon request; no checksum-verifiable unattended download is published. Searched: /tmp/pianovam-audit-260724.djnuaa/PIG, /workspace/PIG. The strict validity gate remains closed.",False,45058,0.08858855611545728,0.10373112509295007,1800,139,0.07722222222222222,392,15,0.03826530612244898,0.1079136690647482,0.08806818181818182,0.4955219497871091,0.1282051282051282,0.1079136690647482,0.026702551834130776,L1,11,2000,0.014923158687275787,0.06422565741936893,0.041666666666666664,0.1896583186508935
blacklist,bl_practical_or_rate995__ni_k5_r4,mixed,"MaxPrac OR LOPO q99.5; physical must-alert; Noinfo k=5, radius=4","unavailable: PIG v1.02 annotations are distributed by the official authors upon request; no checksum-verifiable unattended download is published. Searched: /tmp/pianovam-audit-260724.djnuaa/PIG, /workspace/PIG. The strict validity gate remains closed.",False,45956,0.09035411436020141,0.10579847274116945,1800,139,0.07722222222222222,392,15,0.03826530612244898,0.1079136690647482,0.08806818181818182,0.4955219497871091,0.1282051282051282,0.1079136690647482,0.026702551834130776,L1,11,2000,0.014923158687275787,0.06422565741936893,0.041666666666666664,0.1896583186508935
blacklist,bl_rate_q990__ni_k2_r2,empirically_calibrated,"LOPO 99th percentile; physical must-alert; Noinfo k=2, radius=2","unavailable: PIG v1.02 annotations are distributed by the official authors upon request; no checksum-verifiable unattended download is published. Searched: /tmp/pianovam-audit-260724.djnuaa/PIG, /workspace/PIG. The strict validity gate remains closed.",False,46320,0.09106977494047631,0.10663646221104903,1800,143,0.07944444444444444,392,17,0.04336734693877551,0.11888111888111888,0.08948863636363637,0.5458826887398316,0.1452991452991453,0.11888111888111888,0.03374483263215657,L1,11,2000,0.02361896342591641,0.05882651841224293,0.07692307692307693,0.1800138888888888
blacklist,bl_practical_or_crossing__ni_k3_r2,mixed,"MaxPrac OR crossing; physical must-alert; Noinfo k=3, radius=2","unavailable: PIG v1.02 annotations are distributed by the official authors upon request; no checksum-verifiable unattended download is published. Searched: /tmp/pianovam-audit-260724.djnuaa/PIG, /workspace/PIG. The strict validity gate remains closed.",False,48172,0.09471099305769914,0.11090007896439236,1800,161,0.08944444444444444,392,16,0.04081632653061224,0.09937888198757763,0.10298295454545454,0.4563316009633667,0.13675213675213677,0.09937888198757763,0.02800430172742997,L1,11,2000,0.021125699983030714,0.06220270957113061,0.049584731200392765,0.1635323229198886
blacklist,bl_span_practical__ni_k3_r2,research_supported,"Parncutt MaxPrac; physical must-alert; Noinfo k=3, radius=2","unavailable: PIG v1.02 annotations are distributed by the official authors upon request; no checksum-verifiable unattended download is published. Searched: /tmp/pianovam-audit-260724.djnuaa/PIG, /workspace/PIG. The strict validity gate remains closed.",False,48172,0.09471099305769914,0.11090007896439236,1800,161,0.08944444444444444,392,16,0.04081632653061224,0.09937888198757763,0.10298295454545454,0.4563316009633667,0.13675213675213677,0.09937888198757763,0.02800430172742997,L1,11,2000,0.021125699983030714,0.06220270957113061,0.049584731200392765,0.1635323229198886
blacklist,bl_two_signal_strict__ni_k3_r4,mixed,"at least 2 of 4 families; physical must-alert; Noinfo k=3, radius=4","unavailable: PIG v1.02 annotations are distributed by the official authors upon request; no checksum-verifiable unattended download is published. Searched: /tmp/pianovam-audit-260724.djnuaa/PIG, /workspace/PIG. The strict validity gate remains closed.",False,48510,0.09537553502509727,0.11167821204356625,1800,148,0.08222222222222222,392,23,0.058673469387755105,0.1554054054054054,0.08877840909090909,0.713596249310535,0.19658119658119658,0.1554054054054054,0.04468539840852666,L1,11,2000,0.040187741644725924,0.07692307692307693,0.1147514879398559,0.21008403361344538
blacklist,bl_practical_or_rate995__ni_k3_r1,mixed,"MaxPrac OR LOPO q99.5; physical must-alert; Noinfo k=3, radius=1","unavailable: PIG v1.02 annotations are distributed by the official authors upon request; no checksum-verifiable unattended download is published. Searched: /tmp/pianovam-audit-260724.djnuaa/PIG, /workspace/PIG. The strict validity gate remains closed.",False,48522,0.0953991282310404,0.11170583807004579,1800,154,0.08555555555555555,392,16,0.04081632653061224,0.1038961038961039,0.09801136363636363,0.47707394646170165,0.13675213675213677,0.1038961038961039,0.028111002538356133,L1,11,2000,0.019416952628054904,0.06514835009205494,0.047619047619047616,0.17500456204379558
blacklist,bl_crossing__ni_k2_r2,research_supported_corroboration_required,"non-thumb crossing; physical must-alert; Noinfo k=2, radius=2","unavailable: PIG v1.02 annotations are distributed by the official authors upon request; no checksum-verifiable unattended download is published. Searched: /tmp/pianovam-audit-260724.djnuaa/PIG, /workspace/PIG. The strict validity gate remains closed.",False,48744,0.09583560254098827,0.1122169195599174,1800,151,0.08388888888888889,392,19,0.04846938775510204,0.12582781456953643,0.09375,0.5777807811866469,0.1623931623931624,0.12582781456953643,0.03229100867833262,L1,11,2000,0.02392948193377817,0.07781030803110217,0.06868927827897293,0.2153977272727272
blacklist,bl_two_signal_strict__ni_k2_r1,mixed,"at least 2 of 4 families; physical must-alert; Noinfo k=2, radius=1","unavailable: PIG v1.02 annotations are distributed by the official authors upon request; no checksum-verifiable unattended download is published. Searched: /tmp/pianovam-audit-260724.djnuaa/PIG, /workspace/PIG. The strict validity gate remains closed.",False,49999,0.09830305866254048,0.11510614149590329,1800,152,0.08444444444444445,392,21,0.05357142857142857,0.13815789473684212,0.09303977272727272,0.6343984962406016,0.1794871794871795,0.13815789473684212,0.040307250734604325,L1,11,2000,0.024509303721488594,0.08562712251001064,0.07352450980392157,0.2012987012987013
blacklist,bl_practical_or_rate995__ni_k3_r2,mixed,"MaxPrac OR LOPO q99.5; physical must-alert; Noinfo k=3, radius=2","unavailable: PIG v1.02 annotations are distributed by the official authors upon request; no checksum-verifiable unattended download is published. Searched: /tmp/pianovam-audit-260724.djnuaa/PIG, /workspace/PIG. The strict validity gate remains closed.",False,52797,0.10380420784827996,0.12154761000338418,1800,169,0.09388888888888888,392,18,0.04591836734693878,0.10650887573964497,0.10724431818181818,0.48907136819224734,0.15384615384615385,0.10650887573964497,0.032019453242581486,L1,11,2000,0.023668639053254437,0.06934393881186043,0.0505038921323325,0.17830149501661127
blacklist,bl_rate_q975__ni_k2_r2,empirically_calibrated,"LOPO 97.5th percentile; physical must-alert; Noinfo k=2, radius=2","unavailable: PIG v1.02 annotations are distributed by the official authors upon request; no checksum-verifiable unattended download is published. Searched: /tmp/pianovam-audit-260724.djnuaa/PIG, /workspace/PIG. The strict validity gate remains closed.",False,53954,0.1060789861212966,0.12421121938978712,1800,167,0.09277777777777778,392,19,0.04846938775510204,0.11377245508982035,0.10511363636363637,0.5224245386777465,0.1623931623931624,0.11377245508982035,0.043937140324464274,L1,11,2000,0.029411764705882353,0.0637267406962785,0.0759463675085488,0.1711727138097001
blacklist,bl_practical_or_crossing__ni_k3_r4,mixed,"MaxPrac OR crossing; physical must-alert; Noinfo k=3, radius=4","unavailable: PIG v1.02 annotations are distributed by the official authors upon request; no checksum-verifiable unattended download is published. Searched: /tmp/pianovam-audit-260724.djnuaa/PIG, /workspace/PIG. The strict validity gate remains closed.",False,56320,0.11073077989308346,0.12965815094400435,1800,188,0.10444444444444445,392,20,0.05102040816326531,0.10638297872340426,0.11931818181818182,0.4884932696482849,0.17094017094017094,0.10638297872340426,0.03701945324258149,L1,11,2000,0.034061193395223587,0.07089618397374828,0.06763121817469643,0.15432659932659928
blacklist,bl_span_practical__ni_k3_r4,research_supported,"Parncutt MaxPrac; physical must-alert; Noinfo k=3, radius=4","unavailable: PIG v1.02 annotations are distributed by the official authors upon request; no checksum-verifiable unattended download is published. Searched: /tmp/pianovam-audit-260724.djnuaa/PIG, /workspace/PIG. The strict validity gate remains closed.",False,56320,0.11073077989308346,0.12965815094400435,1800,188,0.10444444444444445,392,20,0.05102040816326531,0.10638297872340426,0.11931818181818182,0.4884932696482849,0.17094017094017094,0.10638297872340426,0.03701945324258149,L1,11,2000,0.034061193395223587,0.07089618397374828,0.06763121817469643,0.15432659932659928
blacklist,bl_practical_or_crossing__ni_k2_r1,mixed,"MaxPrac OR crossing; physical must-alert; Noinfo k=2, radius=1","unavailable: PIG v1.02 annotations are distributed by the official authors upon request; no checksum-verifiable unattended download is published. Searched: /tmp/pianovam-audit-260724.djnuaa/PIG, /workspace/PIG. The strict validity gate remains closed.",False,57632,0.1133103037428655,0.13267859650576808,1800,194,0.10777777777777778,392,18,0.04591836734693878,0.09278350515463918,0.125,0.4260467073427309,0.15384615384615385,0.09278350515463918,0.032641305568659164,L1,11,2000,0.021107294857408587,0.07477016043106333,0.04650777760665332,0.14835253456221198
blacklist,bl_span_practical__ni_k2_r1,research_supported,"Parncutt MaxPrac; physical must-alert; Noinfo k=2, radius=1","unavailable: PIG v1.02 annotations are distributed by the official authors upon request; no checksum-verifiable unattended download is published. Searched: /tmp/pianovam-audit-260724.djnuaa/PIG, /workspace/PIG. The strict validity gate remains closed.",False,57632,0.1133103037428655,0.13267859650576808,1800,194,0.10777777777777778,392,18,0.04591836734693878,0.09278350515463918,0.125,0.4260467073427309,0.15384615384615385,0.09278350515463918,0.032641305568659164,L1,11,2000,0.021107294857408587,0.07477016043106333,0.04650777760665332,0.14835253456221198
blacklist,bl_practical_or_rate995__ni_k3_r4,mixed,"MaxPrac OR LOPO q99.5; physical must-alert; Noinfo k=3, radius=4","unavailable: PIG v1.02 annotations are distributed by the official authors upon request; no checksum-verifiable unattended download is published. Searched: /tmp/pianovam-audit-260724.djnuaa/PIG, /workspace/PIG. The strict validity gate remains closed.",False,60798,0.11953497791086093,0.13996726315862174,1800,196,0.10888888888888888,392,22,0.05612244897959184,0.11224489795918367,0.12357954545454546,0.5154102457309455,0.18803418803418803,0.11224489795918367,0.041034604757733004,L1,11,2000,0.03738027514947466,0.07451372549019605,0.06913978948553418,0.16666666666666666
blacklist,bl_practical_or_rate995__ni_k2_r1,mixed,"MaxPrac OR LOPO q99.5; physical must-alert; Noinfo k=2, radius=1","unavailable: PIG v1.02 annotations are distributed by the official authors upon request; no checksum-verifiable unattended download is published. Searched: /tmp/pianovam-audit-260724.djnuaa/PIG, /workspace/PIG. The strict validity gate remains closed.",False,62215,0.12232094231264537,0.1432294364520815,1800,202,0.11222222222222222,392,20,0.05102040816326531,0.09900990099009901,0.12926136363636365,0.4546373004647404,0.17094017094017094,0.09900990099009901,0.03665645708381068,L1,11,2000,0.02300806610269526,0.08383506709209317,0.0449438202247191,0.160353504167953
blacklist,bl_two_signal_strict__ni_k2_r2,mixed,"at least 2 of 4 families; physical must-alert; Noinfo k=2, radius=2","unavailable: PIG v1.02 annotations are distributed by the official authors upon request; no checksum-verifiable unattended download is published. Searched: /tmp/pianovam-audit-260724.djnuaa/PIG, /workspace/PIG. The strict validity gate remains closed.",False,67000,0.1317287331824679,0.15424531451080062,1800,202,0.11222222222222222,392,26,0.0663265306122449,0.12871287128712872,0.125,0.5910284906041625,0.2222222222222222,0.12871287128712872,0.049513041031943913,L1,11,2000,0.038461538461538464,0.09775031960304215,0.08375872600349041,0.18493321917808217
blacklist,bl_span_comfortable,research_supported,Parncutt MaxComf,"unavailable: PIG v1.02 annotations are distributed by the official authors upon request; no checksum-verifiable unattended download is published. Searched: /tmp/pianovam-audit-260724.djnuaa/PIG, /workspace/PIG. The strict validity gate remains closed.",False,69306,0.1362625609245391,0.15955411593262012,1800,233,0.12944444444444445,392,22,0.05612244897959184,0.0944206008583691,0.14985795454545456,0.43356398353332753,0.18803418803418803,0.0944206008583691,0.04116142629300524,L1,11,2000,0.02958507010231148,0.08602614015572857,0.051998701298701294,0.13526641091219094
blacklist,bl_span_comfortable__ni_k5_r1,research_supported,"Parncutt MaxComf; physical must-alert; Noinfo k=5, radius=1","unavailable: PIG v1.02 annotations are distributed by the official authors upon request; no checksum-verifiable unattended download is published. Searched: /tmp/pianovam-audit-260724.djnuaa/PIG, /workspace/PIG. The strict validity gate remains closed.",False,69681,0.13699984861026188,0.16041742926010594,1800,233,0.12944444444444445,392,22,0.05612244897959184,0.0944206008583691,0.14985795454545456,0.43356398353332753,0.18803418803418803,0.0944206008583691,0.04116142629300524,L1,11,2000,0.02958507010231148,0.08602614015572857,0.051998701298701294,0.13526641091219094
blacklist,bl_span_comfortable__ni_k5_r2,research_supported,"Parncutt MaxComf; physical must-alert; Noinfo k=5, radius=2","unavailable: PIG v1.02 annotations are distributed by the official authors upon request; no checksum-verifiable unattended download is published. Searched: /tmp/pianovam-audit-260724.djnuaa/PIG, /workspace/PIG. The strict validity gate remains closed.",False,70113,0.1378492040242145,0.16141196621336962,1800,233,0.12944444444444445,392,22,0.05612244897959184,0.0944206008583691,0.14985795454545456,0.43356398353332753,0.18803418803418803,0.0944206008583691,0.04116142629300524,L1,11,2000,0.02958507010231148,0.08602614015572857,0.051998701298701294,0.13526641091219094
blacklist,bl_span_comfortable__ni_k5_r4,research_supported,"Parncutt MaxComf; physical must-alert; Noinfo k=5, radius=4","unavailable: PIG v1.02 annotations are distributed by the official authors upon request; no checksum-verifiable unattended download is published. Searched: /tmp/pianovam-audit-260724.djnuaa/PIG, /workspace/PIG. The strict validity gate remains closed.",False,70939,0.13947320303329985,0.16331355770271172,1800,233,0.12944444444444445,392,22,0.05612244897959184,0.0944206008583691,0.14985795454545456,0.43356398353332753,0.18803418803418803,0.0944206008583691,0.04116142629300524,L1,11,2000,0.02958507010231148,0.08602614015572857,0.051998701298701294,0.13526641091219094
blacklist,bl_span_comfortable__ni_k3_r1,research_supported,"Parncutt MaxComf; physical must-alert; Noinfo k=3, radius=1","unavailable: PIG v1.02 annotations are distributed by the official authors upon request; no checksum-verifiable unattended download is published. Searched: /tmp/pianovam-audit-260724.djnuaa/PIG, /workspace/PIG. The strict validity gate remains closed.",False,73246,0.14400899687586632,0.1686246612934045,1800,247,0.13722222222222222,392,23,0.058673469387755105,0.0931174089068826,0.1590909090909091,0.4275799388581344,0.19658119658119658,0.0931174089068826,0.042569876997230596,L1,11,2000,0.032534697115770866,0.08745365969581748,0.053763440860215055,0.13265427023890125
blacklist,bl_practical_or_crossing__ni_k2_r2,mixed,"MaxPrac OR crossing; physical must-alert; Noinfo k=2, radius=2","unavailable: PIG v1.02 annotations are distributed by the official authors upon request; no checksum-verifiable unattended download is published. Searched: /tmp/pianovam-audit-260724.djnuaa/PIG, /workspace/PIG. The strict validity gate remains closed.",False,74172,0.14582960593447775,0.17075646967007618,1800,243,0.135,392,24,0.061224489795918366,0.09876543209876543,0.15553977272727273,0.45351473922902497,0.20512820512820512,0.09876543209876543,0.04336224738115028,L1,11,2000,0.03540947014051522,0.09353309141543066,0.059992537313432834,0.15049425069154412
blacklist,bl_span_practical__ni_k2_r2,research_supported,"Parncutt MaxPrac; physical must-alert; Noinfo k=2, radius=2","unavailable: PIG v1.02 annotations are distributed by the official authors upon request; no checksum-verifiable unattended download is published. Searched: /tmp/pianovam-audit-260724.djnuaa/PIG, /workspace/PIG. The strict validity gate remains closed.",False,74172,0.14582960593447775,0.17075646967007618,1800,243,0.135,392,24,0.061224489795918366,0.09876543209876543,0.15553977272727273,0.45351473922902497,0.20512820512820512,0.09876543209876543,0.04336224738115028,L1,11,2000,0.03540947014051522,0.09353309141543066,0.059992537313432834,0.15049425069154412
blacklist,bl_step_crossing__ni_k2_r4,exploratory,"crossing and <=2 semitones; physical must-alert; Noinfo k=2, radius=4","unavailable: PIG v1.02 annotations are distributed by the official authors upon request; no checksum-verifiable unattended download is published. Searched: /tmp/pianovam-audit-260724.djnuaa/PIG, /workspace/PIG. The strict validity gate remains closed.",False,75274,0.14799624868025504,0.17329345976844784,1800,228,0.12666666666666668,392,22,0.05612244897959184,0.09649122807017543,0.14630681818181818,0.4430719656283566,0.18803418803418803,0.09649122807017543,0.04102838241570635,L1,11,2000,0.03154361464573069,0.07740345445657486,0.06510874246339363,0.1495443925233644
blacklist,bl_rate_q995__ni_k2_r4,empirically_calibrated,"LOPO 99.5th percentile; physical must-alert; Noinfo k=2, radius=4","unavailable: PIG v1.02 annotations are distributed by the official authors upon request; no checksum-verifiable unattended download is published. Searched: /tmp/pianovam-audit-260724.djnuaa/PIG, /workspace/PIG. The strict validity gate remains closed.",False,76243,0.14990140006016267,0.1755242614066712,1800,231,0.12833333333333333,392,22,0.05612244897959184,0.09523809523809523,0.1484375,0.43731778425655976,0.18803418803418803,0.09523809523809523,0.042013230900554845,L1,11,2000,0.03215176436639459,0.07307783018867925,0.06875,0.13615556978233032
blacklist,bl_span_comfortable__ni_k3_r2,research_supported,"Parncutt MaxComf; physical must-alert; Noinfo k=3, radius=2","unavailable: PIG v1.02 annotations are distributed by the official authors upon request; no checksum-verifiable unattended download is published. Searched: /tmp/pianovam-audit-260724.djnuaa/PIG, /workspace/PIG. The strict validity gate remains closed.",False,77152,0.15168858541035465,0.17761693291249686,1800,261,0.145,392,25,0.06377551020408163,0.09578544061302682,0.16761363636363635,0.43983110485573546,0.21367521367521367,0.09578544061302682,0.04647832770145594,L1,11,2000,0.03619155354449472,0.09068582550950305,0.05653671838992164,0.13462078651685389
blacklist,bl_rate_q990__ni_k2_r4,empirically_calibrated,"LOPO 99th percentile; physical must-alert; Noinfo k=2, radius=4","unavailable: PIG v1.02 annotations are distributed by the official authors upon request; no checksum-verifiable unattended download is published. Searched: /tmp/pianovam-audit-260724.djnuaa/PIG, /workspace/PIG. The strict validity gate remains closed.",False,77544,0.15245929680449685,0.1785193831108287,1800,237,0.13166666666666665,392,24,0.061224489795918366,0.10126582278481013,0.1512784090909091,0.46499612503229143,0.20512820512820512,0.10126582278481013,0.048164024551348494,L1,11,2000,0.03717392458842273,0.07643312101910828,0.0756745400863048,0.1388920029895366
blacklist,bl_practical_or_rate995__ni_k2_r2,mixed,"MaxPrac OR LOPO q99.5; physical must-alert; Noinfo k=2, radius=2","unavailable: PIG v1.02 annotations are distributed by the official authors upon request; no checksum-verifiable unattended download is published. Searched: /tmp/pianovam-audit-260724.djnuaa/PIG, /workspace/PIG. The strict validity gate remains closed.",False,78497,0.15433299057648034,0.18071335004707936,1800,250,0.1388888888888889,392,25,0.06377551020408163,0.1,0.15980113636363635,0.4591836734693878,0.21367521367521367,0.1,0.045862247381150266,L1,11,2000,0.036945244410761656,0.09523809523809523,0.05940300551794309,0.14905743927125495
blacklist,bl_crossing__ni_k2_r4,research_supported_corroboration_required,"non-thumb crossing; physical must-alert; Noinfo k=2, radius=4","unavailable: PIG v1.02 annotations are distributed by the official authors upon request; no checksum-verifiable unattended download is published. Searched: /tmp/pianovam-audit-260724.djnuaa/PIG, /workspace/PIG. The strict validity gate remains closed.",False,79680,0.15665888746237375,0.18343681582418797,1800,246,0.13666666666666666,392,26,0.0663265306122449,0.10569105691056911,0.15625,0.4853160776505725,0.2222222222222222,0.10569105691056911,0.046710200597524544,L1,11,2000,0.037851913576572825,0.09455616218802788,0.0673076923076923,0.16774301796925742
blacklist,bl_rate_q975__ni_k2_r4,empirically_calibrated,"LOPO 97.5th percentile; physical must-alert; Noinfo k=2, radius=4","unavailable: PIG v1.02 annotations are distributed by the official authors upon request; no checksum-verifiable unattended download is published. Searched: /tmp/pianovam-audit-260724.djnuaa/PIG, /workspace/PIG. The strict validity gate remains closed.",False,84414,0.16596640720693798,0.194335283270369,1800,259,0.1438888888888889,392,26,0.0663265306122449,0.10038610038610038,0.16548295454545456,0.460956583405563,0.2222222222222222,0.10038610038610038,0.058356332243656196,L1,11,2000,0.04517660674853756,0.07936507936507936,0.07566734542761941,0.13839838224893916
blacklist,bl_span_comfortable__ni_k3_r4,research_supported,"Parncutt MaxComf; physical must-alert; Noinfo k=3, radius=4","unavailable: PIG v1.02 annotations are distributed by the official authors upon request; no checksum-verifiable unattended download is published. Searched: /tmp/pianovam-audit-260724.djnuaa/PIG, /workspace/PIG. The strict validity gate remains closed.",False,84448,0.16603325462377683,0.19441355701206106,1800,286,0.15888888888888889,392,29,0.07397959183673469,0.10139860139860139,0.1825284090909091,0.4656058227486799,0.24786324786324787,0.10139860139860139,0.05549347921660745,L1,11,2000,0.055692686357243316,0.0953757225433526,0.07114178248119343,0.13230691091904542
blacklist,bl_span_comfortable__ni_k2_r1,research_supported,"Parncutt MaxComf; physical must-alert; Noinfo k=2, radius=1","unavailable: PIG v1.02 annotations are distributed by the official authors upon request; no checksum-verifiable unattended download is published. Searched: /tmp/pianovam-audit-260724.djnuaa/PIG, /workspace/PIG. The strict validity gate remains closed.",False,85613,0.16832376170075558,0.19709558374945035,1800,292,0.1622222222222222,392,26,0.0663265306122449,0.08904109589041095,0.18892045454545456,0.4088621750069891,0.2222222222222222,0.08904109589041095,0.04960018002753362,L1,11,2000,0.03469089231437256,0.09854143106816078,0.05062608141335033,0.12772819900217833
blacklist,bl_two_signal_strict__ni_k2_r4,mixed,"at least 2 of 4 families; physical must-alert; Noinfo k=2, radius=4","unavailable: PIG v1.02 annotations are distributed by the official authors upon request; no checksum-verifiable unattended download is published. Searched: /tmp/pianovam-audit-260724.djnuaa/PIG, /workspace/PIG. The strict validity gate remains closed.",False,95958,0.18866307132422766,0.22091152074369264,1800,289,0.16055555555555556,392,32,0.08163265306122448,0.11072664359861592,0.1825284090909091,0.5084386695854813,0.27350427350427353,0.11072664359861592,0.062417081435984324,L1,11,2000,0.05599802631578948,0.10638297872340426,0.08444444444444445,0.1494889192790518
blacklist,bl_span_comfortable__ni_k2_r2,research_supported,"Parncutt MaxComf; physical must-alert; Noinfo k=2, radius=2","unavailable: PIG v1.02 annotations are distributed by the official authors upon request; no checksum-verifiable unattended download is published. Searched: /tmp/pianovam-audit-260724.djnuaa/PIG, /workspace/PIG. The strict validity gate remains closed.",False,100508,0.19760882857766393,0.2313863891171873,1800,338,0.18777777777777777,392,32,0.08163265306122448,0.09467455621301775,0.21732954545454544,0.4347301050597754,0.27350427350427353,0.09467455621301775,0.060321121840024736,L1,11,2000,0.048650839230797736,0.11751002626014845,0.059880239520958084,0.13443095838587638
blacklist,bl_practical_or_crossing__ni_k2_r4,mixed,"MaxPrac OR crossing; physical must-alert; Noinfo k=2, radius=4","unavailable: PIG v1.02 annotations are distributed by the official authors upon request; no checksum-verifiable unattended download is published. Searched: /tmp/pianovam-audit-260724.djnuaa/PIG, /workspace/PIG. The strict validity gate remains closed.",False,102481,0.2014879448548133,0.2359285683041994,1800,328,0.18222222222222223,392,30,0.07653061224489796,0.09146341463414634,0.21164772727272727,0.41998506719761075,0.2564102564102564,0.09146341463414634,0.056266287785190675,L1,11,2000,0.05144404166615725,0.10334367730213445,0.06486361361361362,0.12667337461300307
blacklist,bl_span_practical__ni_k2_r4,research_supported,"Parncutt MaxPrac; physical must-alert; Noinfo k=2, radius=4","unavailable: PIG v1.02 annotations are distributed by the official authors upon request; no checksum-verifiable unattended download is published. Searched: /tmp/pianovam-audit-260724.djnuaa/PIG, /workspace/PIG. The strict validity gate remains closed.",False,102481,0.2014879448548133,0.2359285683041994,1800,328,0.18222222222222223,392,30,0.07653061224489796,0.09146341463414634,0.21164772727272727,0.41998506719761075,0.2564102564102564,0.09146341463414634,0.056266287785190675,L1,11,2000,0.05144404166615725,0.10334367730213445,0.06486361361361362,0.12667337461300307
blacklist,bl_practical_or_rate995__ni_k2_r4,mixed,"MaxPrac OR LOPO q99.5; physical must-alert; Noinfo k=2, radius=4","unavailable: PIG v1.02 annotations are distributed by the official authors upon request; no checksum-verifiable unattended download is published. Searched: /tmp/pianovam-audit-260724.djnuaa/PIG, /workspace/PIG. The strict validity gate remains closed.",False,106337,0.20906922836453862,0.24480573147962695,1800,335,0.18611111111111112,392,31,0.07908163265306123,0.09253731343283582,0.2159090909090909,0.42491623515077676,0.26495726495726496,0.09253731343283582,0.05876628778519068,L1,11,2000,0.053410484668644904,0.10405054576227425,0.06521125030704987,0.12593235191026986
blacklist,bl_span_comfortable__ni_k2_r4,research_supported,"Parncutt MaxComf; physical must-alert; Noinfo k=2, radius=4","unavailable: PIG v1.02 annotations are distributed by the official authors upon request; no checksum-verifiable unattended download is published. Searched: /tmp/pianovam-audit-260724.djnuaa/PIG, /workspace/PIG. The strict validity gate remains closed.",False,125951,0.24763232347858227,0.28996047176044554,1800,415,0.23055555555555557,392,38,0.09693877551020408,0.09156626506024096,0.2677556818181818,0.42045733956233095,0.3247863247863248,0.09156626506024096,0.07322516224406514,L1,11,2000,0.06938498893533317,0.12590089881822047,0.06551587919358606,0.12264150943396226
blacklist,bl_span_relative,research_supported,Parncutt MaxRel,"unavailable: PIG v1.02 annotations are distributed by the official authors upon request; no checksum-verifiable unattended download is published. Searched: /tmp/pianovam-audit-260724.djnuaa/PIG, /workspace/PIG. The strict validity gate remains closed.",False,182738,0.3592812723029525,0.4206937355682789,1800,624,0.3466666666666667,392,60,0.15306122448979592,0.09615384615384616,0.4005681818181818,0.4415227629513344,0.5128205128205128,0.09615384615384616,0.16215639619420197,L1,11,2000,0.12217108217332734,0.19897991312393976,0.06967713844281098,0.12666698656429942
blacklist,bl_span_relative__ni_k5_r1,research_supported,"Parncutt MaxRel; physical must-alert; Noinfo k=5, radius=1","unavailable: PIG v1.02 annotations are distributed by the official authors upon request; no checksum-verifiable unattended download is published. Searched: /tmp/pianovam-audit-260724.djnuaa/PIG, /workspace/PIG. The strict validity gate remains closed.",False,182990,0.3597767296277582,0.42127388212434935,1800,624,0.3466666666666667,392,60,0.15306122448979592,0.09615384615384616,0.4005681818181818,0.4415227629513344,0.5128205128205128,0.09615384615384616,0.16215639619420197,L1,11,2000,0.12217108217332734,0.19897991312393976,0.06967713844281098,0.12666698656429942
blacklist,bl_span_relative__ni_k5_r2,research_supported,"Parncutt MaxRel; physical must-alert; Noinfo k=5, radius=2","unavailable: PIG v1.02 annotations are distributed by the official authors upon request; no checksum-verifiable unattended download is published. Searched: /tmp/pianovam-audit-260724.djnuaa/PIG, /workspace/PIG. The strict validity gate remains closed.",False,183282,0.3603508309723743,0.42194611543535165,1800,624,0.3466666666666667,392,60,0.15306122448979592,0.09615384615384616,0.4005681818181818,0.4415227629513344,0.5128205128205128,0.09615384615384616,0.16215639619420197,L1,11,2000,0.12217108217332734,0.19897991312393976,0.06967713844281098,0.12666698656429942
blacklist,bl_span_relative__ni_k5_r4,research_supported,"Parncutt MaxRel; physical must-alert; Noinfo k=5, radius=4","unavailable: PIG v1.02 annotations are distributed by the official authors upon request; no checksum-verifiable unattended download is published. Searched: /tmp/pianovam-audit-260724.djnuaa/PIG, /workspace/PIG. The strict validity gate remains closed.",False,183817,0.3614026947373388,0.42317777578256477,1800,624,0.3466666666666667,392,60,0.15306122448979592,0.09615384615384616,0.4005681818181818,0.4415227629513344,0.5128205128205128,0.09615384615384616,0.16215639619420197,L1,11,2000,0.12217108217332734,0.19897991312393976,0.06967713844281098,0.12666698656429942
blacklist,bl_span_relative__ni_k3_r1,research_supported,"Parncutt MaxRel; physical must-alert; Noinfo k=3, radius=1","unavailable: PIG v1.02 annotations are distributed by the official authors upon request; no checksum-verifiable unattended download is published. Searched: /tmp/pianovam-audit-260724.djnuaa/PIG, /workspace/PIG. The strict validity gate remains closed.",False,185343,0.36440296409310663,0.4266908854832137,1800,631,0.35055555555555556,392,61,0.1556122448979592,0.09667194928684628,0.40482954545454547,0.44390180794980433,0.5213675213675214,0.09667194928684628,0.16356484689842735,L1,11,2000,0.12602711883283219,0.19944444444444437,0.07019885564424067,0.12546217344643565
blacklist,bl_span_relative__ni_k3_r2,research_supported,"Parncutt MaxRel; physical must-alert; Noinfo k=3, radius=2","unavailable: PIG v1.02 annotations are distributed by the official authors upon request; no checksum-verifiable unattended download is published. Searched: /tmp/pianovam-audit-260724.djnuaa/PIG, /workspace/PIG. The strict validity gate remains closed.",False,187847,0.3693260797332395,0.43245551634194573,1800,637,0.35388888888888886,392,62,0.15816326530612246,0.09733124018838304,0.4083806818181818,0.44692916413033035,0.5299145299145299,0.09733124018838304,0.16606484689842732,L1,11,2000,0.12932932092285443,0.20112133435664947,0.07099674573868935,0.1261333503314635
blacklist,bl_span_relative__ni_k3_r4,research_supported,"Parncutt MaxRel; physical must-alert; Noinfo k=3, radius=4","unavailable: PIG v1.02 annotations are distributed by the official authors upon request; no checksum-verifiable unattended download is published. Searched: /tmp/pianovam-audit-260724.djnuaa/PIG, /workspace/PIG. The strict validity gate remains closed.",False,192537,0.37854709105601225,0.4432526883577018,1800,653,0.36277777777777775,392,65,0.16581632653061223,0.0995405819295559,0.41761363636363635,0.4570741006969404,0.5555555555555556,0.0995405819295559,0.17257999841357885,L1,11,2000,0.13287565391747447,0.21033242142766256,0.07121586279736458,0.13170804731999416
blacklist,bl_span_relative__ni_k2_r1,research_supported,"Parncutt MaxRel; physical must-alert; Noinfo k=2, radius=1","unavailable: PIG v1.02 annotations are distributed by the official authors upon request; no checksum-verifiable unattended download is published. Searched: /tmp/pianovam-audit-260724.djnuaa/PIG, /workspace/PIG. The strict validity gate remains closed.",False,193540,0.38051908985275873,0.4455617637376172,1800,660,0.36666666666666664,392,63,0.16071428571428573,0.09545454545454546,0.4240056818181818,0.4383116883116884,0.5384615384615384,0.09545454545454546,0.16659514992873037,L1,11,2000,0.12771060667029613,0.20513392857142854,0.06938775510204082,0.1254355400696864
blacklist,bl_span_relative__ni_k2_r2,research_supported,"Parncutt MaxRel; physical must-alert; Noinfo k=2, radius=2","unavailable: PIG v1.02 annotations are distributed by the official authors upon request; no checksum-verifiable unattended download is published. Searched: /tmp/pianovam-audit-260724.djnuaa/PIG, /workspace/PIG. The strict validity gate remains closed.",False,203230,0.39957060365183505,0.4678697801198509,1800,688,0.38222222222222224,392,67,0.17091836734693877,0.09738372093023256,0.44105113636363635,0.44717014712861897,0.5726495726495726,0.09738372093023256,0.17449919033277078,L1,11,2000,0.13424611565689068,0.21800099907402892,0.0703488113059595,0.13043655578409816
blacklist,bl_span_relative__ni_k2_r4,research_supported,"Parncutt MaxRel; physical must-alert; Noinfo k=2, radius=4","unavailable: PIG v1.02 annotations are distributed by the official authors upon request; no checksum-verifiable unattended download is published. Searched: /tmp/pianovam-audit-260724.djnuaa/PIG, /workspace/PIG. The strict validity gate remains closed.",False,219727,0.4320053635221511,0.5058486600226073,1800,745,0.41388888888888886,392,71,0.18112244897959184,0.0953020134228188,0.4786931818181818,0.4376112861251884,0.6068376068376068,0.0953020134228188,0.18240323073681114,L1,11,2000,0.14212897606103386,0.2265889564482866,0.06776951556224899,0.12967820866495428
blacklist,bl_hmm_disagreement,research_supported,PIG-trained HMM disagreement,"unavailable: PIG v1.02 annotations are distributed by the official authors upon request; no checksum-verifiable unattended download is published. Searched: /tmp/pianovam-audit-260724.djnuaa/PIG, /workspace/PIG. The strict validity gate remains closed.",False,279540,0.5496037324451802,0.6435482868410329,1800,1009,0.5605555555555556,392,95,0.2423469387755102,0.09415262636273539,0.6491477272727273,0.4323334884003156,0.811965811965812,0.09415262636273539,0.25879242489657617,R1,11,2000,0.15296997157071784,0.3547472992779979,0.059837298449479145,0.139002344573235
blacklist,bl_hmm_disagreement__ni_k5_r1,research_supported,"PIG-trained HMM disagreement; physical must-alert; Noinfo k=5, radius=1","unavailable: PIG v1.02 annotations are distributed by the official authors upon request; no checksum-verifiable unattended download is published. Searched: /tmp/pianovam-audit-260724.djnuaa/PIG, /workspace/PIG. The strict validity gate remains closed.",False,279738,0.5499930203432418,0.6440041162779454,1800,1009,0.5605555555555556,392,95,0.2423469387755102,0.09415262636273539,0.6491477272727273,0.4323334884003156,0.811965811965812,0.09415262636273539,0.25879242489657617,R1,11,2000,0.15296997157071784,0.3547472992779979,0.059837298449479145,0.139002344573235
blacklist,bl_hmm_disagreement__ni_k5_r2,research_supported,"PIG-trained HMM disagreement; physical must-alert; Noinfo k=5, radius=2","unavailable: PIG v1.02 annotations are distributed by the official authors upon request; no checksum-verifiable unattended download is published. Searched: /tmp/pianovam-audit-260724.djnuaa/PIG, /workspace/PIG. The strict validity gate remains closed.",False,279942,0.550394104844275,0.6444737587280978,1800,1009,0.5605555555555556,392,95,0.2423469387755102,0.09415262636273539,0.6491477272727273,0.4323334884003156,0.811965811965812,0.09415262636273539,0.25879242489657617,R1,11,2000,0.15296997157071784,0.3547472992779979,0.059837298449479145,0.139002344573235
blacklist,bl_hmm_disagreement__ni_k5_r4,research_supported,"PIG-trained HMM disagreement; physical must-alert; Noinfo k=5, radius=4","unavailable: PIG v1.02 annotations are distributed by the official authors upon request; no checksum-verifiable unattended download is published. Searched: /tmp/pianovam-audit-260724.djnuaa/PIG, /workspace/PIG. The strict validity gate remains closed.",False,280332,0.5511608840374267,0.645371604588683,1800,1009,0.5605555555555556,392,95,0.2423469387755102,0.09415262636273539,0.6491477272727273,0.4323334884003156,0.811965811965812,0.09415262636273539,0.25879242489657617,R1,11,2000,0.15296997157071784,0.3547472992779979,0.059837298449479145,0.139002344573235
blacklist,bl_hmm_disagreement__ni_k3_r1,research_supported,"PIG-trained HMM disagreement; physical must-alert; Noinfo k=3, radius=1","unavailable: PIG v1.02 annotations are distributed by the official authors upon request; no checksum-verifiable unattended download is published. Searched: /tmp/pianovam-audit-260724.djnuaa/PIG, /workspace/PIG. The strict validity gate remains closed.",False,281415,0.5532901708737941,0.647864853478462,1800,1013,0.5627777777777778,392,95,0.2423469387755102,0.09378084896347483,0.6519886363636364,0.430626347281262,0.811965811965812,0.09378084896347483,0.25879242489657617,R1,11,2000,0.15296997157071784,0.3547472992779979,0.0596409924292628,0.1380038910841172
blacklist,bl_hmm_disagreement__ni_k3_r2,research_supported,"PIG-trained HMM disagreement; physical must-alert; Noinfo k=3, radius=2","unavailable: PIG v1.02 annotations are distributed by the official authors upon request; no checksum-verifiable unattended download is published. Searched: /tmp/pianovam-audit-260724.djnuaa/PIG, /workspace/PIG. The strict validity gate remains closed.",False,283269,0.5569353211920074,0.6521330745695519,1800,1019,0.5661111111111111,392,97,0.24744897959183673,0.09519136408243375,0.6548295454545454,0.4371032024193387,0.8290598290598291,0.09519136408243375,0.26270087560080146,R1,11,2000,0.15992385413673513,0.35673072326593047,0.061061946902654866,0.13860369609856263
blacklist,bl_hmm_disagreement__ni_k3_r4,research_supported,"PIG-trained HMM disagreement; physical must-alert; Noinfo k=3, radius=4","unavailable: PIG v1.02 annotations are distributed by the official authors upon request; no checksum-verifiable unattended download is published. Searched: /tmp/pianovam-audit-260724.djnuaa/PIG, /workspace/PIG. The strict validity gate remains closed.",False,286666,0.563614164574408,0.6599535422321369,1800,1025,0.5694444444444444,392,97,0.24744897959183673,0.09463414634146342,0.6590909090909091,0.43454454952712795,0.8290598290598291,0.09463414634146342,0.26270087560080146,R1,11,2000,0.15992385413673513,0.35673072326593047,0.06084203087627745,0.13743686354378817
blacklist,bl_hmm_disagreement__ni_k2_r1,research_supported,"PIG-trained HMM disagreement; physical must-alert; Noinfo k=2, radius=1","unavailable: PIG v1.02 annotations are distributed by the official authors upon request; no checksum-verifiable unattended download is published. Searched: /tmp/pianovam-audit-260724.djnuaa/PIG, /workspace/PIG. The strict validity gate remains closed.",False,287117,0.5645008758977706,0.6609918203939932,1800,1033,0.5738888888888889,392,96,0.24489795918367346,0.09293320425943853,0.6654829545454546,0.4267341011912994,0.8205128205128205,0.09293320425943853,0.26279242489657617,R1,11,2000,0.1580026455026455,0.3547472992779979,0.060089315375342886,0.13593458333767838
blacklist,bl_hmm_disagreement__ni_k2_r2,research_supported,"PIG-trained HMM disagreement; physical must-alert; Noinfo k=2, radius=2","unavailable: PIG v1.02 annotations are distributed by the official authors upon request; no checksum-verifiable unattended download is published. Searched: /tmp/pianovam-audit-260724.djnuaa/PIG, /workspace/PIG. The strict validity gate remains closed.",False,293994,0.5780217490036785,0.6768238357356465,1800,1045,0.5805555555555556,392,98,0.25,0.0937799043062201,0.6725852272727273,0.4306220095693781,0.8376068376068376,0.0937799043062201,0.26670087560080147,R1,11,2000,0.1646586345381526,0.35673072326593047,0.06050129645635264,0.13588461789466805
blacklist,bl_hmm_disagreement__ni_k2_r4,research_supported,"PIG-trained HMM disagreement; physical must-alert; Noinfo k=2, radius=4","unavailable: PIG v1.02 annotations are distributed by the official authors upon request; no checksum-verifiable unattended download is published. Searched: /tmp/pianovam-audit-260724.djnuaa/PIG, /workspace/PIG. The strict validity gate remains closed.",False,305593,0.6008265486482076,0.7035266924970014,1800,1071,0.595,392,98,0.25,0.0915032679738562,0.6910511363636364,0.42016806722689076,0.8376068376068376,0.0915032679738562,0.26670087560080147,R1,11,2000,0.1646586345381526,0.35673072326593047,0.05922165820642978,0.13217810454869433
hybrid,hy_direct_plus_corroborated,mixed,MaxPrac direct; weak signals need HMM,"unavailable: PIG v1.02 annotations are distributed by the official authors upon request; no checksum-verifiable unattended download is published. Searched: /tmp/pianovam-audit-260724.djnuaa/PIG, /workspace/PIG. The strict validity gate remains closed.",False,41928,0.08243466156529125,0.09652533651953506,1800,139,0.07722222222222222,392,16,0.04081632653061224,0.11510791366906475,0.08735795454545454,0.5285567464395831,0.13675213675213677,0.11510791366906475,0.03035334548492443,L1,11,2000,0.016846491554431135,0.06713780918727916,0.04838062791098844,0.19419326970544667
hybrid,hy_direct_plus_corroborated__ni_k5_r1,mixed,"MaxPrac direct; weak signals need HMM; physical must-alert; Noinfo k=5, radius=1","unavailable: PIG v1.02 annotations are distributed by the official authors upon request; no checksum-verifiable unattended download is published. Searched: /tmp/pianovam-audit-260724.djnuaa/PIG, /workspace/PIG. The strict validity gate remains closed.",False,42349,0.08326238987379601,0.09749454961519247,1800,139,0.07722222222222222,392,16,0.04081632653061224,0.11510791366906475,0.08735795454545454,0.5285567464395831,0.13675213675213677,0.11510791366906475,0.03035334548492443,L1,11,2000,0.016846491554431135,0.06713780918727916,0.04838062791098844,0.19419326970544667
hybrid,hy_direct_plus_corroborated__ni_k5_r2,mixed,"MaxPrac direct; weak signals need HMM; physical must-alert; Noinfo k=5, radius=2","unavailable: PIG v1.02 annotations are distributed by the official authors upon request; no checksum-verifiable unattended download is published. Searched: /tmp/pianovam-audit-260724.djnuaa/PIG, /workspace/PIG. The strict validity gate remains closed.",False,42818,0.08418449100607328,0.09857426681676808,1800,139,0.07722222222222222,392,16,0.04081632653061224,0.11510791366906475,0.08735795454545454,0.5285567464395831,0.13675213675213677,0.11510791366906475,0.03035334548492443,L1,11,2000,0.016846491554431135,0.06713780918727916,0.04838062791098844,0.19419326970544667
hybrid,hy_direct_plus_corroborated__ni_k5_r4,mixed,"MaxPrac direct; weak signals need HMM; physical must-alert; Noinfo k=5, radius=4","unavailable: PIG v1.02 annotations are distributed by the official authors upon request; no checksum-verifiable unattended download is published. Searched: /tmp/pianovam-audit-260724.djnuaa/PIG, /workspace/PIG. The strict validity gate remains closed.",False,43721,0.08595987975329371,0.10065312530935394,1800,139,0.07722222222222222,392,16,0.04081632653061224,0.11510791366906475,0.08735795454545454,0.5285567464395831,0.13675213675213677,0.11510791366906475,0.03035334548492443,L1,11,2000,0.016846491554431135,0.06713780918727916,0.04838062791098844,0.19419326970544667
hybrid,hy_direct_plus_corroborated__ni_k3_r1,mixed,"MaxPrac direct; weak signals need HMM; physical must-alert; Noinfo k=3, radius=1","unavailable: PIG v1.02 annotations are distributed by the official authors upon request; no checksum-verifiable unattended download is published. Searched: /tmp/pianovam-audit-260724.djnuaa/PIG, /workspace/PIG. The strict validity gate remains closed.",False,46292,0.091014724126609,0.10657200148259675,1800,153,0.085,392,17,0.04336734693877551,0.1111111111111111,0.09659090909090909,0.5102040816326531,0.1452991452991453,0.1111111111111111,0.03176179618914978,L1,11,2000,0.020595965569354096,0.0675685192234488,0.05263157894736842,0.1836868958109559
hybrid,hy_two_of_three_families,mixed,at least 2 of ergonomic/model/context,"unavailable: PIG v1.02 annotations are distributed by the official authors upon request; no checksum-verifiable unattended download is published. Searched: /tmp/pianovam-audit-260724.djnuaa/PIG, /workspace/PIG. The strict validity gate remains closed.",False,49748,0.09780956743823004,0.11452829710870611,1800,169,0.09388888888888888,392,24,0.061224489795918366,0.14201183431952663,0.10298295454545454,0.6520951575896632,0.20512820512820512,0.14201183431952663,0.04731221994379889,L1,11,2000,0.031033814488104786,0.09375,0.08385752688172043,0.19428571428571428
hybrid,hy_two_of_three_families__ni_k5_r1,mixed,"at least 2 of ergonomic/model/context; physical must-alert; Noinfo k=5, radius=1","unavailable: PIG v1.02 annotations are distributed by the official authors upon request; no checksum-verifiable unattended download is published. Searched: /tmp/pianovam-audit-260724.djnuaa/PIG, /workspace/PIG. The strict validity gate remains closed.",False,50181,0.09866088895267792,0.11552513623084308,1800,169,0.09388888888888888,392,24,0.061224489795918366,0.14201183431952663,0.10298295454545454,0.6520951575896632,0.20512820512820512,0.14201183431952663,0.04731221994379889,L1,11,2000,0.031033814488104786,0.09375,0.08385752688172043,0.19428571428571428
hybrid,hy_direct_plus_corroborated__ni_k3_r2,mixed,"MaxPrac direct; weak signals need HMM; physical must-alert; Noinfo k=3, radius=2","unavailable: PIG v1.02 annotations are distributed by the official authors upon request; no checksum-verifiable unattended download is published. Searched: /tmp/pianovam-audit-260724.djnuaa/PIG, /workspace/PIG. The strict validity gate remains closed.",False,50601,0.09948665116068743,0.1164920471576272,1800,168,0.09333333333333334,392,19,0.04846938775510204,0.1130952380952381,0.10582386363636363,0.5193148688046647,0.1623931623931624,0.1130952380952381,0.03567024689337514,L1,11,2000,0.025771389343867423,0.07097373414561067,0.05583051325437113,0.18579497688104246
hybrid,hy_two_of_three_families__ni_k5_r2,mixed,"at least 2 of ergonomic/model/context; physical must-alert; Noinfo k=5, radius=2","unavailable: PIG v1.02 annotations are distributed by the official authors upon request; no checksum-verifiable unattended download is published. Searched: /tmp/pianovam-audit-260724.djnuaa/PIG, /workspace/PIG. The strict validity gate remains closed.",False,50660,0.0996026510899078,0.11662787512115164,1800,169,0.09388888888888888,392,24,0.061224489795918366,0.14201183431952663,0.10298295454545454,0.6520951575896632,0.20512820512820512,0.14201183431952663,0.04731221994379889,L1,11,2000,0.031033814488104786,0.09375,0.08385752688172043,0.19428571428571428
hybrid,hy_two_of_three_families__ni_k5_r4,mixed,"at least 2 of ergonomic/model/context; physical must-alert; Noinfo k=5, radius=4","unavailable: PIG v1.02 annotations are distributed by the official authors upon request; no checksum-verifiable unattended download is published. Searched: /tmp/pianovam-audit-260724.djnuaa/PIG, /workspace/PIG. The strict validity gate remains closed.",False,51559,0.10137017543514719,0.11869752493824431,1800,169,0.09388888888888888,392,24,0.061224489795918366,0.14201183431952663,0.10298295454545454,0.6520951575896632,0.20512820512820512,0.14201183431952663,0.04731221994379889,L1,11,2000,0.031033814488104786,0.09375,0.08385752688172043,0.19428571428571428
hybrid,hy_two_of_three_families__ni_k3_r1,mixed,"at least 2 of ergonomic/model/context; physical must-alert; Noinfo k=3, radius=1","unavailable: PIG v1.02 annotations are distributed by the official authors upon request; no checksum-verifiable unattended download is published. Searched: /tmp/pianovam-audit-260724.djnuaa/PIG, /workspace/PIG. The strict validity gate remains closed.",False,54100,0.10636603679360467,0.12454733604528827,1800,182,0.10111111111111111,392,25,0.06377551020408163,0.13736263736263737,0.11150568181818182,0.6307468042161921,0.21367521367521367,0.13736263736263737,0.04872067064802424,L1,11,2000,0.033856240647272176,0.09505812997885185,0.08139534883720931,0.1893589743589743
hybrid,hy_two_of_three_families__ni_k3_r2,mixed,"at least 2 of ergonomic/model/context; physical must-alert; Noinfo k=3, radius=2","unavailable: PIG v1.02 annotations are distributed by the official authors upon request; no checksum-verifiable unattended download is published. Searched: /tmp/pianovam-audit-260724.djnuaa/PIG, /workspace/PIG. The strict validity gate remains closed.",False,58314,0.11465118428063333,0.13424867567735563,1800,196,0.10888888888888888,392,27,0.06887755102040816,0.1377551020408163,0.12002840909090909,0.6325489379425239,0.23076923076923078,0.1377551020408163,0.0526291213522496,L1,11,2000,0.03837941058974717,0.1,0.08252160460898325,0.18974860335195526
hybrid,hy_direct_plus_corroborated__ni_k3_r4,mixed,"MaxPrac direct; weak signals need HMM; physical must-alert; Noinfo k=3, radius=4","unavailable: PIG v1.02 annotations are distributed by the official authors upon request; no checksum-verifiable unattended download is published. Searched: /tmp/pianovam-audit-260724.djnuaa/PIG, /workspace/PIG. The strict validity gate remains closed.",False,58666,0.11534325165496509,0.13505903912075568,1800,195,0.10833333333333334,392,23,0.058673469387755105,0.11794871794871795,0.12215909090909091,0.5416012558869702,0.19658119658119658,0.11794871794871795,0.04468539840852666,L1,11,2000,0.040187741644725924,0.07692307692307693,0.07462289615751032,0.17442876890551304
hybrid,hy_direct_plus_corroborated__ni_k2_r1,mixed,"MaxPrac direct; weak signals need HMM; physical must-alert; Noinfo k=2, radius=1","unavailable: PIG v1.02 annotations are distributed by the official authors upon request; no checksum-verifiable unattended download is published. Searched: /tmp/pianovam-audit-260724.djnuaa/PIG, /workspace/PIG. The strict validity gate remains closed.",False,60032,0.11802894493149123,0.13820380180167735,1800,201,0.11166666666666666,392,21,0.05357142857142857,0.1044776119402985,0.1278409090909091,0.47974413646055436,0.1794871794871795,0.1044776119402985,0.040307250734604325,L1,11,2000,0.024509303721488594,0.08562712251001064,0.04890643360752057,0.16763285474547826
hybrid,hy_hierarchical,mixed,MaxPrac direct; central risks need HMM,"unavailable: PIG v1.02 annotations are distributed by the official authors upon request; no checksum-verifiable unattended download is published. Searched: /tmp/pianovam-audit-260724.djnuaa/PIG, /workspace/PIG. The strict validity gate remains closed.",False,62225,0.12234060331759798,0.14325245814081447,1800,222,0.12333333333333334,392,23,0.058673469387755105,0.1036036036036036,0.14133522727272727,0.47573083287369,0.19658119658119658,0.1036036036036036,0.044812219943798894,L1,11,2000,0.029556650246305417,0.0928159934001965,0.05621592515312647,0.15764194970184078
hybrid,hy_hierarchical__ni_k5_r1,mixed,"MaxPrac direct; central risks need HMM; physical must-alert; Noinfo k=5, radius=1","unavailable: PIG v1.02 annotations are distributed by the official authors upon request; no checksum-verifiable unattended download is published. Searched: /tmp/pianovam-audit-260724.djnuaa/PIG, /workspace/PIG. The strict validity gate remains closed.",False,62614,0.1231054164102544,0.14414800183252643,1800,222,0.12333333333333334,392,23,0.058673469387755105,0.1036036036036036,0.14133522727272727,0.47573083287369,0.19658119658119658,0.1036036036036036,0.044812219943798894,L1,11,2000,0.029556650246305417,0.0928159934001965,0.05621592515312647,0.15764194970184078
hybrid,hy_hierarchical__ni_k5_r2,mixed,"MaxPrac direct; central risks need HMM; physical must-alert; Noinfo k=5, radius=2","unavailable: PIG v1.02 annotations are distributed by the official authors upon request; no checksum-verifiable unattended download is published. Searched: /tmp/pianovam-audit-260724.djnuaa/PIG, /workspace/PIG. The strict validity gate remains closed.",False,63058,0.12397836503015015,0.14517016481226963,1800,222,0.12333333333333334,392,23,0.058673469387755105,0.1036036036036036,0.14133522727272727,0.47573083287369,0.19658119658119658,0.1036036036036036,0.044812219943798894,L1,11,2000,0.029556650246305417,0.0928159934001965,0.05621592515312647,0.15764194970184078
hybrid,hy_hierarchical__ni_k5_r4,mixed,"MaxPrac direct; central risks need HMM; physical must-alert; Noinfo k=5, radius=4","unavailable: PIG v1.02 annotations are distributed by the official authors upon request; no checksum-verifiable unattended download is published. Searched: /tmp/pianovam-audit-260724.djnuaa/PIG, /workspace/PIG. The strict validity gate remains closed.",False,63902,0.1256377538481502,0.14711319534133108,1800,222,0.12333333333333334,392,23,0.058673469387755105,0.1036036036036036,0.14133522727272727,0.47573083287369,0.19658119658119658,0.1036036036036036,0.044812219943798894,L1,11,2000,0.029556650246305417,0.0928159934001965,0.05621592515312647,0.15764194970184078
hybrid,hy_two_of_three_families__ni_k3_r4,mixed,"at least 2 of ergonomic/model/context; physical must-alert; Noinfo k=3, radius=4","unavailable: PIG v1.02 annotations are distributed by the official authors upon request; no checksum-verifiable unattended download is published. Searched: /tmp/pianovam-audit-260724.djnuaa/PIG, /workspace/PIG. The strict validity gate remains closed.",False,66137,0.1300319884550579,0.15225854277314657,1800,223,0.1238888888888889,392,31,0.07908163265306123,0.13901345291479822,0.13636363636363635,0.6383270797108082,0.26495726495726496,0.13901345291479822,0.06164427286740111,L1,11,2000,0.05839061724895472,0.10250313245823386,0.10454051383399209,0.1834319526627219
hybrid,hy_hierarchical__ni_k3_r1,mixed,"MaxPrac direct; central risks need HMM; physical must-alert; Noinfo k=3, radius=1","unavailable: PIG v1.02 annotations are distributed by the official authors upon request; no checksum-verifiable unattended download is published. Searched: /tmp/pianovam-audit-260724.djnuaa/PIG, /workspace/PIG. The strict validity gate remains closed.",False,66287,0.130326903529347,0.15260386810414092,1800,235,0.13055555555555556,392,24,0.061224489795918366,0.10212765957446808,0.14985795454545456,0.46895353886235347,0.20512820512820512,0.10212765957446808,0.046220670648024244,L1,11,2000,0.03218882259071672,0.09470986345012052,0.05651714635639927,0.15465920623898285
hybrid,hy_two_of_three_families__ni_k2_r1,mixed,"at least 2 of ergonomic/model/context; physical must-alert; Noinfo k=2, radius=1","unavailable: PIG v1.02 annotations are distributed by the official authors upon request; no checksum-verifiable unattended download is published. Searched: /tmp/pianovam-audit-260724.djnuaa/PIG, /workspace/PIG. The strict validity gate remains closed.",False,67620,0.13294771548952952,0.15567265921224385,1800,229,0.1272222222222222,392,28,0.07142857142857142,0.1222707423580786,0.14275568181818182,0.561447286338116,0.23931623931623933,0.1222707423580786,0.055750973678327265,L1,11,2000,0.03627854242472183,0.10937955273892772,0.07034735078903288,0.1767987675308117
hybrid,hy_hierarchical__ni_k3_r2,mixed,"MaxPrac direct; central risks need HMM; physical must-alert; Noinfo k=3, radius=2","unavailable: PIG v1.02 annotations are distributed by the official authors upon request; no checksum-verifiable unattended download is published. Searched: /tmp/pianovam-audit-260724.djnuaa/PIG, /workspace/PIG. The strict validity gate remains closed.",False,70289,0.13819523771138037,0.16181714793506963,1800,249,0.13833333333333334,392,26,0.0663265306122449,0.10441767068273092,0.15838068181818182,0.47946889599213177,0.2222222222222222,0.10441767068273092,0.05012912135224958,L1,11,2000,0.03622902149376779,0.09836065573770492,0.05861502642839164,0.15720911932258994
hybrid,hy_direct_plus_corroborated__ni_k2_r2,mixed,"MaxPrac direct; weak signals need HMM; physical must-alert; Noinfo k=2, radius=2","unavailable: PIG v1.02 annotations are distributed by the official authors upon request; no checksum-verifiable unattended download is published. Searched: /tmp/pianovam-audit-260724.djnuaa/PIG, /workspace/PIG. The strict validity gate remains closed.",False,76442,0.15029265405871955,0.17598239301245702,1800,249,0.13833333333333334,392,26,0.0663265306122449,0.10441767068273092,0.15838068181818182,0.47946889599213177,0.2222222222222222,0.10441767068273092,0.049513041031943913,L1,11,2000,0.038461538461538464,0.09775031960304215,0.06226190476190476,0.15421787060463668
hybrid,hy_hierarchical__ni_k3_r4,mixed,"MaxPrac direct; central risks need HMM; physical must-alert; Noinfo k=3, radius=4","unavailable: PIG v1.02 annotations are distributed by the official authors upon request; no checksum-verifiable unattended download is published. Searched: /tmp/pianovam-audit-260724.djnuaa/PIG, /workspace/PIG. The strict validity gate remains closed.",False,77773,0.15290953381791156,0.17904657978281338,1800,274,0.15222222222222223,392,30,0.07653061224489796,0.10948905109489052,0.17329545454545456,0.5027558468642932,0.2564102564102564,0.10948905109489052,0.05914427286740111,L1,11,2000,0.05498056245847993,0.1020439754849308,0.07238458360733135,0.1571444167186525
hybrid,hy_hierarchical__ni_k2_r1,mixed,"MaxPrac direct; central risks need HMM; physical must-alert; Noinfo k=2, radius=1","unavailable: PIG v1.02 annotations are distributed by the official authors upon request; no checksum-verifiable unattended download is published. Searched: /tmp/pianovam-audit-260724.djnuaa/PIG, /workspace/PIG. The strict validity gate remains closed.",False,79082,0.15548315936620785,0.18206011883795725,1800,281,0.15611111111111112,392,27,0.06887755102040816,0.09608540925266904,0.18039772727272727,0.4412085118745007,0.23076923076923078,0.09608540925266904,0.053250973678327276,L1,11,2000,0.03482327943615257,0.10670809904310935,0.05103965572715573,0.14932267512814254
hybrid,hy_two_of_three_families__ni_k2_r2,mixed,"at least 2 of ergonomic/model/context; physical must-alert; Noinfo k=2, radius=2","unavailable: PIG v1.02 annotations are distributed by the official authors upon request; no checksum-verifiable unattended download is published. Searched: /tmp/pianovam-audit-260724.djnuaa/PIG, /workspace/PIG. The strict validity gate remains closed.",False,83552,0.16427162858002323,0.19235081370158827,1800,276,0.15333333333333332,392,33,0.08418367346938775,0.11956521739130435,0.17258522727272727,0.5490239574090506,0.28205128205128205,0.11956521739130435,0.06495676397566687,L1,11,2000,0.049476755401234564,0.1220240617433414,0.0783390102183931,0.16957365977205566
hybrid,hy_hierarchical__ni_k2_r2,mixed,"MaxPrac direct; central risks need HMM; physical must-alert; Noinfo k=2, radius=2","unavailable: PIG v1.02 annotations are distributed by the official authors upon request; no checksum-verifiable unattended download is published. Searched: /tmp/pianovam-audit-260724.djnuaa/PIG, /workspace/PIG. The strict validity gate remains closed.",False,94339,0.18547995462240058,0.21718430933782717,1800,326,0.1811111111111111,392,32,0.08163265306122448,0.09815950920245399,0.20880681818181818,0.45073244021534997,0.27350427350427353,0.09815950920245399,0.062456763975666865,L1,11,2000,0.04714191023293984,0.12130661394680083,0.059457347972972974,0.1453332726279366
hybrid,hy_direct_plus_corroborated__ni_k2_r4,mixed,"MaxPrac direct; weak signals need HMM; physical must-alert; Noinfo k=2, radius=4","unavailable: PIG v1.02 annotations are distributed by the official authors upon request; no checksum-verifiable unattended download is published. Searched: /tmp/pianovam-audit-260724.djnuaa/PIG, /workspace/PIG. The strict validity gate remains closed.",False,104504,0.20546536615672573,0.24058585593487625,1800,333,0.185,392,32,0.08163265306122448,0.0960960960960961,0.2137784090909091,0.441257584114727,0.27350427350427353,0.0960960960960961,0.062417081435984324,L1,11,2000,0.05599802631578948,0.10638297872340426,0.0683194522868436,0.1310051197108869
hybrid,hy_two_of_three_families__ni_k2_r4,mixed,"at least 2 of ergonomic/model/context; physical must-alert; Noinfo k=2, radius=4","unavailable: PIG v1.02 annotations are distributed by the official authors upon request; no checksum-verifiable unattended download is published. Searched: /tmp/pianovam-audit-260724.djnuaa/PIG, /workspace/PIG. The strict validity gate remains closed.",False,110739,0.2177240027446763,0.2549398788598739,1800,356,0.19777777777777777,392,39,0.09948979591836735,0.10955056179775281,0.22514204545454544,0.5030382939692731,0.3333333333333333,0.10955056179775281,0.07786080437970726,L1,11,2000,0.07061436419670374,0.12903225806451613,0.08178059327820347,0.15050360919926137
hybrid,hy_hierarchical__ni_k2_r4,mixed,"MaxPrac direct; central risks need HMM; physical must-alert; Noinfo k=2, radius=4","unavailable: PIG v1.02 annotations are distributed by the official authors upon request; no checksum-verifiable unattended download is published. Searched: /tmp/pianovam-audit-260724.djnuaa/PIG, /workspace/PIG. The strict validity gate remains closed.",False,120468,0.2368521944630678,0.2773376798281661,1800,403,0.2238888888888889,392,38,0.09693877551020408,0.09429280397022333,0.25923295454545453,0.4329771610877602,0.3247863247863248,0.09429280397022333,0.07536080437970727,L1,11,2000,0.06835881887101367,0.12844094469992837,0.06527020462687474,0.13082229317575292
integrity,mandatory_missing__ni_k5_r1,physical_invariant,"schema completeness; physical must-alert; Noinfo k=5, radius=1","unavailable: PIG v1.02 annotations are distributed by the official authors upon request; no checksum-verifiable unattended download is published. Searched: /tmp/pianovam-audit-260724.djnuaa/PIG, /workspace/PIG. The strict validity gate remains closed.",False,580,0.0011403382872512146,0.0013352579465114084,1800,0,0.0,392,0,0.0,,0.0,,0.0,,0.0,L1,11,2000,0.0,0.0,,
integrity,mandatory_missing__ni_k5_r2,physical_invariant,"schema completeness; physical must-alert; Noinfo k=5, radius=2","unavailable: PIG v1.02 annotations are distributed by the official authors upon request; no checksum-verifiable unattended download is published. Searched: /tmp/pianovam-audit-260724.djnuaa/PIG, /workspace/PIG. The strict validity gate remains closed.",False,1149,0.002259049469054561,0.002645192035416566,1800,0,0.0,392,0,0.0,,0.0,,0.0,,0.0,L1,11,2000,0.0,0.0,,
integrity,mandatory_missing__ni_k5_r4,physical_invariant,"schema completeness; physical must-alert; Noinfo k=5, radius=4","unavailable: PIG v1.02 annotations are distributed by the official authors upon request; no checksum-verifiable unattended download is published. Searched: /tmp/pianovam-audit-260724.djnuaa/PIG, /workspace/PIG. The strict validity gate remains closed.",False,2247,0.004417827812850826,0.00517297345829506,1800,0,0.0,392,0,0.0,,0.0,,0.0,,0.0,L1,11,2000,0.0,0.0,,
integrity,mandatory_missing__ni_k3_r1,physical_invariant,"schema completeness; physical must-alert; Noinfo k=3, radius=1","unavailable: PIG v1.02 annotations are distributed by the official authors upon request; no checksum-verifiable unattended download is published. Searched: /tmp/pianovam-audit-260724.djnuaa/PIG, /workspace/PIG. The strict validity gate remains closed.",False,5397,0.010611044372922077,0.012424805409175985,1800,17,0.009444444444444445,392,2,0.00510204081632653,0.11764705882352941,0.01065340909090909,0.5402160864345739,0.017094017094017096,0.11764705882352941,0.0029236022193768673,L1,11,2000,0.0,0.010256410256410256,0.0,0.25
integrity,mandatory_missing__ni_k3_r2,physical_invariant,"schema completeness; physical must-alert; Noinfo k=3, radius=2","unavailable: PIG v1.02 annotations are distributed by the official authors upon request; no checksum-verifiable unattended download is published. Searched: /tmp/pianovam-audit-260724.djnuaa/PIG, /workspace/PIG. The strict validity gate remains closed.",False,10476,0.020596868788351246,0.02411752111664399,1800,33,0.018333333333333333,392,5,0.012755102040816327,0.15151515151515152,0.019886363636363636,0.6957328385899815,0.042735042735042736,0.15151515151515152,0.008347204438753735,L1,11,2000,0.0,0.027376905740421537,0.0,0.375
integrity,mandatory_missing__ni_k3_r4,physical_invariant,"schema completeness; physical must-alert; Noinfo k=3, radius=4","unavailable: PIG v1.02 annotations are distributed by the official authors upon request; no checksum-verifiable unattended download is published. Searched: /tmp/pianovam-audit-260724.djnuaa/PIG, /workspace/PIG. The strict validity gate remains closed.",False,19824,0.03897597621804841,0.04563819574421062,1800,64,0.035555555555555556,392,9,0.02295918367346939,0.140625,0.0390625,0.6457270408163266,0.07692307692307693,0.140625,0.01736235595390525,L1,11,2000,0.0,0.040909381539176934,0.08333333333333333,0.2
integrity,mandatory_missing__ni_k2_r1,physical_invariant,"schema completeness; physical must-alert; Noinfo k=2, radius=1","unavailable: PIG v1.02 annotations are distributed by the official authors upon request; no checksum-verifiable unattended download is published. Searched: /tmp/pianovam-audit-260724.djnuaa/PIG, /workspace/PIG. The strict validity gate remains closed.",False,21651,0.042568041822889736,0.04984425827572156,1800,71,0.03944444444444444,392,6,0.015306122448979591,0.08450704225352113,0.04616477272727273,0.38804254096004603,0.05128205128205128,0.08450704225352113,0.011469056764831414,L1,11,2000,0.0039171623705662045,0.025288083806198163,0.029401108269394714,0.16982135688478517
integrity,mandatory_missing__ni_k2_r2,physical_invariant,"schema completeness; physical must-alert; Noinfo k=2, radius=2","unavailable: PIG v1.02 annotations are distributed by the official authors upon request; no checksum-verifiable unattended download is published. Searched: /tmp/pianovam-audit-260724.djnuaa/PIG, /workspace/PIG. The strict validity gate remains closed.",False,40529,0.0796840869724215,0.09330460226579461,1800,128,0.07111111111111111,392,14,0.03571428571428571,0.109375,0.08096590909090909,0.5022321428571429,0.11965811965811966,0.109375,0.02509403898136292,L1,11,2000,0.019997512437810946,0.05105165649520488,0.07222079037800687,0.18988848704038572
integrity,mandatory_missing__ni_k2_r4,physical_invariant,"schema completeness; physical must-alert; Noinfo k=2, radius=4","unavailable: PIG v1.02 annotations are distributed by the official authors upon request; no checksum-verifiable unattended download is published. Searched: /tmp/pianovam-audit-260724.djnuaa/PIG, /workspace/PIG. The strict validity gate remains closed.",False,72373,0.1422925911435037,0.1666148678670175,1800,224,0.12444444444444444,392,21,0.05357142857142857,0.09375,0.14417613636363635,0.43048469387755106,0.1794871794871795,0.09375,0.03951323090055484,L1,11,2000,0.0312390581232493,0.07162214066234208,0.06541903365707653,0.14035773026315784
integrity,mandatory_missing,physical_invariant,schema completeness,"unavailable: PIG v1.02 annotations are distributed by the official authors upon request; no checksum-verifiable unattended download is published. Searched: /tmp/pianovam-audit-260724.djnuaa/PIG, /workspace/PIG. The strict validity gate remains closed.",False,74248,0.14597902957211756,0.0,1800,275,0.1527777777777778,392,275,0.701530612244898,1.0,0.0,4.591836734693878,0.0,,0.6812924955778922,R4,11,2000,0.6019721128059001,0.7828751260020159,1.0,1.0
noinfo_sensitivity,ni_k5_r1,exploratory,"Noinfo k=5, radius=1","unavailable: PIG v1.02 annotations are distributed by the official authors upon request; no checksum-verifiable unattended download is published. Searched: /tmp/pianovam-audit-260724.djnuaa/PIG, /workspace/PIG. The strict validity gate remains closed.",False,580,0.0011403382872512146,0.0013352579465114084,1800,0,0.0,392,0,0.0,,0.0,,0.0,,0.0,L1,11,2000,0.0,0.0,,
noinfo_sensitivity,ni_w5_q990,empirically_calibrated,Noinfo w5_q990,"unavailable: PIG v1.02 annotations are distributed by the official authors upon request; no checksum-verifiable unattended download is published. Searched: /tmp/pianovam-audit-260724.djnuaa/PIG, /workspace/PIG. The strict validity gate remains closed.",False,785,0.0015433888887796611,0.0018072025655369924,1800,10,0.005555555555555556,392,0,0.0,0.0,0.007102272727272727,0.0,0.0,0.0,0.0,L1,11,2000,0.0,0.0,0.0,0.0
noinfo_sensitivity,ni_w5_q995,empirically_calibrated,Noinfo w5_q995,"unavailable: PIG v1.02 annotations are distributed by the official authors upon request; no checksum-verifiable unattended download is published. Searched: /tmp/pianovam-audit-260724.djnuaa/PIG, /workspace/PIG. The strict validity gate remains closed.",False,785,0.0015433888887796611,0.0018072025655369924,1800,3,0.0016666666666666668,392,0,0.0,0.0,0.002130681818181818,0.0,0.0,0.0,0.0,L1,11,2000,0.0,0.0,0.0,0.0
noinfo_sensitivity,ni_w17_q995,empirically_calibrated,Noinfo w17_q995,"unavailable: PIG v1.02 annotations are distributed by the official authors upon request; no checksum-verifiable unattended download is published. Searched: /tmp/pianovam-audit-260724.djnuaa/PIG, /workspace/PIG. The strict validity gate remains closed.",False,1004,0.001973964897241758,0.002311377548788714,1800,17,0.009444444444444445,392,1,0.002551020408163265,0.058823529411764705,0.011363636363636364,0.27010804321728693,0.008547008547008548,0.058823529411764705,0.0015151515151515152,L1,11,2000,0.0,0.00650830107892759,0.058823529411764705,0.058823529411764705
noinfo_sensitivity,ni_w9_q995,empirically_calibrated,Noinfo w9_q995,"unavailable: PIG v1.02 annotations are distributed by the official authors upon request; no checksum-verifiable unattended download is published. Searched: /tmp/pianovam-audit-260724.djnuaa/PIG, /workspace/PIG. The strict validity gate remains closed.",False,1094,0.002150913941815222,0.002518572747385312,1800,8,0.0044444444444444444,392,0,0.0,0.0,0.005681818181818182,0.0,0.0,0.0,0.0,L1,11,2000,0.0,0.0,0.0,0.0
noinfo_sensitivity,ni_k5_r2,exploratory,"Noinfo k=5, radius=2","unavailable: PIG v1.02 annotations are distributed by the official authors upon request; no checksum-verifiable unattended download is published. Searched: /tmp/pianovam-audit-260724.djnuaa/PIG, /workspace/PIG. The strict validity gate remains closed.",False,1149,0.002259049469054561,0.002645192035416566,1800,0,0.0,392,0,0.0,,0.0,,0.0,,0.0,L1,11,2000,0.0,0.0,,
noinfo_sensitivity,ni_k5_r4,exploratory,"Noinfo k=5, radius=4","unavailable: PIG v1.02 annotations are distributed by the official authors upon request; no checksum-verifiable unattended download is published. Searched: /tmp/pianovam-audit-260724.djnuaa/PIG, /workspace/PIG. The strict validity gate remains closed.",False,2247,0.004417827812850826,0.00517297345829506,1800,0,0.0,392,0,0.0,,0.0,,0.0,,0.0,L1,11,2000,0.0,0.0,,
noinfo_sensitivity,ni_w17_q990,empirically_calibrated,Noinfo w17_q990,"unavailable: PIG v1.02 annotations are distributed by the official authors upon request; no checksum-verifiable unattended download is published. Searched: /tmp/pianovam-audit-260724.djnuaa/PIG, /workspace/PIG. The strict validity gate remains closed.",False,2496,0.004907386836170744,0.005746213507745647,1800,19,0.010555555555555556,392,1,0.002551020408163265,0.05263157894736842,0.01278409090909091,0.24167561761546724,0.008547008547008548,0.05263157894736842,0.0015151515151515152,L1,11,2000,0.0,0.00650830107892759,0.0,0.058823529411764705
noinfo_sensitivity,ni_w9_q975,empirically_calibrated,Noinfo w9_q975,"unavailable: PIG v1.02 annotations are distributed by the official authors upon request; no checksum-verifiable unattended download is published. Searched: /tmp/pianovam-audit-260724.djnuaa/PIG, /workspace/PIG. The strict validity gate remains closed.",False,5060,0.009948468506019216,0.01164897449887539,1800,43,0.02388888888888889,392,4,0.01020408163265306,0.09302325581395349,0.027698863636363636,0.42714760322733747,0.03418803418803419,0.09302325581395349,0.008545454545454545,L1,11,2000,0.0,0.021661629053211555,0.0,0.375
noinfo_sensitivity,ni_w9_q990,empirically_calibrated,Noinfo w9_q990,"unavailable: PIG v1.02 annotations are distributed by the official authors upon request; no checksum-verifiable unattended download is published. Searched: /tmp/pianovam-audit-260724.djnuaa/PIG, /workspace/PIG. The strict validity gate remains closed.",False,5060,0.009948468506019216,0.01164897449887539,1800,23,0.012777777777777779,392,1,0.002551020408163265,0.043478260869565216,0.015625,0.19964507542147295,0.008547008547008548,0.043478260869565216,0.0015151515151515152,L1,11,2000,0.0,0.00650830107892759,0.0,0.06666666666666667
noinfo_sensitivity,ni_k3_r1,exploratory,"Noinfo k=3, radius=1","unavailable: PIG v1.02 annotations are distributed by the official authors upon request; no checksum-verifiable unattended download is published. Searched: /tmp/pianovam-audit-260724.djnuaa/PIG, /workspace/PIG. The strict validity gate remains closed.",False,5397,0.010611044372922077,0.012424805409175985,1800,17,0.009444444444444445,392,2,0.00510204081632653,0.11764705882352941,0.01065340909090909,0.5402160864345739,0.017094017094017096,0.11764705882352941,0.0029236022193768673,L1,11,2000,0.0,0.010256410256410256,0.0,0.25
noinfo_sensitivity,ni_w17_q975,empirically_calibrated,Noinfo w17_q975,"unavailable: PIG v1.02 annotations are distributed by the official authors upon request; no checksum-verifiable unattended download is published. Searched: /tmp/pianovam-audit-260724.djnuaa/PIG, /workspace/PIG. The strict validity gate remains closed.",False,6006,0.011808399574535854,0.013826826253012963,1800,30,0.016666666666666666,392,1,0.002551020408163265,0.03333333333333333,0.020596590909090908,0.15306122448979592,0.008547008547008548,0.03333333333333333,0.0015151515151515152,L1,11,2000,0.0,0.00650830107892759,0.0,0.05
noinfo_sensitivity,ni_w5_q975,empirically_calibrated,Noinfo w5_q975,"unavailable: PIG v1.02 annotations are distributed by the official authors upon request; no checksum-verifiable unattended download is published. Searched: /tmp/pianovam-audit-260724.djnuaa/PIG, /workspace/PIG. The strict validity gate remains closed.",False,8627,0.016961548972614187,0.019860810869920552,1800,33,0.018333333333333333,392,5,0.012755102040816327,0.15151515151515152,0.019886363636363636,0.6957328385899815,0.042735042735042736,0.15151515151515152,0.009953905249679897,L1,11,2000,0.0022887323943662006,0.022444590770265345,0.045454545454545456,0.4666666666666667
noinfo_sensitivity,ni_k3_r2,exploratory,"Noinfo k=3, radius=2","unavailable: PIG v1.02 annotations are distributed by the official authors upon request; no checksum-verifiable unattended download is published. Searched: /tmp/pianovam-audit-260724.djnuaa/PIG, /workspace/PIG. The strict validity gate remains closed.",False,10476,0.020596868788351246,0.02411752111664399,1800,33,0.018333333333333333,392,5,0.012755102040816327,0.15151515151515152,0.019886363636363636,0.6957328385899815,0.042735042735042736,0.15151515151515152,0.008347204438753735,L1,11,2000,0.0,0.027376905740421537,0.0,0.375
noinfo_sensitivity,ni_k3_r4,exploratory,"Noinfo k=3, radius=4","unavailable: PIG v1.02 annotations are distributed by the official authors upon request; no checksum-verifiable unattended download is published. Searched: /tmp/pianovam-audit-260724.djnuaa/PIG, /workspace/PIG. The strict validity gate remains closed.",False,19824,0.03897597621804841,0.04563819574421062,1800,64,0.035555555555555556,392,9,0.02295918367346939,0.140625,0.0390625,0.6457270408163266,0.07692307692307693,0.140625,0.01736235595390525,L1,11,2000,0.0,0.040909381539176934,0.08333333333333333,0.2
noinfo_sensitivity,ni_k2_r1,exploratory,"Noinfo k=2, radius=1","unavailable: PIG v1.02 annotations are distributed by the official authors upon request; no checksum-verifiable unattended download is published. Searched: /tmp/pianovam-audit-260724.djnuaa/PIG, /workspace/PIG. The strict validity gate remains closed.",False,21651,0.042568041822889736,0.04984425827572156,1800,71,0.03944444444444444,392,6,0.015306122448979591,0.08450704225352113,0.04616477272727273,0.38804254096004603,0.05128205128205128,0.08450704225352113,0.011469056764831414,L1,11,2000,0.0039171623705662045,0.025288083806198163,0.029401108269394714,0.16982135688478517
noinfo_sensitivity,ni_k2_r2,exploratory,"Noinfo k=2, radius=2","unavailable: PIG v1.02 annotations are distributed by the official authors upon request; no checksum-verifiable unattended download is published. Searched: /tmp/pianovam-audit-260724.djnuaa/PIG, /workspace/PIG. The strict validity gate remains closed.",False,40529,0.0796840869724215,0.09330460226579461,1800,128,0.07111111111111111,392,14,0.03571428571428571,0.109375,0.08096590909090909,0.5022321428571429,0.11965811965811966,0.109375,0.02509403898136292,L1,11,2000,0.019997512437810946,0.05105165649520488,0.07222079037800687,0.18988848704038572
noinfo_sensitivity,ni_k2_r4,exploratory,"Noinfo k=2, radius=4","unavailable: PIG v1.02 annotations are distributed by the official authors upon request; no checksum-verifiable unattended download is published. Searched: /tmp/pianovam-audit-260724.djnuaa/PIG, /workspace/PIG. The strict validity gate remains closed.",False,72373,0.1422925911435037,0.1666148678670175,1800,224,0.12444444444444444,392,21,0.05357142857142857,0.09375,0.14417613636363635,0.43048469387755106,0.1794871794871795,0.09375,0.03951323090055484,L1,11,2000,0.0312390581232493,0.07162214066234208,0.06541903365707653,0.14035773026315784
whitelist,wl_model_agreement,research_supported,only HMM agreement is safe,"unavailable: PIG v1.02 annotations are distributed by the official authors upon request; no checksum-verifiable unattended download is published. Searched: /tmp/pianovam-audit-260724.djnuaa/PIG, /workspace/PIG. The strict validity gate remains closed.",False,279540,0.5496037324451802,0.6435482868410329,1800,1009,0.5605555555555556,392,95,0.2423469387755102,0.09415262636273539,0.6491477272727273,0.4323334884003156,0.811965811965812,0.09415262636273539,0.25879242489657617,R1,11,2000,0.15296997157071784,0.3547472992779979,0.059837298449479145,0.139002344573235
whitelist,wl_model_agreement__ni_k5_r1,research_supported,"only HMM agreement is safe; physical must-alert; Noinfo k=5, radius=1","unavailable: PIG v1.02 annotations are distributed by the official authors upon request; no checksum-verifiable unattended download is published. Searched: /tmp/pianovam-audit-260724.djnuaa/PIG, /workspace/PIG. The strict validity gate remains closed.",False,279738,0.5499930203432418,0.6440041162779454,1800,1009,0.5605555555555556,392,95,0.2423469387755102,0.09415262636273539,0.6491477272727273,0.4323334884003156,0.811965811965812,0.09415262636273539,0.25879242489657617,R1,11,2000,0.15296997157071784,0.3547472992779979,0.059837298449479145,0.139002344573235
whitelist,wl_model_agreement__ni_k5_r2,research_supported,"only HMM agreement is safe; physical must-alert; Noinfo k=5, radius=2","unavailable: PIG v1.02 annotations are distributed by the official authors upon request; no checksum-verifiable unattended download is published. Searched: /tmp/pianovam-audit-260724.djnuaa/PIG, /workspace/PIG. The strict validity gate remains closed.",False,279942,0.550394104844275,0.6444737587280978,1800,1009,0.5605555555555556,392,95,0.2423469387755102,0.09415262636273539,0.6491477272727273,0.4323334884003156,0.811965811965812,0.09415262636273539,0.25879242489657617,R1,11,2000,0.15296997157071784,0.3547472992779979,0.059837298449479145,0.139002344573235
whitelist,wl_model_agreement__ni_k5_r4,research_supported,"only HMM agreement is safe; physical must-alert; Noinfo k=5, radius=4","unavailable: PIG v1.02 annotations are distributed by the official authors upon request; no checksum-verifiable unattended download is published. Searched: /tmp/pianovam-audit-260724.djnuaa/PIG, /workspace/PIG. The strict validity gate remains closed.",False,280332,0.5511608840374267,0.645371604588683,1800,1009,0.5605555555555556,392,95,0.2423469387755102,0.09415262636273539,0.6491477272727273,0.4323334884003156,0.811965811965812,0.09415262636273539,0.25879242489657617,R1,11,2000,0.15296997157071784,0.3547472992779979,0.059837298449479145,0.139002344573235
whitelist,wl_model_agreement__ni_k3_r1,research_supported,"only HMM agreement is safe; physical must-alert; Noinfo k=3, radius=1","unavailable: PIG v1.02 annotations are distributed by the official authors upon request; no checksum-verifiable unattended download is published. Searched: /tmp/pianovam-audit-260724.djnuaa/PIG, /workspace/PIG. The strict validity gate remains closed.",False,281415,0.5532901708737941,0.647864853478462,1800,1013,0.5627777777777778,392,95,0.2423469387755102,0.09378084896347483,0.6519886363636364,0.430626347281262,0.811965811965812,0.09378084896347483,0.25879242489657617,R1,11,2000,0.15296997157071784,0.3547472992779979,0.0596409924292628,0.1380038910841172
whitelist,wl_model_agreement__ni_k3_r2,research_supported,"only HMM agreement is safe; physical must-alert; Noinfo k=3, radius=2","unavailable: PIG v1.02 annotations are distributed by the official authors upon request; no checksum-verifiable unattended download is published. Searched: /tmp/pianovam-audit-260724.djnuaa/PIG, /workspace/PIG. The strict validity gate remains closed.",False,283269,0.5569353211920074,0.6521330745695519,1800,1019,0.5661111111111111,392,97,0.24744897959183673,0.09519136408243375,0.6548295454545454,0.4371032024193387,0.8290598290598291,0.09519136408243375,0.26270087560080146,R1,11,2000,0.15992385413673513,0.35673072326593047,0.061061946902654866,0.13860369609856263
whitelist,wl_model_agreement__ni_k3_r4,research_supported,"only HMM agreement is safe; physical must-alert; Noinfo k=3, radius=4","unavailable: PIG v1.02 annotations are distributed by the official authors upon request; no checksum-verifiable unattended download is published. Searched: /tmp/pianovam-audit-260724.djnuaa/PIG, /workspace/PIG. The strict validity gate remains closed.",False,286666,0.563614164574408,0.6599535422321369,1800,1025,0.5694444444444444,392,97,0.24744897959183673,0.09463414634146342,0.6590909090909091,0.43454454952712795,0.8290598290598291,0.09463414634146342,0.26270087560080146,R1,11,2000,0.15992385413673513,0.35673072326593047,0.06084203087627745,0.13743686354378817
whitelist,wl_model_agreement__ni_k2_r1,research_supported,"only HMM agreement is safe; physical must-alert; Noinfo k=2, radius=1","unavailable: PIG v1.02 annotations are distributed by the official authors upon request; no checksum-verifiable unattended download is published. Searched: /tmp/pianovam-audit-260724.djnuaa/PIG, /workspace/PIG. The strict validity gate remains closed.",False,287117,0.5645008758977706,0.6609918203939932,1800,1033,0.5738888888888889,392,96,0.24489795918367346,0.09293320425943853,0.6654829545454546,0.4267341011912994,0.8205128205128205,0.09293320425943853,0.26279242489657617,R1,11,2000,0.1580026455026455,0.3547472992779979,0.060089315375342886,0.13593458333767838
whitelist,wl_model_agreement__ni_k2_r2,research_supported,"only HMM agreement is safe; physical must-alert; Noinfo k=2, radius=2","unavailable: PIG v1.02 annotations are distributed by the official authors upon request; no checksum-verifiable unattended download is published. Searched: /tmp/pianovam-audit-260724.djnuaa/PIG, /workspace/PIG. The strict validity gate remains closed.",False,293994,0.5780217490036785,0.6768238357356465,1800,1045,0.5805555555555556,392,98,0.25,0.0937799043062201,0.6725852272727273,0.4306220095693781,0.8376068376068376,0.0937799043062201,0.26670087560080147,R1,11,2000,0.1646586345381526,0.35673072326593047,0.06050129645635264,0.13588461789466805
whitelist,wl_model_agreement__ni_k2_r4,research_supported,"only HMM agreement is safe; physical must-alert; Noinfo k=2, radius=4","unavailable: PIG v1.02 annotations are distributed by the official authors upon request; no checksum-verifiable unattended download is published. Searched: /tmp/pianovam-audit-260724.djnuaa/PIG, /workspace/PIG. The strict validity gate remains closed.",False,305593,0.6008265486482076,0.7035266924970014,1800,1071,0.595,392,98,0.25,0.0915032679738562,0.6910511363636364,0.42016806722689076,0.8376068376068376,0.0915032679738562,0.26670087560080147,R1,11,2000,0.1646586345381526,0.35673072326593047,0.05922165820642978,0.13217810454869433
whitelist,wl_strict_obvious,mixed,agreement + relative span + low rate,"unavailable: PIG v1.02 annotations are distributed by the official authors upon request; no checksum-verifiable unattended download is published. Searched: /tmp/pianovam-audit-260724.djnuaa/PIG, /workspace/PIG. The strict validity gate remains closed.",False,351748,0.6915719170069659,0.8097832968439567,1800,1239,0.6883333333333334,392,109,0.2780612244897959,0.08797417271993543,0.8025568181818182,0.40396303799970357,0.9316239316239316,0.08797417271993543,0.3002434981623269,R1,11,2000,0.1929090606139149,0.38298454728995185,0.05767642384047563,0.12825280765109726
whitelist,wl_strict_obvious__ni_k5_r1,mixed,"agreement + relative span + low rate; physical must-alert; Noinfo k=5, radius=1","unavailable: PIG v1.02 annotations are distributed by the official authors upon request; no checksum-verifiable unattended download is published. Searched: /tmp/pianovam-audit-260724.djnuaa/PIG, /workspace/PIG. The strict validity gate remains closed.",False,351827,0.6917272389460914,0.809965168184947,1800,1239,0.6883333333333334,392,109,0.2780612244897959,0.08797417271993543,0.8025568181818182,0.40396303799970357,0.9316239316239316,0.08797417271993543,0.3002434981623269,R1,11,2000,0.1929090606139149,0.38298454728995185,0.05767642384047563,0.12825280765109726
whitelist,wl_strict_obvious__ni_k5_r2,mixed,"agreement + relative span + low rate; physical must-alert; Noinfo k=5, radius=2","unavailable: PIG v1.02 annotations are distributed by the official authors upon request; no checksum-verifiable unattended download is published. Searched: /tmp/pianovam-audit-260724.djnuaa/PIG, /workspace/PIG. The strict validity gate remains closed.",False,351922,0.6919140184931413,0.8101838742279102,1800,1239,0.6883333333333334,392,109,0.2780612244897959,0.08797417271993543,0.8025568181818182,0.40396303799970357,0.9316239316239316,0.08797417271993543,0.3002434981623269,R1,11,2000,0.1929090606139149,0.38298454728995185,0.05767642384047563,0.12825280765109726
whitelist,wl_strict_obvious__ni_k5_r4,mixed,"agreement + relative span + low rate; physical must-alert; Noinfo k=5, radius=4","unavailable: PIG v1.02 annotations are distributed by the official authors upon request; no checksum-verifiable unattended download is published. Searched: /tmp/pianovam-audit-260724.djnuaa/PIG, /workspace/PIG. The strict validity gate remains closed.",False,352095,0.6922541538788214,0.8105821494429902,1800,1239,0.6883333333333334,392,109,0.2780612244897959,0.08797417271993543,0.8025568181818182,0.40396303799970357,0.9316239316239316,0.08797417271993543,0.3002434981623269,R1,11,2000,0.1929090606139149,0.38298454728995185,0.05767642384047563,0.12825280765109726
whitelist,wl_strict_obvious__ni_k3_r1,mixed,"agreement + relative span + low rate; physical must-alert; Noinfo k=3, radius=1","unavailable: PIG v1.02 annotations are distributed by the official authors upon request; no checksum-verifiable unattended download is published. Searched: /tmp/pianovam-audit-260724.djnuaa/PIG, /workspace/PIG. The strict validity gate remains closed.",False,352611,0.6932686617343758,0.8117700685816107,1800,1241,0.6894444444444444,392,109,0.2780612244897959,0.08783239323126511,0.8039772727272727,0.40331200973540104,0.9316239316239316,0.08783239323126511,0.3002434981623269,R1,11,2000,0.1929090606139149,0.38298454728995185,0.05767642384047563,0.1277689224225207
whitelist,wl_strict_obvious__ni_k3_r2,mixed,"agreement + relative span + low rate; physical must-alert; Noinfo k=3, radius=2","unavailable: PIG v1.02 annotations are distributed by the official authors upon request; no checksum-verifiable unattended download is published. Searched: /tmp/pianovam-audit-260724.djnuaa/PIG, /workspace/PIG. The strict validity gate remains closed.",False,353502,0.6950204572756532,0.8138213010477171,1800,1244,0.6911111111111111,392,110,0.28061224489795916,0.08842443729903537,0.8053977272727273,0.4060305794343461,0.9401709401709402,0.08842443729903537,0.30274349816232693,R1,11,2000,0.19665271966527198,0.38321605139805504,0.05847029092089027,0.12756679035250457
whitelist,wl_strict_obvious__ni_k3_r4,mixed,"agreement + relative span + low rate; physical must-alert; Noinfo k=3, radius=4","unavailable: PIG v1.02 annotations are distributed by the official authors upon request; no checksum-verifiable unattended download is published. Searched: /tmp/pianovam-audit-260724.djnuaa/PIG, /workspace/PIG. The strict validity gate remains closed.",False,355074,0.6981111672542031,0.8174403105165376,1800,1247,0.6927777777777778,392,110,0.28061224489795916,0.08821170809943865,0.8075284090909091,0.40505376168109586,0.9401709401709402,0.08821170809943865,0.30274349816232693,R1,11,2000,0.19665271966527198,0.38321605139805504,0.058383233532934134,0.12720794617243877
whitelist,wl_strict_obvious__ni_k2_r1,mixed,"agreement + relative span + low rate; physical must-alert; Noinfo k=2, radius=1","unavailable: PIG v1.02 annotations are distributed by the official authors upon request; no checksum-verifiable unattended download is published. Searched: /tmp/pianovam-audit-260724.djnuaa/PIG, /workspace/PIG. The strict validity gate remains closed.",False,355366,0.6986852685988192,0.81811254382754,1800,1251,0.695,392,109,0.2780612244897959,0.08713029576338929,0.8110795454545454,0.4000880927910733,0.9316239316239316,0.08713029576338929,0.3002434981623269,R1,11,2000,0.1929090606139149,0.38298454728995185,0.05737434101249368,0.1267031272940831
whitelist,wl_strict_obvious__ni_k2_r2,mixed,"agreement + relative span + low rate; physical must-alert; Noinfo k=2, radius=2","unavailable: PIG v1.02 annotations are distributed by the official authors upon request; no checksum-verifiable unattended download is published. Searched: /tmp/pianovam-audit-260724.djnuaa/PIG, /workspace/PIG. The strict validity gate remains closed.",False,358703,0.7052461459515041,0.8257948813577272,1800,1258,0.6988888888888889,392,110,0.28061224489795916,0.08744038155802862,0.8153409090909091,0.4015119561338049,0.9401709401709402,0.08744038155802862,0.30274349816232693,R1,11,2000,0.19665271966527198,0.38321605139805504,0.05773501110288675,0.1265388979110587
whitelist,wl_strict_obvious__ni_k2_r4,mixed,"agreement + relative span + low rate; physical must-alert; Noinfo k=2, radius=4","unavailable: PIG v1.02 annotations are distributed by the official authors upon request; no checksum-verifiable unattended download is published. Searched: /tmp/pianovam-audit-260724.djnuaa/PIG, /workspace/PIG. The strict validity gate remains closed.",False,364244,0.7161403087957438,0.8385511990846577,1800,1274,0.7077777777777777,392,110,0.28061224489795916,0.08634222919937205,0.8267045454545454,0.39646941979303496,0.9401709401709402,0.08634222919937205,0.30274349816232693,R1,11,2000,0.19665271966527198,0.38321605139805504,0.05731080088170463,0.12467791058499021
