,mandatory_missing,legacy_current_default,bl_span_practical,bl_span_comfortable,bl_span_relative,bl_crossing,bl_step_crossing,bl_rate_q995,bl_rate_q990,bl_rate_q975,bl_hmm_disagreement,bl_practical_or_rate995,bl_practical_or_crossing,bl_two_signal_strict,wl_model_agreement,wl_strict_obvious,hy_direct_plus_corroborated,hy_two_of_three_families,hy_hierarchical,ni_k2_r1,ni_k2_r2,ni_k2_r4,ni_k3_r1,ni_k3_r2,ni_k3_r4,ni_k5_r1,ni_k5_r2,ni_k5_r4,ni_w5_q995,ni_w5_q990,ni_w5_q975,ni_w9_q995,ni_w9_q990,ni_w9_q975,ni_w17_q995,ni_w17_q990,ni_w17_q975,mandatory_missing__ni_k2_r1,mandatory_missing__ni_k2_r2,mandatory_missing__ni_k2_r4,mandatory_missing__ni_k3_r1,mandatory_missing__ni_k3_r2,mandatory_missing__ni_k3_r4,mandatory_missing__ni_k5_r1,mandatory_missing__ni_k5_r2,mandatory_missing__ni_k5_r4,legacy_current_default__ni_k2_r1,legacy_current_default__ni_k2_r2,legacy_current_default__ni_k2_r4,legacy_current_default__ni_k3_r1,legacy_current_default__ni_k3_r2,legacy_current_default__ni_k3_r4,legacy_current_default__ni_k5_r1,legacy_current_default__ni_k5_r2,legacy_current_default__ni_k5_r4,bl_span_practical__ni_k2_r1,bl_span_practical__ni_k2_r2,bl_span_practical__ni_k2_r4,bl_span_practical__ni_k3_r1,bl_span_practical__ni_k3_r2,bl_span_practical__ni_k3_r4,bl_span_practical__ni_k5_r1,bl_span_practical__ni_k5_r2,bl_span_practical__ni_k5_r4,bl_span_comfortable__ni_k2_r1,bl_span_comfortable__ni_k2_r2,bl_span_comfortable__ni_k2_r4,bl_span_comfortable__ni_k3_r1,bl_span_comfortable__ni_k3_r2,bl_span_comfortable__ni_k3_r4,bl_span_comfortable__ni_k5_r1,bl_span_comfortable__ni_k5_r2,bl_span_comfortable__ni_k5_r4,bl_span_relative__ni_k2_r1,bl_span_relative__ni_k2_r2,bl_span_relative__ni_k2_r4,bl_span_relative__ni_k3_r1,bl_span_relative__ni_k3_r2,bl_span_relative__ni_k3_r4,bl_span_relative__ni_k5_r1,bl_span_relative__ni_k5_r2,bl_span_relative__ni_k5_r4,bl_crossing__ni_k2_r1,bl_crossing__ni_k2_r2,bl_crossing__ni_k2_r4,bl_crossing__ni_k3_r1,bl_crossing__ni_k3_r2,bl_crossing__ni_k3_r4,bl_crossing__ni_k5_r1,bl_crossing__ni_k5_r2,bl_crossing__ni_k5_r4,bl_step_crossing__ni_k2_r1,bl_step_crossing__ni_k2_r2,bl_step_crossing__ni_k2_r4,bl_step_crossing__ni_k3_r1,bl_step_crossing__ni_k3_r2,bl_step_crossing__ni_k3_r4,bl_step_crossing__ni_k5_r1,bl_step_crossing__ni_k5_r2,bl_step_crossing__ni_k5_r4,bl_rate_q995__ni_k2_r1,bl_rate_q995__ni_k2_r2,bl_rate_q995__ni_k2_r4,bl_rate_q995__ni_k3_r1,bl_rate_q995__ni_k3_r2,bl_rate_q995__ni_k3_r4,bl_rate_q995__ni_k5_r1,bl_rate_q995__ni_k5_r2,bl_rate_q995__ni_k5_r4,bl_rate_q990__ni_k2_r1,bl_rate_q990__ni_k2_r2,bl_rate_q990__ni_k2_r4,bl_rate_q990__ni_k3_r1,bl_rate_q990__ni_k3_r2,bl_rate_q990__ni_k3_r4,bl_rate_q990__ni_k5_r1,bl_rate_q990__ni_k5_r2,bl_rate_q990__ni_k5_r4,bl_rate_q975__ni_k2_r1,bl_rate_q975__ni_k2_r2,bl_rate_q975__ni_k2_r4,bl_rate_q975__ni_k3_r1,bl_rate_q975__ni_k3_r2,bl_rate_q975__ni_k3_r4,bl_rate_q975__ni_k5_r1,bl_rate_q975__ni_k5_r2,bl_rate_q975__ni_k5_r4,bl_hmm_disagreement__ni_k2_r1,bl_hmm_disagreement__ni_k2_r2,bl_hmm_disagreement__ni_k2_r4,bl_hmm_disagreement__ni_k3_r1,bl_hmm_disagreement__ni_k3_r2,bl_hmm_disagreement__ni_k3_r4,bl_hmm_disagreement__ni_k5_r1,bl_hmm_disagreement__ni_k5_r2,bl_hmm_disagreement__ni_k5_r4,bl_practical_or_rate995__ni_k2_r1,bl_practical_or_rate995__ni_k2_r2,bl_practical_or_rate995__ni_k2_r4,bl_practical_or_rate995__ni_k3_r1,bl_practical_or_rate995__ni_k3_r2,bl_practical_or_rate995__ni_k3_r4,bl_practical_or_rate995__ni_k5_r1,bl_practical_or_rate995__ni_k5_r2,bl_practical_or_rate995__ni_k5_r4,bl_practical_or_crossing__ni_k2_r1,bl_practical_or_crossing__ni_k2_r2,bl_practical_or_crossing__ni_k2_r4,bl_practical_or_crossing__ni_k3_r1,bl_practical_or_crossing__ni_k3_r2,bl_practical_or_crossing__ni_k3_r4,bl_practical_or_crossing__ni_k5_r1,bl_practical_or_crossing__ni_k5_r2,bl_practical_or_crossing__ni_k5_r4,bl_two_signal_strict__ni_k2_r1,bl_two_signal_strict__ni_k2_r2,bl_two_signal_strict__ni_k2_r4,bl_two_signal_strict__ni_k3_r1,bl_two_signal_strict__ni_k3_r2,bl_two_signal_strict__ni_k3_r4,bl_two_signal_strict__ni_k5_r1,bl_two_signal_strict__ni_k5_r2,bl_two_signal_strict__ni_k5_r4,wl_model_agreement__ni_k2_r1,wl_model_agreement__ni_k2_r2,wl_model_agreement__ni_k2_r4,wl_model_agreement__ni_k3_r1,wl_model_agreement__ni_k3_r2,wl_model_agreement__ni_k3_r4,wl_model_agreement__ni_k5_r1,wl_model_agreement__ni_k5_r2,wl_model_agreement__ni_k5_r4,wl_strict_obvious__ni_k2_r1,wl_strict_obvious__ni_k2_r2,wl_strict_obvious__ni_k2_r4,wl_strict_obvious__ni_k3_r1,wl_strict_obvious__ni_k3_r2,wl_strict_obvious__ni_k3_r4,wl_strict_obvious__ni_k5_r1,wl_strict_obvious__ni_k5_r2,wl_strict_obvious__ni_k5_r4,hy_direct_plus_corroborated__ni_k2_r1,hy_direct_plus_corroborated__ni_k2_r2,hy_direct_plus_corroborated__ni_k2_r4,hy_direct_plus_corroborated__ni_k3_r1,hy_direct_plus_corroborated__ni_k3_r2,hy_direct_plus_corroborated__ni_k3_r4,hy_direct_plus_corroborated__ni_k5_r1,hy_direct_plus_corroborated__ni_k5_r2,hy_direct_plus_corroborated__ni_k5_r4,hy_two_of_three_families__ni_k2_r1,hy_two_of_three_families__ni_k2_r2,hy_two_of_three_families__ni_k2_r4,hy_two_of_three_families__ni_k3_r1,hy_two_of_three_families__ni_k3_r2,hy_two_of_three_families__ni_k3_r4,hy_two_of_three_families__ni_k5_r1,hy_two_of_three_families__ni_k5_r2,hy_two_of_three_families__ni_k5_r4,hy_hierarchical__ni_k2_r1,hy_hierarchical__ni_k2_r2,hy_hierarchical__ni_k2_r4,hy_hierarchical__ni_k3_r1,hy_hierarchical__ni_k3_r2,hy_hierarchical__ni_k3_r4,hy_hierarchical__ni_k5_r1,hy_hierarchical__ni_k5_r2,hy_hierarchical__ni_k5_r4
mandatory_missing,74248.0,0.0,0.0,0.0,0.0,0.0,0.0,0.0,0.0,0.0,0.0,0.0,0.0,0.0,0.0,0.0,0.0,0.0,0.0,0.0,0.0,0.0,0.0,0.0,0.0,0.0,0.0,0.0,0.0,0.0,0.0,0.0,0.0,0.0,0.0,0.0,0.0,0.0,0.0,0.0,0.0,0.0,0.0,0.0,0.0,0.0,0.0,0.0,0.0,0.0,0.0,0.0,0.0,0.0,0.0,0.0,0.0,0.0,0.0,0.0,0.0,0.0,0.0,0.0,0.0,0.0,0.0,0.0,0.0,0.0,0.0,0.0,0.0,0.0,0.0,0.0,0.0,0.0,0.0,0.0,0.0,0.0,0.0,0.0,0.0,0.0,0.0,0.0,0.0,0.0,0.0,0.0,0.0,0.0,0.0,0.0,0.0,0.0,0.0,0.0,0.0,0.0,0.0,0.0,0.0,0.0,0.0,0.0,0.0,0.0,0.0,0.0,0.0,0.0,0.0,0.0,0.0,0.0,0.0,0.0,0.0,0.0,0.0,0.0,0.0,0.0,0.0,0.0,0.0,0.0,0.0,0.0,0.0,0.0,0.0,0.0,0.0,0.0,0.0,0.0,0.0,0.0,0.0,0.0,0.0,0.0,0.0,0.0,0.0,0.0,0.0,0.0,0.0,0.0,0.0,0.0,0.0,0.0,0.0,0.0,0.0,0.0,0.0,0.0,0.0,0.0,0.0,0.0,0.0,0.0,0.0,0.0,0.0,0.0,0.0,0.0,0.0,0.0,0.0,0.0,0.0,0.0,0.0,0.0,0.0,0.0,0.0,0.0,0.0,0.0,0.0,0.0,0.0,0.0,0.0,0.0,0.0,0.0,0.0,0.0,0.0,0.0,0.0,0.0,0.0,0.0,0.0,0.0
legacy_current_default,0.0,35000.0,8770.0,10971.0,16938.0,6175.0,2742.0,271.0,358.0,749.0,25858.0,9035.0,8770.0,8196.0,25858.0,30477.0,8949.0,8654.0,10476.0,7220.0,12767.0,15112.0,5397.0,10476.0,11254.0,580.0,1149.0,1387.0,476.0,476.0,3436.0,998.0,3730.0,3730.0,801.0,1697.0,3196.0,7220.0,12767.0,15112.0,5397.0,10476.0,11254.0,580.0,1149.0,1387.0,35000.0,35000.0,35000.0,35000.0,35000.0,35000.0,35000.0,35000.0,35000.0,14427.0,19031.0,20656.0,13159.0,17499.0,18029.0,9193.0,9663.0,9837.0,16064.0,20209.0,21683.0,14911.0,18817.0,19296.0,11346.0,11778.0,11935.0,20408.0,23133.0,24272.0,19543.0,22047.0,22416.0,17190.0,17482.0,17597.0,12784.0,17950.0,19744.0,11322.0,16223.0,16818.0,6717.0,7265.0,7465.0,9765.0,15174.0,17312.0,8075.0,13094.0,13805.0,3313.0,3875.0,4098.0,7439.0,12924.0,15253.0,5627.0,10641.0,11416.0,849.0,1413.0,1650.0,7505.0,12966.0,15292.0,5697.0,10692.0,11467.0,935.0,1499.0,1735.0,7818.0,13161.0,15461.0,6019.0,10900.0,11667.0,1319.0,1868.0,2102.0,28225.0,30116.0,30661.0,27733.0,29587.0,29743.0,26056.0,26260.0,26324.0,14642.0,19184.0,20793.0,13385.0,17660.0,18187.0,9456.0,9921.0,10094.0,14427.0,19031.0,20656.0,13159.0,17499.0,18029.0,9193.0,9663.0,9837.0,14101.0,18858.0,20517.0,12798.0,17297.0,17839.0,8649.0,9151.0,9335.0,28225.0,30116.0,30661.0,27733.0,29587.0,29743.0,26056.0,26260.0,26324.0,31584.0,32476.0,32719.0,31340.0,32231.0,32305.0,30556.0,30651.0,30676.0,14575.0,19145.0,20758.0,13313.0,17622.0,18150.0,9370.0,9839.0,10012.0,14295.0,18790.0,20460.0,13006.0,17220.0,17753.0,9087.0,9566.0,9744.0,15717.0,19967.0,21481.0,14538.0,18540.0,19032.0,10865.0,11309.0,11469.0
bl_span_practical,0.0,8770.0,39443.0,39443.0,39443.0,8335.0,3328.0,16.0,22.0,42.0,26741.0,39443.0,39443.0,28293.0,26741.0,39443.0,39443.0,26746.0,39443.0,3462.0,5800.0,9335.0,1008.0,1747.0,2947.0,157.0,256.0,443.0,172.0,172.0,1524.0,236.0,942.0,942.0,210.0,473.0,1056.0,3462.0,5800.0,9335.0,1008.0,1747.0,2947.0,157.0,256.0,443.0,10669.0,12064.0,14879.0,8770.0,8770.0,9722.0,8770.0,8770.0,8893.0,39443.0,39443.0,39443.0,39443.0,39443.0,39443.0,39443.0,39443.0,39443.0,39443.0,39443.0,39443.0,39443.0,39443.0,39443.0,39443.0,39443.0,39443.0,39443.0,39443.0,39443.0,39443.0,39443.0,39443.0,39443.0,39443.0,39443.0,11026.0,12866.0,15635.0,9093.0,9654.0,10597.0,8454.0,8532.0,8671.0,6557.0,8734.0,12017.0,4272.0,4951.0,6067.0,3476.0,3568.0,3739.0,3476.0,5814.0,9349.0,1022.0,1761.0,2961.0,173.0,272.0,459.0,3481.0,5819.0,9353.0,1028.0,1767.0,2967.0,179.0,278.0,465.0,3500.0,5837.0,9368.0,1048.0,1786.0,2986.0,199.0,298.0,485.0,27765.0,28469.0,29552.0,27036.0,27255.0,27598.0,26785.0,26821.0,26876.0,39443.0,39443.0,39443.0,39443.0,39443.0,39443.0,39443.0,39443.0,39443.0,39443.0,39443.0,39443.0,39443.0,39443.0,39443.0,39443.0,39443.0,39443.0,29153.0,29765.0,30685.0,28531.0,28721.0,29025.0,28325.0,28358.0,28403.0,27765.0,28469.0,29552.0,27036.0,27255.0,27598.0,26785.0,26821.0,26876.0,39443.0,39443.0,39443.0,39443.0,39443.0,39443.0,39443.0,39443.0,39443.0,39443.0,39443.0,39443.0,39443.0,39443.0,39443.0,39443.0,39443.0,39443.0,27768.0,28472.0,29555.0,27040.0,27259.0,27602.0,26790.0,26826.0,26881.0,39443.0,39443.0,39443.0,39443.0,39443.0,39443.0,39443.0,39443.0,39443.0
bl_span_comfortable,0.0,10971.0,39443.0,69306.0,69306.0,8335.0,3328.0,359.0,459.0,1092.0,47255.0,39786.0,39443.0,28510.0,47255.0,69306.0,39660.0,47480.0,59957.0,5344.0,9327.0,15728.0,1457.0,2630.0,4682.0,205.0,342.0,614.0,242.0,242.0,2306.0,333.0,1389.0,1389.0,301.0,685.0,1556.0,5344.0,9327.0,15728.0,1457.0,2630.0,4682.0,205.0,342.0,614.0,14188.0,16769.0,22299.0,10971.0,10971.0,12724.0,10971.0,10971.0,11162.0,41325.0,42970.0,45836.0,39892.0,40326.0,41178.0,39491.0,39529.0,39614.0,69306.0,69306.0,69306.0,69306.0,69306.0,69306.0,69306.0,69306.0,69306.0,69306.0,69306.0,69306.0,69306.0,69306.0,69306.0,69306.0,69306.0,69306.0,12908.0,16393.0,22028.0,9542.0,10537.0,12332.0,8502.0,8618.0,8842.0,8439.0,12261.0,18410.0,4721.0,5834.0,7802.0,3524.0,3654.0,3910.0,5690.0,9642.0,16005.0,1810.0,2976.0,5022.0,563.0,699.0,971.0,5784.0,9728.0,16079.0,1908.0,3070.0,5110.0,663.0,799.0,1071.0,6397.0,10311.0,16585.0,2534.0,3685.0,5707.0,1296.0,1431.0,1701.0,48905.0,50091.0,52083.0,47695.0,48037.0,48643.0,47314.0,47363.0,47444.0,41657.0,43271.0,46099.0,40231.0,40658.0,41504.0,39833.0,39870.0,39955.0,41325.0,42970.0,45836.0,39892.0,40326.0,41178.0,39491.0,39529.0,39614.0,31243.0,33490.0,37252.0,29195.0,29815.0,30963.0,28589.0,28660.0,28790.0,48905.0,50091.0,52083.0,47695.0,48037.0,48643.0,47314.0,47363.0,47444.0,69306.0,69306.0,69306.0,69306.0,69306.0,69306.0,69306.0,69306.0,69306.0,41533.0,43168.0,46010.0,40107.0,40537.0,41381.0,39707.0,39745.0,39830.0,49121.0,50278.0,52245.0,47915.0,48250.0,48852.0,47539.0,47587.0,47668.0,60583.0,61065.0,61974.0,60102.0,60225.0,60488.0,59972.0,59985.0,60011.0
bl_span_relative,0.0,16938.0,39443.0,69306.0,182738.0,8335.0,3328.0,3332.0,4545.0,8683.0,114004.0,42759.0,39443.0,30079.0,114004.0,182738.0,41229.0,49049.0,61526.0,10849.0,20037.0,35384.0,2792.0,5367.0,10025.0,328.0,605.0,1168.0,403.0,403.0,4327.0,570.0,2588.0,2588.0,530.0,1286.0,3085.0,10849.0,20037.0,35384.0,2792.0,5367.0,10025.0,328.0,605.0,1168.0,24037.0,30403.0,44544.0,16938.0,16938.0,21187.0,16938.0,16938.0,17378.0,46830.0,53680.0,65492.0,41227.0,43063.0,46521.0,39614.0,39792.0,40168.0,74811.0,80016.0,88962.0,70641.0,72043.0,74649.0,69429.0,69569.0,69860.0,182738.0,182738.0,182738.0,182738.0,182738.0,182738.0,182738.0,182738.0,182738.0,18413.0,27103.0,41684.0,10877.0,13274.0,17675.0,8625.0,8881.0,9396.0,13944.0,22971.0,38066.0,6056.0,8571.0,13145.0,3647.0,3917.0,4464.0,14064.0,23042.0,38038.0,6088.0,8608.0,13150.0,3658.0,3931.0,4482.0,15226.0,24126.0,38989.0,7286.0,9791.0,14281.0,4870.0,5143.0,5689.0,19238.0,27881.0,42281.0,11383.0,13817.0,18149.0,9002.0,9268.0,9800.0,117887.0,121277.0,127087.0,115000.0,115927.0,117685.0,114123.0,114227.0,114438.0,50031.0,56671.0,68132.0,44509.0,46290.0,49632.0,42928.0,43102.0,43466.0,46830.0,53680.0,65492.0,41227.0,43063.0,46521.0,39614.0,39792.0,40168.0,38258.0,45619.0,58168.0,32079.0,34079.0,37778.0,30280.0,30490.0,30903.0,117887.0,121277.0,127087.0,115000.0,115927.0,117685.0,114123.0,114227.0,114438.0,182738.0,182738.0,182738.0,182738.0,182738.0,182738.0,182738.0,182738.0,182738.0,48548.0,55297.0,66926.0,42991.0,44801.0,48196.0,41398.0,41575.0,41943.0,56136.0,62407.0,73161.0,50799.0,52514.0,55667.0,49230.0,49417.0,49781.0,67598.0,73194.0,82890.0,62986.0,64489.0,67303.0,61663.0,61815.0,62124.0
bl_crossing,0.0,6175.0,8335.0,8335.0,8335.0,8335.0,3328.0,1.0,3.0,11.0,6786.0,8335.0,8335.0,8335.0,6786.0,8335.0,8335.0,6788.0,8335.0,771.0,1269.0,2035.0,250.0,428.0,685.0,38.0,59.0,107.0,41.0,41.0,325.0,54.0,224.0,224.0,47.0,114.0,245.0,771.0,1269.0,2035.0,250.0,428.0,685.0,38.0,59.0,107.0,6335.0,6452.0,6667.0,6175.0,6175.0,6249.0,6175.0,6175.0,6185.0,8335.0,8335.0,8335.0,8335.0,8335.0,8335.0,8335.0,8335.0,8335.0,8335.0,8335.0,8335.0,8335.0,8335.0,8335.0,8335.0,8335.0,8335.0,8335.0,8335.0,8335.0,8335.0,8335.0,8335.0,8335.0,8335.0,8335.0,8335.0,8335.0,8335.0,8335.0,8335.0,8335.0,8335.0,8335.0,8335.0,3866.0,4203.0,4717.0,3514.0,3632.0,3805.0,3357.0,3371.0,3403.0,772.0,1270.0,2036.0,251.0,429.0,686.0,39.0,60.0,108.0,773.0,1271.0,2037.0,253.0,431.0,688.0,41.0,62.0,110.0,780.0,1278.0,2044.0,261.0,439.0,696.0,49.0,70.0,118.0,6949.0,7041.0,7204.0,6842.0,6871.0,6910.0,6798.0,6801.0,6811.0,8335.0,8335.0,8335.0,8335.0,8335.0,8335.0,8335.0,8335.0,8335.0,8335.0,8335.0,8335.0,8335.0,8335.0,8335.0,8335.0,8335.0,8335.0,8335.0,8335.0,8335.0,8335.0,8335.0,8335.0,8335.0,8335.0,8335.0,6949.0,7041.0,7204.0,6842.0,6871.0,6910.0,6798.0,6801.0,6811.0,8335.0,8335.0,8335.0,8335.0,8335.0,8335.0,8335.0,8335.0,8335.0,8335.0,8335.0,8335.0,8335.0,8335.0,8335.0,8335.0,8335.0,8335.0,6950.0,7042.0,7205.0,6844.0,6873.0,6912.0,6800.0,6803.0,6813.0,8335.0,8335.0,8335.0,8335.0,8335.0,8335.0,8335.0,8335.0,8335.0
bl_step_crossing,0.0,2742.0,3328.0,3328.0,3328.0,3328.0,3328.0,0.0,0.0,0.0,2701.0,3328.0,3328.0,3328.0,2701.0,3328.0,3328.0,2701.0,3328.0,233.0,394.0,646.0,64.0,124.0,208.0,9.0,16.0,32.0,12.0,12.0,98.0,15.0,66.0,66.0,14.0,35.0,82.0,233.0,394.0,646.0,64.0,124.0,208.0,9.0,16.0,32.0,2778.0,2801.0,2846.0,2742.0,2742.0,2759.0,2742.0,2742.0,2743.0,3328.0,3328.0,3328.0,3328.0,3328.0,3328.0,3328.0,3328.0,3328.0,3328.0,3328.0,3328.0,3328.0,3328.0,3328.0,3328.0,3328.0,3328.0,3328.0,3328.0,3328.0,3328.0,3328.0,3328.0,3328.0,3328.0,3328.0,3328.0,3328.0,3328.0,3328.0,3328.0,3328.0,3328.0,3328.0,3328.0,3328.0,3328.0,3328.0,3328.0,3328.0,3328.0,3328.0,3328.0,3328.0,233.0,394.0,646.0,64.0,124.0,208.0,9.0,16.0,32.0,233.0,394.0,646.0,64.0,124.0,208.0,9.0,16.0,32.0,233.0,394.0,646.0,64.0,124.0,208.0,9.0,16.0,32.0,2746.0,2781.0,2830.0,2713.0,2725.0,2736.0,2705.0,2706.0,2708.0,3328.0,3328.0,3328.0,3328.0,3328.0,3328.0,3328.0,3328.0,3328.0,3328.0,3328.0,3328.0,3328.0,3328.0,3328.0,3328.0,3328.0,3328.0,3328.0,3328.0,3328.0,3328.0,3328.0,3328.0,3328.0,3328.0,3328.0,2746.0,2781.0,2830.0,2713.0,2725.0,2736.0,2705.0,2706.0,2708.0,3328.0,3328.0,3328.0,3328.0,3328.0,3328.0,3328.0,3328.0,3328.0,3328.0,3328.0,3328.0,3328.0,3328.0,3328.0,3328.0,3328.0,3328.0,2746.0,2781.0,2830.0,2713.0,2725.0,2736.0,2705.0,2706.0,2708.0,3328.0,3328.0,3328.0,3328.0,3328.0,3328.0,3328.0,3328.0,3328.0
bl_rate_q995,0.0,271.0,16.0,359.0,3332.0,1.0,0.0,4745.0,4745.0,4745.0,1901.0,4745.0,16.0,1905.0,1901.0,4745.0,1905.0,2086.0,1905.0,148.0,406.0,875.0,41.0,106.0,253.0,2.0,7.0,20.0,0.0,0.0,42.0,5.0,32.0,32.0,9.0,19.0,47.0,148.0,406.0,875.0,41.0,106.0,253.0,2.0,7.0,20.0,367.0,563.0,1016.0,271.0,271.0,415.0,271.0,271.0,283.0,162.0,420.0,889.0,55.0,120.0,267.0,18.0,23.0,36.0,494.0,721.0,1152.0,394.0,452.0,593.0,360.0,364.0,377.0,3363.0,3411.0,3529.0,3337.0,3347.0,3378.0,3332.0,3333.0,3334.0,149.0,407.0,876.0,42.0,107.0,254.0,3.0,8.0,21.0,148.0,406.0,875.0,41.0,106.0,253.0,2.0,7.0,20.0,4745.0,4745.0,4745.0,4745.0,4745.0,4745.0,4745.0,4745.0,4745.0,4745.0,4745.0,4745.0,4745.0,4745.0,4745.0,4745.0,4745.0,4745.0,4745.0,4745.0,4745.0,4745.0,4745.0,4745.0,4745.0,4745.0,4745.0,1991.0,2157.0,2432.0,1924.0,1966.0,2052.0,1901.0,1905.0,1912.0,4745.0,4745.0,4745.0,4745.0,4745.0,4745.0,4745.0,4745.0,4745.0,162.0,420.0,889.0,55.0,120.0,267.0,18.0,23.0,36.0,1994.0,2160.0,2435.0,1927.0,1969.0,2055.0,1905.0,1909.0,1916.0,1991.0,2157.0,2432.0,1924.0,1966.0,2052.0,1901.0,1905.0,1912.0,4745.0,4745.0,4745.0,4745.0,4745.0,4745.0,4745.0,4745.0,4745.0,1994.0,2160.0,2435.0,1927.0,1969.0,2055.0,1905.0,1909.0,1916.0,2169.0,2311.0,2566.0,2105.0,2142.0,2227.0,2086.0,2089.0,2096.0,1994.0,2160.0,2435.0,1927.0,1969.0,2055.0,1905.0,1909.0,1916.0
bl_rate_q990,0.0,358.0,22.0,459.0,4545.0,3.0,0.0,4745.0,6351.0,6351.0,2502.0,4751.0,22.0,2507.0,2502.0,6351.0,2507.0,2727.0,2507.0,208.0,560.0,1180.0,58.0,142.0,349.0,3.0,8.0,26.0,0.0,0.0,52.0,6.0,39.0,39.0,11.0,22.0,64.0,208.0,560.0,1180.0,58.0,142.0,349.0,3.0,8.0,26.0,493.0,759.0,1360.0,358.0,358.0,562.0,358.0,358.0,374.0,227.0,579.0,1198.0,78.0,162.0,369.0,25.0,30.0,48.0,648.0,961.0,1531.0,509.0,582.0,777.0,461.0,465.0,483.0,4585.0,4649.0,4785.0,4552.0,4566.0,4605.0,4545.0,4546.0,4547.0,210.0,562.0,1182.0,61.0,145.0,352.0,6.0,11.0,29.0,208.0,560.0,1180.0,58.0,142.0,349.0,3.0,8.0,26.0,4805.0,4899.0,5050.0,4762.0,4781.0,4841.0,4746.0,4746.0,4751.0,6351.0,6351.0,6351.0,6351.0,6351.0,6351.0,6351.0,6351.0,6351.0,6351.0,6351.0,6351.0,6351.0,6351.0,6351.0,6351.0,6351.0,6351.0,2624.0,2846.0,3218.0,2534.0,2587.0,2711.0,2503.0,2507.0,2517.0,4810.0,4904.0,5054.0,4768.0,4787.0,4847.0,4752.0,4752.0,4757.0,227.0,579.0,1198.0,78.0,162.0,369.0,25.0,30.0,48.0,2627.0,2849.0,3221.0,2538.0,2591.0,2715.0,2508.0,2512.0,2522.0,2624.0,2846.0,3218.0,2534.0,2587.0,2711.0,2503.0,2507.0,2517.0,6351.0,6351.0,6351.0,6351.0,6351.0,6351.0,6351.0,6351.0,6351.0,2627.0,2849.0,3221.0,2538.0,2591.0,2715.0,2508.0,2512.0,2522.0,2840.0,3033.0,3380.0,2754.0,2800.0,2920.0,2728.0,2731.0,2741.0,2627.0,2849.0,3221.0,2538.0,2591.0,2715.0,2508.0,2512.0,2522.0
bl_rate_q975,0.0,749.0,42.0,1092.0,8683.0,11.0,0.0,4745.0,6351.0,14655.0,6040.0,4771.0,42.0,2522.0,6040.0,14655.0,2527.0,3089.0,2877.0,430.0,1230.0,2614.0,127.0,325.0,780.0,10.0,30.0,71.0,1.0,1.0,112.0,21.0,101.0,101.0,29.0,65.0,155.0,430.0,1230.0,2614.0,127.0,325.0,780.0,10.0,30.0,71.0,1028.0,1624.0,2963.0,749.0,749.0,1193.0,749.0,749.0,786.0,468.0,1267.0,2647.0,167.0,364.0,819.0,52.0,72.0,113.0,1483.0,2214.0,3471.0,1204.0,1380.0,1805.0,1101.0,1119.0,1158.0,8819.0,9074.0,9511.0,8718.0,8775.0,8904.0,8684.0,8693.0,8703.0,439.0,1239.0,2623.0,138.0,336.0,791.0,21.0,41.0,82.0,430.0,1230.0,2614.0,127.0,325.0,780.0,10.0,30.0,71.0,5027.0,5569.0,6484.0,4831.0,4964.0,5272.0,4753.0,4768.0,4796.0,6573.0,7021.0,7785.0,6420.0,6534.0,6782.0,6358.0,6373.0,6396.0,14655.0,14655.0,14655.0,14655.0,14655.0,14655.0,14655.0,14655.0,14655.0,6283.0,6771.0,7593.0,6103.0,6223.0,6485.0,6042.0,6055.0,6076.0,5051.0,5592.0,6503.0,4857.0,4989.0,5297.0,4779.0,4794.0,4822.0,468.0,1267.0,2647.0,167.0,364.0,819.0,52.0,72.0,113.0,2863.0,3533.0,4669.0,2622.0,2789.0,3161.0,2530.0,2549.0,2582.0,6283.0,6771.0,7593.0,6103.0,6223.0,6485.0,6042.0,6055.0,6076.0,14655.0,14655.0,14655.0,14655.0,14655.0,14655.0,14655.0,14655.0,14655.0,2868.0,3537.0,4670.0,2627.0,2793.0,3165.0,2535.0,2554.0,2587.0,3416.0,4041.0,5115.0,3183.0,3337.0,3697.0,3097.0,3115.0,3147.0,3211.0,3864.0,4960.0,2975.0,3135.0,3499.0,2885.0,2904.0,2936.0
bl_hmm_disagreement,0.0,25858.0,26741.0,47255.0,114004.0,6786.0,2701.0,1901.0,2502.0,6040.0,279540.0,28630.0,26741.0,29226.0,279540.0,279540.0,29226.0,49523.0,49523.0,14074.0,26075.0,46320.0,3522.0,6747.0,12698.0,382.0,747.0,1455.0,527.0,527.0,5656.0,726.0,3260.0,3260.0,658.0,1640.0,3923.0,14074.0,26075.0,46320.0,3522.0,6747.0,12698.0,382.0,747.0,1455.0,35079.0,43424.0,61869.0,25858.0,25858.0,31187.0,25858.0,25858.0,26392.0,38377.0,48744.0,66537.0,29550.0,32255.0,37349.0,27010.0,27312.0,27888.0,57635.0,66839.0,82675.0,49760.0,52154.0,56659.0,47491.0,47768.0,48285.0,121112.0,127315.0,138023.0,115730.0,117307.0,120358.0,114177.0,114369.0,114725.0,20252.0,31847.0,51489.0,10114.0,13190.0,18923.0,7142.0,7489.0,8159.0,16587.0,28462.0,48504.0,6171.0,9348.0,15226.0,3078.0,3437.0,4131.0,15917.0,27826.0,47877.0,5405.0,8607.0,14497.0,2281.0,2645.0,3347.0,16490.0,28361.0,48358.0,5998.0,9192.0,15060.0,2882.0,3246.0,3946.0,19927.0,31616.0,51299.0,9498.0,12645.0,18403.0,6414.0,6772.0,7460.0,279540.0,279540.0,279540.0,279540.0,279540.0,279540.0,279540.0,279540.0,279540.0,40209.0,50484.0,68083.0,31422.0,34104.0,39137.0,28897.0,29198.0,29768.0,38377.0,48744.0,66537.0,29550.0,32255.0,37349.0,27010.0,27312.0,27888.0,40777.0,51014.0,68560.0,32010.0,34684.0,39695.0,29493.0,29794.0,30362.0,279540.0,279540.0,279540.0,279540.0,279540.0,279540.0,279540.0,279540.0,279540.0,279540.0,279540.0,279540.0,279540.0,279540.0,279540.0,279540.0,279540.0,279540.0,40777.0,51014.0,68560.0,32010.0,34684.0,39695.0,29493.0,29794.0,30362.0,59827.0,68911.0,84524.0,52005.0,54372.0,58802.0,49758.0,50034.0,50543.0,59827.0,68911.0,84524.0,52005.0,54372.0,58802.0,49758.0,50034.0,50543.0
bl_practical_or_rate995,0.0,9035.0,39443.0,39786.0,42759.0,8335.0,3328.0,4745.0,4751.0,4771.0,28630.0,44172.0,39443.0,30182.0,28630.0,44172.0,41332.0,28816.0,41332.0,3608.0,6204.0,10208.0,1047.0,1851.0,3198.0,159.0,263.0,463.0,172.0,172.0,1565.0,240.0,973.0,973.0,219.0,491.0,1102.0,3608.0,6204.0,10208.0,1047.0,1851.0,3198.0,159.0,263.0,463.0,11030.0,12621.0,15889.0,9035.0,9035.0,10131.0,9035.0,9035.0,9170.0,39589.0,39847.0,40316.0,39482.0,39547.0,39694.0,39445.0,39450.0,39463.0,39921.0,40148.0,40579.0,39821.0,39879.0,40020.0,39787.0,39791.0,39804.0,42790.0,42838.0,42956.0,42764.0,42774.0,42805.0,42759.0,42760.0,42761.0,11172.0,13270.0,16508.0,9132.0,9758.0,10848.0,8456.0,8539.0,8691.0,6703.0,9138.0,12890.0,4311.0,5055.0,6318.0,3478.0,3575.0,3759.0,8205.0,10543.0,14078.0,5751.0,6490.0,7690.0,4902.0,5001.0,5188.0,8210.0,10548.0,14082.0,5757.0,6496.0,7696.0,4908.0,5007.0,5194.0,8229.0,10566.0,14097.0,5777.0,6515.0,7715.0,4928.0,5027.0,5214.0,29743.0,30613.0,31971.0,28947.0,29208.0,29637.0,28674.0,28714.0,28776.0,44172.0,44172.0,44172.0,44172.0,44172.0,44172.0,44172.0,44172.0,44172.0,39589.0,39847.0,40316.0,39482.0,39547.0,39694.0,39445.0,39450.0,39463.0,31131.0,31909.0,33104.0,30442.0,30674.0,31064.0,30214.0,30251.0,30303.0,29743.0,30613.0,31971.0,28947.0,29208.0,29637.0,28674.0,28714.0,28776.0,44172.0,44172.0,44172.0,44172.0,44172.0,44172.0,44172.0,44172.0,44172.0,41421.0,41587.0,41862.0,41354.0,41396.0,41482.0,41332.0,41336.0,41343.0,29921.0,30767.0,32105.0,29129.0,29385.0,29813.0,28860.0,28899.0,28961.0,41421.0,41587.0,41862.0,41354.0,41396.0,41482.0,41332.0,41336.0,41343.0
bl_practical_or_crossing,0.0,8770.0,39443.0,39443.0,39443.0,8335.0,3328.0,16.0,22.0,42.0,26741.0,39443.0,39443.0,28293.0,26741.0,39443.0,39443.0,26746.0,39443.0,3462.0,5800.0,9335.0,1008.0,1747.0,2947.0,157.0,256.0,443.0,172.0,172.0,1524.0,236.0,942.0,942.0,210.0,473.0,1056.0,3462.0,5800.0,9335.0,1008.0,1747.0,2947.0,157.0,256.0,443.0,10669.0,12064.0,14879.0,8770.0,8770.0,9722.0,8770.0,8770.0,8893.0,39443.0,39443.0,39443.0,39443.0,39443.0,39443.0,39443.0,39443.0,39443.0,39443.0,39443.0,39443.0,39443.0,39443.0,39443.0,39443.0,39443.0,39443.0,39443.0,39443.0,39443.0,39443.0,39443.0,39443.0,39443.0,39443.0,39443.0,11026.0,12866.0,15635.0,9093.0,9654.0,10597.0,8454.0,8532.0,8671.0,6557.0,8734.0,12017.0,4272.0,4951.0,6067.0,3476.0,3568.0,3739.0,3476.0,5814.0,9349.0,1022.0,1761.0,2961.0,173.0,272.0,459.0,3481.0,5819.0,9353.0,1028.0,1767.0,2967.0,179.0,278.0,465.0,3500.0,5837.0,9368.0,1048.0,1786.0,2986.0,199.0,298.0,485.0,27765.0,28469.0,29552.0,27036.0,27255.0,27598.0,26785.0,26821.0,26876.0,39443.0,39443.0,39443.0,39443.0,39443.0,39443.0,39443.0,39443.0,39443.0,39443.0,39443.0,39443.0,39443.0,39443.0,39443.0,39443.0,39443.0,39443.0,29153.0,29765.0,30685.0,28531.0,28721.0,29025.0,28325.0,28358.0,28403.0,27765.0,28469.0,29552.0,27036.0,27255.0,27598.0,26785.0,26821.0,26876.0,39443.0,39443.0,39443.0,39443.0,39443.0,39443.0,39443.0,39443.0,39443.0,39443.0,39443.0,39443.0,39443.0,39443.0,39443.0,39443.0,39443.0,39443.0,27768.0,28472.0,29555.0,27040.0,27259.0,27602.0,26790.0,26826.0,26881.0,39443.0,39443.0,39443.0,39443.0,39443.0,39443.0,39443.0,39443.0,39443.0
bl_two_signal_strict,0.0,8196.0,28293.0,28510.0,30079.0,8335.0,3328.0,1905.0,2507.0,2522.0,29226.0,30182.0,28293.0,30778.0,29226.0,30778.0,30778.0,29231.0,30778.0,2687.0,4543.0,7405.0,795.0,1375.0,2354.0,127.0,194.0,344.0,134.0,134.0,1168.0,186.0,730.0,730.0,160.0,377.0,836.0,2687.0,4543.0,7405.0,795.0,1375.0,2354.0,127.0,194.0,344.0,9568.0,10634.0,12810.0,8196.0,8196.0,8939.0,8196.0,8196.0,8292.0,28378.0,28508.0,28755.0,28318.0,28349.0,28432.0,28295.0,28296.0,28304.0,28586.0,28706.0,28929.0,28533.0,28560.0,28635.0,28511.0,28512.0,28520.0,30096.0,30125.0,30189.0,30082.0,30087.0,30107.0,30079.0,30079.0,30079.0,10251.0,11609.0,13705.0,8880.0,9282.0,10004.0,8424.0,8470.0,8572.0,5782.0,7477.0,10087.0,4059.0,4579.0,5474.0,3446.0,3506.0,3640.0,4533.0,6297.0,8965.0,2681.0,3238.0,4156.0,2030.0,2096.0,2240.0,5106.0,6832.0,9446.0,3275.0,3824.0,4720.0,2632.0,2698.0,2840.0,5120.0,6846.0,9460.0,3290.0,3839.0,4735.0,2647.0,2713.0,2855.0,29390.0,29482.0,29645.0,29283.0,29312.0,29351.0,29238.0,29241.0,29251.0,30210.0,30248.0,30301.0,30190.0,30198.0,30220.0,30182.0,30182.0,30184.0,28378.0,28508.0,28755.0,28318.0,28349.0,28432.0,28295.0,28296.0,28304.0,30778.0,30778.0,30778.0,30778.0,30778.0,30778.0,30778.0,30778.0,30778.0,29390.0,29482.0,29645.0,29283.0,29312.0,29351.0,29238.0,29241.0,29251.0,30778.0,30778.0,30778.0,30778.0,30778.0,30778.0,30778.0,30778.0,30778.0,30778.0,30778.0,30778.0,30778.0,30778.0,30778.0,30778.0,30778.0,30778.0,29393.0,29485.0,29648.0,29287.0,29316.0,29355.0,29243.0,29246.0,29256.0,30778.0,30778.0,30778.0,30778.0,30778.0,30778.0,30778.0,30778.0,30778.0
wl_model_agreement,0.0,25858.0,26741.0,47255.0,114004.0,6786.0,2701.0,1901.0,2502.0,6040.0,279540.0,28630.0,26741.0,29226.0,279540.0,279540.0,29226.0,49523.0,49523.0,14074.0,26075.0,46320.0,3522.0,6747.0,12698.0,382.0,747.0,1455.0,527.0,527.0,5656.0,726.0,3260.0,3260.0,658.0,1640.0,3923.0,14074.0,26075.0,46320.0,3522.0,6747.0,12698.0,382.0,747.0,1455.0,35079.0,43424.0,61869.0,25858.0,25858.0,31187.0,25858.0,25858.0,26392.0,38377.0,48744.0,66537.0,29550.0,32255.0,37349.0,27010.0,27312.0,27888.0,57635.0,66839.0,82675.0,49760.0,52154.0,56659.0,47491.0,47768.0,48285.0,121112.0,127315.0,138023.0,115730.0,117307.0,120358.0,114177.0,114369.0,114725.0,20252.0,31847.0,51489.0,10114.0,13190.0,18923.0,7142.0,7489.0,8159.0,16587.0,28462.0,48504.0,6171.0,9348.0,15226.0,3078.0,3437.0,4131.0,15917.0,27826.0,47877.0,5405.0,8607.0,14497.0,2281.0,2645.0,3347.0,16490.0,28361.0,48358.0,5998.0,9192.0,15060.0,2882.0,3246.0,3946.0,19927.0,31616.0,51299.0,9498.0,12645.0,18403.0,6414.0,6772.0,7460.0,279540.0,279540.0,279540.0,279540.0,279540.0,279540.0,279540.0,279540.0,279540.0,40209.0,50484.0,68083.0,31422.0,34104.0,39137.0,28897.0,29198.0,29768.0,38377.0,48744.0,66537.0,29550.0,32255.0,37349.0,27010.0,27312.0,27888.0,40777.0,51014.0,68560.0,32010.0,34684.0,39695.0,29493.0,29794.0,30362.0,279540.0,279540.0,279540.0,279540.0,279540.0,279540.0,279540.0,279540.0,279540.0,279540.0,279540.0,279540.0,279540.0,279540.0,279540.0,279540.0,279540.0,279540.0,40777.0,51014.0,68560.0,32010.0,34684.0,39695.0,29493.0,29794.0,30362.0,59827.0,68911.0,84524.0,52005.0,54372.0,58802.0,49758.0,50034.0,50543.0,59827.0,68911.0,84524.0,52005.0,54372.0,58802.0,49758.0,50034.0,50543.0
wl_strict_obvious,0.0,30477.0,39443.0,69306.0,182738.0,8335.0,3328.0,4745.0,6351.0,14655.0,279540.0,44172.0,39443.0,30778.0,279540.0,351748.0,41928.0,49748.0,62225.0,18033.0,33574.0,59877.0,4534.0,8722.0,16498.0,501.0,975.0,1900.0,659.0,659.0,7214.0,914.0,4214.0,4214.0,855.0,2113.0,5041.0,18033.0,33574.0,59877.0,4534.0,8722.0,16498.0,501.0,975.0,1900.0,42397.0,53283.0,77484.0,30477.0,30477.0,37549.0,30477.0,30477.0,31189.0,54014.0,67217.0,89985.0,42969.0,46418.0,52994.0,39787.0,40162.0,40900.0,81995.0,93553.0,113455.0,72383.0,75398.0,81122.0,69602.0,69939.0,70592.0,189922.0,196275.0,207231.0,184480.0,186093.0,189211.0,182911.0,183108.0,183470.0,25597.0,40640.0,66177.0,12619.0,16629.0,24148.0,8798.0,9251.0,10128.0,21128.0,36508.0,62559.0,7798.0,11926.0,19618.0,3820.0,4287.0,5196.0,22630.0,37913.0,63747.0,9238.0,13361.0,20990.0,5244.0,5713.0,6625.0,24176.0,39365.0,65048.0,10827.0,14931.0,22500.0,6849.0,7318.0,8225.0,32258.0,46999.0,71918.0,19062.0,23052.0,30373.0,15146.0,15600.0,16484.0,283499.0,287039.0,293097.0,280552.0,281515.0,283340.0,279659.0,279768.0,279985.0,58597.0,71542.0,93841.0,47659.0,51043.0,57472.0,44514.0,44884.0,45609.0,54014.0,67217.0,89985.0,42969.0,46418.0,52994.0,39787.0,40162.0,40900.0,46124.0,59809.0,83250.0,34517.0,38125.0,44922.0,31152.0,31559.0,32334.0,283499.0,287039.0,293097.0,280552.0,281515.0,283340.0,279659.0,279768.0,279985.0,351748.0,351748.0,351748.0,351748.0,351748.0,351748.0,351748.0,351748.0,351748.0,56414.0,69487.0,92008.0,45429.0,48847.0,55340.0,42270.0,42644.0,43374.0,64002.0,76597.0,98243.0,53237.0,56560.0,62811.0,50102.0,50486.0,51212.0,75464.0,87384.0,107972.0,65424.0,68535.0,74447.0,62535.0,62884.0,63555.0
hy_direct_plus_corroborated,0.0,8949.0,39443.0,39660.0,41229.0,8335.0,3328.0,1905.0,2507.0,2527.0,29226.0,41332.0,39443.0,30778.0,29226.0,41928.0,41928.0,29231.0,41928.0,3547.0,6015.0,9797.0,1033.0,1803.0,3086.0,159.0,259.0,454.0,172.0,172.0,1547.0,239.0,955.0,955.0,215.0,482.0,1086.0,3547.0,6015.0,9797.0,1033.0,1803.0,3086.0,159.0,259.0,454.0,10902.0,12393.0,15443.0,8949.0,8949.0,9982.0,8949.0,8949.0,9079.0,39528.0,39658.0,39905.0,39468.0,39499.0,39582.0,39445.0,39446.0,39454.0,39736.0,39856.0,40079.0,39683.0,39710.0,39785.0,39661.0,39662.0,39670.0,41246.0,41275.0,41339.0,41232.0,41237.0,41257.0,41229.0,41229.0,41229.0,11111.0,13081.0,16097.0,9118.0,9710.0,10736.0,8456.0,8535.0,8682.0,6642.0,8949.0,12479.0,4297.0,5007.0,6206.0,3478.0,3571.0,3750.0,5393.0,7769.0,11357.0,2919.0,3666.0,4888.0,2062.0,2161.0,2350.0,5966.0,8304.0,11838.0,3513.0,4252.0,5452.0,2664.0,2763.0,2950.0,5985.0,8322.0,11853.0,3533.0,4271.0,5471.0,2684.0,2783.0,2970.0,30250.0,30954.0,32037.0,29521.0,29740.0,30083.0,29270.0,29306.0,29361.0,41360.0,41398.0,41451.0,41340.0,41348.0,41370.0,41332.0,41332.0,41334.0,39528.0,39658.0,39905.0,39468.0,39499.0,39582.0,39445.0,39446.0,39454.0,31638.0,32250.0,33170.0,31016.0,31206.0,31510.0,30810.0,30843.0,30888.0,30250.0,30954.0,32037.0,29521.0,29740.0,30083.0,29270.0,29306.0,29361.0,41928.0,41928.0,41928.0,41928.0,41928.0,41928.0,41928.0,41928.0,41928.0,41928.0,41928.0,41928.0,41928.0,41928.0,41928.0,41928.0,41928.0,41928.0,30253.0,30957.0,32040.0,29525.0,29744.0,30087.0,29275.0,29311.0,29366.0,41928.0,41928.0,41928.0,41928.0,41928.0,41928.0,41928.0,41928.0,41928.0
hy_two_of_three_families,0.0,8654.0,26746.0,47480.0,49049.0,6788.0,2701.0,2086.0,2727.0,3089.0,49523.0,28816.0,26746.0,29231.0,49523.0,49748.0,29231.0,49748.0,49528.0,3779.0,6725.0,11382.0,1045.0,1910.0,3435.0,147.0,237.0,436.0,181.0,181.0,1594.0,243.0,966.0,966.0,211.0,488.0,1129.0,3779.0,6725.0,11382.0,1045.0,1910.0,3435.0,147.0,237.0,436.0,10854.0,12748.0,16730.0,8654.0,8654.0,9934.0,8654.0,8654.0,8793.0,28085.0,29397.0,31602.0,27077.0,27422.0,28090.0,26780.0,26807.0,26874.0,47556.0,47676.0,47899.0,47503.0,47530.0,47605.0,47481.0,47482.0,47490.0,49066.0,49095.0,49159.0,49052.0,49057.0,49077.0,49049.0,49049.0,49049.0,9958.0,12498.0,16552.0,7639.0,8355.0,9662.0,6909.0,6981.0,7142.0,6292.0,9112.0,13566.0,3694.0,4511.0,5963.0,2843.0,2927.0,3112.0,5800.0,8630.0,13073.0,3109.0,3946.0,5409.0,2231.0,2319.0,2512.0,6411.0,9198.0,13582.0,3741.0,4568.0,6006.0,2872.0,2960.0,3151.0,6765.0,9536.0,13883.0,4101.0,4922.0,6352.0,3234.0,3322.0,3512.0,49532.0,49561.0,49586.0,49528.0,49535.0,49539.0,49523.0,49524.0,49524.0,30092.0,31288.0,33279.0,29127.0,29444.0,30050.0,28848.0,28873.0,28934.0,28085.0,29397.0,31602.0,27077.0,27422.0,28090.0,26780.0,26807.0,26874.0,30485.0,31667.0,33625.0,29537.0,29851.0,30436.0,29263.0,29289.0,29348.0,49532.0,49561.0,49586.0,49528.0,49535.0,49539.0,49523.0,49524.0,49524.0,49748.0,49748.0,49748.0,49748.0,49748.0,49748.0,49748.0,49748.0,49748.0,30485.0,31667.0,33625.0,29537.0,29851.0,30436.0,29263.0,29289.0,29348.0,49748.0,49748.0,49748.0,49748.0,49748.0,49748.0,49748.0,49748.0,49748.0,49535.0,49564.0,49589.0,49532.0,49539.0,49543.0,49528.0,49529.0,49529.0
hy_hierarchical,0.0,10476.0,39443.0,59957.0,61526.0,8335.0,3328.0,1905.0,2507.0,2877.0,49523.0,41332.0,39443.0,30778.0,49523.0,62225.0,41928.0,49528.0,62225.0,4794.0,8415.0,14130.0,1335.0,2412.0,4276.0,191.0,316.0,570.0,226.0,226.0,2042.0,309.0,1248.0,1248.0,273.0,621.0,1426.0,4794.0,8415.0,14130.0,1335.0,2412.0,4276.0,191.0,316.0,570.0,13291.0,15615.0,20499.0,10476.0,10476.0,12054.0,10476.0,10476.0,10652.0,40775.0,42058.0,44238.0,39770.0,40108.0,40772.0,39477.0,39503.0,39570.0,60033.0,60153.0,60376.0,59980.0,60007.0,60082.0,59958.0,59959.0,59967.0,61543.0,61572.0,61636.0,61529.0,61534.0,61554.0,61526.0,61526.0,61526.0,12358.0,15481.0,20430.0,9420.0,10319.0,11926.0,8488.0,8592.0,8798.0,7889.0,11349.0,16812.0,4599.0,5616.0,7396.0,3510.0,3628.0,3866.0,6640.0,10169.0,15690.0,3221.0,4275.0,6078.0,2094.0,2218.0,2466.0,7213.0,10704.0,16171.0,3815.0,4861.0,6642.0,2696.0,2820.0,3066.0,7575.0,11049.0,16476.0,4183.0,5222.0,6995.0,3066.0,3190.0,3435.0,50547.0,51251.0,52334.0,49818.0,50037.0,50380.0,49567.0,49603.0,49658.0,42607.0,43798.0,45784.0,41642.0,41957.0,42560.0,41364.0,41389.0,41450.0,40775.0,42058.0,44238.0,39770.0,40108.0,40772.0,39477.0,39503.0,39570.0,32885.0,34650.0,37503.0,31318.0,31815.0,32700.0,30842.0,30900.0,31004.0,50547.0,51251.0,52334.0,49818.0,50037.0,50380.0,49567.0,49603.0,49658.0,62225.0,62225.0,62225.0,62225.0,62225.0,62225.0,62225.0,62225.0,62225.0,43175.0,44328.0,46261.0,42230.0,42537.0,43118.0,41960.0,41985.0,42044.0,50550.0,51254.0,52337.0,49822.0,50041.0,50384.0,49572.0,49608.0,49663.0,62225.0,62225.0,62225.0,62225.0,62225.0,62225.0,62225.0,62225.0,62225.0
ni_k2_r1,0.0,7220.0,3462.0,5344.0,10849.0,771.0,233.0,148.0,208.0,430.0,14074.0,3608.0,3462.0,2687.0,14074.0,18033.0,3547.0,3779.0,4794.0,21651.0,21651.0,21651.0,5397.0,5980.0,6864.0,580.0,706.0,902.0,785.0,785.0,8627.0,992.0,3585.0,3585.0,702.0,1514.0,3010.0,21651.0,21651.0,21651.0,5397.0,5980.0,6864.0,580.0,706.0,902.0,21651.0,21651.0,21651.0,7220.0,7220.0,8024.0,7220.0,7220.0,7321.0,21651.0,21651.0,21651.0,7851.0,8314.0,9041.0,3885.0,3978.0,4131.0,21651.0,21651.0,21651.0,9284.0,9698.0,10351.0,5719.0,5806.0,5948.0,21651.0,21651.0,21651.0,13454.0,13743.0,14179.0,11101.0,11165.0,11268.0,21651.0,21651.0,21651.0,5918.0,6464.0,7310.0,1313.0,1434.0,1617.0,21651.0,21651.0,21651.0,5566.0,6137.0,7009.0,804.0,929.0,1121.0,21651.0,21651.0,21651.0,5504.0,6080.0,6960.0,726.0,851.0,1047.0,21651.0,21651.0,21651.0,5547.0,6123.0,7000.0,785.0,910.0,1104.0,21651.0,21651.0,21651.0,5700.0,6272.0,7138.0,1000.0,1124.0,1317.0,21651.0,21651.0,21651.0,15949.0,16150.0,16455.0,14272.0,14311.0,14384.0,21651.0,21651.0,21651.0,7958.0,8414.0,9137.0,4029.0,4121.0,4274.0,21651.0,21651.0,21651.0,7851.0,8314.0,9041.0,3885.0,3978.0,4131.0,21651.0,21651.0,21651.0,7289.0,7769.0,8527.0,3140.0,3239.0,3404.0,21651.0,21651.0,21651.0,15949.0,16150.0,16455.0,14272.0,14311.0,14384.0,21651.0,21651.0,21651.0,18896.0,19003.0,19149.0,18112.0,18132.0,18166.0,21651.0,21651.0,21651.0,7911.0,8371.0,9098.0,3968.0,4061.0,4214.0,21651.0,21651.0,21651.0,8131.0,8581.0,9299.0,4212.0,4306.0,4469.0,21651.0,21651.0,21651.0,8856.0,9279.0,9956.0,5183.0,5271.0,5416.0
ni_k2_r2,0.0,12767.0,5800.0,9327.0,20037.0,1269.0,394.0,406.0,560.0,1230.0,26075.0,6204.0,5800.0,4543.0,26075.0,33574.0,6015.0,6725.0,8415.0,21651.0,40529.0,40529.0,5397.0,10476.0,12206.0,580.0,1149.0,1504.0,785.0,785.0,8627.0,1094.0,5060.0,5060.0,936.0,2187.0,4692.0,21651.0,40529.0,40529.0,5397.0,10476.0,12206.0,580.0,1149.0,1504.0,27198.0,40529.0,40529.0,12767.0,12767.0,14369.0,12767.0,12767.0,12957.0,23989.0,40529.0,40529.0,10189.0,14529.0,15984.0,6223.0,6693.0,6976.0,25634.0,40529.0,40529.0,13267.0,17173.0,18471.0,9702.0,10134.0,10391.0,30839.0,40529.0,40529.0,22642.0,25146.0,25994.0,20289.0,20581.0,20753.0,22149.0,40529.0,40529.0,6416.0,11317.0,12994.0,1811.0,2359.0,2695.0,21812.0,40529.0,40529.0,5727.0,10746.0,12458.0,965.0,1527.0,1875.0,21909.0,40529.0,40529.0,5762.0,10776.0,12489.0,984.0,1548.0,1901.0,22003.0,40529.0,40529.0,5899.0,10894.0,12598.0,1137.0,1701.0,2052.0,22451.0,40529.0,40529.0,6500.0,11381.0,13046.0,1800.0,2349.0,2697.0,33652.0,40529.0,40529.0,27950.0,29804.0,30439.0,26273.0,26477.0,26608.0,24247.0,40529.0,40529.0,10554.0,14829.0,16267.0,6625.0,7090.0,7371.0,23989.0,40529.0,40529.0,10189.0,14529.0,15984.0,6223.0,6693.0,6976.0,23507.0,40529.0,40529.0,9145.0,13644.0,15165.0,4996.0,5498.0,5803.0,33652.0,40529.0,40529.0,27950.0,29804.0,30439.0,26273.0,26477.0,26608.0,37192.0,40529.0,40529.0,34437.0,35328.0,35623.0,33653.0,33748.0,33803.0,24119.0,40529.0,40529.0,10379.0,14688.0,16138.0,6436.0,6905.0,7188.0,24597.0,40529.0,40529.0,11077.0,15291.0,16722.0,7158.0,7637.0,7931.0,25272.0,40529.0,40529.0,12477.0,16479.0,17828.0,8804.0,9248.0,9513.0
ni_k2_r4,0.0,15112.0,9335.0,15728.0,35384.0,2035.0,646.0,875.0,1180.0,2614.0,46320.0,10208.0,9335.0,7405.0,46320.0,59877.0,9797.0,11382.0,14130.0,21651.0,40529.0,72373.0,5397.0,10476.0,19824.0,580.0,1149.0,2247.0,785.0,785.0,8627.0,1094.0,5060.0,5060.0,1004.0,2496.0,5925.0,21651.0,40529.0,72373.0,5397.0,10476.0,19824.0,580.0,1149.0,2247.0,29543.0,42874.0,72373.0,15112.0,15112.0,23682.0,15112.0,15112.0,15972.0,27524.0,44064.0,72373.0,13724.0,18064.0,26212.0,9758.0,10228.0,11139.0,32035.0,46930.0,72373.0,19668.0,23574.0,30870.0,16103.0,16535.0,17361.0,46186.0,55876.0,72373.0,37989.0,40493.0,45183.0,35636.0,35928.0,36463.0,22915.0,41295.0,72373.0,7182.0,12083.0,21174.0,2577.0,3125.0,4175.0,22064.0,40781.0,72373.0,5979.0,10998.0,20262.0,1217.0,1779.0,2861.0,22378.0,40998.0,72373.0,6231.0,11245.0,20446.0,1453.0,2017.0,3102.0,22623.0,41149.0,72373.0,6519.0,11514.0,20655.0,1757.0,2321.0,3401.0,23835.0,41913.0,72373.0,7884.0,12765.0,21658.0,3184.0,3733.0,4790.0,53897.0,60774.0,72373.0,48195.0,50049.0,53446.0,46518.0,46722.0,47112.0,28251.0,44533.0,72373.0,14558.0,18833.0,26834.0,10629.0,11094.0,11992.0,27524.0,44064.0,72373.0,13724.0,18064.0,26212.0,9758.0,10228.0,11139.0,26369.0,43391.0,72373.0,12007.0,16506.0,24875.0,7858.0,8360.0,9308.0,53897.0,60774.0,72373.0,48195.0,50049.0,53446.0,46518.0,46722.0,47112.0,63495.0,66832.0,72373.0,60740.0,61631.0,63203.0,59956.0,60051.0,60224.0,27901.0,44311.0,72373.0,14161.0,18470.0,26535.0,10218.0,10687.0,11590.0,29254.0,45186.0,72373.0,15734.0,19948.0,27771.0,11815.0,12294.0,13193.0,30987.0,46244.0,72373.0,18192.0,22194.0,29678.0,14519.0,14963.0,15807.0
ni_k3_r1,0.0,5397.0,1008.0,1457.0,2792.0,250.0,64.0,41.0,58.0,127.0,3522.0,1047.0,1008.0,795.0,3522.0,4534.0,1033.0,1045.0,1335.0,5397.0,5397.0,5397.0,5397.0,5397.0,5397.0,580.0,629.0,695.0,427.0,427.0,2508.0,806.0,2245.0,2245.0,476.0,949.0,1616.0,5397.0,5397.0,5397.0,5397.0,5397.0,5397.0,580.0,629.0,695.0,5397.0,5397.0,5397.0,5397.0,5397.0,5397.0,5397.0,5397.0,5397.0,5397.0,5397.0,5397.0,5397.0,5397.0,5397.0,1431.0,1471.0,1524.0,5397.0,5397.0,5397.0,5397.0,5397.0,5397.0,1832.0,1870.0,1918.0,5397.0,5397.0,5397.0,5397.0,5397.0,5397.0,3044.0,3073.0,3109.0,5397.0,5397.0,5397.0,5397.0,5397.0,5397.0,792.0,840.0,901.0,5397.0,5397.0,5397.0,5397.0,5397.0,5397.0,635.0,684.0,748.0,5397.0,5397.0,5397.0,5397.0,5397.0,5397.0,619.0,668.0,734.0,5397.0,5397.0,5397.0,5397.0,5397.0,5397.0,635.0,684.0,749.0,5397.0,5397.0,5397.0,5397.0,5397.0,5397.0,697.0,745.0,810.0,5397.0,5397.0,5397.0,5397.0,5397.0,5397.0,3720.0,3737.0,3763.0,5397.0,5397.0,5397.0,5397.0,5397.0,5397.0,1468.0,1508.0,1561.0,5397.0,5397.0,5397.0,5397.0,5397.0,5397.0,1431.0,1471.0,1524.0,5397.0,5397.0,5397.0,5397.0,5397.0,5397.0,1248.0,1291.0,1349.0,5397.0,5397.0,5397.0,5397.0,5397.0,5397.0,3720.0,3737.0,3763.0,5397.0,5397.0,5397.0,5397.0,5397.0,5397.0,4613.0,4621.0,4631.0,5397.0,5397.0,5397.0,5397.0,5397.0,5397.0,1454.0,1494.0,1547.0,5397.0,5397.0,5397.0,5397.0,5397.0,5397.0,1478.0,1520.0,1577.0,5397.0,5397.0,5397.0,5397.0,5397.0,5397.0,1724.0,1763.0,1812.0
ni_k3_r2,0.0,10476.0,1747.0,2630.0,5367.0,428.0,124.0,106.0,142.0,325.0,6747.0,1851.0,1747.0,1375.0,6747.0,8722.0,1803.0,1910.0,2412.0,5980.0,10476.0,10476.0,5397.0,10476.0,10476.0,580.0,1149.0,1291.0,447.0,447.0,2943.0,989.0,3606.0,3606.0,777.0,1619.0,2942.0,5980.0,10476.0,10476.0,5397.0,10476.0,10476.0,580.0,1149.0,1291.0,10476.0,10476.0,10476.0,10476.0,10476.0,10476.0,10476.0,10476.0,10476.0,6599.0,10476.0,10476.0,6136.0,10476.0,10476.0,2170.0,2640.0,2753.0,6984.0,10476.0,10476.0,6570.0,10476.0,10476.0,3005.0,3437.0,3540.0,8261.0,10476.0,10476.0,7972.0,10476.0,10476.0,5619.0,5911.0,5981.0,6121.0,10476.0,10476.0,5575.0,10476.0,10476.0,970.0,1518.0,1651.0,6028.0,10476.0,10476.0,5457.0,10476.0,10476.0,695.0,1257.0,1395.0,6038.0,10476.0,10476.0,5462.0,10476.0,10476.0,684.0,1248.0,1390.0,6057.0,10476.0,10476.0,5481.0,10476.0,10476.0,719.0,1283.0,1424.0,6167.0,10476.0,10476.0,5595.0,10476.0,10476.0,895.0,1444.0,1584.0,8823.0,10476.0,10476.0,8622.0,10476.0,10476.0,6945.0,7149.0,7198.0,6657.0,10476.0,10476.0,6201.0,10476.0,10476.0,2272.0,2737.0,2850.0,6599.0,10476.0,10476.0,6136.0,10476.0,10476.0,2170.0,2640.0,2753.0,6457.0,10476.0,10476.0,5977.0,10476.0,10476.0,1828.0,2330.0,2453.0,8823.0,10476.0,10476.0,8622.0,10476.0,10476.0,6945.0,7149.0,7198.0,9692.0,10476.0,10476.0,9585.0,10476.0,10476.0,8801.0,8896.0,8914.0,6627.0,10476.0,10476.0,6167.0,10476.0,10476.0,2224.0,2693.0,2806.0,6712.0,10476.0,10476.0,6262.0,10476.0,10476.0,2343.0,2822.0,2941.0,6897.0,10476.0,10476.0,6474.0,10476.0,10476.0,2801.0,3245.0,3350.0
ni_k3_r4,0.0,11254.0,2947.0,4682.0,10025.0,685.0,208.0,253.0,349.0,780.0,12698.0,3198.0,2947.0,2354.0,12698.0,16498.0,3086.0,3435.0,4276.0,6864.0,12206.0,19824.0,5397.0,10476.0,19824.0,580.0,1149.0,2247.0,470.0,470.0,3336.0,995.0,3825.0,3825.0,976.0,2275.0,4668.0,6864.0,12206.0,19824.0,5397.0,10476.0,19824.0,580.0,1149.0,2247.0,12058.0,12856.0,19824.0,11254.0,11254.0,19824.0,11254.0,11254.0,12114.0,8526.0,13131.0,19824.0,7336.0,11676.0,19824.0,3370.0,3840.0,4751.0,9689.0,13826.0,19824.0,8622.0,12528.0,19824.0,5057.0,5489.0,6315.0,13355.0,15982.0,19824.0,12630.0,15134.0,19824.0,10277.0,10569.0,11104.0,7224.0,12410.0,19824.0,5832.0,10733.0,19824.0,1227.0,1775.0,2825.0,6984.0,12272.0,19824.0,5541.0,10560.0,19824.0,779.0,1341.0,2423.0,7065.0,12336.0,19824.0,5609.0,10623.0,19824.0,831.0,1395.0,2480.0,7141.0,12387.0,19824.0,5688.0,10683.0,19824.0,926.0,1490.0,2570.0,7488.0,12596.0,19824.0,6050.0,10931.0,19824.0,1350.0,1899.0,2956.0,15079.0,17062.0,19824.0,14573.0,16427.0,19824.0,12896.0,13100.0,13490.0,8727.0,13261.0,19824.0,7548.0,11823.0,19824.0,3619.0,4084.0,4982.0,8526.0,13131.0,19824.0,7336.0,11676.0,19824.0,3370.0,3840.0,4751.0,8194.0,12976.0,19824.0,6956.0,11455.0,19824.0,2807.0,3309.0,4257.0,15079.0,17062.0,19824.0,14573.0,16427.0,19824.0,12896.0,13100.0,13490.0,17614.0,18547.0,19824.0,17361.0,18252.0,19824.0,16577.0,16672.0,16845.0,8637.0,13209.0,19824.0,7450.0,11759.0,19824.0,3507.0,3976.0,4879.0,8955.0,13432.0,19824.0,7787.0,12001.0,19824.0,3868.0,4347.0,5246.0,9438.0,13689.0,19824.0,8338.0,12340.0,19824.0,4665.0,5109.0,5953.0
ni_k5_r1,0.0,580.0,157.0,205.0,328.0,38.0,9.0,2.0,3.0,10.0,382.0,159.0,157.0,127.0,382.0,501.0,159.0,147.0,191.0,580.0,580.0,580.0,580.0,580.0,580.0,580.0,580.0,580.0,82.0,82.0,323.0,232.0,439.0,439.0,205.0,313.0,412.0,580.0,580.0,580.0,580.0,580.0,580.0,580.0,580.0,580.0,580.0,580.0,580.0,580.0,580.0,580.0,580.0,580.0,580.0,580.0,580.0,580.0,580.0,580.0,580.0,580.0,580.0,580.0,580.0,580.0,580.0,580.0,580.0,580.0,580.0,580.0,580.0,580.0,580.0,580.0,580.0,580.0,580.0,580.0,580.0,580.0,580.0,580.0,580.0,580.0,580.0,580.0,580.0,580.0,580.0,580.0,580.0,580.0,580.0,580.0,580.0,580.0,580.0,580.0,580.0,580.0,580.0,580.0,580.0,580.0,580.0,580.0,580.0,580.0,580.0,580.0,580.0,580.0,580.0,580.0,580.0,580.0,580.0,580.0,580.0,580.0,580.0,580.0,580.0,580.0,580.0,580.0,580.0,580.0,580.0,580.0,580.0,580.0,580.0,580.0,580.0,580.0,580.0,580.0,580.0,580.0,580.0,580.0,580.0,580.0,580.0,580.0,580.0,580.0,580.0,580.0,580.0,580.0,580.0,580.0,580.0,580.0,580.0,580.0,580.0,580.0,580.0,580.0,580.0,580.0,580.0,580.0,580.0,580.0,580.0,580.0,580.0,580.0,580.0,580.0,580.0,580.0,580.0,580.0,580.0,580.0,580.0,580.0,580.0,580.0,580.0,580.0,580.0,580.0,580.0,580.0,580.0,580.0,580.0,580.0,580.0,580.0,580.0,580.0,580.0,580.0,580.0,580.0,580.0,580.0,580.0,580.0
ni_k5_r2,0.0,1149.0,256.0,342.0,605.0,59.0,16.0,7.0,8.0,30.0,747.0,263.0,256.0,194.0,747.0,975.0,259.0,237.0,316.0,706.0,1149.0,1149.0,629.0,1149.0,1149.0,580.0,1149.0,1149.0,90.0,90.0,417.0,294.0,644.0,644.0,387.0,597.0,802.0,706.0,1149.0,1149.0,629.0,1149.0,1149.0,580.0,1149.0,1149.0,1149.0,1149.0,1149.0,1149.0,1149.0,1149.0,1149.0,1149.0,1149.0,772.0,1149.0,1149.0,719.0,1149.0,1149.0,679.0,1149.0,1149.0,804.0,1149.0,1149.0,755.0,1149.0,1149.0,717.0,1149.0,1149.0,921.0,1149.0,1149.0,886.0,1149.0,1149.0,857.0,1149.0,1149.0,722.0,1149.0,1149.0,649.0,1149.0,1149.0,601.0,1149.0,1149.0,712.0,1149.0,1149.0,636.0,1149.0,1149.0,587.0,1149.0,1149.0,710.0,1149.0,1149.0,634.0,1149.0,1149.0,585.0,1149.0,1149.0,710.0,1149.0,1149.0,634.0,1149.0,1149.0,585.0,1149.0,1149.0,724.0,1149.0,1149.0,648.0,1149.0,1149.0,600.0,1149.0,1149.0,984.0,1149.0,1149.0,962.0,1149.0,1149.0,945.0,1149.0,1149.0,776.0,1149.0,1149.0,724.0,1149.0,1149.0,684.0,1149.0,1149.0,772.0,1149.0,1149.0,719.0,1149.0,1149.0,679.0,1149.0,1149.0,746.0,1149.0,1149.0,690.0,1149.0,1149.0,647.0,1149.0,1149.0,984.0,1149.0,1149.0,962.0,1149.0,1149.0,945.0,1149.0,1149.0,1074.0,1149.0,1149.0,1062.0,1149.0,1149.0,1054.0,1149.0,1149.0,773.0,1149.0,1149.0,720.0,1149.0,1149.0,680.0,1149.0,1149.0,764.0,1149.0,1149.0,712.0,1149.0,1149.0,670.0,1149.0,1149.0,793.0,1149.0,1149.0,744.0,1149.0,1149.0,705.0,1149.0,1149.0
ni_k5_r4,0.0,1387.0,443.0,614.0,1168.0,107.0,32.0,20.0,26.0,71.0,1455.0,463.0,443.0,344.0,1455.0,1900.0,454.0,436.0,570.0,902.0,1504.0,2247.0,695.0,1291.0,2247.0,580.0,1149.0,2247.0,102.0,102.0,529.0,332.0,777.0,777.0,560.0,923.0,1364.0,902.0,1504.0,2247.0,695.0,1291.0,2247.0,580.0,1149.0,2247.0,1488.0,1577.0,2247.0,1387.0,1387.0,2247.0,1387.0,1387.0,2247.0,1112.0,1619.0,2247.0,959.0,1449.0,2247.0,866.0,1336.0,2247.0,1218.0,1678.0,2247.0,1075.0,1524.0,2247.0,989.0,1421.0,2247.0,1587.0,1884.0,2247.0,1485.0,1782.0,2247.0,1420.0,1712.0,2247.0,953.0,1533.0,2247.0,758.0,1330.0,2247.0,649.0,1197.0,2247.0,920.0,1513.0,2247.0,716.0,1303.0,2247.0,603.0,1165.0,2247.0,919.0,1515.0,2247.0,713.0,1304.0,2247.0,598.0,1162.0,2247.0,922.0,1518.0,2247.0,717.0,1308.0,2247.0,603.0,1167.0,2247.0,958.0,1538.0,2247.0,754.0,1330.0,2247.0,641.0,1190.0,2247.0,1765.0,1988.0,2247.0,1696.0,1906.0,2247.0,1653.0,1857.0,2247.0,1129.0,1630.0,2247.0,977.0,1462.0,2247.0,884.0,1349.0,2247.0,1112.0,1619.0,2247.0,959.0,1449.0,2247.0,866.0,1336.0,2247.0,1061.0,1604.0,2247.0,898.0,1422.0,2247.0,797.0,1299.0,2247.0,1765.0,1988.0,2247.0,1696.0,1906.0,2247.0,1653.0,1857.0,2247.0,2033.0,2129.0,2247.0,1997.0,2092.0,2247.0,1979.0,2074.0,2247.0,1121.0,1627.0,2247.0,968.0,1457.0,2247.0,875.0,1344.0,2247.0,1126.0,1642.0,2247.0,968.0,1467.0,2247.0,869.0,1348.0,2247.0,1192.0,1668.0,2247.0,1047.0,1508.0,2247.0,959.0,1403.0,2247.0
ni_w5_q995,0.0,476.0,172.0,242.0,403.0,41.0,12.0,0.0,0.0,1.0,527.0,172.0,172.0,134.0,527.0,659.0,172.0,181.0,226.0,785.0,785.0,785.0,427.0,447.0,470.0,82.0,90.0,102.0,785.0,785.0,785.0,314.0,620.0,620.0,152.0,276.0,420.0,785.0,785.0,785.0,427.0,447.0,470.0,82.0,90.0,102.0,785.0,785.0,785.0,476.0,476.0,497.0,476.0,476.0,482.0,785.0,785.0,785.0,499.0,512.0,529.0,232.0,238.0,247.0,785.0,785.0,785.0,526.0,538.0,554.0,294.0,300.0,308.0,785.0,785.0,785.0,602.0,613.0,625.0,444.0,449.0,454.0,785.0,785.0,785.0,444.0,464.0,485.0,117.0,125.0,136.0,785.0,785.0,785.0,433.0,453.0,476.0,93.0,101.0,112.0,785.0,785.0,785.0,427.0,447.0,470.0,82.0,90.0,102.0,785.0,785.0,785.0,427.0,447.0,470.0,82.0,90.0,102.0,785.0,785.0,785.0,427.0,447.0,470.0,83.0,91.0,103.0,785.0,785.0,785.0,660.0,664.0,669.0,546.0,549.0,555.0,785.0,785.0,785.0,499.0,512.0,529.0,232.0,238.0,247.0,785.0,785.0,785.0,499.0,512.0,529.0,232.0,238.0,247.0,785.0,785.0,785.0,486.0,500.0,517.0,196.0,203.0,212.0,785.0,785.0,785.0,660.0,664.0,669.0,546.0,549.0,555.0,785.0,785.0,785.0,723.0,726.0,727.0,667.0,669.0,671.0,785.0,785.0,785.0,499.0,512.0,529.0,232.0,238.0,247.0,785.0,785.0,785.0,503.0,516.0,533.0,239.0,246.0,255.0,785.0,785.0,785.0,518.0,530.0,547.0,280.0,286.0,294.0
ni_w5_q990,0.0,476.0,172.0,242.0,403.0,41.0,12.0,0.0,0.0,1.0,527.0,172.0,172.0,134.0,527.0,659.0,172.0,181.0,226.0,785.0,785.0,785.0,427.0,447.0,470.0,82.0,90.0,102.0,785.0,785.0,785.0,314.0,620.0,620.0,152.0,276.0,420.0,785.0,785.0,785.0,427.0,447.0,470.0,82.0,90.0,102.0,785.0,785.0,785.0,476.0,476.0,497.0,476.0,476.0,482.0,785.0,785.0,785.0,499.0,512.0,529.0,232.0,238.0,247.0,785.0,785.0,785.0,526.0,538.0,554.0,294.0,300.0,308.0,785.0,785.0,785.0,602.0,613.0,625.0,444.0,449.0,454.0,785.0,785.0,785.0,444.0,464.0,485.0,117.0,125.0,136.0,785.0,785.0,785.0,433.0,453.0,476.0,93.0,101.0,112.0,785.0,785.0,785.0,427.0,447.0,470.0,82.0,90.0,102.0,785.0,785.0,785.0,427.0,447.0,470.0,82.0,90.0,102.0,785.0,785.0,785.0,427.0,447.0,470.0,83.0,91.0,103.0,785.0,785.0,785.0,660.0,664.0,669.0,546.0,549.0,555.0,785.0,785.0,785.0,499.0,512.0,529.0,232.0,238.0,247.0,785.0,785.0,785.0,499.0,512.0,529.0,232.0,238.0,247.0,785.0,785.0,785.0,486.0,500.0,517.0,196.0,203.0,212.0,785.0,785.0,785.0,660.0,664.0,669.0,546.0,549.0,555.0,785.0,785.0,785.0,723.0,726.0,727.0,667.0,669.0,671.0,785.0,785.0,785.0,499.0,512.0,529.0,232.0,238.0,247.0,785.0,785.0,785.0,503.0,516.0,533.0,239.0,246.0,255.0,785.0,785.0,785.0,518.0,530.0,547.0,280.0,286.0,294.0
ni_w5_q975,0.0,3436.0,1524.0,2306.0,4327.0,325.0,98.0,42.0,52.0,112.0,5656.0,1565.0,1524.0,1168.0,5656.0,7214.0,1547.0,1594.0,2042.0,8627.0,8627.0,8627.0,2508.0,2943.0,3336.0,323.0,417.0,529.0,785.0,785.0,8627.0,924.0,2950.0,2950.0,586.0,1184.0,2198.0,8627.0,8627.0,8627.0,2508.0,2943.0,3336.0,323.0,417.0,529.0,8627.0,8627.0,8627.0,3436.0,3436.0,3787.0,3436.0,3436.0,3486.0,8627.0,8627.0,8627.0,3519.0,3867.0,4184.0,1753.0,1823.0,1910.0,8627.0,8627.0,8627.0,4082.0,4395.0,4672.0,2508.0,2573.0,2651.0,8627.0,8627.0,8627.0,5558.0,5776.0,5963.0,4466.0,4515.0,4571.0,8627.0,8627.0,8627.0,2714.0,3125.0,3497.0,625.0,715.0,819.0,8627.0,8627.0,8627.0,2575.0,3004.0,3389.0,415.0,508.0,616.0,8627.0,8627.0,8627.0,2539.0,2968.0,3360.0,364.0,457.0,569.0,8627.0,8627.0,8627.0,2545.0,2974.0,3366.0,374.0,467.0,578.0,8627.0,8627.0,8627.0,2582.0,3009.0,3397.0,433.0,525.0,636.0,8627.0,8627.0,8627.0,6527.0,6676.0,6785.0,5761.0,5793.0,5827.0,8627.0,8627.0,8627.0,3550.0,3892.0,4208.0,1793.0,1862.0,1949.0,8627.0,8627.0,8627.0,3519.0,3867.0,4184.0,1753.0,1823.0,1910.0,8627.0,8627.0,8627.0,3281.0,3640.0,3967.0,1412.0,1486.0,1578.0,8627.0,8627.0,8627.0,6527.0,6676.0,6785.0,5761.0,5793.0,5827.0,8627.0,8627.0,8627.0,7615.0,7697.0,7750.0,7253.0,7271.0,7287.0,8627.0,8627.0,8627.0,3534.0,3879.0,4196.0,1775.0,1845.0,1932.0,8627.0,8627.0,8627.0,3594.0,3933.0,4237.0,1832.0,1902.0,1990.0,8627.0,8627.0,8627.0,3883.0,4203.0,4493.0,2254.0,2320.0,2400.0
ni_w9_q995,0.0,998.0,236.0,333.0,570.0,54.0,15.0,5.0,6.0,21.0,726.0,240.0,236.0,186.0,726.0,914.0,239.0,243.0,309.0,992.0,1094.0,1094.0,806.0,989.0,995.0,232.0,294.0,332.0,314.0,314.0,924.0,1094.0,1094.0,1094.0,411.0,672.0,895.0,992.0,1094.0,1094.0,806.0,989.0,995.0,232.0,294.0,332.0,1080.0,1094.0,1094.0,998.0,998.0,1004.0,998.0,998.0,1000.0,1013.0,1094.0,1094.0,860.0,1008.0,1012.0,406.0,458.0,492.0,1023.0,1094.0,1094.0,884.0,1015.0,1019.0,480.0,525.0,556.0,1050.0,1094.0,1094.0,954.0,1043.0,1045.0,673.0,706.0,729.0,996.0,1094.0,1094.0,816.0,991.0,997.0,274.0,333.0,369.0,994.0,1094.0,1094.0,811.0,990.0,996.0,245.0,306.0,343.0,992.0,1094.0,1094.0,807.0,989.0,995.0,236.0,298.0,336.0,992.0,1094.0,1094.0,807.0,989.0,995.0,237.0,299.0,336.0,999.0,1094.0,1094.0,814.0,989.0,995.0,251.0,309.0,345.0,1052.0,1094.0,1094.0,988.0,1058.0,1060.0,797.0,819.0,837.0,1013.0,1094.0,1094.0,861.0,1008.0,1012.0,409.0,461.0,495.0,1013.0,1094.0,1094.0,860.0,1008.0,1012.0,406.0,458.0,492.0,1007.0,1094.0,1094.0,844.0,1002.0,1007.0,363.0,417.0,453.0,1052.0,1094.0,1094.0,988.0,1058.0,1060.0,797.0,819.0,837.0,1074.0,1094.0,1094.0,1045.0,1079.0,1079.0,942.0,954.0,961.0,1013.0,1094.0,1094.0,861.0,1008.0,1012.0,408.0,460.0,494.0,1014.0,1094.0,1094.0,860.0,1007.0,1012.0,410.0,460.0,496.0,1020.0,1094.0,1094.0,880.0,1014.0,1018.0,465.0,513.0,545.0
ni_w9_q990,0.0,3730.0,942.0,1389.0,2588.0,224.0,66.0,32.0,39.0,101.0,3260.0,973.0,942.0,730.0,3260.0,4214.0,955.0,966.0,1248.0,3585.0,5060.0,5060.0,2245.0,3606.0,3825.0,439.0,644.0,777.0,620.0,620.0,2950.0,1094.0,5060.0,5060.0,762.0,1549.0,2660.0,3585.0,5060.0,5060.0,2245.0,3606.0,3825.0,439.0,644.0,777.0,4616.0,5060.0,5060.0,3730.0,3730.0,3935.0,3730.0,3730.0,3769.0,3807.0,5060.0,5060.0,2712.0,3846.0,4032.0,1260.0,1422.0,1533.0,3936.0,5060.0,5060.0,2961.0,3982.0,4145.0,1670.0,1814.0,1915.0,4338.0,5060.0,5060.0,3660.0,4343.0,4445.0,2779.0,2875.0,2943.0,3639.0,5060.0,5060.0,2352.0,3654.0,3865.0,635.0,832.0,959.0,3605.0,5060.0,5060.0,2281.0,3621.0,3837.0,499.0,700.0,829.0,3599.0,5060.0,5060.0,2267.0,3611.0,3829.0,469.0,673.0,806.0,3602.0,5060.0,5060.0,2272.0,3613.0,3830.0,476.0,680.0,811.0,3635.0,5060.0,5060.0,2312.0,3623.0,3837.0,534.0,730.0,859.0,4511.0,5060.0,5060.0,4030.0,4532.0,4614.0,3407.0,3481.0,3533.0,3821.0,5060.0,5060.0,2734.0,3851.0,4036.0,1289.0,1450.0,1561.0,3807.0,5060.0,5060.0,2712.0,3846.0,4032.0,1260.0,1422.0,1533.0,3754.0,5060.0,5060.0,2607.0,3788.0,3982.0,1070.0,1245.0,1365.0,4511.0,5060.0,5060.0,4030.0,4532.0,4614.0,3407.0,3481.0,3533.0,4795.0,5060.0,5060.0,4565.0,4821.0,4852.0,4269.0,4304.0,4325.0,3808.0,5060.0,5060.0,2717.0,3848.0,4034.0,1271.0,1433.0,1544.0,3833.0,5060.0,5060.0,2739.0,3850.0,4036.0,1295.0,1461.0,1577.0,3894.0,5060.0,5060.0,2872.0,3921.0,4097.0,1541.0,1693.0,1797.0
ni_w9_q975,0.0,3730.0,942.0,1389.0,2588.0,224.0,66.0,32.0,39.0,101.0,3260.0,973.0,942.0,730.0,3260.0,4214.0,955.0,966.0,1248.0,3585.0,5060.0,5060.0,2245.0,3606.0,3825.0,439.0,644.0,777.0,620.0,620.0,2950.0,1094.0,5060.0,5060.0,762.0,1549.0,2660.0,3585.0,5060.0,5060.0,2245.0,3606.0,3825.0,439.0,644.0,777.0,4616.0,5060.0,5060.0,3730.0,3730.0,3935.0,3730.0,3730.0,3769.0,3807.0,5060.0,5060.0,2712.0,3846.0,4032.0,1260.0,1422.0,1533.0,3936.0,5060.0,5060.0,2961.0,3982.0,4145.0,1670.0,1814.0,1915.0,4338.0,5060.0,5060.0,3660.0,4343.0,4445.0,2779.0,2875.0,2943.0,3639.0,5060.0,5060.0,2352.0,3654.0,3865.0,635.0,832.0,959.0,3605.0,5060.0,5060.0,2281.0,3621.0,3837.0,499.0,700.0,829.0,3599.0,5060.0,5060.0,2267.0,3611.0,3829.0,469.0,673.0,806.0,3602.0,5060.0,5060.0,2272.0,3613.0,3830.0,476.0,680.0,811.0,3635.0,5060.0,5060.0,2312.0,3623.0,3837.0,534.0,730.0,859.0,4511.0,5060.0,5060.0,4030.0,4532.0,4614.0,3407.0,3481.0,3533.0,3821.0,5060.0,5060.0,2734.0,3851.0,4036.0,1289.0,1450.0,1561.0,3807.0,5060.0,5060.0,2712.0,3846.0,4032.0,1260.0,1422.0,1533.0,3754.0,5060.0,5060.0,2607.0,3788.0,3982.0,1070.0,1245.0,1365.0,4511.0,5060.0,5060.0,4030.0,4532.0,4614.0,3407.0,3481.0,3533.0,4795.0,5060.0,5060.0,4565.0,4821.0,4852.0,4269.0,4304.0,4325.0,3808.0,5060.0,5060.0,2717.0,3848.0,4034.0,1271.0,1433.0,1544.0,3833.0,5060.0,5060.0,2739.0,3850.0,4036.0,1295.0,1461.0,1577.0,3894.0,5060.0,5060.0,2872.0,3921.0,4097.0,1541.0,1693.0,1797.0
ni_w17_q995,0.0,801.0,210.0,301.0,530.0,47.0,14.0,9.0,11.0,29.0,658.0,219.0,210.0,160.0,658.0,855.0,215.0,211.0,273.0,702.0,936.0,1004.0,476.0,777.0,976.0,205.0,387.0,560.0,152.0,152.0,586.0,411.0,762.0,762.0,1004.0,1004.0,1004.0,702.0,936.0,1004.0,476.0,777.0,976.0,205.0,387.0,560.0,894.0,945.0,1004.0,801.0,801.0,978.0,801.0,801.0,900.0,753.0,946.0,1004.0,567.0,808.0,980.0,353.0,494.0,639.0,783.0,954.0,1004.0,614.0,831.0,982.0,426.0,553.0,683.0,866.0,972.0,1004.0,752.0,896.0,990.0,624.0,709.0,790.0,717.0,940.0,1004.0,497.0,784.0,978.0,240.0,412.0,579.0,710.0,937.0,1004.0,485.0,779.0,976.0,216.0,395.0,565.0,707.0,938.0,1004.0,483.0,780.0,976.0,213.0,394.0,564.0,707.0,938.0,1004.0,484.0,781.0,976.0,215.0,396.0,564.0,717.0,938.0,1004.0,496.0,783.0,976.0,232.0,408.0,574.0,887.0,986.0,1004.0,810.0,923.0,992.0,717.0,782.0,846.0,758.0,948.0,1004.0,574.0,811.0,980.0,361.0,501.0,643.0,753.0,946.0,1004.0,567.0,808.0,980.0,353.0,494.0,639.0,736.0,946.0,1004.0,542.0,799.0,979.0,312.0,463.0,617.0,887.0,986.0,1004.0,810.0,923.0,992.0,717.0,782.0,846.0,954.0,994.0,1004.0,916.0,969.0,998.0,878.0,906.0,933.0,755.0,948.0,1004.0,570.0,810.0,980.0,357.0,498.0,641.0,755.0,954.0,1004.0,570.0,814.0,979.0,356.0,501.0,644.0,776.0,956.0,1004.0,600.0,825.0,980.0,404.0,537.0,668.0
ni_w17_q990,0.0,1697.0,473.0,685.0,1286.0,114.0,35.0,19.0,22.0,65.0,1640.0,491.0,473.0,377.0,1640.0,2113.0,482.0,488.0,621.0,1514.0,2187.0,2496.0,949.0,1619.0,2275.0,313.0,597.0,923.0,276.0,276.0,1184.0,672.0,1549.0,1549.0,1004.0,2496.0,2496.0,1514.0,2187.0,2496.0,949.0,1619.0,2275.0,313.0,597.0,923.0,2015.0,2220.0,2496.0,1697.0,1697.0,2294.0,1697.0,1697.0,1903.0,1678.0,2235.0,2496.0,1215.0,1749.0,2300.0,697.0,918.0,1184.0,1764.0,2261.0,2496.0,1341.0,1821.0,2317.0,880.0,1079.0,1316.0,2031.0,2340.0,2496.0,1743.0,2060.0,2378.0,1424.0,1557.0,1712.0,1553.0,2202.0,2496.0,1012.0,1649.0,2279.0,408.0,676.0,988.0,1532.0,2192.0,2496.0,973.0,1628.0,2276.0,345.0,624.0,945.0,1526.0,2191.0,2496.0,964.0,1628.0,2276.0,331.0,614.0,936.0,1527.0,2192.0,2496.0,966.0,1630.0,2276.0,334.0,617.0,937.0,1555.0,2199.0,2496.0,998.0,1646.0,2278.0,373.0,648.0,964.0,2152.0,2400.0,2496.0,1960.0,2190.0,2419.0,1743.0,1842.0,1951.0,1690.0,2239.0,2496.0,1230.0,1758.0,2301.0,714.0,934.0,1196.0,1678.0,2235.0,2496.0,1215.0,1749.0,2300.0,697.0,918.0,1184.0,1638.0,2227.0,2496.0,1160.0,1722.0,2296.0,616.0,852.0,1133.0,2152.0,2400.0,2496.0,1960.0,2190.0,2419.0,1743.0,1842.0,1951.0,2346.0,2451.0,2496.0,2253.0,2359.0,2461.0,2152.0,2195.0,2241.0,1682.0,2238.0,2496.0,1221.0,1753.0,2300.0,705.0,926.0,1190.0,1690.0,2244.0,2496.0,1229.0,1760.0,2304.0,718.0,944.0,1208.0,1740.0,2257.0,2496.0,1303.0,1798.0,2309.0,828.0,1036.0,1280.0
ni_w17_q975,0.0,3196.0,1056.0,1556.0,3085.0,245.0,82.0,47.0,64.0,155.0,3923.0,1102.0,1056.0,836.0,3923.0,5041.0,1086.0,1129.0,1426.0,3010.0,4692.0,5925.0,1616.0,2942.0,4668.0,412.0,802.0,1364.0,420.0,420.0,2198.0,895.0,2660.0,2660.0,1004.0,2496.0,6006.0,3010.0,4692.0,5925.0,1616.0,2942.0,4668.0,412.0,802.0,1364.0,4154.0,4806.0,5929.0,3196.0,3196.0,4778.0,3196.0,3196.0,3594.0,3471.0,4891.0,5936.0,2326.0,3410.0,4855.0,1352.0,1664.0,2120.0,3730.0,5008.0,5942.0,2690.0,3673.0,4967.0,1817.0,2102.0,2513.0,4554.0,5363.0,5962.0,3869.0,4508.0,5331.0,3267.0,3454.0,3719.0,3113.0,4740.0,5927.0,1778.0,3045.0,4703.0,629.0,1001.0,1533.0,3051.0,4710.0,5925.0,1678.0,2983.0,4682.0,486.0,871.0,1422.0,3045.0,4701.0,5925.0,1657.0,2965.0,4675.0,457.0,844.0,1401.0,3057.0,4711.0,5927.0,1670.0,2978.0,4680.0,474.0,861.0,1414.0,3123.0,4735.0,5928.0,1745.0,3020.0,4690.0,561.0,939.0,1485.0,4965.0,5564.0,5973.0,4485.0,4956.0,5556.0,4058.0,4196.0,4406.0,3506.0,4900.0,5936.0,2367.0,3433.0,4862.0,1396.0,1705.0,2156.0,3471.0,4891.0,5936.0,2326.0,3410.0,4855.0,1352.0,1664.0,2120.0,3382.0,4858.0,5935.0,2186.0,3319.0,4819.0,1152.0,1486.0,1967.0,4965.0,5564.0,5973.0,4485.0,4956.0,5556.0,4058.0,4196.0,4406.0,5524.0,5799.0,5986.0,5300.0,5525.0,5795.0,5094.0,5153.0,5240.0,3493.0,4904.0,5937.0,2350.0,3428.0,4861.0,1380.0,1692.0,2145.0,3554.0,4938.0,5939.0,2412.0,3480.0,4890.0,1434.0,1754.0,2213.0,3676.0,4990.0,5941.0,2599.0,3605.0,4936.0,1699.0,1994.0,2416.0
mandatory_missing__ni_k2_r1,0.0,7220.0,3462.0,5344.0,10849.0,771.0,233.0,148.0,208.0,430.0,14074.0,3608.0,3462.0,2687.0,14074.0,18033.0,3547.0,3779.0,4794.0,21651.0,21651.0,21651.0,5397.0,5980.0,6864.0,580.0,706.0,902.0,785.0,785.0,8627.0,992.0,3585.0,3585.0,702.0,1514.0,3010.0,21651.0,21651.0,21651.0,5397.0,5980.0,6864.0,580.0,706.0,902.0,21651.0,21651.0,21651.0,7220.0,7220.0,8024.0,7220.0,7220.0,7321.0,21651.0,21651.0,21651.0,7851.0,8314.0,9041.0,3885.0,3978.0,4131.0,21651.0,21651.0,21651.0,9284.0,9698.0,10351.0,5719.0,5806.0,5948.0,21651.0,21651.0,21651.0,13454.0,13743.0,14179.0,11101.0,11165.0,11268.0,21651.0,21651.0,21651.0,5918.0,6464.0,7310.0,1313.0,1434.0,1617.0,21651.0,21651.0,21651.0,5566.0,6137.0,7009.0,804.0,929.0,1121.0,21651.0,21651.0,21651.0,5504.0,6080.0,6960.0,726.0,851.0,1047.0,21651.0,21651.0,21651.0,5547.0,6123.0,7000.0,785.0,910.0,1104.0,21651.0,21651.0,21651.0,5700.0,6272.0,7138.0,1000.0,1124.0,1317.0,21651.0,21651.0,21651.0,15949.0,16150.0,16455.0,14272.0,14311.0,14384.0,21651.0,21651.0,21651.0,7958.0,8414.0,9137.0,4029.0,4121.0,4274.0,21651.0,21651.0,21651.0,7851.0,8314.0,9041.0,3885.0,3978.0,4131.0,21651.0,21651.0,21651.0,7289.0,7769.0,8527.0,3140.0,3239.0,3404.0,21651.0,21651.0,21651.0,15949.0,16150.0,16455.0,14272.0,14311.0,14384.0,21651.0,21651.0,21651.0,18896.0,19003.0,19149.0,18112.0,18132.0,18166.0,21651.0,21651.0,21651.0,7911.0,8371.0,9098.0,3968.0,4061.0,4214.0,21651.0,21651.0,21651.0,8131.0,8581.0,9299.0,4212.0,4306.0,4469.0,21651.0,21651.0,21651.0,8856.0,9279.0,9956.0,5183.0,5271.0,5416.0
mandatory_missing__ni_k2_r2,0.0,12767.0,5800.0,9327.0,20037.0,1269.0,394.0,406.0,560.0,1230.0,26075.0,6204.0,5800.0,4543.0,26075.0,33574.0,6015.0,6725.0,8415.0,21651.0,40529.0,40529.0,5397.0,10476.0,12206.0,580.0,1149.0,1504.0,785.0,785.0,8627.0,1094.0,5060.0,5060.0,936.0,2187.0,4692.0,21651.0,40529.0,40529.0,5397.0,10476.0,12206.0,580.0,1149.0,1504.0,27198.0,40529.0,40529.0,12767.0,12767.0,14369.0,12767.0,12767.0,12957.0,23989.0,40529.0,40529.0,10189.0,14529.0,15984.0,6223.0,6693.0,6976.0,25634.0,40529.0,40529.0,13267.0,17173.0,18471.0,9702.0,10134.0,10391.0,30839.0,40529.0,40529.0,22642.0,25146.0,25994.0,20289.0,20581.0,20753.0,22149.0,40529.0,40529.0,6416.0,11317.0,12994.0,1811.0,2359.0,2695.0,21812.0,40529.0,40529.0,5727.0,10746.0,12458.0,965.0,1527.0,1875.0,21909.0,40529.0,40529.0,5762.0,10776.0,12489.0,984.0,1548.0,1901.0,22003.0,40529.0,40529.0,5899.0,10894.0,12598.0,1137.0,1701.0,2052.0,22451.0,40529.0,40529.0,6500.0,11381.0,13046.0,1800.0,2349.0,2697.0,33652.0,40529.0,40529.0,27950.0,29804.0,30439.0,26273.0,26477.0,26608.0,24247.0,40529.0,40529.0,10554.0,14829.0,16267.0,6625.0,7090.0,7371.0,23989.0,40529.0,40529.0,10189.0,14529.0,15984.0,6223.0,6693.0,6976.0,23507.0,40529.0,40529.0,9145.0,13644.0,15165.0,4996.0,5498.0,5803.0,33652.0,40529.0,40529.0,27950.0,29804.0,30439.0,26273.0,26477.0,26608.0,37192.0,40529.0,40529.0,34437.0,35328.0,35623.0,33653.0,33748.0,33803.0,24119.0,40529.0,40529.0,10379.0,14688.0,16138.0,6436.0,6905.0,7188.0,24597.0,40529.0,40529.0,11077.0,15291.0,16722.0,7158.0,7637.0,7931.0,25272.0,40529.0,40529.0,12477.0,16479.0,17828.0,8804.0,9248.0,9513.0
mandatory_missing__ni_k2_r4,0.0,15112.0,9335.0,15728.0,35384.0,2035.0,646.0,875.0,1180.0,2614.0,46320.0,10208.0,9335.0,7405.0,46320.0,59877.0,9797.0,11382.0,14130.0,21651.0,40529.0,72373.0,5397.0,10476.0,19824.0,580.0,1149.0,2247.0,785.0,785.0,8627.0,1094.0,5060.0,5060.0,1004.0,2496.0,5925.0,21651.0,40529.0,72373.0,5397.0,10476.0,19824.0,580.0,1149.0,2247.0,29543.0,42874.0,72373.0,15112.0,15112.0,23682.0,15112.0,15112.0,15972.0,27524.0,44064.0,72373.0,13724.0,18064.0,26212.0,9758.0,10228.0,11139.0,32035.0,46930.0,72373.0,19668.0,23574.0,30870.0,16103.0,16535.0,17361.0,46186.0,55876.0,72373.0,37989.0,40493.0,45183.0,35636.0,35928.0,36463.0,22915.0,41295.0,72373.0,7182.0,12083.0,21174.0,2577.0,3125.0,4175.0,22064.0,40781.0,72373.0,5979.0,10998.0,20262.0,1217.0,1779.0,2861.0,22378.0,40998.0,72373.0,6231.0,11245.0,20446.0,1453.0,2017.0,3102.0,22623.0,41149.0,72373.0,6519.0,11514.0,20655.0,1757.0,2321.0,3401.0,23835.0,41913.0,72373.0,7884.0,12765.0,21658.0,3184.0,3733.0,4790.0,53897.0,60774.0,72373.0,48195.0,50049.0,53446.0,46518.0,46722.0,47112.0,28251.0,44533.0,72373.0,14558.0,18833.0,26834.0,10629.0,11094.0,11992.0,27524.0,44064.0,72373.0,13724.0,18064.0,26212.0,9758.0,10228.0,11139.0,26369.0,43391.0,72373.0,12007.0,16506.0,24875.0,7858.0,8360.0,9308.0,53897.0,60774.0,72373.0,48195.0,50049.0,53446.0,46518.0,46722.0,47112.0,63495.0,66832.0,72373.0,60740.0,61631.0,63203.0,59956.0,60051.0,60224.0,27901.0,44311.0,72373.0,14161.0,18470.0,26535.0,10218.0,10687.0,11590.0,29254.0,45186.0,72373.0,15734.0,19948.0,27771.0,11815.0,12294.0,13193.0,30987.0,46244.0,72373.0,18192.0,22194.0,29678.0,14519.0,14963.0,15807.0
mandatory_missing__ni_k3_r1,0.0,5397.0,1008.0,1457.0,2792.0,250.0,64.0,41.0,58.0,127.0,3522.0,1047.0,1008.0,795.0,3522.0,4534.0,1033.0,1045.0,1335.0,5397.0,5397.0,5397.0,5397.0,5397.0,5397.0,580.0,629.0,695.0,427.0,427.0,2508.0,806.0,2245.0,2245.0,476.0,949.0,1616.0,5397.0,5397.0,5397.0,5397.0,5397.0,5397.0,580.0,629.0,695.0,5397.0,5397.0,5397.0,5397.0,5397.0,5397.0,5397.0,5397.0,5397.0,5397.0,5397.0,5397.0,5397.0,5397.0,5397.0,1431.0,1471.0,1524.0,5397.0,5397.0,5397.0,5397.0,5397.0,5397.0,1832.0,1870.0,1918.0,5397.0,5397.0,5397.0,5397.0,5397.0,5397.0,3044.0,3073.0,3109.0,5397.0,5397.0,5397.0,5397.0,5397.0,5397.0,792.0,840.0,901.0,5397.0,5397.0,5397.0,5397.0,5397.0,5397.0,635.0,684.0,748.0,5397.0,5397.0,5397.0,5397.0,5397.0,5397.0,619.0,668.0,734.0,5397.0,5397.0,5397.0,5397.0,5397.0,5397.0,635.0,684.0,749.0,5397.0,5397.0,5397.0,5397.0,5397.0,5397.0,697.0,745.0,810.0,5397.0,5397.0,5397.0,5397.0,5397.0,5397.0,3720.0,3737.0,3763.0,5397.0,5397.0,5397.0,5397.0,5397.0,5397.0,1468.0,1508.0,1561.0,5397.0,5397.0,5397.0,5397.0,5397.0,5397.0,1431.0,1471.0,1524.0,5397.0,5397.0,5397.0,5397.0,5397.0,5397.0,1248.0,1291.0,1349.0,5397.0,5397.0,5397.0,5397.0,5397.0,5397.0,3720.0,3737.0,3763.0,5397.0,5397.0,5397.0,5397.0,5397.0,5397.0,4613.0,4621.0,4631.0,5397.0,5397.0,5397.0,5397.0,5397.0,5397.0,1454.0,1494.0,1547.0,5397.0,5397.0,5397.0,5397.0,5397.0,5397.0,1478.0,1520.0,1577.0,5397.0,5397.0,5397.0,5397.0,5397.0,5397.0,1724.0,1763.0,1812.0
mandatory_missing__ni_k3_r2,0.0,10476.0,1747.0,2630.0,5367.0,428.0,124.0,106.0,142.0,325.0,6747.0,1851.0,1747.0,1375.0,6747.0,8722.0,1803.0,1910.0,2412.0,5980.0,10476.0,10476.0,5397.0,10476.0,10476.0,580.0,1149.0,1291.0,447.0,447.0,2943.0,989.0,3606.0,3606.0,777.0,1619.0,2942.0,5980.0,10476.0,10476.0,5397.0,10476.0,10476.0,580.0,1149.0,1291.0,10476.0,10476.0,10476.0,10476.0,10476.0,10476.0,10476.0,10476.0,10476.0,6599.0,10476.0,10476.0,6136.0,10476.0,10476.0,2170.0,2640.0,2753.0,6984.0,10476.0,10476.0,6570.0,10476.0,10476.0,3005.0,3437.0,3540.0,8261.0,10476.0,10476.0,7972.0,10476.0,10476.0,5619.0,5911.0,5981.0,6121.0,10476.0,10476.0,5575.0,10476.0,10476.0,970.0,1518.0,1651.0,6028.0,10476.0,10476.0,5457.0,10476.0,10476.0,695.0,1257.0,1395.0,6038.0,10476.0,10476.0,5462.0,10476.0,10476.0,684.0,1248.0,1390.0,6057.0,10476.0,10476.0,5481.0,10476.0,10476.0,719.0,1283.0,1424.0,6167.0,10476.0,10476.0,5595.0,10476.0,10476.0,895.0,1444.0,1584.0,8823.0,10476.0,10476.0,8622.0,10476.0,10476.0,6945.0,7149.0,7198.0,6657.0,10476.0,10476.0,6201.0,10476.0,10476.0,2272.0,2737.0,2850.0,6599.0,10476.0,10476.0,6136.0,10476.0,10476.0,2170.0,2640.0,2753.0,6457.0,10476.0,10476.0,5977.0,10476.0,10476.0,1828.0,2330.0,2453.0,8823.0,10476.0,10476.0,8622.0,10476.0,10476.0,6945.0,7149.0,7198.0,9692.0,10476.0,10476.0,9585.0,10476.0,10476.0,8801.0,8896.0,8914.0,6627.0,10476.0,10476.0,6167.0,10476.0,10476.0,2224.0,2693.0,2806.0,6712.0,10476.0,10476.0,6262.0,10476.0,10476.0,2343.0,2822.0,2941.0,6897.0,10476.0,10476.0,6474.0,10476.0,10476.0,2801.0,3245.0,3350.0
mandatory_missing__ni_k3_r4,0.0,11254.0,2947.0,4682.0,10025.0,685.0,208.0,253.0,349.0,780.0,12698.0,3198.0,2947.0,2354.0,12698.0,16498.0,3086.0,3435.0,4276.0,6864.0,12206.0,19824.0,5397.0,10476.0,19824.0,580.0,1149.0,2247.0,470.0,470.0,3336.0,995.0,3825.0,3825.0,976.0,2275.0,4668.0,6864.0,12206.0,19824.0,5397.0,10476.0,19824.0,580.0,1149.0,2247.0,12058.0,12856.0,19824.0,11254.0,11254.0,19824.0,11254.0,11254.0,12114.0,8526.0,13131.0,19824.0,7336.0,11676.0,19824.0,3370.0,3840.0,4751.0,9689.0,13826.0,19824.0,8622.0,12528.0,19824.0,5057.0,5489.0,6315.0,13355.0,15982.0,19824.0,12630.0,15134.0,19824.0,10277.0,10569.0,11104.0,7224.0,12410.0,19824.0,5832.0,10733.0,19824.0,1227.0,1775.0,2825.0,6984.0,12272.0,19824.0,5541.0,10560.0,19824.0,779.0,1341.0,2423.0,7065.0,12336.0,19824.0,5609.0,10623.0,19824.0,831.0,1395.0,2480.0,7141.0,12387.0,19824.0,5688.0,10683.0,19824.0,926.0,1490.0,2570.0,7488.0,12596.0,19824.0,6050.0,10931.0,19824.0,1350.0,1899.0,2956.0,15079.0,17062.0,19824.0,14573.0,16427.0,19824.0,12896.0,13100.0,13490.0,8727.0,13261.0,19824.0,7548.0,11823.0,19824.0,3619.0,4084.0,4982.0,8526.0,13131.0,19824.0,7336.0,11676.0,19824.0,3370.0,3840.0,4751.0,8194.0,12976.0,19824.0,6956.0,11455.0,19824.0,2807.0,3309.0,4257.0,15079.0,17062.0,19824.0,14573.0,16427.0,19824.0,12896.0,13100.0,13490.0,17614.0,18547.0,19824.0,17361.0,18252.0,19824.0,16577.0,16672.0,16845.0,8637.0,13209.0,19824.0,7450.0,11759.0,19824.0,3507.0,3976.0,4879.0,8955.0,13432.0,19824.0,7787.0,12001.0,19824.0,3868.0,4347.0,5246.0,9438.0,13689.0,19824.0,8338.0,12340.0,19824.0,4665.0,5109.0,5953.0
mandatory_missing__ni_k5_r1,0.0,580.0,157.0,205.0,328.0,38.0,9.0,2.0,3.0,10.0,382.0,159.0,157.0,127.0,382.0,501.0,159.0,147.0,191.0,580.0,580.0,580.0,580.0,580.0,580.0,580.0,580.0,580.0,82.0,82.0,323.0,232.0,439.0,439.0,205.0,313.0,412.0,580.0,580.0,580.0,580.0,580.0,580.0,580.0,580.0,580.0,580.0,580.0,580.0,580.0,580.0,580.0,580.0,580.0,580.0,580.0,580.0,580.0,580.0,580.0,580.0,580.0,580.0,580.0,580.0,580.0,580.0,580.0,580.0,580.0,580.0,580.0,580.0,580.0,580.0,580.0,580.0,580.0,580.0,580.0,580.0,580.0,580.0,580.0,580.0,580.0,580.0,580.0,580.0,580.0,580.0,580.0,580.0,580.0,580.0,580.0,580.0,580.0,580.0,580.0,580.0,580.0,580.0,580.0,580.0,580.0,580.0,580.0,580.0,580.0,580.0,580.0,580.0,580.0,580.0,580.0,580.0,580.0,580.0,580.0,580.0,580.0,580.0,580.0,580.0,580.0,580.0,580.0,580.0,580.0,580.0,580.0,580.0,580.0,580.0,580.0,580.0,580.0,580.0,580.0,580.0,580.0,580.0,580.0,580.0,580.0,580.0,580.0,580.0,580.0,580.0,580.0,580.0,580.0,580.0,580.0,580.0,580.0,580.0,580.0,580.0,580.0,580.0,580.0,580.0,580.0,580.0,580.0,580.0,580.0,580.0,580.0,580.0,580.0,580.0,580.0,580.0,580.0,580.0,580.0,580.0,580.0,580.0,580.0,580.0,580.0,580.0,580.0,580.0,580.0,580.0,580.0,580.0,580.0,580.0,580.0,580.0,580.0,580.0,580.0,580.0,580.0,580.0,580.0,580.0,580.0,580.0,580.0
mandatory_missing__ni_k5_r2,0.0,1149.0,256.0,342.0,605.0,59.0,16.0,7.0,8.0,30.0,747.0,263.0,256.0,194.0,747.0,975.0,259.0,237.0,316.0,706.0,1149.0,1149.0,629.0,1149.0,1149.0,580.0,1149.0,1149.0,90.0,90.0,417.0,294.0,644.0,644.0,387.0,597.0,802.0,706.0,1149.0,1149.0,629.0,1149.0,1149.0,580.0,1149.0,1149.0,1149.0,1149.0,1149.0,1149.0,1149.0,1149.0,1149.0,1149.0,1149.0,772.0,1149.0,1149.0,719.0,1149.0,1149.0,679.0,1149.0,1149.0,804.0,1149.0,1149.0,755.0,1149.0,1149.0,717.0,1149.0,1149.0,921.0,1149.0,1149.0,886.0,1149.0,1149.0,857.0,1149.0,1149.0,722.0,1149.0,1149.0,649.0,1149.0,1149.0,601.0,1149.0,1149.0,712.0,1149.0,1149.0,636.0,1149.0,1149.0,587.0,1149.0,1149.0,710.0,1149.0,1149.0,634.0,1149.0,1149.0,585.0,1149.0,1149.0,710.0,1149.0,1149.0,634.0,1149.0,1149.0,585.0,1149.0,1149.0,724.0,1149.0,1149.0,648.0,1149.0,1149.0,600.0,1149.0,1149.0,984.0,1149.0,1149.0,962.0,1149.0,1149.0,945.0,1149.0,1149.0,776.0,1149.0,1149.0,724.0,1149.0,1149.0,684.0,1149.0,1149.0,772.0,1149.0,1149.0,719.0,1149.0,1149.0,679.0,1149.0,1149.0,746.0,1149.0,1149.0,690.0,1149.0,1149.0,647.0,1149.0,1149.0,984.0,1149.0,1149.0,962.0,1149.0,1149.0,945.0,1149.0,1149.0,1074.0,1149.0,1149.0,1062.0,1149.0,1149.0,1054.0,1149.0,1149.0,773.0,1149.0,1149.0,720.0,1149.0,1149.0,680.0,1149.0,1149.0,764.0,1149.0,1149.0,712.0,1149.0,1149.0,670.0,1149.0,1149.0,793.0,1149.0,1149.0,744.0,1149.0,1149.0,705.0,1149.0,1149.0
mandatory_missing__ni_k5_r4,0.0,1387.0,443.0,614.0,1168.0,107.0,32.0,20.0,26.0,71.0,1455.0,463.0,443.0,344.0,1455.0,1900.0,454.0,436.0,570.0,902.0,1504.0,2247.0,695.0,1291.0,2247.0,580.0,1149.0,2247.0,102.0,102.0,529.0,332.0,777.0,777.0,560.0,923.0,1364.0,902.0,1504.0,2247.0,695.0,1291.0,2247.0,580.0,1149.0,2247.0,1488.0,1577.0,2247.0,1387.0,1387.0,2247.0,1387.0,1387.0,2247.0,1112.0,1619.0,2247.0,959.0,1449.0,2247.0,866.0,1336.0,2247.0,1218.0,1678.0,2247.0,1075.0,1524.0,2247.0,989.0,1421.0,2247.0,1587.0,1884.0,2247.0,1485.0,1782.0,2247.0,1420.0,1712.0,2247.0,953.0,1533.0,2247.0,758.0,1330.0,2247.0,649.0,1197.0,2247.0,920.0,1513.0,2247.0,716.0,1303.0,2247.0,603.0,1165.0,2247.0,919.0,1515.0,2247.0,713.0,1304.0,2247.0,598.0,1162.0,2247.0,922.0,1518.0,2247.0,717.0,1308.0,2247.0,603.0,1167.0,2247.0,958.0,1538.0,2247.0,754.0,1330.0,2247.0,641.0,1190.0,2247.0,1765.0,1988.0,2247.0,1696.0,1906.0,2247.0,1653.0,1857.0,2247.0,1129.0,1630.0,2247.0,977.0,1462.0,2247.0,884.0,1349.0,2247.0,1112.0,1619.0,2247.0,959.0,1449.0,2247.0,866.0,1336.0,2247.0,1061.0,1604.0,2247.0,898.0,1422.0,2247.0,797.0,1299.0,2247.0,1765.0,1988.0,2247.0,1696.0,1906.0,2247.0,1653.0,1857.0,2247.0,2033.0,2129.0,2247.0,1997.0,2092.0,2247.0,1979.0,2074.0,2247.0,1121.0,1627.0,2247.0,968.0,1457.0,2247.0,875.0,1344.0,2247.0,1126.0,1642.0,2247.0,968.0,1467.0,2247.0,869.0,1348.0,2247.0,1192.0,1668.0,2247.0,1047.0,1508.0,2247.0,959.0,1403.0,2247.0
legacy_current_default__ni_k2_r1,0.0,35000.0,10669.0,14188.0,24037.0,6335.0,2778.0,367.0,493.0,1028.0,35079.0,11030.0,10669.0,9568.0,35079.0,42397.0,10902.0,10854.0,13291.0,21651.0,27198.0,29543.0,5397.0,10476.0,12058.0,580.0,1149.0,1488.0,785.0,785.0,8627.0,1080.0,4616.0,4616.0,894.0,2015.0,4154.0,21651.0,27198.0,29543.0,5397.0,10476.0,12058.0,580.0,1149.0,1488.0,49431.0,49431.0,49431.0,35000.0,35000.0,35804.0,35000.0,35000.0,35101.0,28858.0,33462.0,35087.0,15058.0,19398.0,20610.0,11092.0,11562.0,11817.0,30495.0,34640.0,36114.0,18128.0,22034.0,23125.0,14563.0,14995.0,15228.0,34839.0,37564.0,38703.0,26642.0,29146.0,29916.0,24289.0,24581.0,24748.0,27215.0,32381.0,34175.0,11482.0,16383.0,17769.0,6877.0,7425.0,7724.0,24196.0,29605.0,31743.0,8111.0,13130.0,14643.0,3349.0,3911.0,4235.0,21870.0,27355.0,29684.0,5723.0,10737.0,12312.0,945.0,1509.0,1847.0,21936.0,27397.0,29723.0,5832.0,10827.0,12399.0,1070.0,1634.0,1970.0,22249.0,27592.0,29892.0,6298.0,11179.0,12732.0,1598.0,2147.0,2480.0,42656.0,44547.0,45092.0,36954.0,38808.0,39248.0,35277.0,35481.0,35584.0,29073.0,33615.0,35224.0,15380.0,19655.0,20860.0,11451.0,11916.0,12170.0,28858.0,33462.0,35087.0,15058.0,19398.0,20610.0,11092.0,11562.0,11817.0,28532.0,33289.0,34948.0,14170.0,18669.0,19923.0,10021.0,10523.0,10793.0,42656.0,44547.0,45092.0,36954.0,38808.0,39248.0,35277.0,35481.0,35584.0,46015.0,46907.0,47150.0,43260.0,44151.0,44359.0,42476.0,42571.0,42616.0,29006.0,33576.0,35189.0,15266.0,19575.0,20785.0,11323.0,11792.0,12046.0,28726.0,33221.0,34891.0,15206.0,19420.0,20622.0,11287.0,11766.0,12028.0,30148.0,34398.0,35912.0,17353.0,21355.0,22483.0,13680.0,14124.0,14362.0
legacy_current_default__ni_k2_r2,0.0,35000.0,12064.0,16769.0,30403.0,6452.0,2801.0,563.0,759.0,1624.0,43424.0,12621.0,12064.0,10634.0,43424.0,53283.0,12393.0,12748.0,15615.0,21651.0,40529.0,42874.0,5397.0,10476.0,12856.0,580.0,1149.0,1577.0,785.0,785.0,8627.0,1094.0,5060.0,5060.0,945.0,2220.0,4806.0,21651.0,40529.0,42874.0,5397.0,10476.0,12856.0,580.0,1149.0,1577.0,49431.0,62762.0,62762.0,35000.0,35000.0,36602.0,35000.0,35000.0,35190.0,30253.0,46793.0,48418.0,16453.0,20793.0,22703.0,12487.0,12957.0,13289.0,33076.0,47971.0,49445.0,20709.0,24615.0,26324.0,17144.0,17576.0,17876.0,41205.0,50895.0,52034.0,33008.0,35512.0,36676.0,30655.0,30947.0,31156.0,27332.0,45712.0,47506.0,11599.0,16500.0,18679.0,6994.0,7542.0,7929.0,24219.0,42936.0,45074.0,8134.0,13153.0,15462.0,3372.0,3934.0,4347.0,22066.0,40686.0,43015.0,5919.0,10933.0,13293.0,1141.0,1705.0,2130.0,22202.0,40728.0,43054.0,6098.0,11093.0,13444.0,1336.0,1900.0,2323.0,22845.0,40923.0,43223.0,6894.0,11775.0,14079.0,2194.0,2743.0,3162.0,51001.0,57878.0,58423.0,45299.0,47153.0,47913.0,43622.0,43826.0,43966.0,30664.0,46946.0,48555.0,16971.0,21246.0,23136.0,13042.0,13507.0,13836.0,30253.0,46793.0,48418.0,16453.0,20793.0,22703.0,12487.0,12957.0,13289.0,29598.0,46620.0,48279.0,15236.0,19735.0,21721.0,11087.0,11589.0,11942.0,51001.0,57878.0,58423.0,45299.0,47153.0,47913.0,43622.0,43826.0,43966.0,56901.0,60238.0,60481.0,54146.0,55037.0,55390.0,53362.0,53457.0,53517.0,30497.0,46907.0,48520.0,16757.0,21066.0,22969.0,12814.0,13283.0,13614.0,30620.0,46552.0,48222.0,17100.0,21314.0,23198.0,13181.0,13660.0,13999.0,32472.0,47729.0,49243.0,19677.0,23679.0,25451.0,16004.0,16448.0,16757.0
legacy_current_default__ni_k2_r4,0.0,35000.0,14879.0,22299.0,44544.0,6667.0,2846.0,1016.0,1360.0,2963.0,61869.0,15889.0,14879.0,12810.0,61869.0,77484.0,15443.0,16730.0,20499.0,21651.0,40529.0,72373.0,5397.0,10476.0,19824.0,580.0,1149.0,2247.0,785.0,785.0,8627.0,1094.0,5060.0,5060.0,1004.0,2496.0,5929.0,21651.0,40529.0,72373.0,5397.0,10476.0,19824.0,580.0,1149.0,2247.0,49431.0,62762.0,92261.0,35000.0,35000.0,43570.0,35000.0,35000.0,35860.0,33068.0,49608.0,77917.0,19268.0,23608.0,31756.0,15302.0,15772.0,16683.0,38606.0,53501.0,78944.0,26239.0,30145.0,37441.0,22674.0,23106.0,23932.0,55346.0,65036.0,81533.0,47149.0,49653.0,54343.0,44796.0,45088.0,45623.0,27547.0,45927.0,77005.0,11814.0,16715.0,25806.0,7209.0,7757.0,8807.0,24264.0,42981.0,74573.0,8179.0,13198.0,22462.0,3417.0,3979.0,5061.0,22519.0,41139.0,72514.0,6372.0,11386.0,20587.0,1594.0,2158.0,3243.0,22803.0,41329.0,72553.0,6699.0,11694.0,20835.0,1937.0,2501.0,3581.0,24184.0,42262.0,72722.0,8233.0,13114.0,22007.0,3533.0,4082.0,5139.0,69446.0,76323.0,87922.0,63744.0,65598.0,68995.0,62067.0,62271.0,62661.0,33932.0,50214.0,78054.0,20239.0,24514.0,32515.0,16310.0,16775.0,17673.0,33068.0,49608.0,77917.0,19268.0,23608.0,31756.0,15302.0,15772.0,16683.0,31774.0,48796.0,77778.0,17412.0,21911.0,30280.0,13263.0,13765.0,14713.0,69446.0,76323.0,87922.0,63744.0,65598.0,68995.0,62067.0,62271.0,62661.0,81102.0,84439.0,89980.0,78347.0,79238.0,80810.0,77563.0,77658.0,77831.0,33547.0,49957.0,78019.0,19807.0,24116.0,32181.0,15864.0,16333.0,17236.0,34602.0,50534.0,77721.0,21082.0,25296.0,33119.0,17163.0,17642.0,18541.0,37356.0,52613.0,78742.0,24561.0,28563.0,36047.0,20888.0,21332.0,22176.0
legacy_current_default__ni_k3_r1,0.0,35000.0,8770.0,10971.0,16938.0,6175.0,2742.0,271.0,358.0,749.0,25858.0,9035.0,8770.0,8196.0,25858.0,30477.0,8949.0,8654.0,10476.0,7220.0,12767.0,15112.0,5397.0,10476.0,11254.0,580.0,1149.0,1387.0,476.0,476.0,3436.0,998.0,3730.0,3730.0,801.0,1697.0,3196.0,7220.0,12767.0,15112.0,5397.0,10476.0,11254.0,580.0,1149.0,1387.0,35000.0,35000.0,35000.0,35000.0,35000.0,35000.0,35000.0,35000.0,35000.0,14427.0,19031.0,20656.0,13159.0,17499.0,18029.0,9193.0,9663.0,9837.0,16064.0,20209.0,21683.0,14911.0,18817.0,19296.0,11346.0,11778.0,11935.0,20408.0,23133.0,24272.0,19543.0,22047.0,22416.0,17190.0,17482.0,17597.0,12784.0,17950.0,19744.0,11322.0,16223.0,16818.0,6717.0,7265.0,7465.0,9765.0,15174.0,17312.0,8075.0,13094.0,13805.0,3313.0,3875.0,4098.0,7439.0,12924.0,15253.0,5627.0,10641.0,11416.0,849.0,1413.0,1650.0,7505.0,12966.0,15292.0,5697.0,10692.0,11467.0,935.0,1499.0,1735.0,7818.0,13161.0,15461.0,6019.0,10900.0,11667.0,1319.0,1868.0,2102.0,28225.0,30116.0,30661.0,27733.0,29587.0,29743.0,26056.0,26260.0,26324.0,14642.0,19184.0,20793.0,13385.0,17660.0,18187.0,9456.0,9921.0,10094.0,14427.0,19031.0,20656.0,13159.0,17499.0,18029.0,9193.0,9663.0,9837.0,14101.0,18858.0,20517.0,12798.0,17297.0,17839.0,8649.0,9151.0,9335.0,28225.0,30116.0,30661.0,27733.0,29587.0,29743.0,26056.0,26260.0,26324.0,31584.0,32476.0,32719.0,31340.0,32231.0,32305.0,30556.0,30651.0,30676.0,14575.0,19145.0,20758.0,13313.0,17622.0,18150.0,9370.0,9839.0,10012.0,14295.0,18790.0,20460.0,13006.0,17220.0,17753.0,9087.0,9566.0,9744.0,15717.0,19967.0,21481.0,14538.0,18540.0,19032.0,10865.0,11309.0,11469.0
legacy_current_default__ni_k3_r2,0.0,35000.0,8770.0,10971.0,16938.0,6175.0,2742.0,271.0,358.0,749.0,25858.0,9035.0,8770.0,8196.0,25858.0,30477.0,8949.0,8654.0,10476.0,7220.0,12767.0,15112.0,5397.0,10476.0,11254.0,580.0,1149.0,1387.0,476.0,476.0,3436.0,998.0,3730.0,3730.0,801.0,1697.0,3196.0,7220.0,12767.0,15112.0,5397.0,10476.0,11254.0,580.0,1149.0,1387.0,35000.0,35000.0,35000.0,35000.0,35000.0,35000.0,35000.0,35000.0,35000.0,14427.0,19031.0,20656.0,13159.0,17499.0,18029.0,9193.0,9663.0,9837.0,16064.0,20209.0,21683.0,14911.0,18817.0,19296.0,11346.0,11778.0,11935.0,20408.0,23133.0,24272.0,19543.0,22047.0,22416.0,17190.0,17482.0,17597.0,12784.0,17950.0,19744.0,11322.0,16223.0,16818.0,6717.0,7265.0,7465.0,9765.0,15174.0,17312.0,8075.0,13094.0,13805.0,3313.0,3875.0,4098.0,7439.0,12924.0,15253.0,5627.0,10641.0,11416.0,849.0,1413.0,1650.0,7505.0,12966.0,15292.0,5697.0,10692.0,11467.0,935.0,1499.0,1735.0,7818.0,13161.0,15461.0,6019.0,10900.0,11667.0,1319.0,1868.0,2102.0,28225.0,30116.0,30661.0,27733.0,29587.0,29743.0,26056.0,26260.0,26324.0,14642.0,19184.0,20793.0,13385.0,17660.0,18187.0,9456.0,9921.0,10094.0,14427.0,19031.0,20656.0,13159.0,17499.0,18029.0,9193.0,9663.0,9837.0,14101.0,18858.0,20517.0,12798.0,17297.0,17839.0,8649.0,9151.0,9335.0,28225.0,30116.0,30661.0,27733.0,29587.0,29743.0,26056.0,26260.0,26324.0,31584.0,32476.0,32719.0,31340.0,32231.0,32305.0,30556.0,30651.0,30676.0,14575.0,19145.0,20758.0,13313.0,17622.0,18150.0,9370.0,9839.0,10012.0,14295.0,18790.0,20460.0,13006.0,17220.0,17753.0,9087.0,9566.0,9744.0,15717.0,19967.0,21481.0,14538.0,18540.0,19032.0,10865.0,11309.0,11469.0
legacy_current_default__ni_k3_r4,0.0,35000.0,9722.0,12724.0,21187.0,6249.0,2759.0,415.0,562.0,1193.0,31187.0,10131.0,9722.0,8939.0,31187.0,37549.0,9982.0,9934.0,12054.0,8024.0,14369.0,23682.0,5397.0,10476.0,19824.0,580.0,1149.0,2247.0,497.0,497.0,3787.0,1004.0,3935.0,3935.0,978.0,2294.0,4778.0,8024.0,14369.0,23682.0,5397.0,10476.0,19824.0,580.0,1149.0,2247.0,35804.0,36602.0,43570.0,35000.0,35000.0,43570.0,35000.0,35000.0,35860.0,16061.0,21363.0,29226.0,14111.0,18451.0,26599.0,10145.0,10615.0,11526.0,18429.0,23192.0,30253.0,16664.0,20570.0,27866.0,13099.0,13531.0,14357.0,25058.0,28177.0,32842.0,23792.0,26296.0,30986.0,21439.0,21731.0,22266.0,13649.0,19608.0,28314.0,11396.0,16297.0,25388.0,6791.0,7339.0,8389.0,10584.0,16789.0,25882.0,8092.0,13111.0,22375.0,3330.0,3892.0,4974.0,8383.0,14653.0,23823.0,5771.0,10785.0,19986.0,993.0,1557.0,2642.0,8506.0,14746.0,23862.0,5901.0,10896.0,20037.0,1139.0,1703.0,2783.0,9048.0,15142.0,24031.0,6463.0,11344.0,20237.0,1763.0,2312.0,3369.0,33838.0,36049.0,39231.0,33062.0,34916.0,38313.0,31385.0,31589.0,31979.0,16416.0,21643.0,29363.0,14481.0,18756.0,26757.0,10552.0,11017.0,11915.0,16061.0,21363.0,29226.0,14111.0,18451.0,26599.0,10145.0,10615.0,11526.0,15556.0,21045.0,29087.0,13541.0,18040.0,26409.0,9392.0,9894.0,10842.0,33838.0,36049.0,39231.0,33062.0,34916.0,38313.0,31385.0,31589.0,31979.0,38790.0,39827.0,41289.0,38412.0,39303.0,40875.0,37628.0,37723.0,37896.0,16290.0,21553.0,29328.0,14346.0,18655.0,26720.0,10403.0,10872.0,11775.0,16244.0,21421.0,29030.0,14286.0,18500.0,26323.0,10367.0,10846.0,11745.0,17931.0,22825.0,30051.0,16116.0,20118.0,27602.0,12443.0,12887.0,13731.0
legacy_current_default__ni_k5_r1,0.0,35000.0,8770.0,10971.0,16938.0,6175.0,2742.0,271.0,358.0,749.0,25858.0,9035.0,8770.0,8196.0,25858.0,30477.0,8949.0,8654.0,10476.0,7220.0,12767.0,15112.0,5397.0,10476.0,11254.0,580.0,1149.0,1387.0,476.0,476.0,3436.0,998.0,3730.0,3730.0,801.0,1697.0,3196.0,7220.0,12767.0,15112.0,5397.0,10476.0,11254.0,580.0,1149.0,1387.0,35000.0,35000.0,35000.0,35000.0,35000.0,35000.0,35000.0,35000.0,35000.0,14427.0,19031.0,20656.0,13159.0,17499.0,18029.0,9193.0,9663.0,9837.0,16064.0,20209.0,21683.0,14911.0,18817.0,19296.0,11346.0,11778.0,11935.0,20408.0,23133.0,24272.0,19543.0,22047.0,22416.0,17190.0,17482.0,17597.0,12784.0,17950.0,19744.0,11322.0,16223.0,16818.0,6717.0,7265.0,7465.0,9765.0,15174.0,17312.0,8075.0,13094.0,13805.0,3313.0,3875.0,4098.0,7439.0,12924.0,15253.0,5627.0,10641.0,11416.0,849.0,1413.0,1650.0,7505.0,12966.0,15292.0,5697.0,10692.0,11467.0,935.0,1499.0,1735.0,7818.0,13161.0,15461.0,6019.0,10900.0,11667.0,1319.0,1868.0,2102.0,28225.0,30116.0,30661.0,27733.0,29587.0,29743.0,26056.0,26260.0,26324.0,14642.0,19184.0,20793.0,13385.0,17660.0,18187.0,9456.0,9921.0,10094.0,14427.0,19031.0,20656.0,13159.0,17499.0,18029.0,9193.0,9663.0,9837.0,14101.0,18858.0,20517.0,12798.0,17297.0,17839.0,8649.0,9151.0,9335.0,28225.0,30116.0,30661.0,27733.0,29587.0,29743.0,26056.0,26260.0,26324.0,31584.0,32476.0,32719.0,31340.0,32231.0,32305.0,30556.0,30651.0,30676.0,14575.0,19145.0,20758.0,13313.0,17622.0,18150.0,9370.0,9839.0,10012.0,14295.0,18790.0,20460.0,13006.0,17220.0,17753.0,9087.0,9566.0,9744.0,15717.0,19967.0,21481.0,14538.0,18540.0,19032.0,10865.0,11309.0,11469.0
legacy_current_default__ni_k5_r2,0.0,35000.0,8770.0,10971.0,16938.0,6175.0,2742.0,271.0,358.0,749.0,25858.0,9035.0,8770.0,8196.0,25858.0,30477.0,8949.0,8654.0,10476.0,7220.0,12767.0,15112.0,5397.0,10476.0,11254.0,580.0,1149.0,1387.0,476.0,476.0,3436.0,998.0,3730.0,3730.0,801.0,1697.0,3196.0,7220.0,12767.0,15112.0,5397.0,10476.0,11254.0,580.0,1149.0,1387.0,35000.0,35000.0,35000.0,35000.0,35000.0,35000.0,35000.0,35000.0,35000.0,14427.0,19031.0,20656.0,13159.0,17499.0,18029.0,9193.0,9663.0,9837.0,16064.0,20209.0,21683.0,14911.0,18817.0,19296.0,11346.0,11778.0,11935.0,20408.0,23133.0,24272.0,19543.0,22047.0,22416.0,17190.0,17482.0,17597.0,12784.0,17950.0,19744.0,11322.0,16223.0,16818.0,6717.0,7265.0,7465.0,9765.0,15174.0,17312.0,8075.0,13094.0,13805.0,3313.0,3875.0,4098.0,7439.0,12924.0,15253.0,5627.0,10641.0,11416.0,849.0,1413.0,1650.0,7505.0,12966.0,15292.0,5697.0,10692.0,11467.0,935.0,1499.0,1735.0,7818.0,13161.0,15461.0,6019.0,10900.0,11667.0,1319.0,1868.0,2102.0,28225.0,30116.0,30661.0,27733.0,29587.0,29743.0,26056.0,26260.0,26324.0,14642.0,19184.0,20793.0,13385.0,17660.0,18187.0,9456.0,9921.0,10094.0,14427.0,19031.0,20656.0,13159.0,17499.0,18029.0,9193.0,9663.0,9837.0,14101.0,18858.0,20517.0,12798.0,17297.0,17839.0,8649.0,9151.0,9335.0,28225.0,30116.0,30661.0,27733.0,29587.0,29743.0,26056.0,26260.0,26324.0,31584.0,32476.0,32719.0,31340.0,32231.0,32305.0,30556.0,30651.0,30676.0,14575.0,19145.0,20758.0,13313.0,17622.0,18150.0,9370.0,9839.0,10012.0,14295.0,18790.0,20460.0,13006.0,17220.0,17753.0,9087.0,9566.0,9744.0,15717.0,19967.0,21481.0,14538.0,18540.0,19032.0,10865.0,11309.0,11469.0
legacy_current_default__ni_k5_r4,0.0,35000.0,8893.0,11162.0,17378.0,6185.0,2743.0,283.0,374.0,786.0,26392.0,9170.0,8893.0,8292.0,26392.0,31189.0,9079.0,8793.0,10652.0,7321.0,12957.0,15972.0,5397.0,10476.0,12114.0,580.0,1149.0,2247.0,482.0,482.0,3486.0,1000.0,3769.0,3769.0,900.0,1903.0,3594.0,7321.0,12957.0,15972.0,5397.0,10476.0,12114.0,580.0,1149.0,2247.0,35101.0,35190.0,35860.0,35000.0,35000.0,35860.0,35000.0,35000.0,35860.0,14631.0,19312.0,21516.0,13282.0,17622.0,18889.0,9316.0,9786.0,10697.0,16331.0,20543.0,22543.0,15102.0,19008.0,20156.0,11537.0,11969.0,12795.0,20900.0,23667.0,25132.0,19983.0,22487.0,23276.0,17630.0,17922.0,18457.0,12893.0,18147.0,20604.0,11332.0,16233.0,17678.0,6727.0,7275.0,8325.0,9867.0,15365.0,18172.0,8076.0,13095.0,14665.0,3314.0,3876.0,4958.0,7552.0,13124.0,16113.0,5639.0,10653.0,12276.0,861.0,1425.0,2510.0,7621.0,13169.0,16152.0,5713.0,10708.0,12327.0,951.0,1515.0,2595.0,7954.0,13383.0,16321.0,6056.0,10937.0,12527.0,1356.0,1905.0,2962.0,28798.0,30726.0,31521.0,28267.0,30121.0,30603.0,26590.0,26794.0,27184.0,14858.0,19475.0,21653.0,13520.0,17795.0,19047.0,9591.0,10056.0,10954.0,14631.0,19312.0,21516.0,13282.0,17622.0,18889.0,9316.0,9786.0,10697.0,14283.0,19123.0,21377.0,12894.0,17393.0,18699.0,8745.0,9247.0,10195.0,28798.0,30726.0,31521.0,28267.0,30121.0,30603.0,26590.0,26794.0,27184.0,32316.0,33223.0,33579.0,32052.0,32943.0,33165.0,31268.0,31363.0,31536.0,14786.0,19433.0,21618.0,13443.0,17752.0,19010.0,9500.0,9969.0,10872.0,14518.0,19090.0,21320.0,13145.0,17359.0,18613.0,9226.0,9705.0,10604.0,15971.0,20292.0,22341.0,14714.0,18716.0,19892.0,11041.0,11485.0,12329.0
bl_span_practical__ni_k2_r1,0.0,14427.0,39443.0,41325.0,46830.0,8335.0,3328.0,162.0,227.0,468.0,38377.0,39589.0,39443.0,28378.0,38377.0,54014.0,39528.0,28085.0,40775.0,21651.0,23989.0,27524.0,5397.0,6599.0,8526.0,580.0,772.0,1112.0,785.0,785.0,8627.0,1013.0,3807.0,3807.0,753.0,1678.0,3471.0,21651.0,23989.0,27524.0,5397.0,6599.0,8526.0,580.0,772.0,1112.0,28858.0,30253.0,33068.0,14427.0,14427.0,16061.0,14427.0,14427.0,14631.0,57632.0,57632.0,57632.0,43832.0,44295.0,45022.0,39866.0,39959.0,40112.0,57632.0,57632.0,57632.0,45265.0,45679.0,46332.0,41700.0,41787.0,41929.0,57632.0,57632.0,57632.0,49435.0,49724.0,50160.0,47082.0,47146.0,47249.0,29215.0,31055.0,33824.0,13482.0,14506.0,16176.0,8877.0,9048.0,9340.0,24746.0,26923.0,30206.0,8661.0,9803.0,11646.0,3899.0,4084.0,4408.0,21665.0,24003.0,27538.0,5518.0,6713.0,8636.0,740.0,931.0,1271.0,21670.0,24008.0,27542.0,5566.0,6761.0,8681.0,804.0,995.0,1333.0,21689.0,24026.0,27557.0,5738.0,6928.0,8837.0,1038.0,1228.0,1565.0,45954.0,46658.0,47741.0,40252.0,40645.0,41252.0,38575.0,38644.0,38754.0,57632.0,57632.0,57632.0,43939.0,44395.0,45118.0,40010.0,40102.0,40255.0,57632.0,57632.0,57632.0,43832.0,44295.0,45022.0,39866.0,39959.0,40112.0,47342.0,47954.0,48874.0,32980.0,33630.0,34661.0,28831.0,28957.0,29155.0,45954.0,46658.0,47741.0,40252.0,40645.0,41252.0,38575.0,38644.0,38754.0,57632.0,57632.0,57632.0,54877.0,54984.0,55130.0,54093.0,54113.0,54147.0,57632.0,57632.0,57632.0,43892.0,44352.0,45079.0,39949.0,40042.0,40195.0,45957.0,46661.0,47744.0,32437.0,33079.0,34099.0,28518.0,28642.0,28842.0,57632.0,57632.0,57632.0,44837.0,45260.0,45937.0,41164.0,41252.0,41397.0
bl_span_practical__ni_k2_r2,0.0,19031.0,39443.0,42970.0,53680.0,8335.0,3328.0,420.0,579.0,1267.0,48744.0,39847.0,39443.0,28508.0,48744.0,67217.0,39658.0,29397.0,42058.0,21651.0,40529.0,44064.0,5397.0,10476.0,13131.0,580.0,1149.0,1619.0,785.0,785.0,8627.0,1094.0,5060.0,5060.0,946.0,2235.0,4891.0,21651.0,40529.0,44064.0,5397.0,10476.0,13131.0,580.0,1149.0,1619.0,33462.0,46793.0,49608.0,19031.0,19031.0,21363.0,19031.0,19031.0,19312.0,57632.0,74172.0,74172.0,43832.0,48172.0,49627.0,39866.0,40336.0,40619.0,59277.0,74172.0,74172.0,46910.0,50816.0,52114.0,43345.0,43777.0,44034.0,64482.0,74172.0,74172.0,56285.0,58789.0,59637.0,53932.0,54224.0,54396.0,29215.0,47595.0,50364.0,13482.0,18383.0,20781.0,8877.0,9425.0,9847.0,24746.0,43463.0,46746.0,8661.0,13680.0,16251.0,3899.0,4461.0,4915.0,21923.0,40543.0,44078.0,5776.0,10790.0,13428.0,998.0,1562.0,2030.0,22022.0,40548.0,44082.0,5918.0,10913.0,13542.0,1156.0,1720.0,2186.0,22488.0,40566.0,44097.0,6537.0,11418.0,14008.0,1837.0,2386.0,2849.0,56321.0,63198.0,64281.0,50619.0,52473.0,53368.0,48942.0,49146.0,49303.0,57890.0,74172.0,74172.0,44197.0,48472.0,49910.0,40268.0,40733.0,41014.0,57632.0,74172.0,74172.0,43832.0,48172.0,49627.0,39866.0,40336.0,40619.0,47472.0,64494.0,65414.0,33110.0,37609.0,39363.0,28961.0,29463.0,29791.0,56321.0,63198.0,64281.0,50619.0,52473.0,53368.0,48942.0,49146.0,49303.0,70835.0,74172.0,74172.0,68080.0,68971.0,69266.0,67296.0,67391.0,67446.0,57762.0,74172.0,74172.0,44022.0,48331.0,49781.0,40079.0,40548.0,40831.0,47269.0,63201.0,64284.0,33749.0,37963.0,39654.0,29830.0,30309.0,30629.0,58915.0,74172.0,74172.0,46120.0,50122.0,51471.0,42447.0,42891.0,43156.0
bl_span_practical__ni_k2_r4,0.0,20656.0,39443.0,45836.0,65492.0,8335.0,3328.0,889.0,1198.0,2647.0,66537.0,40316.0,39443.0,28755.0,66537.0,89985.0,39905.0,31602.0,44238.0,21651.0,40529.0,72373.0,5397.0,10476.0,19824.0,580.0,1149.0,2247.0,785.0,785.0,8627.0,1094.0,5060.0,5060.0,1004.0,2496.0,5936.0,21651.0,40529.0,72373.0,5397.0,10476.0,19824.0,580.0,1149.0,2247.0,35087.0,48418.0,77917.0,20656.0,20656.0,29226.0,20656.0,20656.0,21516.0,57632.0,74172.0,102481.0,43832.0,48172.0,56320.0,39866.0,40336.0,41247.0,62143.0,77038.0,102481.0,49776.0,53682.0,60978.0,46211.0,46643.0,47469.0,76294.0,85984.0,102481.0,68097.0,70601.0,75291.0,65744.0,66036.0,66571.0,29215.0,47595.0,78673.0,13482.0,18383.0,27474.0,8877.0,9425.0,10475.0,24746.0,43463.0,75055.0,8661.0,13680.0,22944.0,3899.0,4461.0,5543.0,22392.0,41012.0,72387.0,6245.0,11259.0,20460.0,1467.0,2031.0,3116.0,22641.0,41167.0,72391.0,6537.0,11532.0,20673.0,1775.0,2339.0,3419.0,23868.0,41946.0,72406.0,7917.0,12798.0,21691.0,3217.0,3766.0,4823.0,74114.0,80991.0,92590.0,68412.0,70266.0,73663.0,66735.0,66939.0,67329.0,58359.0,74641.0,102481.0,44666.0,48941.0,56942.0,40737.0,41202.0,42100.0,57632.0,74172.0,102481.0,43832.0,48172.0,56320.0,39866.0,40336.0,41247.0,47719.0,64741.0,93723.0,33357.0,37856.0,46225.0,29208.0,29710.0,30658.0,74114.0,80991.0,92590.0,68412.0,70266.0,73663.0,66735.0,66939.0,67329.0,93603.0,96940.0,102481.0,90848.0,91739.0,93311.0,90064.0,90159.0,90332.0,58009.0,74419.0,102481.0,44269.0,48578.0,56643.0,40326.0,40795.0,41698.0,49474.0,65406.0,92593.0,35954.0,40168.0,47991.0,32035.0,32514.0,33413.0,61095.0,76352.0,102481.0,48300.0,52302.0,59786.0,44627.0,45071.0,45915.0
bl_span_practical__ni_k3_r1,0.0,13159.0,39443.0,39892.0,41227.0,8335.0,3328.0,55.0,78.0,167.0,29550.0,39482.0,39443.0,28318.0,29550.0,42969.0,39468.0,27077.0,39770.0,7851.0,10189.0,13724.0,5397.0,6136.0,7336.0,580.0,719.0,959.0,499.0,499.0,3519.0,860.0,2712.0,2712.0,567.0,1215.0,2326.0,7851.0,10189.0,13724.0,5397.0,6136.0,7336.0,580.0,719.0,959.0,15058.0,16453.0,19268.0,13159.0,13159.0,14111.0,13159.0,13159.0,13282.0,43832.0,43832.0,43832.0,43832.0,43832.0,43832.0,39866.0,39906.0,39959.0,43832.0,43832.0,43832.0,43832.0,43832.0,43832.0,40267.0,40305.0,40353.0,43832.0,43832.0,43832.0,43832.0,43832.0,43832.0,41479.0,41508.0,41544.0,15415.0,17255.0,20024.0,13482.0,14043.0,14986.0,8877.0,8995.0,9187.0,10946.0,13123.0,16406.0,8661.0,9340.0,10456.0,3899.0,4031.0,4255.0,7865.0,10203.0,13738.0,5411.0,6150.0,7350.0,633.0,772.0,1012.0,7870.0,10208.0,13742.0,5417.0,6156.0,7356.0,655.0,794.0,1033.0,7889.0,10226.0,13757.0,5437.0,6175.0,7375.0,737.0,875.0,1114.0,32154.0,32858.0,33941.0,31425.0,31644.0,31987.0,29748.0,29798.0,29871.0,43832.0,43832.0,43832.0,43832.0,43832.0,43832.0,39903.0,39943.0,39996.0,43832.0,43832.0,43832.0,43832.0,43832.0,43832.0,39866.0,39906.0,39959.0,33542.0,34154.0,35074.0,32920.0,33110.0,33414.0,28771.0,28844.0,28942.0,32154.0,32858.0,33941.0,31425.0,31644.0,31987.0,29748.0,29798.0,29871.0,43832.0,43832.0,43832.0,43832.0,43832.0,43832.0,43048.0,43056.0,43066.0,43832.0,43832.0,43832.0,43832.0,43832.0,43832.0,39889.0,39929.0,39982.0,32157.0,32861.0,33944.0,31429.0,31648.0,31991.0,27510.0,27585.0,27689.0,43832.0,43832.0,43832.0,43832.0,43832.0,43832.0,40159.0,40198.0,40247.0
bl_span_practical__ni_k3_r2,0.0,17499.0,39443.0,40326.0,43063.0,8335.0,3328.0,120.0,162.0,364.0,32255.0,39547.0,39443.0,28349.0,32255.0,46418.0,39499.0,27422.0,40108.0,8314.0,14529.0,18064.0,5397.0,10476.0,11676.0,580.0,1149.0,1449.0,512.0,512.0,3867.0,1008.0,3846.0,3846.0,808.0,1749.0,3410.0,8314.0,14529.0,18064.0,5397.0,10476.0,11676.0,580.0,1149.0,1449.0,19398.0,20793.0,23608.0,17499.0,17499.0,18451.0,17499.0,17499.0,17622.0,44295.0,48172.0,48172.0,43832.0,48172.0,48172.0,39866.0,40336.0,40449.0,44680.0,48172.0,48172.0,44266.0,48172.0,48172.0,40701.0,41133.0,41236.0,45957.0,48172.0,48172.0,45668.0,48172.0,48172.0,43315.0,43607.0,43677.0,15878.0,21595.0,24364.0,13482.0,18383.0,19326.0,8877.0,9425.0,9677.0,11409.0,17463.0,20746.0,8661.0,13680.0,14796.0,3899.0,4461.0,4745.0,8386.0,14543.0,18078.0,5476.0,10490.0,11690.0,698.0,1262.0,1562.0,8410.0,14548.0,18082.0,5501.0,10496.0,11696.0,739.0,1303.0,1602.0,8538.0,14566.0,18097.0,5634.0,10515.0,11715.0,934.0,1483.0,1781.0,35033.0,37198.0,38281.0,34130.0,35984.0,36327.0,32453.0,32657.0,32747.0,44353.0,48172.0,48172.0,43897.0,48172.0,48172.0,39968.0,40433.0,40546.0,44295.0,48172.0,48172.0,43832.0,48172.0,48172.0,39866.0,40336.0,40449.0,34033.0,38494.0,39414.0,32951.0,37450.0,37754.0,28802.0,29304.0,29462.0,35033.0,37198.0,38281.0,34130.0,35984.0,36327.0,32453.0,32657.0,32747.0,47388.0,48172.0,48172.0,47281.0,48172.0,48172.0,46497.0,46592.0,46610.0,44323.0,48172.0,48172.0,43863.0,48172.0,48172.0,39920.0,40389.0,40502.0,32925.0,37201.0,38284.0,31774.0,35988.0,36331.0,27855.0,28334.0,28494.0,44593.0,48172.0,48172.0,44170.0,48172.0,48172.0,40497.0,40941.0,41046.0
bl_span_practical__ni_k3_r4,0.0,18029.0,39443.0,41178.0,46521.0,8335.0,3328.0,267.0,369.0,819.0,37349.0,39694.0,39443.0,28432.0,37349.0,52994.0,39582.0,28090.0,40772.0,9041.0,15984.0,26212.0,5397.0,10476.0,19824.0,580.0,1149.0,2247.0,529.0,529.0,4184.0,1012.0,4032.0,4032.0,980.0,2300.0,4855.0,9041.0,15984.0,26212.0,5397.0,10476.0,19824.0,580.0,1149.0,2247.0,20610.0,22703.0,31756.0,18029.0,18029.0,26599.0,18029.0,18029.0,18889.0,45022.0,49627.0,56320.0,43832.0,48172.0,56320.0,39866.0,40336.0,41247.0,46185.0,50322.0,56320.0,45118.0,49024.0,56320.0,41553.0,41985.0,42811.0,49851.0,52478.0,56320.0,49126.0,51630.0,56320.0,46773.0,47065.0,47600.0,16605.0,23050.0,32512.0,13482.0,18383.0,27474.0,8877.0,9425.0,10475.0,12136.0,18918.0,28894.0,8661.0,13680.0,22944.0,3899.0,4461.0,5543.0,9256.0,16128.0,26226.0,5623.0,10637.0,19838.0,845.0,1409.0,2494.0,9337.0,16184.0,26230.0,5708.0,10703.0,19844.0,946.0,1510.0,2590.0,9702.0,16411.0,26245.0,6089.0,10970.0,19863.0,1389.0,1938.0,2995.0,40391.0,42844.0,46429.0,39224.0,41078.0,44475.0,37547.0,37751.0,38141.0,45223.0,49757.0,56320.0,44044.0,48319.0,56320.0,40115.0,40580.0,41478.0,45022.0,49627.0,56320.0,43832.0,48172.0,56320.0,39866.0,40336.0,41247.0,34843.0,40027.0,47562.0,33034.0,37533.0,45902.0,28885.0,29387.0,30335.0,40391.0,42844.0,46429.0,39224.0,41078.0,44475.0,37547.0,37751.0,38141.0,54110.0,55043.0,56320.0,53857.0,54748.0,56320.0,53073.0,53168.0,53341.0,45133.0,49705.0,56320.0,43946.0,48255.0,56320.0,40003.0,40472.0,41375.0,34270.0,39217.0,46432.0,32442.0,36656.0,44479.0,28523.0,29002.0,29901.0,45934.0,50185.0,56320.0,44834.0,48836.0,56320.0,41161.0,41605.0,42449.0
bl_span_practical__ni_k5_r1,0.0,9193.0,39443.0,39491.0,39614.0,8335.0,3328.0,18.0,25.0,52.0,27010.0,39445.0,39443.0,28295.0,27010.0,39787.0,39445.0,26780.0,39477.0,3885.0,6223.0,9758.0,1431.0,2170.0,3370.0,580.0,679.0,866.0,232.0,232.0,1753.0,406.0,1260.0,1260.0,353.0,697.0,1352.0,3885.0,6223.0,9758.0,1431.0,2170.0,3370.0,580.0,679.0,866.0,11092.0,12487.0,15302.0,9193.0,9193.0,10145.0,9193.0,9193.0,9316.0,39866.0,39866.0,39866.0,39866.0,39866.0,39866.0,39866.0,39866.0,39866.0,39866.0,39866.0,39866.0,39866.0,39866.0,39866.0,39866.0,39866.0,39866.0,39866.0,39866.0,39866.0,39866.0,39866.0,39866.0,39866.0,39866.0,39866.0,11449.0,13289.0,16058.0,9516.0,10077.0,11020.0,8877.0,8955.0,9094.0,6980.0,9157.0,12440.0,4695.0,5374.0,6490.0,3899.0,3991.0,4162.0,3899.0,6237.0,9772.0,1445.0,2184.0,3384.0,596.0,695.0,882.0,3904.0,6242.0,9776.0,1451.0,2190.0,3390.0,602.0,701.0,888.0,3923.0,6260.0,9791.0,1471.0,2209.0,3409.0,622.0,721.0,908.0,28188.0,28892.0,29975.0,27459.0,27678.0,28021.0,27208.0,27244.0,27299.0,39866.0,39866.0,39866.0,39866.0,39866.0,39866.0,39866.0,39866.0,39866.0,39866.0,39866.0,39866.0,39866.0,39866.0,39866.0,39866.0,39866.0,39866.0,29576.0,30188.0,31108.0,28954.0,29144.0,29448.0,28748.0,28781.0,28826.0,28188.0,28892.0,29975.0,27459.0,27678.0,28021.0,27208.0,27244.0,27299.0,39866.0,39866.0,39866.0,39866.0,39866.0,39866.0,39866.0,39866.0,39866.0,39866.0,39866.0,39866.0,39866.0,39866.0,39866.0,39866.0,39866.0,39866.0,28191.0,28895.0,29978.0,27463.0,27682.0,28025.0,27213.0,27249.0,27304.0,39866.0,39866.0,39866.0,39866.0,39866.0,39866.0,39866.0,39866.0,39866.0
bl_span_practical__ni_k5_r2,0.0,9663.0,39443.0,39529.0,39792.0,8335.0,3328.0,23.0,30.0,72.0,27312.0,39450.0,39443.0,28296.0,27312.0,40162.0,39446.0,26807.0,39503.0,3978.0,6693.0,10228.0,1471.0,2640.0,3840.0,580.0,1149.0,1336.0,238.0,238.0,1823.0,458.0,1422.0,1422.0,494.0,918.0,1664.0,3978.0,6693.0,10228.0,1471.0,2640.0,3840.0,580.0,1149.0,1336.0,11562.0,12957.0,15772.0,9663.0,9663.0,10615.0,9663.0,9663.0,9786.0,39959.0,40336.0,40336.0,39906.0,40336.0,40336.0,39866.0,40336.0,40336.0,39991.0,40336.0,40336.0,39942.0,40336.0,40336.0,39904.0,40336.0,40336.0,40108.0,40336.0,40336.0,40073.0,40336.0,40336.0,40044.0,40336.0,40336.0,11542.0,13759.0,16528.0,9556.0,10547.0,11490.0,8877.0,9425.0,9564.0,7073.0,9627.0,12910.0,4735.0,5844.0,6960.0,3899.0,4461.0,4632.0,3996.0,6707.0,10242.0,1490.0,2654.0,3854.0,601.0,1165.0,1352.0,4001.0,6712.0,10246.0,1496.0,2660.0,3860.0,607.0,1171.0,1358.0,4034.0,6730.0,10261.0,1530.0,2679.0,3879.0,642.0,1191.0,1378.0,28523.0,29362.0,30445.0,27775.0,28148.0,28491.0,27510.0,27714.0,27769.0,39963.0,40336.0,40336.0,39911.0,40336.0,40336.0,39871.0,40336.0,40336.0,39959.0,40336.0,40336.0,39906.0,40336.0,40336.0,39866.0,40336.0,40336.0,29670.0,30658.0,31578.0,28995.0,29614.0,29918.0,28749.0,29251.0,29296.0,28523.0,29362.0,30445.0,27775.0,28148.0,28491.0,27510.0,27714.0,27769.0,40261.0,40336.0,40336.0,40249.0,40336.0,40336.0,40241.0,40336.0,40336.0,39960.0,40336.0,40336.0,39907.0,40336.0,40336.0,39867.0,40336.0,40336.0,28306.0,29365.0,30448.0,27529.0,28152.0,28495.0,27240.0,27719.0,27774.0,39980.0,40336.0,40336.0,39931.0,40336.0,40336.0,39892.0,40336.0,40336.0
bl_span_practical__ni_k5_r4,0.0,9837.0,39443.0,39614.0,40168.0,8335.0,3328.0,36.0,48.0,113.0,27888.0,39463.0,39443.0,28304.0,27888.0,40900.0,39454.0,26874.0,39570.0,4131.0,6976.0,11139.0,1524.0,2753.0,4751.0,580.0,1149.0,2247.0,247.0,247.0,1910.0,492.0,1533.0,1533.0,639.0,1184.0,2120.0,4131.0,6976.0,11139.0,1524.0,2753.0,4751.0,580.0,1149.0,2247.0,11817.0,13289.0,16683.0,9837.0,9837.0,11526.0,9837.0,9837.0,10697.0,40112.0,40619.0,41247.0,39959.0,40449.0,41247.0,39866.0,40336.0,41247.0,40218.0,40678.0,41247.0,40075.0,40524.0,41247.0,39989.0,40421.0,41247.0,40587.0,40884.0,41247.0,40485.0,40782.0,41247.0,40420.0,40712.0,41247.0,11695.0,14042.0,17439.0,9609.0,10660.0,12401.0,8877.0,9425.0,10475.0,7226.0,9910.0,13821.0,4788.0,5957.0,7871.0,3899.0,4461.0,5543.0,4162.0,7001.0,11153.0,1556.0,2780.0,4765.0,614.0,1178.0,2263.0,4170.0,7009.0,11157.0,1566.0,2790.0,4771.0,625.0,1189.0,2269.0,4225.0,7047.0,11172.0,1623.0,2831.0,4790.0,683.0,1232.0,2289.0,29154.0,30040.0,31356.0,28369.0,28759.0,29402.0,28086.0,28290.0,28680.0,40129.0,40630.0,41247.0,39977.0,40462.0,41247.0,39884.0,40349.0,41247.0,40112.0,40619.0,41247.0,39959.0,40449.0,41247.0,39866.0,40336.0,41247.0,29831.0,30949.0,32489.0,29056.0,29735.0,30829.0,28757.0,29259.0,30207.0,29154.0,30040.0,31356.0,28369.0,28759.0,29402.0,28086.0,28290.0,28680.0,41033.0,41129.0,41247.0,40997.0,41092.0,41247.0,40979.0,41074.0,41247.0,40121.0,40627.0,41247.0,39968.0,40457.0,41247.0,39875.0,40344.0,41247.0,28518.0,29697.0,31359.0,27645.0,28324.0,29406.0,27307.0,27786.0,28685.0,40192.0,40668.0,41247.0,40047.0,40508.0,41247.0,39959.0,40403.0,41247.0
bl_span_comfortable__ni_k2_r1,0.0,16064.0,39443.0,69306.0,74811.0,8335.0,3328.0,494.0,648.0,1483.0,57635.0,39921.0,39443.0,28586.0,57635.0,81995.0,39736.0,47556.0,60033.0,21651.0,25634.0,32035.0,5397.0,6984.0,9689.0,580.0,804.0,1218.0,785.0,785.0,8627.0,1023.0,3936.0,3936.0,783.0,1764.0,3730.0,21651.0,25634.0,32035.0,5397.0,6984.0,9689.0,580.0,804.0,1218.0,30495.0,33076.0,38606.0,16064.0,16064.0,18429.0,16064.0,16064.0,16331.0,57632.0,59277.0,62143.0,43832.0,44680.0,46185.0,39866.0,39991.0,40218.0,85613.0,85613.0,85613.0,73246.0,73660.0,74313.0,69681.0,69768.0,69910.0,85613.0,85613.0,85613.0,77416.0,77705.0,78141.0,75063.0,75127.0,75230.0,29215.0,32700.0,38335.0,13482.0,14891.0,17339.0,8877.0,9080.0,9446.0,24746.0,28568.0,34717.0,8661.0,10188.0,12809.0,3899.0,4116.0,4514.0,21997.0,25949.0,32312.0,5850.0,7423.0,10118.0,1072.0,1294.0,1708.0,22091.0,26035.0,32386.0,5987.0,7556.0,10242.0,1225.0,1447.0,1859.0,22704.0,26618.0,32892.0,6753.0,8307.0,10966.0,2053.0,2273.0,2683.0,65212.0,66398.0,68390.0,59510.0,60014.0,60860.0,57833.0,57914.0,58047.0,57964.0,59578.0,62406.0,44271.0,45105.0,46600.0,40342.0,40465.0,40692.0,57632.0,59277.0,62143.0,43832.0,44680.0,46185.0,39866.0,39991.0,40218.0,47550.0,49797.0,53559.0,33188.0,34219.0,36020.0,29039.0,29197.0,29469.0,65212.0,66398.0,68390.0,59510.0,60014.0,60860.0,57833.0,57914.0,58047.0,85613.0,85613.0,85613.0,82858.0,82965.0,83111.0,82074.0,82094.0,82128.0,57840.0,59475.0,62317.0,44100.0,44941.0,46438.0,40157.0,40282.0,40509.0,65428.0,66585.0,68552.0,51908.0,52654.0,53909.0,47989.0,48124.0,48347.0,76890.0,77372.0,78281.0,64095.0,64629.0,65545.0,60422.0,60522.0,60690.0
bl_span_comfortable__ni_k2_r2,0.0,20209.0,39443.0,69306.0,80016.0,8335.0,3328.0,721.0,961.0,2214.0,66839.0,40148.0,39443.0,28706.0,66839.0,93553.0,39856.0,47676.0,60153.0,21651.0,40529.0,46930.0,5397.0,10476.0,13826.0,580.0,1149.0,1678.0,785.0,785.0,8627.0,1094.0,5060.0,5060.0,954.0,2261.0,5008.0,21651.0,40529.0,46930.0,5397.0,10476.0,13826.0,580.0,1149.0,1678.0,34640.0,47971.0,53501.0,20209.0,20209.0,23192.0,20209.0,20209.0,20543.0,57632.0,74172.0,77038.0,43832.0,48172.0,50322.0,39866.0,40336.0,40678.0,85613.0,100508.0,100508.0,73246.0,77152.0,78450.0,69681.0,70113.0,70370.0,90818.0,100508.0,100508.0,82621.0,85125.0,85973.0,80268.0,80560.0,80732.0,29215.0,47595.0,53230.0,13482.0,18383.0,21476.0,8877.0,9425.0,9906.0,24746.0,43463.0,49612.0,8661.0,13680.0,16946.0,3899.0,4461.0,4974.0,22224.0,40844.0,47207.0,6077.0,11091.0,14419.0,1299.0,1863.0,2390.0,22404.0,40930.0,47281.0,6300.0,11295.0,14608.0,1538.0,2102.0,2627.0,23435.0,41513.0,47787.0,7484.0,12365.0,15626.0,2784.0,3333.0,3854.0,74416.0,81293.0,83285.0,68714.0,70568.0,71670.0,67037.0,67241.0,67416.0,58191.0,74473.0,77301.0,44498.0,48773.0,50901.0,40569.0,41034.0,41374.0,57632.0,74172.0,77038.0,43832.0,48172.0,50322.0,39866.0,40336.0,40678.0,47670.0,64692.0,68454.0,33308.0,37807.0,40248.0,29159.0,29661.0,30048.0,74416.0,81293.0,83285.0,68714.0,70568.0,71670.0,67037.0,67241.0,67416.0,97171.0,100508.0,100508.0,94416.0,95307.0,95602.0,93632.0,93727.0,93782.0,57960.0,74370.0,77212.0,44220.0,48529.0,50666.0,40277.0,40746.0,41088.0,65548.0,81480.0,83447.0,52028.0,56242.0,58137.0,48109.0,48588.0,48926.0,77010.0,92267.0,93176.0,64215.0,68217.0,69773.0,60542.0,60986.0,61269.0
bl_span_comfortable__ni_k2_r4,0.0,21683.0,39443.0,69306.0,88962.0,8335.0,3328.0,1152.0,1531.0,3471.0,82675.0,40579.0,39443.0,28929.0,82675.0,113455.0,40079.0,47899.0,60376.0,21651.0,40529.0,72373.0,5397.0,10476.0,19824.0,580.0,1149.0,2247.0,785.0,785.0,8627.0,1094.0,5060.0,5060.0,1004.0,2496.0,5942.0,21651.0,40529.0,72373.0,5397.0,10476.0,19824.0,580.0,1149.0,2247.0,36114.0,49445.0,78944.0,21683.0,21683.0,30253.0,21683.0,21683.0,22543.0,57632.0,74172.0,102481.0,43832.0,48172.0,56320.0,39866.0,40336.0,41247.0,85613.0,100508.0,125951.0,73246.0,77152.0,84448.0,69681.0,70113.0,70939.0,99764.0,109454.0,125951.0,91567.0,94071.0,98761.0,89214.0,89506.0,90041.0,29215.0,47595.0,78673.0,13482.0,18383.0,27474.0,8877.0,9425.0,10475.0,24746.0,43463.0,75055.0,8661.0,13680.0,22944.0,3899.0,4461.0,5543.0,22655.0,41275.0,72650.0,6508.0,11522.0,20723.0,1730.0,2294.0,3379.0,22974.0,41500.0,72724.0,6870.0,11865.0,21006.0,2108.0,2672.0,3752.0,24692.0,42770.0,73230.0,8741.0,13622.0,22515.0,4041.0,4590.0,5647.0,90252.0,97129.0,108728.0,84550.0,86404.0,89801.0,82873.0,83077.0,83467.0,58622.0,74904.0,102744.0,44929.0,49204.0,57205.0,41000.0,41465.0,42363.0,57632.0,74172.0,102481.0,43832.0,48172.0,56320.0,39866.0,40336.0,41247.0,47893.0,64915.0,93897.0,33531.0,38030.0,46399.0,29382.0,29884.0,30832.0,90252.0,97129.0,108728.0,84550.0,86404.0,89801.0,82873.0,83077.0,83467.0,117073.0,120410.0,125951.0,114318.0,115209.0,116781.0,113534.0,113629.0,113802.0,58183.0,74593.0,102655.0,44443.0,48752.0,56817.0,40500.0,40969.0,41872.0,65771.0,81703.0,108890.0,52251.0,56465.0,64288.0,48332.0,48811.0,49710.0,77233.0,92490.0,118619.0,64438.0,68440.0,75924.0,60765.0,61209.0,62053.0
bl_span_comfortable__ni_k3_r1,0.0,14911.0,39443.0,69306.0,70641.0,8335.0,3328.0,394.0,509.0,1204.0,49760.0,39821.0,39443.0,28533.0,49760.0,72383.0,39683.0,47503.0,59980.0,9284.0,13267.0,19668.0,5397.0,6570.0,8622.0,580.0,755.0,1075.0,526.0,526.0,4082.0,884.0,2961.0,2961.0,614.0,1341.0,2690.0,9284.0,13267.0,19668.0,5397.0,6570.0,8622.0,580.0,755.0,1075.0,18128.0,20709.0,26239.0,14911.0,14911.0,16664.0,14911.0,14911.0,15102.0,45265.0,46910.0,49776.0,43832.0,44266.0,45118.0,39866.0,39942.0,40075.0,73246.0,73246.0,73246.0,73246.0,73246.0,73246.0,69681.0,69719.0,69767.0,73246.0,73246.0,73246.0,73246.0,73246.0,73246.0,70893.0,70922.0,70958.0,16848.0,20333.0,25968.0,13482.0,14477.0,16272.0,8877.0,9031.0,9303.0,12379.0,16201.0,22350.0,8661.0,9774.0,11742.0,3899.0,4067.0,4371.0,9630.0,13582.0,19945.0,5750.0,6916.0,8962.0,972.0,1146.0,1466.0,9724.0,13668.0,20019.0,5848.0,7010.0,9050.0,1086.0,1260.0,1579.0,10337.0,14251.0,20525.0,6474.0,7625.0,9647.0,1774.0,1946.0,2263.0,52845.0,54031.0,56023.0,51635.0,51977.0,52583.0,49958.0,50020.0,50118.0,45597.0,47211.0,50039.0,44171.0,44598.0,45444.0,40242.0,40317.0,40450.0,45265.0,46910.0,49776.0,43832.0,44266.0,45118.0,39866.0,39942.0,40075.0,35183.0,37430.0,41192.0,33135.0,33755.0,34903.0,28986.0,29095.0,29273.0,52845.0,54031.0,56023.0,51635.0,51977.0,52583.0,49958.0,50020.0,50118.0,73246.0,73246.0,73246.0,73246.0,73246.0,73246.0,72462.0,72470.0,72480.0,45473.0,47108.0,49950.0,44047.0,44477.0,45321.0,40104.0,40180.0,40313.0,53061.0,54218.0,56185.0,51855.0,52190.0,52792.0,47936.0,48022.0,48151.0,64523.0,65005.0,65914.0,64042.0,64165.0,64428.0,60369.0,60420.0,60494.0
bl_span_comfortable__ni_k3_r2,0.0,18817.0,39443.0,69306.0,72043.0,8335.0,3328.0,452.0,582.0,1380.0,52154.0,39879.0,39443.0,28560.0,52154.0,75398.0,39710.0,47530.0,60007.0,9698.0,17173.0,23574.0,5397.0,10476.0,12528.0,580.0,1149.0,1524.0,538.0,538.0,4395.0,1015.0,3982.0,3982.0,831.0,1821.0,3673.0,9698.0,17173.0,23574.0,5397.0,10476.0,12528.0,580.0,1149.0,1524.0,22034.0,24615.0,30145.0,18817.0,18817.0,20570.0,18817.0,18817.0,19008.0,45679.0,50816.0,53682.0,43832.0,48172.0,49024.0,39866.0,40336.0,40524.0,73660.0,77152.0,77152.0,73246.0,77152.0,77152.0,69681.0,70113.0,70216.0,74937.0,77152.0,77152.0,74648.0,77152.0,77152.0,72295.0,72587.0,72657.0,17262.0,24239.0,29874.0,13482.0,18383.0,20178.0,8877.0,9425.0,9752.0,12793.0,20107.0,26256.0,8661.0,13680.0,15648.0,3899.0,4461.0,4820.0,10095.0,17488.0,23851.0,5808.0,10822.0,12868.0,1030.0,1594.0,1969.0,10204.0,17574.0,23925.0,5921.0,10916.0,12956.0,1159.0,1723.0,2097.0,10916.0,18157.0,24431.0,6650.0,11531.0,13553.0,1950.0,2499.0,2870.0,55401.0,57937.0,59929.0,54029.0,55883.0,56489.0,52352.0,52556.0,52670.0,46062.0,51117.0,53945.0,44229.0,48504.0,49350.0,40300.0,40765.0,40953.0,45679.0,50816.0,53682.0,43832.0,48172.0,49024.0,39866.0,40336.0,40524.0,35621.0,41336.0,45098.0,33162.0,37661.0,38809.0,29013.0,29515.0,29748.0,55401.0,57937.0,59929.0,54029.0,55883.0,56489.0,52352.0,52556.0,52670.0,76368.0,77152.0,77152.0,76261.0,77152.0,77152.0,75477.0,75572.0,75590.0,45911.0,51014.0,53856.0,44074.0,48383.0,49227.0,40131.0,40600.0,40788.0,53499.0,58124.0,60091.0,51882.0,56096.0,56698.0,47963.0,48442.0,48626.0,64961.0,68911.0,69820.0,64069.0,68071.0,68334.0,60396.0,60840.0,60969.0
bl_span_comfortable__ni_k3_r4,0.0,19296.0,39443.0,69306.0,74649.0,8335.0,3328.0,593.0,777.0,1805.0,56659.0,40020.0,39443.0,28635.0,56659.0,81122.0,39785.0,47605.0,60082.0,10351.0,18471.0,30870.0,5397.0,10476.0,19824.0,580.0,1149.0,2247.0,554.0,554.0,4672.0,1019.0,4145.0,4145.0,982.0,2317.0,4967.0,10351.0,18471.0,30870.0,5397.0,10476.0,19824.0,580.0,1149.0,2247.0,23125.0,26324.0,37441.0,19296.0,19296.0,27866.0,19296.0,19296.0,20156.0,46332.0,52114.0,60978.0,43832.0,48172.0,56320.0,39866.0,40336.0,41247.0,74313.0,78450.0,84448.0,73246.0,77152.0,84448.0,69681.0,70113.0,70939.0,77979.0,80606.0,84448.0,77254.0,79758.0,84448.0,74901.0,75193.0,75728.0,17915.0,25537.0,37170.0,13482.0,18383.0,27474.0,8877.0,9425.0,10475.0,13446.0,21405.0,33552.0,8661.0,13680.0,22944.0,3899.0,4461.0,5543.0,10885.0,18911.0,31147.0,5949.0,10963.0,20164.0,1171.0,1735.0,2820.0,11045.0,19042.0,31221.0,6116.0,11111.0,20252.0,1354.0,1918.0,2998.0,11978.0,19821.0,31727.0,7075.0,11956.0,20849.0,2375.0,2924.0,3981.0,60146.0,62938.0,67225.0,58534.0,60388.0,63785.0,56857.0,57061.0,57451.0,46852.0,52540.0,61241.0,44370.0,48645.0,56646.0,40441.0,40906.0,41804.0,46332.0,52114.0,60978.0,43832.0,48172.0,56320.0,39866.0,40336.0,41247.0,36349.0,42704.0,52394.0,33237.0,37736.0,46105.0,29088.0,29590.0,30538.0,60146.0,62938.0,67225.0,58534.0,60388.0,63785.0,56857.0,57061.0,57451.0,82238.0,83171.0,84448.0,81985.0,82876.0,84448.0,81201.0,81296.0,81469.0,46639.0,52382.0,61152.0,44149.0,48458.0,56523.0,40206.0,40675.0,41578.0,54227.0,59492.0,67387.0,51957.0,56171.0,63994.0,48038.0,48517.0,49416.0,65689.0,70279.0,77116.0,64144.0,68146.0,75630.0,60471.0,60915.0,61759.0
bl_span_comfortable__ni_k5_r1,0.0,11346.0,39443.0,69306.0,69429.0,8335.0,3328.0,360.0,461.0,1101.0,47491.0,39787.0,39443.0,28511.0,47491.0,69602.0,39661.0,47481.0,59958.0,5719.0,9702.0,16103.0,1832.0,3005.0,5057.0,580.0,717.0,989.0,294.0,294.0,2508.0,480.0,1670.0,1670.0,426.0,880.0,1817.0,5719.0,9702.0,16103.0,1832.0,3005.0,5057.0,580.0,717.0,989.0,14563.0,17144.0,22674.0,11346.0,11346.0,13099.0,11346.0,11346.0,11537.0,41700.0,43345.0,46211.0,40267.0,40701.0,41553.0,39866.0,39904.0,39989.0,69681.0,69681.0,69681.0,69681.0,69681.0,69681.0,69681.0,69681.0,69681.0,69681.0,69681.0,69681.0,69681.0,69681.0,69681.0,69681.0,69681.0,69681.0,13283.0,16768.0,22403.0,9917.0,10912.0,12707.0,8877.0,8993.0,9217.0,8814.0,12636.0,18785.0,5096.0,6209.0,8177.0,3899.0,4029.0,4285.0,6065.0,10017.0,16380.0,2185.0,3351.0,5397.0,938.0,1074.0,1346.0,6159.0,10103.0,16454.0,2283.0,3445.0,5485.0,1038.0,1174.0,1446.0,6772.0,10686.0,16960.0,2909.0,4060.0,6082.0,1671.0,1806.0,2076.0,49280.0,50466.0,52458.0,48070.0,48412.0,49018.0,47689.0,47738.0,47819.0,42032.0,43646.0,46474.0,40606.0,41033.0,41879.0,40208.0,40245.0,40330.0,41700.0,43345.0,46211.0,40267.0,40701.0,41553.0,39866.0,39904.0,39989.0,31618.0,33865.0,37627.0,29570.0,30190.0,31338.0,28964.0,29035.0,29165.0,49280.0,50466.0,52458.0,48070.0,48412.0,49018.0,47689.0,47738.0,47819.0,69681.0,69681.0,69681.0,69681.0,69681.0,69681.0,69681.0,69681.0,69681.0,41908.0,43543.0,46385.0,40482.0,40912.0,41756.0,40082.0,40120.0,40205.0,49496.0,50653.0,52620.0,48290.0,48625.0,49227.0,47914.0,47962.0,48043.0,60958.0,61440.0,62349.0,60477.0,60600.0,60863.0,60347.0,60360.0,60386.0
bl_span_comfortable__ni_k5_r2,0.0,11778.0,39443.0,69306.0,69569.0,8335.0,3328.0,364.0,465.0,1119.0,47768.0,39791.0,39443.0,28512.0,47768.0,69939.0,39662.0,47482.0,59959.0,5806.0,10134.0,16535.0,1870.0,3437.0,5489.0,580.0,1149.0,1421.0,300.0,300.0,2573.0,525.0,1814.0,1814.0,553.0,1079.0,2102.0,5806.0,10134.0,16535.0,1870.0,3437.0,5489.0,580.0,1149.0,1421.0,14995.0,17576.0,23106.0,11778.0,11778.0,13531.0,11778.0,11778.0,11969.0,41787.0,43777.0,46643.0,40305.0,41133.0,41985.0,39866.0,40336.0,40421.0,69768.0,70113.0,70113.0,69719.0,70113.0,70113.0,69681.0,70113.0,70113.0,69885.0,70113.0,70113.0,69850.0,70113.0,70113.0,69821.0,70113.0,70113.0,13370.0,17200.0,22835.0,9955.0,11344.0,13139.0,8877.0,9425.0,9649.0,8901.0,13068.0,19217.0,5134.0,6641.0,8609.0,3899.0,4461.0,4717.0,6155.0,10449.0,16812.0,2227.0,3783.0,5829.0,942.0,1506.0,1778.0,6249.0,10535.0,16886.0,2325.0,3877.0,5917.0,1042.0,1606.0,1878.0,6875.0,11118.0,17392.0,2964.0,4492.0,6514.0,1689.0,2238.0,2508.0,49589.0,50898.0,52890.0,48360.0,48844.0,49450.0,47966.0,48170.0,48251.0,42122.0,44078.0,46906.0,40648.0,41465.0,42311.0,40212.0,40677.0,40762.0,41787.0,43777.0,46643.0,40305.0,41133.0,41985.0,39866.0,40336.0,40421.0,31706.0,34297.0,38059.0,29609.0,30622.0,31770.0,28965.0,29467.0,29597.0,49589.0,50898.0,52890.0,48360.0,48844.0,49450.0,47966.0,48170.0,48251.0,70038.0,70113.0,70113.0,70026.0,70113.0,70113.0,70018.0,70113.0,70113.0,41996.0,43975.0,46817.0,40521.0,41344.0,42188.0,40083.0,40552.0,40637.0,49584.0,51085.0,53052.0,48329.0,49057.0,49659.0,47915.0,48394.0,48475.0,61046.0,61872.0,62781.0,60516.0,61032.0,61295.0,60348.0,60792.0,60818.0
bl_span_comfortable__ni_k5_r4,0.0,11935.0,39443.0,69306.0,69860.0,8335.0,3328.0,377.0,483.0,1158.0,48285.0,39804.0,39443.0,28520.0,48285.0,70592.0,39670.0,47490.0,59967.0,5948.0,10391.0,17361.0,1918.0,3540.0,6315.0,580.0,1149.0,2247.0,308.0,308.0,2651.0,556.0,1915.0,1915.0,683.0,1316.0,2513.0,5948.0,10391.0,17361.0,1918.0,3540.0,6315.0,580.0,1149.0,2247.0,15228.0,17876.0,23932.0,11935.0,11935.0,14357.0,11935.0,11935.0,12795.0,41929.0,44034.0,47469.0,40353.0,41236.0,42811.0,39866.0,40336.0,41247.0,69910.0,70370.0,70939.0,69767.0,70216.0,70939.0,69681.0,70113.0,70939.0,70279.0,70576.0,70939.0,70177.0,70474.0,70939.0,70112.0,70404.0,70939.0,13512.0,17457.0,23661.0,10003.0,11447.0,13965.0,8877.0,9425.0,10475.0,9043.0,13325.0,20043.0,5182.0,6744.0,9435.0,3899.0,4461.0,5543.0,6310.0,10717.0,17638.0,2288.0,3899.0,6655.0,955.0,1519.0,2604.0,6407.0,10806.0,17712.0,2390.0,3997.0,6743.0,1060.0,1624.0,2704.0,7054.0,11408.0,18218.0,3050.0,4632.0,7340.0,1728.0,2277.0,3334.0,50158.0,51509.0,53716.0,48894.0,49394.0,50276.0,48483.0,48687.0,49077.0,42277.0,44346.0,47732.0,40709.0,41581.0,43137.0,40225.0,40690.0,41588.0,41929.0,44034.0,47469.0,40353.0,41236.0,42811.0,39866.0,40336.0,41247.0,31856.0,34562.0,38885.0,29665.0,30733.0,32596.0,28973.0,29475.0,30423.0,50158.0,51509.0,53716.0,48894.0,49394.0,50276.0,48483.0,48687.0,49077.0,70725.0,70821.0,70939.0,70689.0,70784.0,70939.0,70671.0,70766.0,70939.0,42146.0,44240.0,47643.0,40577.0,41455.0,43014.0,40091.0,40560.0,41463.0,49734.0,51350.0,53878.0,48385.0,49168.0,50485.0,47923.0,48402.0,49301.0,61196.0,62137.0,63607.0,60572.0,61143.0,62121.0,60356.0,60800.0,61644.0
bl_span_relative__ni_k2_r1,0.0,20408.0,39443.0,69306.0,182738.0,8335.0,3328.0,3363.0,4585.0,8819.0,121112.0,42790.0,39443.0,30096.0,121112.0,189922.0,41246.0,49066.0,61543.0,21651.0,30839.0,46186.0,5397.0,8261.0,13355.0,580.0,921.0,1587.0,785.0,785.0,8627.0,1050.0,4338.0,4338.0,866.0,2031.0,4554.0,21651.0,30839.0,46186.0,5397.0,8261.0,13355.0,580.0,921.0,1587.0,34839.0,41205.0,55346.0,20408.0,20408.0,25058.0,20408.0,20408.0,20900.0,57632.0,64482.0,76294.0,43832.0,45957.0,49851.0,39866.0,40108.0,40587.0,85613.0,90818.0,99764.0,73246.0,74937.0,77979.0,69681.0,69885.0,70279.0,193540.0,193540.0,193540.0,185343.0,185632.0,186068.0,182990.0,183054.0,183157.0,29215.0,37905.0,52486.0,13482.0,16168.0,21005.0,8877.0,9197.0,9815.0,24746.0,33773.0,48868.0,8661.0,11465.0,16475.0,3899.0,4233.0,4883.0,24866.0,33844.0,48840.0,8719.0,11527.0,16504.0,3941.0,4278.0,4932.0,26028.0,34928.0,49791.0,9924.0,12717.0,17641.0,5162.0,5499.0,6148.0,30040.0,38683.0,53083.0,14089.0,16810.0,21571.0,9389.0,9719.0,10354.0,128689.0,132079.0,137889.0,122987.0,124023.0,125934.0,121310.0,121434.0,121679.0,60833.0,67473.0,78934.0,47140.0,49209.0,52986.0,43211.0,43449.0,43916.0,57632.0,64482.0,76294.0,43832.0,45957.0,49851.0,39866.0,40108.0,40587.0,49060.0,56421.0,68970.0,34698.0,36987.0,41122.0,30549.0,30823.0,31339.0,128689.0,132079.0,137889.0,122987.0,124023.0,125934.0,121310.0,121434.0,121679.0,193540.0,193540.0,193540.0,190785.0,190892.0,191038.0,190001.0,190021.0,190055.0,59350.0,66099.0,77728.0,45610.0,47709.0,51540.0,41667.0,41908.0,42379.0,66938.0,73209.0,83963.0,53418.0,55422.0,59011.0,49499.0,49750.0,50217.0,78400.0,83996.0,93692.0,65605.0,67397.0,70647.0,61932.0,62148.0,62560.0
bl_span_relative__ni_k2_r2,0.0,23133.0,39443.0,69306.0,182738.0,8335.0,3328.0,3411.0,4649.0,9074.0,127315.0,42838.0,39443.0,30125.0,127315.0,196275.0,41275.0,49095.0,61572.0,21651.0,40529.0,55876.0,5397.0,10476.0,15982.0,580.0,1149.0,1884.0,785.0,785.0,8627.0,1094.0,5060.0,5060.0,972.0,2340.0,5363.0,21651.0,40529.0,55876.0,5397.0,10476.0,15982.0,580.0,1149.0,1884.0,37564.0,50895.0,65036.0,23133.0,23133.0,28177.0,23133.0,23133.0,23667.0,57632.0,74172.0,85984.0,43832.0,48172.0,52478.0,39866.0,40336.0,40884.0,85613.0,100508.0,109454.0,73246.0,77152.0,80606.0,69681.0,70113.0,70576.0,193540.0,203230.0,203230.0,185343.0,187847.0,188695.0,182990.0,183282.0,183454.0,29215.0,47595.0,62176.0,13482.0,18383.0,23632.0,8877.0,9425.0,10112.0,24746.0,43463.0,58558.0,8661.0,13680.0,19102.0,3899.0,4461.0,5180.0,24914.0,43534.0,58530.0,8767.0,13781.0,19169.0,3989.0,4553.0,5276.0,26092.0,44618.0,59481.0,9988.0,14983.0,20318.0,5226.0,5790.0,6508.0,30295.0,48373.0,62773.0,14344.0,19225.0,24392.0,9644.0,10193.0,10895.0,134892.0,141769.0,147579.0,129190.0,131044.0,133107.0,127513.0,127717.0,127985.0,60881.0,77163.0,88624.0,47188.0,51463.0,55651.0,43259.0,43724.0,44260.0,57632.0,74172.0,85984.0,43832.0,48172.0,52478.0,39866.0,40336.0,40884.0,49089.0,66111.0,78660.0,34727.0,39226.0,43772.0,30578.0,31080.0,31665.0,134892.0,141769.0,147579.0,129190.0,131044.0,133107.0,127513.0,127717.0,127985.0,199893.0,203230.0,203230.0,197138.0,198029.0,198324.0,196354.0,196449.0,196504.0,59379.0,75789.0,87418.0,45639.0,49948.0,54190.0,41696.0,42165.0,42705.0,66967.0,82899.0,93653.0,53447.0,57661.0,61661.0,49528.0,50007.0,50543.0,78429.0,93686.0,103382.0,65634.0,69636.0,73297.0,61961.0,62405.0,62886.0
bl_span_relative__ni_k2_r4,0.0,24272.0,39443.0,69306.0,182738.0,8335.0,3328.0,3529.0,4785.0,9511.0,138023.0,42956.0,39443.0,30189.0,138023.0,207231.0,41339.0,49159.0,61636.0,21651.0,40529.0,72373.0,5397.0,10476.0,19824.0,580.0,1149.0,2247.0,785.0,785.0,8627.0,1094.0,5060.0,5060.0,1004.0,2496.0,5962.0,21651.0,40529.0,72373.0,5397.0,10476.0,19824.0,580.0,1149.0,2247.0,38703.0,52034.0,81533.0,24272.0,24272.0,32842.0,24272.0,24272.0,25132.0,57632.0,74172.0,102481.0,43832.0,48172.0,56320.0,39866.0,40336.0,41247.0,85613.0,100508.0,125951.0,73246.0,77152.0,84448.0,69681.0,70113.0,70939.0,193540.0,203230.0,219727.0,185343.0,187847.0,192537.0,182990.0,183282.0,183817.0,29215.0,47595.0,78673.0,13482.0,18383.0,27474.0,8877.0,9425.0,10475.0,24746.0,43463.0,75055.0,8661.0,13680.0,22944.0,3899.0,4461.0,5543.0,25032.0,43652.0,75027.0,8885.0,13899.0,23100.0,4107.0,4671.0,5756.0,26228.0,44754.0,75978.0,10124.0,15119.0,24260.0,5362.0,5926.0,7006.0,30732.0,48810.0,79270.0,14781.0,19662.0,28555.0,10081.0,10630.0,11687.0,145600.0,152477.0,164076.0,139898.0,141752.0,145149.0,138221.0,138425.0,138815.0,60999.0,77281.0,105121.0,47306.0,51581.0,59582.0,43377.0,43842.0,44740.0,57632.0,74172.0,102481.0,43832.0,48172.0,56320.0,39866.0,40336.0,41247.0,49153.0,66175.0,95157.0,34791.0,39290.0,47659.0,30642.0,31144.0,32092.0,145600.0,152477.0,164076.0,139898.0,141752.0,145149.0,138221.0,138425.0,138815.0,210849.0,214186.0,219727.0,208094.0,208985.0,210557.0,207310.0,207405.0,207578.0,59443.0,75853.0,103915.0,45703.0,50012.0,58077.0,41760.0,42229.0,43132.0,67031.0,82963.0,110150.0,53511.0,57725.0,65548.0,49592.0,50071.0,50970.0,78493.0,93750.0,119879.0,65698.0,69700.0,77184.0,62025.0,62469.0,63313.0
bl_span_relative__ni_k3_r1,0.0,19543.0,39443.0,69306.0,182738.0,8335.0,3328.0,3337.0,4552.0,8718.0,115730.0,42764.0,39443.0,30082.0,115730.0,184480.0,41232.0,49052.0,61529.0,13454.0,22642.0,37989.0,5397.0,7972.0,12630.0,580.0,886.0,1485.0,602.0,602.0,5558.0,954.0,3660.0,3660.0,752.0,1743.0,3869.0,13454.0,22642.0,37989.0,5397.0,7972.0,12630.0,580.0,886.0,1485.0,26642.0,33008.0,47149.0,19543.0,19543.0,23792.0,19543.0,19543.0,19983.0,49435.0,56285.0,68097.0,43832.0,45668.0,49126.0,39866.0,40073.0,40485.0,77416.0,82621.0,91567.0,73246.0,74648.0,77254.0,69681.0,69850.0,70177.0,185343.0,185343.0,185343.0,185343.0,185343.0,185343.0,182990.0,183019.0,183055.0,21018.0,29708.0,44289.0,13482.0,15879.0,20280.0,8877.0,9162.0,9713.0,16549.0,25576.0,40671.0,8661.0,11176.0,15750.0,3899.0,4198.0,4781.0,16669.0,25647.0,40643.0,8693.0,11213.0,15755.0,3915.0,4217.0,4804.0,17831.0,26731.0,41594.0,9891.0,12396.0,16886.0,5129.0,5431.0,6013.0,21843.0,30486.0,44886.0,13988.0,16422.0,20754.0,9288.0,9583.0,10151.0,120492.0,123882.0,129692.0,117605.0,118532.0,120290.0,115928.0,116040.0,116261.0,52636.0,59276.0,70737.0,47114.0,48895.0,52237.0,43185.0,43388.0,43788.0,49435.0,56285.0,68097.0,43832.0,45668.0,49126.0,39866.0,40073.0,40485.0,40863.0,48224.0,60773.0,34684.0,36684.0,40383.0,30535.0,30774.0,31223.0,120492.0,123882.0,129692.0,117605.0,118532.0,120290.0,115928.0,116040.0,116261.0,185343.0,185343.0,185343.0,185343.0,185343.0,185343.0,184559.0,184567.0,184577.0,51153.0,57902.0,69531.0,45596.0,47406.0,50801.0,41653.0,41859.0,42263.0,58741.0,65012.0,75766.0,53404.0,55119.0,58272.0,49485.0,49701.0,50101.0,70203.0,75799.0,85495.0,65591.0,67094.0,69908.0,61918.0,62099.0,62444.0
bl_span_relative__ni_k3_r2,0.0,22047.0,39443.0,69306.0,182738.0,8335.0,3328.0,3347.0,4566.0,8775.0,117307.0,42774.0,39443.0,30087.0,117307.0,186093.0,41237.0,49057.0,61534.0,13743.0,25146.0,40493.0,5397.0,10476.0,15134.0,580.0,1149.0,1782.0,613.0,613.0,5776.0,1043.0,4343.0,4343.0,896.0,2060.0,4508.0,13743.0,25146.0,40493.0,5397.0,10476.0,15134.0,580.0,1149.0,1782.0,29146.0,35512.0,49653.0,22047.0,22047.0,26296.0,22047.0,22047.0,22487.0,49724.0,58789.0,70601.0,43832.0,48172.0,51630.0,39866.0,40336.0,40782.0,77705.0,85125.0,94071.0,73246.0,77152.0,79758.0,69681.0,70113.0,70474.0,185632.0,187847.0,187847.0,185343.0,187847.0,187847.0,182990.0,183282.0,183352.0,21307.0,32212.0,46793.0,13482.0,18383.0,22784.0,8877.0,9425.0,10010.0,16838.0,28080.0,43175.0,8661.0,13680.0,18254.0,3899.0,4461.0,5078.0,16967.0,28151.0,43147.0,8703.0,13717.0,18259.0,3925.0,4489.0,5110.0,18133.0,29235.0,44098.0,9905.0,14900.0,19390.0,5143.0,5707.0,6323.0,22187.0,32990.0,47390.0,14045.0,18926.0,23258.0,9345.0,9894.0,10495.0,122178.0,126386.0,132196.0,119182.0,121036.0,122794.0,117505.0,117709.0,117939.0,52934.0,61780.0,73241.0,47124.0,51399.0,54741.0,43195.0,43660.0,44094.0,49724.0,58789.0,70601.0,43832.0,48172.0,51630.0,39866.0,40336.0,40782.0,41157.0,50728.0,63277.0,34689.0,39188.0,42887.0,30540.0,31042.0,31525.0,122178.0,126386.0,132196.0,119182.0,121036.0,122794.0,117505.0,117709.0,117939.0,187063.0,187847.0,187847.0,186956.0,187847.0,187847.0,186172.0,186267.0,186285.0,51447.0,60406.0,72035.0,45601.0,49910.0,53305.0,41658.0,42127.0,42565.0,59035.0,67516.0,78270.0,53409.0,57623.0,60776.0,49490.0,49969.0,50403.0,70497.0,78303.0,87999.0,65596.0,69598.0,72412.0,61923.0,62367.0,62746.0
bl_span_relative__ni_k3_r4,0.0,22416.0,39443.0,69306.0,182738.0,8335.0,3328.0,3378.0,4605.0,8904.0,120358.0,42805.0,39443.0,30107.0,120358.0,189211.0,41257.0,49077.0,61554.0,14179.0,25994.0,45183.0,5397.0,10476.0,19824.0,580.0,1149.0,2247.0,625.0,625.0,5963.0,1045.0,4445.0,4445.0,990.0,2378.0,5331.0,14179.0,25994.0,45183.0,5397.0,10476.0,19824.0,580.0,1149.0,2247.0,29916.0,36676.0,54343.0,22416.0,22416.0,30986.0,22416.0,22416.0,23276.0,50160.0,59637.0,75291.0,43832.0,48172.0,56320.0,39866.0,40336.0,41247.0,78141.0,85973.0,98761.0,73246.0,77152.0,84448.0,69681.0,70113.0,70939.0,186068.0,188695.0,192537.0,185343.0,187847.0,192537.0,182990.0,183282.0,183817.0,21743.0,33060.0,51483.0,13482.0,18383.0,27474.0,8877.0,9425.0,10475.0,17274.0,28928.0,47865.0,8661.0,13680.0,22944.0,3899.0,4461.0,5543.0,17433.0,29028.0,47837.0,8734.0,13748.0,22949.0,3956.0,4520.0,5605.0,18606.0,30119.0,48788.0,9944.0,14939.0,24080.0,5182.0,5746.0,6826.0,22745.0,33954.0,52080.0,14174.0,19055.0,27948.0,9474.0,10023.0,11080.0,125382.0,129742.0,136886.0,122233.0,124087.0,127484.0,120556.0,120760.0,121150.0,53400.0,62657.0,77931.0,47155.0,51430.0,59431.0,43226.0,43691.0,44589.0,50160.0,59637.0,75291.0,43832.0,48172.0,56320.0,39866.0,40336.0,41247.0,41613.0,51595.0,67967.0,34709.0,39208.0,47577.0,30560.0,31062.0,32010.0,125382.0,129742.0,136886.0,122233.0,124087.0,127484.0,120556.0,120760.0,121150.0,190327.0,191260.0,192537.0,190074.0,190965.0,192537.0,189290.0,189385.0,189558.0,51903.0,61273.0,76725.0,45621.0,49930.0,57995.0,41678.0,42147.0,43050.0,59491.0,68383.0,82960.0,53429.0,57643.0,65466.0,49510.0,49989.0,50888.0,70953.0,79170.0,92689.0,65616.0,69618.0,77102.0,61943.0,62387.0,63231.0
bl_span_relative__ni_k5_r1,0.0,17190.0,39443.0,69306.0,182738.0,8335.0,3328.0,3332.0,4545.0,8684.0,114177.0,42759.0,39443.0,30079.0,114177.0,182911.0,41229.0,49049.0,61526.0,11101.0,20289.0,35636.0,3044.0,5619.0,10277.0,580.0,857.0,1420.0,444.0,444.0,4466.0,673.0,2779.0,2779.0,624.0,1424.0,3267.0,11101.0,20289.0,35636.0,3044.0,5619.0,10277.0,580.0,857.0,1420.0,24289.0,30655.0,44796.0,17190.0,17190.0,21439.0,17190.0,17190.0,17630.0,47082.0,53932.0,65744.0,41479.0,43315.0,46773.0,39866.0,40044.0,40420.0,75063.0,80268.0,89214.0,70893.0,72295.0,74901.0,69681.0,69821.0,70112.0,182990.0,182990.0,182990.0,182990.0,182990.0,182990.0,182990.0,182990.0,182990.0,18665.0,27355.0,41936.0,11129.0,13526.0,17927.0,8877.0,9133.0,9648.0,14196.0,23223.0,38318.0,6308.0,8823.0,13397.0,3899.0,4169.0,4716.0,14316.0,23294.0,38290.0,6340.0,8860.0,13402.0,3910.0,4183.0,4734.0,15478.0,24378.0,39241.0,7538.0,10043.0,14533.0,5122.0,5395.0,5941.0,19490.0,28133.0,42533.0,11635.0,14069.0,18401.0,9254.0,9520.0,10052.0,118139.0,121529.0,127339.0,115252.0,116179.0,117937.0,114375.0,114479.0,114690.0,50283.0,56923.0,68384.0,44761.0,46542.0,49884.0,43180.0,43354.0,43718.0,47082.0,53932.0,65744.0,41479.0,43315.0,46773.0,39866.0,40044.0,40420.0,38510.0,45871.0,58420.0,32331.0,34331.0,38030.0,30532.0,30742.0,31155.0,118139.0,121529.0,127339.0,115252.0,116179.0,117937.0,114375.0,114479.0,114690.0,182990.0,182990.0,182990.0,182990.0,182990.0,182990.0,182990.0,182990.0,182990.0,48800.0,55549.0,67178.0,43243.0,45053.0,48448.0,41650.0,41827.0,42195.0,56388.0,62659.0,73413.0,51051.0,52766.0,55919.0,49482.0,49669.0,50033.0,67850.0,73446.0,83142.0,63238.0,64741.0,67555.0,61915.0,62067.0,62376.0
bl_span_relative__ni_k5_r2,0.0,17482.0,39443.0,69306.0,182738.0,8335.0,3328.0,3333.0,4546.0,8693.0,114369.0,42760.0,39443.0,30079.0,114369.0,183108.0,41229.0,49049.0,61526.0,11165.0,20581.0,35928.0,3073.0,5911.0,10569.0,580.0,1149.0,1712.0,449.0,449.0,4515.0,706.0,2875.0,2875.0,709.0,1557.0,3454.0,11165.0,20581.0,35928.0,3073.0,5911.0,10569.0,580.0,1149.0,1712.0,24581.0,30947.0,45088.0,17482.0,17482.0,21731.0,17482.0,17482.0,17922.0,47146.0,54224.0,66036.0,41508.0,43607.0,47065.0,39866.0,40336.0,40712.0,75127.0,80560.0,89506.0,70922.0,72587.0,75193.0,69681.0,70113.0,70404.0,183054.0,183282.0,183282.0,183019.0,183282.0,183282.0,182990.0,183282.0,183282.0,18729.0,27647.0,42228.0,11158.0,13818.0,18219.0,8877.0,9425.0,9940.0,14260.0,23515.0,38610.0,6337.0,9115.0,13689.0,3899.0,4461.0,5008.0,14381.0,23586.0,38582.0,6370.0,9152.0,13694.0,3911.0,4475.0,5026.0,15543.0,24670.0,39533.0,7568.0,10335.0,14825.0,5123.0,5687.0,6233.0,19563.0,28425.0,42825.0,11673.0,14361.0,18693.0,9263.0,9812.0,10344.0,118351.0,121821.0,127631.0,115452.0,116471.0,118229.0,114567.0,114771.0,114982.0,50348.0,57215.0,68676.0,44791.0,46834.0,50176.0,43181.0,43646.0,44010.0,47146.0,54224.0,66036.0,41508.0,43607.0,47065.0,39866.0,40336.0,40712.0,38574.0,46163.0,58712.0,32360.0,34623.0,38322.0,30532.0,31034.0,31447.0,118351.0,121821.0,127631.0,115452.0,116471.0,118229.0,114567.0,114771.0,114982.0,183207.0,183282.0,183282.0,183195.0,183282.0,183282.0,183187.0,183282.0,183282.0,48864.0,55841.0,67470.0,43272.0,45345.0,48740.0,41650.0,42119.0,42487.0,56452.0,62951.0,73705.0,51080.0,53058.0,56211.0,49482.0,49961.0,50325.0,67914.0,73738.0,83434.0,63267.0,65033.0,67847.0,61915.0,62359.0,62668.0
bl_span_relative__ni_k5_r4,0.0,17597.0,39443.0,69306.0,182738.0,8335.0,3328.0,3334.0,4547.0,8703.0,114725.0,42761.0,39443.0,30079.0,114725.0,183470.0,41229.0,49049.0,61526.0,11268.0,20753.0,36463.0,3109.0,5981.0,11104.0,580.0,1149.0,2247.0,454.0,454.0,4571.0,729.0,2943.0,2943.0,790.0,1712.0,3719.0,11268.0,20753.0,36463.0,3109.0,5981.0,11104.0,580.0,1149.0,2247.0,24748.0,31156.0,45623.0,17597.0,17597.0,22266.0,17597.0,17597.0,18457.0,47249.0,54396.0,66571.0,41544.0,43677.0,47600.0,39866.0,40336.0,41247.0,75230.0,80732.0,90041.0,70958.0,72657.0,75728.0,69681.0,70113.0,70939.0,183157.0,183454.0,183817.0,183055.0,183352.0,183817.0,182990.0,183282.0,183817.0,18832.0,27819.0,42763.0,11194.0,13888.0,18754.0,8877.0,9425.0,10475.0,14363.0,23687.0,39145.0,6373.0,9185.0,14224.0,3899.0,4461.0,5543.0,14485.0,23759.0,39117.0,6407.0,9223.0,14229.0,3912.0,4476.0,5561.0,15647.0,24843.0,40068.0,7605.0,10406.0,15360.0,5124.0,5688.0,6768.0,19676.0,28605.0,43360.0,11719.0,14440.0,19228.0,9273.0,9822.0,10879.0,118741.0,122234.0,128166.0,115818.0,116846.0,118764.0,114923.0,115127.0,115517.0,50452.0,57388.0,69211.0,44828.0,46905.0,50711.0,43182.0,43647.0,44545.0,47249.0,54396.0,66571.0,41544.0,43677.0,47600.0,39866.0,40336.0,41247.0,38677.0,46335.0,59247.0,32396.0,34693.0,38857.0,30532.0,31034.0,31982.0,118741.0,122234.0,128166.0,115818.0,116846.0,118764.0,114923.0,115127.0,115517.0,183603.0,183699.0,183817.0,183567.0,183662.0,183817.0,183549.0,183644.0,183817.0,48967.0,56013.0,68005.0,43308.0,45415.0,49275.0,41650.0,42119.0,43022.0,56555.0,63123.0,74240.0,51116.0,53128.0,56746.0,49482.0,49961.0,50860.0,68017.0,73910.0,83969.0,63303.0,65103.0,68382.0,61915.0,62359.0,63203.0
bl_crossing__ni_k2_r1,0.0,12784.0,11026.0,12908.0,18413.0,8335.0,3328.0,149.0,210.0,439.0,20252.0,11172.0,11026.0,10251.0,20252.0,25597.0,11111.0,9958.0,12358.0,21651.0,22149.0,22915.0,5397.0,6121.0,7224.0,580.0,722.0,953.0,785.0,785.0,8627.0,996.0,3639.0,3639.0,717.0,1553.0,3113.0,21651.0,22149.0,22915.0,5397.0,6121.0,7224.0,580.0,722.0,953.0,27215.0,27332.0,27547.0,12784.0,12784.0,13649.0,12784.0,12784.0,12893.0,29215.0,29215.0,29215.0,15415.0,15878.0,16605.0,11449.0,11542.0,11695.0,29215.0,29215.0,29215.0,16848.0,17262.0,17915.0,13283.0,13370.0,13512.0,29215.0,29215.0,29215.0,21018.0,21307.0,21743.0,18665.0,18729.0,18832.0,29215.0,29215.0,29215.0,13482.0,14028.0,14874.0,8877.0,8998.0,9181.0,24746.0,25083.0,25597.0,8661.0,9325.0,10344.0,3899.0,4034.0,4249.0,21652.0,22150.0,22916.0,5505.0,6222.0,7321.0,727.0,868.0,1099.0,21653.0,22151.0,22917.0,5549.0,6266.0,7362.0,787.0,928.0,1157.0,21660.0,22158.0,22924.0,5709.0,6422.0,7507.0,1009.0,1149.0,1377.0,27829.0,27921.0,28084.0,22127.0,22350.0,22684.0,20450.0,20492.0,20569.0,29215.0,29215.0,29215.0,15522.0,15978.0,16701.0,11593.0,11685.0,11838.0,29215.0,29215.0,29215.0,15415.0,15878.0,16605.0,11449.0,11542.0,11695.0,29215.0,29215.0,29215.0,14853.0,15333.0,16091.0,10704.0,10803.0,10968.0,27829.0,27921.0,28084.0,22127.0,22350.0,22684.0,20450.0,20492.0,20569.0,29215.0,29215.0,29215.0,26460.0,26567.0,26713.0,25676.0,25696.0,25730.0,29215.0,29215.0,29215.0,15475.0,15935.0,16662.0,11532.0,11625.0,11778.0,27830.0,27922.0,28085.0,14310.0,14782.0,15529.0,10391.0,10488.0,10655.0,29215.0,29215.0,29215.0,16420.0,16843.0,17520.0,12747.0,12835.0,12980.0
bl_crossing__ni_k2_r2,0.0,17950.0,12866.0,16393.0,27103.0,8335.0,3328.0,407.0,562.0,1239.0,31847.0,13270.0,12866.0,11609.0,31847.0,40640.0,13081.0,12498.0,15481.0,21651.0,40529.0,41295.0,5397.0,10476.0,12410.0,580.0,1149.0,1533.0,785.0,785.0,8627.0,1094.0,5060.0,5060.0,940.0,2202.0,4740.0,21651.0,40529.0,41295.0,5397.0,10476.0,12410.0,580.0,1149.0,1533.0,32381.0,45712.0,45927.0,17950.0,17950.0,19608.0,17950.0,17950.0,18147.0,31055.0,47595.0,47595.0,17255.0,21595.0,23050.0,13289.0,13759.0,14042.0,32700.0,47595.0,47595.0,20333.0,24239.0,25537.0,16768.0,17200.0,17457.0,37905.0,47595.0,47595.0,29708.0,32212.0,33060.0,27355.0,27647.0,27819.0,29215.0,47595.0,47595.0,13482.0,18383.0,20060.0,8877.0,9425.0,9761.0,24746.0,43463.0,43977.0,8661.0,13680.0,15530.0,3899.0,4461.0,4829.0,21910.0,40530.0,41296.0,5763.0,10777.0,12694.0,985.0,1549.0,1931.0,22005.0,40531.0,41297.0,5901.0,10896.0,12804.0,1139.0,1703.0,2083.0,22460.0,40538.0,41304.0,6509.0,11390.0,13259.0,1809.0,2358.0,2735.0,39424.0,46301.0,46464.0,33722.0,35576.0,36238.0,32045.0,32249.0,32383.0,31313.0,47595.0,47595.0,17620.0,21895.0,23333.0,13691.0,14156.0,14437.0,31055.0,47595.0,47595.0,17255.0,21595.0,23050.0,13289.0,13759.0,14042.0,30573.0,47595.0,47595.0,16211.0,20710.0,22231.0,12062.0,12564.0,12869.0,39424.0,46301.0,46464.0,33722.0,35576.0,36238.0,32045.0,32249.0,32383.0,44258.0,47595.0,47595.0,41503.0,42394.0,42689.0,40719.0,40814.0,40869.0,31185.0,47595.0,47595.0,17445.0,21754.0,23204.0,13502.0,13971.0,14254.0,30370.0,46302.0,46465.0,16850.0,21064.0,22522.0,12931.0,13410.0,13707.0,32338.0,47595.0,47595.0,19543.0,23545.0,24894.0,15870.0,16314.0,16579.0
bl_crossing__ni_k2_r4,0.0,19744.0,15635.0,22028.0,41684.0,8335.0,3328.0,876.0,1182.0,2623.0,51489.0,16508.0,15635.0,13705.0,51489.0,66177.0,16097.0,16552.0,20430.0,21651.0,40529.0,72373.0,5397.0,10476.0,19824.0,580.0,1149.0,2247.0,785.0,785.0,8627.0,1094.0,5060.0,5060.0,1004.0,2496.0,5927.0,21651.0,40529.0,72373.0,5397.0,10476.0,19824.0,580.0,1149.0,2247.0,34175.0,47506.0,77005.0,19744.0,19744.0,28314.0,19744.0,19744.0,20604.0,33824.0,50364.0,78673.0,20024.0,24364.0,32512.0,16058.0,16528.0,17439.0,38335.0,53230.0,78673.0,25968.0,29874.0,37170.0,22403.0,22835.0,23661.0,52486.0,62176.0,78673.0,44289.0,46793.0,51483.0,41936.0,42228.0,42763.0,29215.0,47595.0,78673.0,13482.0,18383.0,27474.0,8877.0,9425.0,10475.0,24746.0,43463.0,75055.0,8661.0,13680.0,22944.0,3899.0,4461.0,5543.0,22379.0,40999.0,72374.0,6232.0,11246.0,20447.0,1454.0,2018.0,3103.0,22625.0,41151.0,72375.0,6521.0,11516.0,20657.0,1759.0,2323.0,3403.0,23844.0,41922.0,72382.0,7893.0,12774.0,21667.0,3193.0,3742.0,4799.0,59066.0,65943.0,77542.0,53364.0,55218.0,58615.0,51687.0,51891.0,52281.0,34551.0,50833.0,78673.0,20858.0,25133.0,33134.0,16929.0,17394.0,18292.0,33824.0,50364.0,78673.0,20024.0,24364.0,32512.0,16058.0,16528.0,17439.0,32669.0,49691.0,78673.0,18307.0,22806.0,31175.0,14158.0,14660.0,15608.0,59066.0,65943.0,77542.0,53364.0,55218.0,58615.0,51687.0,51891.0,52281.0,69795.0,73132.0,78673.0,67040.0,67931.0,69503.0,66256.0,66351.0,66524.0,34201.0,50611.0,78673.0,20461.0,24770.0,32835.0,16518.0,16987.0,17890.0,34424.0,50356.0,77543.0,20904.0,25118.0,32941.0,16985.0,17464.0,18363.0,37287.0,52544.0,78673.0,24492.0,28494.0,35978.0,20819.0,21263.0,22107.0
bl_crossing__ni_k3_r1,0.0,11322.0,9093.0,9542.0,10877.0,8335.0,3328.0,42.0,61.0,138.0,10114.0,9132.0,9093.0,8880.0,10114.0,12619.0,9118.0,7639.0,9420.0,5918.0,6416.0,7182.0,5397.0,5575.0,5832.0,580.0,649.0,758.0,444.0,444.0,2714.0,816.0,2352.0,2352.0,497.0,1012.0,1778.0,5918.0,6416.0,7182.0,5397.0,5575.0,5832.0,580.0,649.0,758.0,11482.0,11599.0,11814.0,11322.0,11322.0,11396.0,11322.0,11322.0,11332.0,13482.0,13482.0,13482.0,13482.0,13482.0,13482.0,9516.0,9556.0,9609.0,13482.0,13482.0,13482.0,13482.0,13482.0,13482.0,9917.0,9955.0,10003.0,13482.0,13482.0,13482.0,13482.0,13482.0,13482.0,11129.0,11158.0,11194.0,13482.0,13482.0,13482.0,13482.0,13482.0,13482.0,8877.0,8925.0,8986.0,9013.0,9350.0,9864.0,8661.0,8779.0,8952.0,3899.0,3961.0,4054.0,5919.0,6417.0,7183.0,5398.0,5576.0,5833.0,620.0,689.0,798.0,5920.0,6418.0,7184.0,5400.0,5578.0,5835.0,638.0,707.0,815.0,5927.0,6425.0,7191.0,5408.0,5586.0,5843.0,708.0,776.0,884.0,12096.0,12188.0,12351.0,11989.0,12018.0,12057.0,10312.0,10332.0,10365.0,13482.0,13482.0,13482.0,13482.0,13482.0,13482.0,9553.0,9593.0,9646.0,13482.0,13482.0,13482.0,13482.0,13482.0,13482.0,9516.0,9556.0,9609.0,13482.0,13482.0,13482.0,13482.0,13482.0,13482.0,9333.0,9376.0,9434.0,12096.0,12188.0,12351.0,11989.0,12018.0,12057.0,10312.0,10332.0,10365.0,13482.0,13482.0,13482.0,13482.0,13482.0,13482.0,12698.0,12706.0,12716.0,13482.0,13482.0,13482.0,13482.0,13482.0,13482.0,9539.0,9579.0,9632.0,12097.0,12189.0,12352.0,11991.0,12020.0,12059.0,8072.0,8117.0,8181.0,13482.0,13482.0,13482.0,13482.0,13482.0,13482.0,9809.0,9848.0,9897.0
bl_crossing__ni_k3_r2,0.0,16223.0,9654.0,10537.0,13274.0,8335.0,3328.0,107.0,145.0,336.0,13190.0,9758.0,9654.0,9282.0,13190.0,16629.0,9710.0,8355.0,10319.0,6464.0,11317.0,12083.0,5397.0,10476.0,10733.0,580.0,1149.0,1330.0,464.0,464.0,3125.0,991.0,3654.0,3654.0,784.0,1649.0,3045.0,6464.0,11317.0,12083.0,5397.0,10476.0,10733.0,580.0,1149.0,1330.0,16383.0,16500.0,16715.0,16223.0,16223.0,16297.0,16223.0,16223.0,16233.0,14506.0,18383.0,18383.0,14043.0,18383.0,18383.0,10077.0,10547.0,10660.0,14891.0,18383.0,18383.0,14477.0,18383.0,18383.0,10912.0,11344.0,11447.0,16168.0,18383.0,18383.0,15879.0,18383.0,18383.0,13526.0,13818.0,13888.0,14028.0,18383.0,18383.0,13482.0,18383.0,18383.0,8877.0,9425.0,9558.0,9559.0,14251.0,14765.0,8661.0,13680.0,13853.0,3899.0,4461.0,4626.0,6523.0,11318.0,12084.0,5463.0,10477.0,10734.0,685.0,1249.0,1430.0,6543.0,11319.0,12085.0,5484.0,10479.0,10736.0,722.0,1286.0,1466.0,6660.0,11326.0,12092.0,5606.0,10487.0,10744.0,906.0,1455.0,1634.0,15366.0,17089.0,17252.0,15065.0,16919.0,16958.0,13388.0,13592.0,13647.0,14564.0,18383.0,18383.0,14108.0,18383.0,18383.0,10179.0,10644.0,10757.0,14506.0,18383.0,18383.0,14043.0,18383.0,18383.0,10077.0,10547.0,10660.0,14364.0,18383.0,18383.0,13884.0,18383.0,18383.0,9735.0,10237.0,10360.0,15366.0,17089.0,17252.0,15065.0,16919.0,16958.0,13388.0,13592.0,13647.0,17599.0,18383.0,18383.0,17492.0,18383.0,18383.0,16708.0,16803.0,16821.0,14534.0,18383.0,18383.0,14074.0,18383.0,18383.0,10131.0,10600.0,10713.0,13256.0,17090.0,17253.0,12707.0,16921.0,16960.0,8788.0,9267.0,9392.0,14804.0,18383.0,18383.0,14381.0,18383.0,18383.0,10708.0,11152.0,11257.0
bl_crossing__ni_k3_r4,0.0,16818.0,10597.0,12332.0,17675.0,8335.0,3328.0,254.0,352.0,791.0,18923.0,10848.0,10597.0,10004.0,18923.0,24148.0,10736.0,9662.0,11926.0,7310.0,12994.0,21174.0,5397.0,10476.0,19824.0,580.0,1149.0,2247.0,485.0,485.0,3497.0,997.0,3865.0,3865.0,978.0,2279.0,4703.0,7310.0,12994.0,21174.0,5397.0,10476.0,19824.0,580.0,1149.0,2247.0,17769.0,18679.0,25806.0,16818.0,16818.0,25388.0,16818.0,16818.0,17678.0,16176.0,20781.0,27474.0,14986.0,19326.0,27474.0,11020.0,11490.0,12401.0,17339.0,21476.0,27474.0,16272.0,20178.0,27474.0,12707.0,13139.0,13965.0,21005.0,23632.0,27474.0,20280.0,22784.0,27474.0,17927.0,18219.0,18754.0,14874.0,20060.0,27474.0,13482.0,18383.0,27474.0,8877.0,9425.0,10475.0,10405.0,15928.0,23856.0,8661.0,13680.0,22944.0,3899.0,4461.0,5543.0,7512.0,13125.0,21175.0,5610.0,10624.0,19825.0,832.0,1396.0,2481.0,7589.0,13177.0,21176.0,5691.0,10686.0,19827.0,929.0,1493.0,2573.0,7943.0,13393.0,21183.0,6061.0,10942.0,19835.0,1361.0,1910.0,2967.0,21394.0,23445.0,26343.0,20798.0,22652.0,26049.0,19121.0,19325.0,19715.0,16377.0,20911.0,27474.0,15198.0,19473.0,27474.0,11269.0,11734.0,12632.0,16176.0,20781.0,27474.0,14986.0,19326.0,27474.0,11020.0,11490.0,12401.0,15844.0,20626.0,27474.0,14606.0,19105.0,27474.0,10457.0,10959.0,11907.0,21394.0,23445.0,26343.0,20798.0,22652.0,26049.0,19121.0,19325.0,19715.0,25264.0,26197.0,27474.0,25011.0,25902.0,27474.0,24227.0,24322.0,24495.0,16287.0,20859.0,27474.0,15100.0,19409.0,27474.0,11157.0,11626.0,12529.0,15271.0,19816.0,26344.0,14014.0,18228.0,26051.0,10095.0,10574.0,11473.0,17088.0,21339.0,27474.0,15988.0,19990.0,27474.0,12315.0,12759.0,13603.0
bl_crossing__ni_k5_r1,0.0,6717.0,8454.0,8502.0,8625.0,8335.0,3328.0,3.0,6.0,21.0,7142.0,8456.0,8454.0,8424.0,7142.0,8798.0,8456.0,6909.0,8488.0,1313.0,1811.0,2577.0,792.0,970.0,1227.0,580.0,601.0,649.0,117.0,117.0,625.0,274.0,635.0,635.0,240.0,408.0,629.0,1313.0,1811.0,2577.0,792.0,970.0,1227.0,580.0,601.0,649.0,6877.0,6994.0,7209.0,6717.0,6717.0,6791.0,6717.0,6717.0,6727.0,8877.0,8877.0,8877.0,8877.0,8877.0,8877.0,8877.0,8877.0,8877.0,8877.0,8877.0,8877.0,8877.0,8877.0,8877.0,8877.0,8877.0,8877.0,8877.0,8877.0,8877.0,8877.0,8877.0,8877.0,8877.0,8877.0,8877.0,8877.0,8877.0,8877.0,8877.0,8877.0,8877.0,8877.0,8877.0,8877.0,4408.0,4745.0,5259.0,4056.0,4174.0,4347.0,3899.0,3913.0,3945.0,1314.0,1812.0,2578.0,793.0,971.0,1228.0,581.0,602.0,650.0,1315.0,1813.0,2579.0,795.0,973.0,1230.0,583.0,604.0,652.0,1322.0,1820.0,2586.0,803.0,981.0,1238.0,591.0,612.0,660.0,7491.0,7583.0,7746.0,7384.0,7413.0,7452.0,7340.0,7343.0,7353.0,8877.0,8877.0,8877.0,8877.0,8877.0,8877.0,8877.0,8877.0,8877.0,8877.0,8877.0,8877.0,8877.0,8877.0,8877.0,8877.0,8877.0,8877.0,8877.0,8877.0,8877.0,8877.0,8877.0,8877.0,8877.0,8877.0,8877.0,7491.0,7583.0,7746.0,7384.0,7413.0,7452.0,7340.0,7343.0,7353.0,8877.0,8877.0,8877.0,8877.0,8877.0,8877.0,8877.0,8877.0,8877.0,8877.0,8877.0,8877.0,8877.0,8877.0,8877.0,8877.0,8877.0,8877.0,7492.0,7584.0,7747.0,7386.0,7415.0,7454.0,7342.0,7345.0,7355.0,8877.0,8877.0,8877.0,8877.0,8877.0,8877.0,8877.0,8877.0,8877.0
bl_crossing__ni_k5_r2,0.0,7265.0,8532.0,8618.0,8881.0,8335.0,3328.0,8.0,11.0,41.0,7489.0,8539.0,8532.0,8470.0,7489.0,9251.0,8535.0,6981.0,8592.0,1434.0,2359.0,3125.0,840.0,1518.0,1775.0,580.0,1149.0,1197.0,125.0,125.0,715.0,333.0,832.0,832.0,412.0,676.0,1001.0,1434.0,2359.0,3125.0,840.0,1518.0,1775.0,580.0,1149.0,1197.0,7425.0,7542.0,7757.0,7265.0,7265.0,7339.0,7265.0,7265.0,7275.0,9048.0,9425.0,9425.0,8995.0,9425.0,9425.0,8955.0,9425.0,9425.0,9080.0,9425.0,9425.0,9031.0,9425.0,9425.0,8993.0,9425.0,9425.0,9197.0,9425.0,9425.0,9162.0,9425.0,9425.0,9133.0,9425.0,9425.0,8998.0,9425.0,9425.0,8925.0,9425.0,9425.0,8877.0,9425.0,9425.0,4529.0,5293.0,5807.0,4104.0,4722.0,4895.0,3899.0,4461.0,4493.0,1439.0,2360.0,3126.0,846.0,1519.0,1776.0,586.0,1150.0,1198.0,1440.0,2361.0,3127.0,848.0,1521.0,1778.0,588.0,1152.0,1200.0,1461.0,2368.0,3134.0,870.0,1529.0,1786.0,611.0,1160.0,1208.0,7877.0,8131.0,8294.0,7748.0,7961.0,8000.0,7687.0,7891.0,7901.0,9052.0,9425.0,9425.0,9000.0,9425.0,9425.0,8960.0,9425.0,9425.0,9048.0,9425.0,9425.0,8995.0,9425.0,9425.0,8955.0,9425.0,9425.0,9022.0,9425.0,9425.0,8966.0,9425.0,9425.0,8923.0,9425.0,9425.0,7877.0,8131.0,8294.0,7748.0,7961.0,8000.0,7687.0,7891.0,7901.0,9350.0,9425.0,9425.0,9338.0,9425.0,9425.0,9330.0,9425.0,9425.0,9049.0,9425.0,9425.0,8996.0,9425.0,9425.0,8956.0,9425.0,9425.0,7658.0,8132.0,8295.0,7500.0,7963.0,8002.0,7414.0,7893.0,7903.0,9069.0,9425.0,9425.0,9020.0,9425.0,9425.0,8981.0,9425.0,9425.0
bl_crossing__ni_k5_r4,0.0,7465.0,8671.0,8842.0,9396.0,8335.0,3328.0,21.0,29.0,82.0,8159.0,8691.0,8671.0,8572.0,8159.0,10128.0,8682.0,7142.0,8798.0,1617.0,2695.0,4175.0,901.0,1651.0,2825.0,580.0,1149.0,2247.0,136.0,136.0,819.0,369.0,959.0,959.0,579.0,988.0,1533.0,1617.0,2695.0,4175.0,901.0,1651.0,2825.0,580.0,1149.0,2247.0,7724.0,7929.0,8807.0,7465.0,7465.0,8389.0,7465.0,7465.0,8325.0,9340.0,9847.0,10475.0,9187.0,9677.0,10475.0,9094.0,9564.0,10475.0,9446.0,9906.0,10475.0,9303.0,9752.0,10475.0,9217.0,9649.0,10475.0,9815.0,10112.0,10475.0,9713.0,10010.0,10475.0,9648.0,9940.0,10475.0,9181.0,9761.0,10475.0,8986.0,9558.0,10475.0,8877.0,9425.0,10475.0,4712.0,5629.0,6857.0,4165.0,4855.0,5945.0,3899.0,4461.0,5543.0,1635.0,2707.0,4176.0,920.0,1665.0,2826.0,599.0,1163.0,2248.0,1639.0,2711.0,4177.0,926.0,1671.0,2828.0,606.0,1170.0,2250.0,1682.0,2738.0,4184.0,971.0,1701.0,2836.0,652.0,1201.0,2258.0,8614.0,8925.0,9344.0,8441.0,8676.0,9050.0,8357.0,8561.0,8951.0,9357.0,9858.0,10475.0,9205.0,9690.0,10475.0,9112.0,9577.0,10475.0,9340.0,9847.0,10475.0,9187.0,9677.0,10475.0,9094.0,9564.0,10475.0,9289.0,9832.0,10475.0,9126.0,9650.0,10475.0,9025.0,9527.0,10475.0,8614.0,8925.0,9344.0,8441.0,8676.0,9050.0,8357.0,8561.0,8951.0,10261.0,10357.0,10475.0,10225.0,10320.0,10475.0,10207.0,10302.0,10475.0,9349.0,9855.0,10475.0,9196.0,9685.0,10475.0,9103.0,9572.0,10475.0,7976.0,8580.0,9345.0,7715.0,8239.0,9052.0,7575.0,8054.0,8953.0,9420.0,9896.0,10475.0,9275.0,9736.0,10475.0,9187.0,9631.0,10475.0
bl_step_crossing__ni_k2_r1,0.0,9765.0,6557.0,8439.0,13944.0,3866.0,3328.0,148.0,208.0,430.0,16587.0,6703.0,6557.0,5782.0,16587.0,21128.0,6642.0,6292.0,7889.0,21651.0,21812.0,22064.0,5397.0,6028.0,6984.0,580.0,712.0,920.0,785.0,785.0,8627.0,994.0,3605.0,3605.0,710.0,1532.0,3051.0,21651.0,21812.0,22064.0,5397.0,6028.0,6984.0,580.0,712.0,920.0,24196.0,24219.0,24264.0,9765.0,9765.0,10584.0,9765.0,9765.0,9867.0,24746.0,24746.0,24746.0,10946.0,11409.0,12136.0,6980.0,7073.0,7226.0,24746.0,24746.0,24746.0,12379.0,12793.0,13446.0,8814.0,8901.0,9043.0,24746.0,24746.0,24746.0,16549.0,16838.0,17274.0,14196.0,14260.0,14363.0,24746.0,24746.0,24746.0,9013.0,9559.0,10405.0,4408.0,4529.0,4712.0,24746.0,24746.0,24746.0,8661.0,9232.0,10104.0,3899.0,4024.0,4216.0,21651.0,21812.0,22064.0,5504.0,6128.0,7080.0,726.0,857.0,1065.0,21651.0,21812.0,22064.0,5547.0,6171.0,7120.0,785.0,916.0,1122.0,21651.0,21812.0,22064.0,5700.0,6320.0,7258.0,1000.0,1130.0,1335.0,24164.0,24199.0,24248.0,18462.0,18672.0,18984.0,16785.0,16825.0,16898.0,24746.0,24746.0,24746.0,11053.0,11509.0,12232.0,7124.0,7216.0,7369.0,24746.0,24746.0,24746.0,10946.0,11409.0,12136.0,6980.0,7073.0,7226.0,24746.0,24746.0,24746.0,10384.0,10864.0,11622.0,6235.0,6334.0,6499.0,24164.0,24199.0,24248.0,18462.0,18672.0,18984.0,16785.0,16825.0,16898.0,24746.0,24746.0,24746.0,21991.0,22098.0,22244.0,21207.0,21227.0,21261.0,24746.0,24746.0,24746.0,11006.0,11466.0,12193.0,7063.0,7156.0,7309.0,24164.0,24199.0,24248.0,10644.0,11103.0,11828.0,6725.0,6820.0,6983.0,24746.0,24746.0,24746.0,11951.0,12374.0,13051.0,8278.0,8366.0,8511.0
bl_step_crossing__ni_k2_r2,0.0,15174.0,8734.0,12261.0,22971.0,4203.0,3328.0,406.0,560.0,1230.0,28462.0,9138.0,8734.0,7477.0,28462.0,36508.0,8949.0,9112.0,11349.0,21651.0,40529.0,40781.0,5397.0,10476.0,12272.0,580.0,1149.0,1513.0,785.0,785.0,8627.0,1094.0,5060.0,5060.0,937.0,2192.0,4710.0,21651.0,40529.0,40781.0,5397.0,10476.0,12272.0,580.0,1149.0,1513.0,29605.0,42936.0,42981.0,15174.0,15174.0,16789.0,15174.0,15174.0,15365.0,26923.0,43463.0,43463.0,13123.0,17463.0,18918.0,9157.0,9627.0,9910.0,28568.0,43463.0,43463.0,16201.0,20107.0,21405.0,12636.0,13068.0,13325.0,33773.0,43463.0,43463.0,25576.0,28080.0,28928.0,23223.0,23515.0,23687.0,25083.0,43463.0,43463.0,9350.0,14251.0,15928.0,4745.0,5293.0,5629.0,24746.0,43463.0,43463.0,8661.0,13680.0,15392.0,3899.0,4461.0,4809.0,21909.0,40529.0,40781.0,5762.0,10776.0,12555.0,984.0,1548.0,1910.0,22003.0,40529.0,40781.0,5899.0,10894.0,12664.0,1137.0,1701.0,2061.0,22451.0,40529.0,40781.0,6500.0,11381.0,13112.0,1800.0,2349.0,2706.0,36039.0,42916.0,42965.0,30337.0,32191.0,32832.0,28660.0,28864.0,28995.0,27181.0,43463.0,43463.0,13488.0,17763.0,19201.0,9559.0,10024.0,10305.0,26923.0,43463.0,43463.0,13123.0,17463.0,18918.0,9157.0,9627.0,9910.0,26441.0,43463.0,43463.0,12079.0,16578.0,18099.0,7930.0,8432.0,8737.0,36039.0,42916.0,42965.0,30337.0,32191.0,32832.0,28660.0,28864.0,28995.0,40126.0,43463.0,43463.0,37371.0,38262.0,38557.0,36587.0,36682.0,36737.0,27053.0,43463.0,43463.0,13313.0,17622.0,19072.0,9370.0,9839.0,10122.0,26984.0,42916.0,42965.0,13464.0,17678.0,19115.0,9545.0,10024.0,10318.0,28206.0,43463.0,43463.0,15411.0,19413.0,20762.0,11738.0,12182.0,12447.0
bl_step_crossing__ni_k2_r4,0.0,17312.0,12017.0,18410.0,38066.0,4717.0,3328.0,875.0,1180.0,2614.0,48504.0,12890.0,12017.0,10087.0,48504.0,62559.0,12479.0,13566.0,16812.0,21651.0,40529.0,72373.0,5397.0,10476.0,19824.0,580.0,1149.0,2247.0,785.0,785.0,8627.0,1094.0,5060.0,5060.0,1004.0,2496.0,5925.0,21651.0,40529.0,72373.0,5397.0,10476.0,19824.0,580.0,1149.0,2247.0,31743.0,45074.0,74573.0,17312.0,17312.0,25882.0,17312.0,17312.0,18172.0,30206.0,46746.0,75055.0,16406.0,20746.0,28894.0,12440.0,12910.0,13821.0,34717.0,49612.0,75055.0,22350.0,26256.0,33552.0,18785.0,19217.0,20043.0,48868.0,58558.0,75055.0,40671.0,43175.0,47865.0,38318.0,38610.0,39145.0,25597.0,43977.0,75055.0,9864.0,14765.0,23856.0,5259.0,5807.0,6857.0,24746.0,43463.0,75055.0,8661.0,13680.0,22944.0,3899.0,4461.0,5543.0,22378.0,40998.0,72373.0,6231.0,11245.0,20446.0,1453.0,2017.0,3102.0,22623.0,41149.0,72373.0,6519.0,11514.0,20655.0,1757.0,2321.0,3401.0,23835.0,41913.0,72373.0,7884.0,12765.0,21658.0,3184.0,3733.0,4790.0,56081.0,62958.0,74557.0,50379.0,52233.0,55630.0,48702.0,48906.0,49296.0,30933.0,47215.0,75055.0,17240.0,21515.0,29516.0,13311.0,13776.0,14674.0,30206.0,46746.0,75055.0,16406.0,20746.0,28894.0,12440.0,12910.0,13821.0,29051.0,46073.0,75055.0,14689.0,19188.0,27557.0,10540.0,11042.0,11990.0,56081.0,62958.0,74557.0,50379.0,52233.0,55630.0,48702.0,48906.0,49296.0,66177.0,69514.0,75055.0,63422.0,64313.0,65885.0,62638.0,62733.0,62906.0,30583.0,46993.0,75055.0,16843.0,21152.0,29217.0,12900.0,13369.0,14272.0,31438.0,47370.0,74557.0,17918.0,22132.0,29955.0,13999.0,14478.0,15377.0,33669.0,48926.0,75055.0,20874.0,24876.0,32360.0,17201.0,17645.0,18489.0
bl_step_crossing__ni_k3_r1,0.0,8075.0,4272.0,4721.0,6056.0,3514.0,3328.0,41.0,58.0,127.0,6171.0,4311.0,4272.0,4059.0,6171.0,7798.0,4297.0,3694.0,4599.0,5566.0,5727.0,5979.0,5397.0,5457.0,5541.0,580.0,636.0,716.0,433.0,433.0,2575.0,811.0,2281.0,2281.0,485.0,973.0,1678.0,5566.0,5727.0,5979.0,5397.0,5457.0,5541.0,580.0,636.0,716.0,8111.0,8134.0,8179.0,8075.0,8075.0,8092.0,8075.0,8075.0,8076.0,8661.0,8661.0,8661.0,8661.0,8661.0,8661.0,4695.0,4735.0,4788.0,8661.0,8661.0,8661.0,8661.0,8661.0,8661.0,5096.0,5134.0,5182.0,8661.0,8661.0,8661.0,8661.0,8661.0,8661.0,6308.0,6337.0,6373.0,8661.0,8661.0,8661.0,8661.0,8661.0,8661.0,4056.0,4104.0,4165.0,8661.0,8661.0,8661.0,8661.0,8661.0,8661.0,3899.0,3948.0,4012.0,5566.0,5727.0,5979.0,5397.0,5457.0,5541.0,619.0,675.0,755.0,5566.0,5727.0,5979.0,5397.0,5457.0,5541.0,635.0,691.0,770.0,5566.0,5727.0,5979.0,5397.0,5457.0,5541.0,697.0,752.0,831.0,8079.0,8114.0,8163.0,8046.0,8058.0,8069.0,6369.0,6387.0,6414.0,8661.0,8661.0,8661.0,8661.0,8661.0,8661.0,4732.0,4772.0,4825.0,8661.0,8661.0,8661.0,8661.0,8661.0,8661.0,4695.0,4735.0,4788.0,8661.0,8661.0,8661.0,8661.0,8661.0,8661.0,4512.0,4555.0,4613.0,8079.0,8114.0,8163.0,8046.0,8058.0,8069.0,6369.0,6387.0,6414.0,8661.0,8661.0,8661.0,8661.0,8661.0,8661.0,7877.0,7885.0,7895.0,8661.0,8661.0,8661.0,8661.0,8661.0,8661.0,4718.0,4758.0,4811.0,8079.0,8114.0,8163.0,8046.0,8058.0,8069.0,4127.0,4170.0,4228.0,8661.0,8661.0,8661.0,8661.0,8661.0,8661.0,4988.0,5027.0,5076.0
bl_step_crossing__ni_k3_r2,0.0,13094.0,4951.0,5834.0,8571.0,3632.0,3328.0,106.0,142.0,325.0,9348.0,5055.0,4951.0,4579.0,9348.0,11926.0,5007.0,4511.0,5616.0,6137.0,10746.0,10998.0,5397.0,10476.0,10560.0,580.0,1149.0,1303.0,453.0,453.0,3004.0,990.0,3621.0,3621.0,779.0,1628.0,2983.0,6137.0,10746.0,10998.0,5397.0,10476.0,10560.0,580.0,1149.0,1303.0,13130.0,13153.0,13198.0,13094.0,13094.0,13111.0,13094.0,13094.0,13095.0,9803.0,13680.0,13680.0,9340.0,13680.0,13680.0,5374.0,5844.0,5957.0,10188.0,13680.0,13680.0,9774.0,13680.0,13680.0,6209.0,6641.0,6744.0,11465.0,13680.0,13680.0,11176.0,13680.0,13680.0,8823.0,9115.0,9185.0,9325.0,13680.0,13680.0,8779.0,13680.0,13680.0,4174.0,4722.0,4855.0,9232.0,13680.0,13680.0,8661.0,13680.0,13680.0,3899.0,4461.0,4599.0,6195.0,10746.0,10998.0,5462.0,10476.0,10560.0,684.0,1248.0,1402.0,6214.0,10746.0,10998.0,5481.0,10476.0,10560.0,719.0,1283.0,1436.0,6324.0,10746.0,10998.0,5595.0,10476.0,10560.0,895.0,1444.0,1596.0,11454.0,13133.0,13182.0,11223.0,13077.0,13088.0,9546.0,9750.0,9800.0,9861.0,13680.0,13680.0,9405.0,13680.0,13680.0,5476.0,5941.0,6054.0,9803.0,13680.0,13680.0,9340.0,13680.0,13680.0,5374.0,5844.0,5957.0,9661.0,13680.0,13680.0,9181.0,13680.0,13680.0,5032.0,5534.0,5657.0,11454.0,13133.0,13182.0,11223.0,13077.0,13088.0,9546.0,9750.0,9800.0,12896.0,13680.0,13680.0,12789.0,13680.0,13680.0,12005.0,12100.0,12118.0,9831.0,13680.0,13680.0,9371.0,13680.0,13680.0,5428.0,5897.0,6010.0,9343.0,13133.0,13182.0,8863.0,13077.0,13088.0,4944.0,5423.0,5543.0,10101.0,13680.0,13680.0,9678.0,13680.0,13680.0,6005.0,6449.0,6554.0
bl_step_crossing__ni_k3_r4,0.0,13805.0,6067.0,7802.0,13145.0,3805.0,3328.0,253.0,349.0,780.0,15226.0,6318.0,6067.0,5474.0,15226.0,19618.0,6206.0,5963.0,7396.0,7009.0,12458.0,20262.0,5397.0,10476.0,19824.0,580.0,1149.0,2247.0,476.0,476.0,3389.0,996.0,3837.0,3837.0,976.0,2276.0,4682.0,7009.0,12458.0,20262.0,5397.0,10476.0,19824.0,580.0,1149.0,2247.0,14643.0,15462.0,22462.0,13805.0,13805.0,22375.0,13805.0,13805.0,14665.0,11646.0,16251.0,22944.0,10456.0,14796.0,22944.0,6490.0,6960.0,7871.0,12809.0,16946.0,22944.0,11742.0,15648.0,22944.0,8177.0,8609.0,9435.0,16475.0,19102.0,22944.0,15750.0,18254.0,22944.0,13397.0,13689.0,14224.0,10344.0,15530.0,22944.0,8952.0,13853.0,22944.0,4347.0,4895.0,5945.0,10104.0,15392.0,22944.0,8661.0,13680.0,22944.0,3899.0,4461.0,5543.0,7210.0,12588.0,20262.0,5609.0,10623.0,19824.0,831.0,1395.0,2480.0,7286.0,12639.0,20262.0,5688.0,10683.0,19824.0,926.0,1490.0,2570.0,7633.0,12848.0,20262.0,6050.0,10931.0,19824.0,1350.0,1899.0,2956.0,17633.0,19641.0,22446.0,17101.0,18955.0,22352.0,15424.0,15628.0,16018.0,11847.0,16381.0,22944.0,10668.0,14943.0,22944.0,6739.0,7204.0,8102.0,11646.0,16251.0,22944.0,10456.0,14796.0,22944.0,6490.0,6960.0,7871.0,11314.0,16096.0,22944.0,10076.0,14575.0,22944.0,5927.0,6429.0,7377.0,17633.0,19641.0,22446.0,17101.0,18955.0,22352.0,15424.0,15628.0,16018.0,20734.0,21667.0,22944.0,20481.0,21372.0,22944.0,19697.0,19792.0,19965.0,11757.0,16329.0,22944.0,10570.0,14879.0,22944.0,6627.0,7096.0,7999.0,11509.0,16011.0,22446.0,10315.0,14529.0,22352.0,6396.0,6875.0,7774.0,12558.0,16809.0,22944.0,11458.0,15460.0,22944.0,7785.0,8229.0,9073.0
bl_step_crossing__ni_k5_r1,0.0,3313.0,3476.0,3524.0,3647.0,3357.0,3328.0,2.0,3.0,10.0,3078.0,3478.0,3476.0,3446.0,3078.0,3820.0,3478.0,2843.0,3510.0,804.0,965.0,1217.0,635.0,695.0,779.0,580.0,587.0,603.0,93.0,93.0,415.0,245.0,499.0,499.0,216.0,345.0,486.0,804.0,965.0,1217.0,635.0,695.0,779.0,580.0,587.0,603.0,3349.0,3372.0,3417.0,3313.0,3313.0,3330.0,3313.0,3313.0,3314.0,3899.0,3899.0,3899.0,3899.0,3899.0,3899.0,3899.0,3899.0,3899.0,3899.0,3899.0,3899.0,3899.0,3899.0,3899.0,3899.0,3899.0,3899.0,3899.0,3899.0,3899.0,3899.0,3899.0,3899.0,3899.0,3899.0,3899.0,3899.0,3899.0,3899.0,3899.0,3899.0,3899.0,3899.0,3899.0,3899.0,3899.0,3899.0,3899.0,3899.0,3899.0,3899.0,3899.0,3899.0,3899.0,804.0,965.0,1217.0,635.0,695.0,779.0,580.0,587.0,603.0,804.0,965.0,1217.0,635.0,695.0,779.0,580.0,587.0,603.0,804.0,965.0,1217.0,635.0,695.0,779.0,580.0,587.0,603.0,3317.0,3352.0,3401.0,3284.0,3296.0,3307.0,3276.0,3277.0,3279.0,3899.0,3899.0,3899.0,3899.0,3899.0,3899.0,3899.0,3899.0,3899.0,3899.0,3899.0,3899.0,3899.0,3899.0,3899.0,3899.0,3899.0,3899.0,3899.0,3899.0,3899.0,3899.0,3899.0,3899.0,3899.0,3899.0,3899.0,3317.0,3352.0,3401.0,3284.0,3296.0,3307.0,3276.0,3277.0,3279.0,3899.0,3899.0,3899.0,3899.0,3899.0,3899.0,3899.0,3899.0,3899.0,3899.0,3899.0,3899.0,3899.0,3899.0,3899.0,3899.0,3899.0,3899.0,3317.0,3352.0,3401.0,3284.0,3296.0,3307.0,3276.0,3277.0,3279.0,3899.0,3899.0,3899.0,3899.0,3899.0,3899.0,3899.0,3899.0,3899.0
bl_step_crossing__ni_k5_r2,0.0,3875.0,3568.0,3654.0,3917.0,3371.0,3328.0,7.0,8.0,30.0,3437.0,3575.0,3568.0,3506.0,3437.0,4287.0,3571.0,2927.0,3628.0,929.0,1527.0,1779.0,684.0,1257.0,1341.0,580.0,1149.0,1165.0,101.0,101.0,508.0,306.0,700.0,700.0,395.0,624.0,871.0,929.0,1527.0,1779.0,684.0,1257.0,1341.0,580.0,1149.0,1165.0,3911.0,3934.0,3979.0,3875.0,3875.0,3892.0,3875.0,3875.0,3876.0,4084.0,4461.0,4461.0,4031.0,4461.0,4461.0,3991.0,4461.0,4461.0,4116.0,4461.0,4461.0,4067.0,4461.0,4461.0,4029.0,4461.0,4461.0,4233.0,4461.0,4461.0,4198.0,4461.0,4461.0,4169.0,4461.0,4461.0,4034.0,4461.0,4461.0,3961.0,4461.0,4461.0,3913.0,4461.0,4461.0,4024.0,4461.0,4461.0,3948.0,4461.0,4461.0,3899.0,4461.0,4461.0,933.0,1527.0,1779.0,689.0,1257.0,1341.0,585.0,1149.0,1165.0,933.0,1527.0,1779.0,689.0,1257.0,1341.0,585.0,1149.0,1165.0,947.0,1527.0,1779.0,703.0,1257.0,1341.0,600.0,1149.0,1165.0,3715.0,3914.0,3963.0,3660.0,3858.0,3869.0,3635.0,3839.0,3841.0,4088.0,4461.0,4461.0,4036.0,4461.0,4461.0,3996.0,4461.0,4461.0,4084.0,4461.0,4461.0,4031.0,4461.0,4461.0,3991.0,4461.0,4461.0,4058.0,4461.0,4461.0,4002.0,4461.0,4461.0,3959.0,4461.0,4461.0,3715.0,3914.0,3963.0,3660.0,3858.0,3869.0,3635.0,3839.0,3841.0,4386.0,4461.0,4461.0,4374.0,4461.0,4461.0,4366.0,4461.0,4461.0,4085.0,4461.0,4461.0,4032.0,4461.0,4461.0,3992.0,4461.0,4461.0,3495.0,3914.0,3963.0,3410.0,3858.0,3869.0,3360.0,3839.0,3841.0,4105.0,4461.0,4461.0,4056.0,4461.0,4461.0,4017.0,4461.0,4461.0
bl_step_crossing__ni_k5_r4,0.0,4098.0,3739.0,3910.0,4464.0,3403.0,3328.0,20.0,26.0,71.0,4131.0,3759.0,3739.0,3640.0,4131.0,5196.0,3750.0,3112.0,3866.0,1121.0,1875.0,2861.0,748.0,1395.0,2423.0,580.0,1149.0,2247.0,112.0,112.0,616.0,343.0,829.0,829.0,565.0,945.0,1422.0,1121.0,1875.0,2861.0,748.0,1395.0,2423.0,580.0,1149.0,2247.0,4235.0,4347.0,5061.0,4098.0,4098.0,4974.0,4098.0,4098.0,4958.0,4408.0,4915.0,5543.0,4255.0,4745.0,5543.0,4162.0,4632.0,5543.0,4514.0,4974.0,5543.0,4371.0,4820.0,5543.0,4285.0,4717.0,5543.0,4883.0,5180.0,5543.0,4781.0,5078.0,5543.0,4716.0,5008.0,5543.0,4249.0,4829.0,5543.0,4054.0,4626.0,5543.0,3945.0,4493.0,5543.0,4216.0,4809.0,5543.0,4012.0,4599.0,5543.0,3899.0,4461.0,5543.0,1138.0,1886.0,2861.0,766.0,1408.0,2423.0,598.0,1162.0,2247.0,1141.0,1889.0,2861.0,770.0,1412.0,2423.0,603.0,1167.0,2247.0,1177.0,1909.0,2861.0,807.0,1434.0,2423.0,641.0,1190.0,2247.0,4480.0,4737.0,5045.0,4379.0,4600.0,4951.0,4329.0,4533.0,4923.0,4425.0,4926.0,5543.0,4273.0,4758.0,5543.0,4180.0,4645.0,5543.0,4408.0,4915.0,5543.0,4255.0,4745.0,5543.0,4162.0,4632.0,5543.0,4357.0,4900.0,5543.0,4194.0,4718.0,5543.0,4093.0,4595.0,5543.0,4480.0,4737.0,5045.0,4379.0,4600.0,4951.0,4329.0,4533.0,4923.0,5329.0,5425.0,5543.0,5293.0,5388.0,5543.0,5275.0,5370.0,5543.0,4417.0,4923.0,5543.0,4264.0,4753.0,5543.0,4171.0,4640.0,5543.0,3841.0,4391.0,5045.0,3651.0,4161.0,4951.0,3545.0,4024.0,4923.0,4488.0,4964.0,5543.0,4343.0,4804.0,5543.0,4255.0,4699.0,5543.0
bl_rate_q995__ni_k2_r1,0.0,7439.0,3476.0,5690.0,14064.0,772.0,233.0,4745.0,4805.0,5027.0,15917.0,8205.0,3476.0,4533.0,15917.0,22630.0,5393.0,5800.0,6640.0,21651.0,21909.0,22378.0,5397.0,6038.0,7065.0,580.0,710.0,919.0,785.0,785.0,8627.0,992.0,3599.0,3599.0,707.0,1526.0,3045.0,21651.0,21909.0,22378.0,5397.0,6038.0,7065.0,580.0,710.0,919.0,21870.0,22066.0,22519.0,7439.0,7439.0,8383.0,7439.0,7439.0,7552.0,21665.0,21923.0,22392.0,7865.0,8386.0,9256.0,3899.0,3996.0,4162.0,21997.0,22224.0,22655.0,9630.0,10095.0,10885.0,6065.0,6155.0,6310.0,24866.0,24914.0,25032.0,16669.0,16967.0,17433.0,14316.0,14381.0,14485.0,21652.0,21910.0,22379.0,5919.0,6523.0,7512.0,1314.0,1439.0,1635.0,21651.0,21909.0,22378.0,5566.0,6195.0,7210.0,804.0,933.0,1138.0,26248.0,26248.0,26248.0,10101.0,10677.0,11557.0,5323.0,5448.0,5644.0,26248.0,26248.0,26248.0,10144.0,10720.0,11597.0,5382.0,5507.0,5701.0,26248.0,26248.0,26248.0,10297.0,10869.0,11735.0,5597.0,5721.0,5914.0,23494.0,23660.0,23935.0,17792.0,18031.0,18418.0,16115.0,16157.0,16237.0,26248.0,26248.0,26248.0,12555.0,13011.0,13734.0,8626.0,8718.0,8871.0,21665.0,21923.0,22392.0,7865.0,8386.0,9256.0,3899.0,3996.0,4162.0,23497.0,23663.0,23938.0,9135.0,9653.0,10493.0,4986.0,5088.0,5260.0,23494.0,23660.0,23935.0,17792.0,18031.0,18418.0,16115.0,16157.0,16237.0,26248.0,26248.0,26248.0,23493.0,23600.0,23746.0,22709.0,22729.0,22763.0,23497.0,23663.0,23938.0,9757.0,10255.0,11064.0,5814.0,5910.0,6070.0,23672.0,23814.0,24069.0,10152.0,10635.0,11434.0,6233.0,6329.0,6499.0,23497.0,23663.0,23938.0,10702.0,11163.0,11922.0,7029.0,7120.0,7272.0
bl_rate_q995__ni_k2_r2,0.0,12924.0,5814.0,9642.0,23042.0,1270.0,394.0,4745.0,4899.0,5569.0,27826.0,10543.0,5814.0,6297.0,27826.0,37913.0,7769.0,8630.0,10169.0,21651.0,40529.0,40998.0,5397.0,10476.0,12336.0,580.0,1149.0,1515.0,785.0,785.0,8627.0,1094.0,5060.0,5060.0,938.0,2191.0,4701.0,21651.0,40529.0,40998.0,5397.0,10476.0,12336.0,580.0,1149.0,1515.0,27355.0,40686.0,41139.0,12924.0,12924.0,14653.0,12924.0,12924.0,13124.0,24003.0,40543.0,41012.0,10203.0,14543.0,16128.0,6237.0,6707.0,7001.0,25949.0,40844.0,41275.0,13582.0,17488.0,18911.0,10017.0,10449.0,10717.0,33844.0,43534.0,43652.0,25647.0,28151.0,29028.0,23294.0,23586.0,23759.0,22150.0,40530.0,40999.0,6417.0,11318.0,13125.0,1812.0,2360.0,2707.0,21812.0,40529.0,40998.0,5727.0,10746.0,12588.0,965.0,1527.0,1886.0,26248.0,44868.0,44868.0,10101.0,15115.0,16828.0,5323.0,5887.0,6240.0,26342.0,44868.0,44868.0,10238.0,15233.0,16937.0,5476.0,6040.0,6391.0,26790.0,44868.0,44868.0,10839.0,15720.0,17385.0,6139.0,6688.0,7036.0,35403.0,42280.0,42555.0,29701.0,31555.0,32263.0,28024.0,28228.0,28364.0,28586.0,44868.0,44868.0,14893.0,19168.0,20606.0,10964.0,11429.0,11710.0,24003.0,40543.0,41012.0,10203.0,14543.0,16128.0,6237.0,6707.0,7001.0,25261.0,42283.0,42558.0,10899.0,15398.0,16992.0,6750.0,7252.0,7562.0,35403.0,42280.0,42555.0,29701.0,31555.0,32263.0,28024.0,28228.0,28364.0,41531.0,44868.0,44868.0,38776.0,39667.0,39962.0,37992.0,38087.0,38142.0,25873.0,42283.0,42558.0,12133.0,16442.0,17965.0,8190.0,8659.0,8947.0,26502.0,42434.0,42689.0,12982.0,17196.0,18700.0,9063.0,9542.0,9841.0,27026.0,42283.0,42558.0,14231.0,18233.0,19655.0,10558.0,11002.0,11272.0
bl_rate_q995__ni_k2_r4,0.0,15253.0,9349.0,16005.0,38038.0,2036.0,646.0,4745.0,5050.0,6484.0,47877.0,14078.0,9349.0,8965.0,47877.0,63747.0,11357.0,13073.0,15690.0,21651.0,40529.0,72373.0,5397.0,10476.0,19824.0,580.0,1149.0,2247.0,785.0,785.0,8627.0,1094.0,5060.0,5060.0,1004.0,2496.0,5925.0,21651.0,40529.0,72373.0,5397.0,10476.0,19824.0,580.0,1149.0,2247.0,29684.0,43015.0,72514.0,15253.0,15253.0,23823.0,15253.0,15253.0,16113.0,27538.0,44078.0,72387.0,13738.0,18078.0,26226.0,9772.0,10242.0,11153.0,32312.0,47207.0,72650.0,19945.0,23851.0,31147.0,16380.0,16812.0,17638.0,48840.0,58530.0,75027.0,40643.0,43147.0,47837.0,38290.0,38582.0,39117.0,22916.0,41296.0,72374.0,7183.0,12084.0,21175.0,2578.0,3126.0,4176.0,22064.0,40781.0,72373.0,5979.0,10998.0,20262.0,1217.0,1779.0,2861.0,26248.0,44868.0,76243.0,10101.0,15115.0,24316.0,5323.0,5887.0,6972.0,26493.0,45019.0,76243.0,10389.0,15384.0,24525.0,5627.0,6191.0,7271.0,27705.0,45783.0,76243.0,11754.0,16635.0,25528.0,7054.0,7603.0,8660.0,55454.0,62331.0,73930.0,49752.0,51606.0,55003.0,48075.0,48279.0,48669.0,32121.0,48403.0,76243.0,18428.0,22703.0,30704.0,14499.0,14964.0,15862.0,27538.0,44078.0,72387.0,13738.0,18078.0,26226.0,9772.0,10242.0,11153.0,27929.0,44951.0,73933.0,13567.0,18066.0,26435.0,9418.0,9920.0,10868.0,55454.0,62331.0,73930.0,49752.0,51606.0,55003.0,48075.0,48279.0,48669.0,67365.0,70702.0,76243.0,64610.0,65501.0,67073.0,63826.0,63921.0,64094.0,29461.0,45871.0,73933.0,15721.0,20030.0,28095.0,11778.0,12247.0,13150.0,30945.0,46877.0,74064.0,17425.0,21639.0,29462.0,13506.0,13985.0,14884.0,32547.0,47804.0,73933.0,19752.0,23754.0,31238.0,16079.0,16523.0,17367.0
bl_rate_q995__ni_k3_r1,0.0,5627.0,1022.0,1810.0,6088.0,251.0,64.0,4745.0,4762.0,4831.0,5405.0,5751.0,1022.0,2681.0,5405.0,9238.0,2919.0,3109.0,3221.0,5504.0,5762.0,6231.0,5397.0,5462.0,5609.0,580.0,634.0,713.0,427.0,427.0,2539.0,807.0,2267.0,2267.0,483.0,964.0,1657.0,5504.0,5762.0,6231.0,5397.0,5462.0,5609.0,580.0,634.0,713.0,5723.0,5919.0,6372.0,5627.0,5627.0,5771.0,5627.0,5627.0,5639.0,5518.0,5776.0,6245.0,5411.0,5476.0,5623.0,1445.0,1490.0,1556.0,5850.0,6077.0,6508.0,5750.0,5808.0,5949.0,2185.0,2227.0,2288.0,8719.0,8767.0,8885.0,8693.0,8703.0,8734.0,6340.0,6370.0,6407.0,5505.0,5763.0,6232.0,5398.0,5463.0,5610.0,793.0,846.0,920.0,5504.0,5762.0,6231.0,5397.0,5462.0,5609.0,635.0,689.0,766.0,10101.0,10101.0,10101.0,10101.0,10101.0,10101.0,5323.0,5372.0,5438.0,10101.0,10101.0,10101.0,10101.0,10101.0,10101.0,5339.0,5388.0,5453.0,10101.0,10101.0,10101.0,10101.0,10101.0,10101.0,5401.0,5449.0,5514.0,7347.0,7513.0,7788.0,7280.0,7322.0,7408.0,5603.0,5624.0,5657.0,10101.0,10101.0,10101.0,10101.0,10101.0,10101.0,6172.0,6212.0,6265.0,5518.0,5776.0,6245.0,5411.0,5476.0,5623.0,1445.0,1490.0,1556.0,7350.0,7516.0,7791.0,7283.0,7325.0,7411.0,3134.0,3181.0,3246.0,7347.0,7513.0,7788.0,7280.0,7322.0,7408.0,5603.0,5624.0,5657.0,10101.0,10101.0,10101.0,10101.0,10101.0,10101.0,9317.0,9325.0,9335.0,7350.0,7516.0,7791.0,7283.0,7325.0,7411.0,3340.0,3384.0,3444.0,7525.0,7667.0,7922.0,7461.0,7498.0,7583.0,3542.0,3587.0,3651.0,7350.0,7516.0,7791.0,7283.0,7325.0,7411.0,3610.0,3653.0,3709.0
bl_rate_q995__ni_k3_r2,0.0,10641.0,1761.0,2976.0,8608.0,429.0,124.0,4745.0,4781.0,4964.0,8607.0,6490.0,1761.0,3238.0,8607.0,13361.0,3666.0,3946.0,4275.0,6080.0,10776.0,11245.0,5397.0,10476.0,10623.0,580.0,1149.0,1304.0,447.0,447.0,2968.0,989.0,3611.0,3611.0,780.0,1628.0,2965.0,6080.0,10776.0,11245.0,5397.0,10476.0,10623.0,580.0,1149.0,1304.0,10737.0,10933.0,11386.0,10641.0,10641.0,10785.0,10641.0,10641.0,10653.0,6713.0,10790.0,11259.0,6150.0,10490.0,10637.0,2184.0,2654.0,2780.0,7423.0,11091.0,11522.0,6916.0,10822.0,10963.0,3351.0,3783.0,3899.0,11527.0,13781.0,13899.0,11213.0,13717.0,13748.0,8860.0,9152.0,9223.0,6222.0,10777.0,11246.0,5576.0,10477.0,10624.0,971.0,1519.0,1665.0,6128.0,10776.0,11245.0,5457.0,10476.0,10623.0,695.0,1257.0,1408.0,10677.0,15115.0,15115.0,10101.0,15115.0,15115.0,5323.0,5887.0,6029.0,10696.0,15115.0,15115.0,10120.0,15115.0,15115.0,5358.0,5922.0,6063.0,10806.0,15115.0,15115.0,10234.0,15115.0,15115.0,5534.0,6083.0,6223.0,10746.0,12527.0,12802.0,10482.0,12336.0,12422.0,8805.0,9009.0,9065.0,11296.0,15115.0,15115.0,10840.0,15115.0,15115.0,6911.0,7376.0,7489.0,6713.0,10790.0,11259.0,6150.0,10490.0,10637.0,2184.0,2654.0,2780.0,8383.0,12530.0,12805.0,7840.0,12339.0,12425.0,3691.0,4193.0,4323.0,10746.0,12527.0,12802.0,10482.0,12336.0,12422.0,8805.0,9009.0,9065.0,14331.0,15115.0,15115.0,14224.0,15115.0,15115.0,13440.0,13535.0,13553.0,8553.0,12530.0,12805.0,8030.0,12339.0,12425.0,4087.0,4556.0,4676.0,8808.0,12681.0,12936.0,8298.0,12512.0,12597.0,4379.0,4858.0,4984.0,8823.0,12530.0,12805.0,8337.0,12339.0,12425.0,4664.0,5108.0,5220.0
bl_rate_q995__ni_k3_r4,0.0,11416.0,2961.0,5022.0,13150.0,686.0,208.0,4745.0,4841.0,5272.0,14497.0,7690.0,2961.0,4156.0,14497.0,20990.0,4888.0,5409.0,6078.0,6960.0,12489.0,20446.0,5397.0,10476.0,19824.0,580.0,1149.0,2247.0,470.0,470.0,3360.0,995.0,3829.0,3829.0,976.0,2276.0,4675.0,6960.0,12489.0,20446.0,5397.0,10476.0,19824.0,580.0,1149.0,2247.0,12312.0,13293.0,20587.0,11416.0,11416.0,19986.0,11416.0,11416.0,12276.0,8636.0,13428.0,20460.0,7350.0,11690.0,19838.0,3384.0,3854.0,4765.0,10118.0,14419.0,20723.0,8962.0,12868.0,20164.0,5397.0,5829.0,6655.0,16504.0,19169.0,23100.0,15755.0,18259.0,22949.0,13402.0,13694.0,14229.0,7321.0,12694.0,20447.0,5833.0,10734.0,19825.0,1228.0,1776.0,2826.0,7080.0,12555.0,20446.0,5541.0,10560.0,19824.0,779.0,1341.0,2423.0,11557.0,16828.0,24316.0,10101.0,15115.0,24316.0,5323.0,5887.0,6972.0,11633.0,16879.0,24316.0,10180.0,15175.0,24316.0,5418.0,5982.0,7062.0,11980.0,17088.0,24316.0,10542.0,15423.0,24316.0,5842.0,6391.0,7448.0,16937.0,19039.0,22003.0,16372.0,18226.0,21623.0,14695.0,14899.0,15289.0,13219.0,17753.0,24316.0,12040.0,16315.0,24316.0,8111.0,8576.0,9474.0,8636.0,13428.0,20460.0,7350.0,11690.0,19838.0,3384.0,3854.0,4765.0,10055.0,14956.0,22006.0,8758.0,13257.0,21626.0,4609.0,5111.0,6059.0,16937.0,19039.0,22003.0,16372.0,18226.0,21623.0,14695.0,14899.0,15289.0,22106.0,23039.0,24316.0,21853.0,22744.0,24316.0,21069.0,21164.0,21337.0,10498.0,15189.0,22006.0,9252.0,13561.0,21626.0,5309.0,5778.0,6681.0,10985.0,15563.0,22137.0,9761.0,13975.0,21798.0,5842.0,6321.0,7220.0,11299.0,15669.0,22006.0,10140.0,14142.0,21626.0,6467.0,6911.0,7755.0
bl_rate_q995__ni_k5_r1,0.0,849.0,173.0,563.0,3658.0,39.0,9.0,4745.0,4746.0,4753.0,2281.0,4902.0,173.0,2030.0,2281.0,5244.0,2062.0,2231.0,2094.0,726.0,984.0,1453.0,619.0,684.0,831.0,580.0,585.0,598.0,82.0,82.0,364.0,236.0,469.0,469.0,213.0,331.0,457.0,726.0,984.0,1453.0,619.0,684.0,831.0,580.0,585.0,598.0,945.0,1141.0,1594.0,849.0,849.0,993.0,849.0,849.0,861.0,740.0,998.0,1467.0,633.0,698.0,845.0,596.0,601.0,614.0,1072.0,1299.0,1730.0,972.0,1030.0,1171.0,938.0,942.0,955.0,3941.0,3989.0,4107.0,3915.0,3925.0,3956.0,3910.0,3911.0,3912.0,727.0,985.0,1454.0,620.0,685.0,832.0,581.0,586.0,599.0,726.0,984.0,1453.0,619.0,684.0,831.0,580.0,585.0,598.0,5323.0,5323.0,5323.0,5323.0,5323.0,5323.0,5323.0,5323.0,5323.0,5323.0,5323.0,5323.0,5323.0,5323.0,5323.0,5323.0,5323.0,5323.0,5323.0,5323.0,5323.0,5323.0,5323.0,5323.0,5323.0,5323.0,5323.0,2569.0,2735.0,3010.0,2502.0,2544.0,2630.0,2479.0,2483.0,2490.0,5323.0,5323.0,5323.0,5323.0,5323.0,5323.0,5323.0,5323.0,5323.0,740.0,998.0,1467.0,633.0,698.0,845.0,596.0,601.0,614.0,2572.0,2738.0,3013.0,2505.0,2547.0,2633.0,2483.0,2487.0,2494.0,2569.0,2735.0,3010.0,2502.0,2544.0,2630.0,2479.0,2483.0,2490.0,5323.0,5323.0,5323.0,5323.0,5323.0,5323.0,5323.0,5323.0,5323.0,2572.0,2738.0,3013.0,2505.0,2547.0,2633.0,2483.0,2487.0,2494.0,2747.0,2889.0,3144.0,2683.0,2720.0,2805.0,2664.0,2667.0,2674.0,2572.0,2738.0,3013.0,2505.0,2547.0,2633.0,2483.0,2487.0,2494.0
bl_rate_q995__ni_k5_r2,0.0,1413.0,272.0,699.0,3931.0,60.0,16.0,4745.0,4746.0,4768.0,2645.0,5001.0,272.0,2096.0,2645.0,5713.0,2161.0,2319.0,2218.0,851.0,1548.0,2017.0,668.0,1248.0,1395.0,580.0,1149.0,1162.0,90.0,90.0,457.0,298.0,673.0,673.0,394.0,614.0,844.0,851.0,1548.0,2017.0,668.0,1248.0,1395.0,580.0,1149.0,1162.0,1509.0,1705.0,2158.0,1413.0,1413.0,1557.0,1413.0,1413.0,1425.0,931.0,1562.0,2031.0,772.0,1262.0,1409.0,695.0,1165.0,1178.0,1294.0,1863.0,2294.0,1146.0,1594.0,1735.0,1074.0,1506.0,1519.0,4278.0,4553.0,4671.0,4217.0,4489.0,4520.0,4183.0,4475.0,4476.0,868.0,1549.0,2018.0,689.0,1249.0,1396.0,602.0,1150.0,1163.0,857.0,1548.0,2017.0,675.0,1248.0,1395.0,587.0,1149.0,1162.0,5448.0,5887.0,5887.0,5372.0,5887.0,5887.0,5323.0,5887.0,5887.0,5448.0,5887.0,5887.0,5372.0,5887.0,5887.0,5323.0,5887.0,5887.0,5462.0,5887.0,5887.0,5386.0,5887.0,5887.0,5338.0,5887.0,5887.0,2971.0,3299.0,3574.0,2883.0,3108.0,3194.0,2843.0,3047.0,3054.0,5514.0,5887.0,5887.0,5462.0,5887.0,5887.0,5422.0,5887.0,5887.0,931.0,1562.0,2031.0,772.0,1262.0,1409.0,695.0,1165.0,1178.0,2736.0,3302.0,3577.0,2614.0,3111.0,3197.0,2549.0,3051.0,3058.0,2971.0,3299.0,3574.0,2883.0,3108.0,3194.0,2843.0,3047.0,3054.0,5812.0,5887.0,5887.0,5800.0,5887.0,5887.0,5792.0,5887.0,5887.0,2763.0,3302.0,3577.0,2644.0,3111.0,3197.0,2582.0,3051.0,3058.0,2928.0,3453.0,3708.0,2813.0,3284.0,3369.0,2752.0,3231.0,3238.0,2783.0,3302.0,3577.0,2668.0,3111.0,3197.0,2607.0,3051.0,3058.0
bl_rate_q995__ni_k5_r4,0.0,1650.0,459.0,971.0,4482.0,108.0,32.0,4745.0,4751.0,4796.0,3347.0,5188.0,459.0,2240.0,3347.0,6625.0,2350.0,2512.0,2466.0,1047.0,1901.0,3102.0,734.0,1390.0,2480.0,580.0,1149.0,2247.0,102.0,102.0,569.0,336.0,806.0,806.0,564.0,936.0,1401.0,1047.0,1901.0,3102.0,734.0,1390.0,2480.0,580.0,1149.0,2247.0,1847.0,2130.0,3243.0,1650.0,1650.0,2642.0,1650.0,1650.0,2510.0,1271.0,2030.0,3116.0,1012.0,1562.0,2494.0,882.0,1352.0,2263.0,1708.0,2390.0,3379.0,1466.0,1969.0,2820.0,1346.0,1778.0,2604.0,4932.0,5276.0,5756.0,4804.0,5110.0,5605.0,4734.0,5026.0,5561.0,1099.0,1931.0,3103.0,798.0,1430.0,2481.0,650.0,1198.0,2248.0,1065.0,1910.0,3102.0,755.0,1402.0,2480.0,603.0,1165.0,2247.0,5644.0,6240.0,6972.0,5438.0,6029.0,6972.0,5323.0,5887.0,6972.0,5647.0,6243.0,6972.0,5442.0,6033.0,6972.0,5328.0,5892.0,6972.0,5683.0,6263.0,6972.0,5479.0,6055.0,6972.0,5366.0,5915.0,6972.0,3746.0,4130.0,4659.0,3611.0,3859.0,4279.0,3545.0,3749.0,4139.0,5854.0,6355.0,6972.0,5702.0,6187.0,6972.0,5609.0,6074.0,6972.0,1271.0,2030.0,3116.0,1012.0,1562.0,2494.0,882.0,1352.0,2263.0,3045.0,3749.0,4662.0,2816.0,3378.0,4282.0,2693.0,3195.0,4143.0,3746.0,4130.0,4659.0,3611.0,3859.0,4279.0,3545.0,3749.0,4139.0,6758.0,6854.0,6972.0,6722.0,6817.0,6972.0,6704.0,6799.0,6972.0,3105.0,3772.0,4662.0,2886.0,3413.0,4282.0,2771.0,3240.0,4143.0,3284.0,3938.0,4793.0,3063.0,3596.0,4454.0,2945.0,3424.0,4323.0,3176.0,3813.0,4662.0,2965.0,3464.0,4282.0,2855.0,3299.0,4143.0
bl_rate_q990__ni_k2_r1,0.0,7505.0,3481.0,5784.0,15226.0,773.0,233.0,4745.0,6351.0,6573.0,16490.0,8210.0,3481.0,5106.0,16490.0,24176.0,5966.0,6411.0,7213.0,21651.0,22003.0,22623.0,5397.0,6057.0,7141.0,580.0,710.0,922.0,785.0,785.0,8627.0,992.0,3602.0,3602.0,707.0,1527.0,3057.0,21651.0,22003.0,22623.0,5397.0,6057.0,7141.0,580.0,710.0,922.0,21936.0,22202.0,22803.0,7505.0,7505.0,8506.0,7505.0,7505.0,7621.0,21670.0,22022.0,22641.0,7870.0,8410.0,9337.0,3904.0,4001.0,4170.0,22091.0,22404.0,22974.0,9724.0,10204.0,11045.0,6159.0,6249.0,6407.0,26028.0,26092.0,26228.0,17831.0,18133.0,18606.0,15478.0,15543.0,15647.0,21653.0,22005.0,22625.0,5920.0,6543.0,7589.0,1315.0,1440.0,1639.0,21651.0,22003.0,22623.0,5566.0,6214.0,7286.0,804.0,933.0,1141.0,26248.0,26342.0,26493.0,10101.0,10696.0,11633.0,5323.0,5448.0,5647.0,27794.0,27794.0,27794.0,11690.0,12266.0,13143.0,6928.0,7053.0,7247.0,27794.0,27794.0,27794.0,11843.0,12415.0,13281.0,7143.0,7267.0,7460.0,24067.0,24289.0,24661.0,18365.0,18615.0,19037.0,16688.0,16730.0,16811.0,26253.0,26347.0,26497.0,12560.0,13035.0,13815.0,8631.0,8723.0,8879.0,21670.0,22022.0,22641.0,7870.0,8410.0,9337.0,3904.0,4001.0,4170.0,24070.0,24292.0,24664.0,9708.0,10237.0,11112.0,5559.0,5661.0,5834.0,24067.0,24289.0,24661.0,18365.0,18615.0,19037.0,16688.0,16730.0,16811.0,27794.0,27794.0,27794.0,25039.0,25146.0,25292.0,24255.0,24275.0,24309.0,24070.0,24292.0,24664.0,10330.0,10839.0,11683.0,6387.0,6483.0,6644.0,24283.0,24476.0,24823.0,10763.0,11255.0,12086.0,6844.0,6940.0,7111.0,24070.0,24292.0,24664.0,11275.0,11747.0,12541.0,7602.0,7693.0,7846.0
bl_rate_q990__ni_k2_r2,0.0,12966.0,5819.0,9728.0,24126.0,1271.0,394.0,4745.0,6351.0,7021.0,28361.0,10548.0,5819.0,6832.0,28361.0,39365.0,8304.0,9198.0,10704.0,21651.0,40529.0,41149.0,5397.0,10476.0,12387.0,580.0,1149.0,1518.0,785.0,785.0,8627.0,1094.0,5060.0,5060.0,938.0,2192.0,4711.0,21651.0,40529.0,41149.0,5397.0,10476.0,12387.0,580.0,1149.0,1518.0,27397.0,40728.0,41329.0,12966.0,12966.0,14746.0,12966.0,12966.0,13169.0,24008.0,40548.0,41167.0,10208.0,14548.0,16184.0,6242.0,6712.0,7009.0,26035.0,40930.0,41500.0,13668.0,17574.0,19042.0,10103.0,10535.0,10806.0,34928.0,44618.0,44754.0,26731.0,29235.0,30119.0,24378.0,24670.0,24843.0,22151.0,40531.0,41151.0,6418.0,11319.0,13177.0,1813.0,2361.0,2711.0,21812.0,40529.0,41149.0,5727.0,10746.0,12639.0,965.0,1527.0,1889.0,26248.0,44868.0,45019.0,10101.0,15115.0,16879.0,5323.0,5887.0,6243.0,27794.0,46320.0,46320.0,11690.0,16685.0,18389.0,6928.0,7492.0,7843.0,28242.0,46320.0,46320.0,12291.0,17172.0,18837.0,7591.0,8140.0,8488.0,35938.0,42815.0,43187.0,30236.0,32090.0,32828.0,28559.0,28763.0,28900.0,28591.0,44873.0,45023.0,14898.0,19173.0,20662.0,10969.0,11434.0,11718.0,24008.0,40548.0,41167.0,10208.0,14548.0,16184.0,6242.0,6712.0,7009.0,25796.0,42818.0,43190.0,11434.0,15933.0,17557.0,7285.0,7787.0,8098.0,35938.0,42815.0,43187.0,30236.0,32090.0,32828.0,28559.0,28763.0,28900.0,42983.0,46320.0,46320.0,40228.0,41119.0,41414.0,39444.0,39539.0,39594.0,26408.0,42818.0,43190.0,12668.0,16977.0,18530.0,8725.0,9194.0,9483.0,27070.0,43002.0,43349.0,13550.0,17764.0,19295.0,9631.0,10110.0,10410.0,27561.0,42818.0,43190.0,14766.0,18768.0,20220.0,11093.0,11537.0,11808.0
bl_rate_q990__ni_k2_r4,0.0,15292.0,9353.0,16079.0,38989.0,2037.0,646.0,4745.0,6351.0,7785.0,48358.0,14082.0,9353.0,9446.0,48358.0,65048.0,11838.0,13582.0,16171.0,21651.0,40529.0,72373.0,5397.0,10476.0,19824.0,580.0,1149.0,2247.0,785.0,785.0,8627.0,1094.0,5060.0,5060.0,1004.0,2496.0,5927.0,21651.0,40529.0,72373.0,5397.0,10476.0,19824.0,580.0,1149.0,2247.0,29723.0,43054.0,72553.0,15292.0,15292.0,23862.0,15292.0,15292.0,16152.0,27542.0,44082.0,72391.0,13742.0,18082.0,26230.0,9776.0,10246.0,11157.0,32386.0,47281.0,72724.0,20019.0,23925.0,31221.0,16454.0,16886.0,17712.0,49791.0,59481.0,75978.0,41594.0,44098.0,48788.0,39241.0,39533.0,40068.0,22917.0,41297.0,72375.0,7184.0,12085.0,21176.0,2579.0,3127.0,4177.0,22064.0,40781.0,72373.0,5979.0,10998.0,20262.0,1217.0,1779.0,2861.0,26248.0,44868.0,76243.0,10101.0,15115.0,24316.0,5323.0,5887.0,6972.0,27794.0,46320.0,77544.0,11690.0,16685.0,25826.0,6928.0,7492.0,8572.0,29006.0,47084.0,77544.0,13055.0,17936.0,26829.0,8355.0,8904.0,9961.0,55935.0,62812.0,74411.0,50233.0,52087.0,55484.0,48556.0,48760.0,49150.0,32125.0,48407.0,76247.0,18432.0,22707.0,30708.0,14503.0,14968.0,15866.0,27542.0,44082.0,72391.0,13742.0,18082.0,26230.0,9776.0,10246.0,11157.0,28410.0,45432.0,74414.0,14048.0,18547.0,26916.0,9899.0,10401.0,11349.0,55935.0,62812.0,74411.0,50233.0,52087.0,55484.0,48556.0,48760.0,49150.0,68666.0,72003.0,77544.0,65911.0,66802.0,68374.0,65127.0,65222.0,65395.0,29942.0,46352.0,74414.0,16202.0,20511.0,28576.0,12259.0,12728.0,13631.0,31454.0,47386.0,74573.0,17934.0,22148.0,29971.0,14015.0,14494.0,15393.0,33028.0,48285.0,74414.0,20233.0,24235.0,31719.0,16560.0,17004.0,17848.0
bl_rate_q990__ni_k3_r1,0.0,5697.0,1028.0,1908.0,7286.0,253.0,64.0,4745.0,6351.0,6420.0,5998.0,5757.0,1028.0,3275.0,5998.0,10827.0,3513.0,3741.0,3815.0,5547.0,5899.0,6519.0,5397.0,5481.0,5688.0,580.0,634.0,717.0,427.0,427.0,2545.0,807.0,2272.0,2272.0,484.0,966.0,1670.0,5547.0,5899.0,6519.0,5397.0,5481.0,5688.0,580.0,634.0,717.0,5832.0,6098.0,6699.0,5697.0,5697.0,5901.0,5697.0,5697.0,5713.0,5566.0,5918.0,6537.0,5417.0,5501.0,5708.0,1451.0,1496.0,1566.0,5987.0,6300.0,6870.0,5848.0,5921.0,6116.0,2283.0,2325.0,2390.0,9924.0,9988.0,10124.0,9891.0,9905.0,9944.0,7538.0,7568.0,7605.0,5549.0,5901.0,6521.0,5400.0,5484.0,5691.0,795.0,848.0,926.0,5547.0,5899.0,6519.0,5397.0,5481.0,5688.0,635.0,689.0,770.0,10144.0,10238.0,10389.0,10101.0,10120.0,10180.0,5323.0,5372.0,5442.0,11690.0,11690.0,11690.0,11690.0,11690.0,11690.0,6928.0,6977.0,7042.0,11690.0,11690.0,11690.0,11690.0,11690.0,11690.0,6990.0,7038.0,7103.0,7963.0,8185.0,8557.0,7873.0,7926.0,8050.0,6196.0,6217.0,6252.0,10149.0,10243.0,10393.0,10107.0,10126.0,10186.0,6178.0,6218.0,6275.0,5566.0,5918.0,6537.0,5417.0,5501.0,5708.0,1451.0,1496.0,1566.0,7966.0,8188.0,8560.0,7877.0,7930.0,8054.0,3728.0,3775.0,3842.0,7963.0,8185.0,8557.0,7873.0,7926.0,8050.0,6196.0,6217.0,6252.0,11690.0,11690.0,11690.0,11690.0,11690.0,11690.0,10906.0,10914.0,10924.0,7966.0,8188.0,8560.0,7877.0,7930.0,8054.0,3934.0,3978.0,4040.0,8179.0,8372.0,8719.0,8093.0,8139.0,8259.0,4174.0,4219.0,4285.0,7966.0,8188.0,8560.0,7877.0,7930.0,8054.0,4204.0,4247.0,4305.0
bl_rate_q990__ni_k3_r2,0.0,10692.0,1767.0,3070.0,9791.0,431.0,124.0,4745.0,6351.0,6534.0,9192.0,6496.0,1767.0,3824.0,9192.0,14931.0,4252.0,4568.0,4861.0,6123.0,10894.0,11514.0,5397.0,10476.0,10683.0,580.0,1149.0,1308.0,447.0,447.0,2974.0,989.0,3613.0,3613.0,781.0,1630.0,2978.0,6123.0,10894.0,11514.0,5397.0,10476.0,10683.0,580.0,1149.0,1308.0,10827.0,11093.0,11694.0,10692.0,10692.0,10896.0,10692.0,10692.0,10708.0,6761.0,10913.0,11532.0,6156.0,10496.0,10703.0,2190.0,2660.0,2790.0,7556.0,11295.0,11865.0,7010.0,10916.0,11111.0,3445.0,3877.0,3997.0,12717.0,14983.0,15119.0,12396.0,14900.0,14939.0,10043.0,10335.0,10406.0,6266.0,10896.0,11516.0,5578.0,10479.0,10686.0,973.0,1521.0,1671.0,6171.0,10894.0,11514.0,5457.0,10476.0,10683.0,695.0,1257.0,1412.0,10720.0,15233.0,15384.0,10101.0,15115.0,15175.0,5323.0,5887.0,6033.0,12266.0,16685.0,16685.0,11690.0,16685.0,16685.0,6928.0,7492.0,7633.0,12376.0,16685.0,16685.0,11804.0,16685.0,16685.0,7104.0,7653.0,7793.0,11354.0,13180.0,13552.0,11067.0,12921.0,13045.0,9390.0,9594.0,9652.0,11344.0,15238.0,15388.0,10846.0,15121.0,15181.0,6917.0,7382.0,7499.0,6761.0,10913.0,11532.0,6156.0,10496.0,10703.0,2190.0,2660.0,2790.0,8991.0,13183.0,13555.0,8426.0,12925.0,13049.0,4277.0,4779.0,4911.0,11354.0,13180.0,13552.0,11067.0,12921.0,13045.0,9390.0,9594.0,9652.0,15901.0,16685.0,16685.0,15794.0,16685.0,16685.0,15010.0,15105.0,15123.0,9161.0,13183.0,13555.0,8616.0,12925.0,13049.0,4673.0,5142.0,5264.0,9452.0,13367.0,13714.0,8920.0,13134.0,13254.0,5001.0,5480.0,5608.0,9431.0,13183.0,13555.0,8923.0,12925.0,13049.0,5250.0,5694.0,5808.0
bl_rate_q990__ni_k3_r4,0.0,11467.0,2967.0,5110.0,14281.0,688.0,208.0,4745.0,6351.0,6782.0,15060.0,7696.0,2967.0,4720.0,15060.0,22500.0,5452.0,6006.0,6642.0,7000.0,12598.0,20655.0,5397.0,10476.0,19824.0,580.0,1149.0,2247.0,470.0,470.0,3366.0,995.0,3830.0,3830.0,976.0,2276.0,4680.0,7000.0,12598.0,20655.0,5397.0,10476.0,19824.0,580.0,1149.0,2247.0,12399.0,13444.0,20835.0,11467.0,11467.0,20037.0,11467.0,11467.0,12327.0,8681.0,13542.0,20673.0,7356.0,11696.0,19844.0,3390.0,3860.0,4771.0,10242.0,14608.0,21006.0,9050.0,12956.0,20252.0,5485.0,5917.0,6743.0,17641.0,20318.0,24260.0,16886.0,19390.0,24080.0,14533.0,14825.0,15360.0,7362.0,12804.0,20657.0,5835.0,10736.0,19827.0,1230.0,1778.0,2828.0,7120.0,12664.0,20655.0,5541.0,10560.0,19824.0,779.0,1341.0,2423.0,11597.0,16937.0,24525.0,10101.0,15115.0,24316.0,5323.0,5887.0,6972.0,13143.0,18389.0,25826.0,11690.0,16685.0,25826.0,6928.0,7492.0,8572.0,13490.0,18598.0,25826.0,12052.0,16933.0,25826.0,7352.0,7901.0,8958.0,17520.0,19662.0,22693.0,16935.0,18789.0,22186.0,15258.0,15462.0,15852.0,13264.0,17867.0,24529.0,12046.0,16321.0,24322.0,8117.0,8582.0,9480.0,8681.0,13542.0,20673.0,7356.0,11696.0,19844.0,3390.0,3860.0,4771.0,10638.0,15579.0,22696.0,9322.0,13821.0,22190.0,5173.0,5675.0,6623.0,17520.0,19662.0,22693.0,16935.0,18789.0,22186.0,15258.0,15462.0,15852.0,23616.0,24549.0,25826.0,23363.0,24254.0,25826.0,22579.0,22674.0,22847.0,11081.0,15812.0,22696.0,9816.0,14125.0,22190.0,5873.0,6342.0,7245.0,11601.0,16216.0,22855.0,10358.0,14572.0,22395.0,6439.0,6918.0,7817.0,11882.0,16292.0,22696.0,10704.0,14706.0,22190.0,7031.0,7475.0,8319.0
bl_rate_q990__ni_k5_r1,0.0,935.0,179.0,663.0,4870.0,41.0,9.0,4745.0,6351.0,6358.0,2882.0,4908.0,179.0,2632.0,2882.0,6849.0,2664.0,2872.0,2696.0,785.0,1137.0,1757.0,635.0,719.0,926.0,580.0,585.0,603.0,82.0,82.0,374.0,237.0,476.0,476.0,215.0,334.0,474.0,785.0,1137.0,1757.0,635.0,719.0,926.0,580.0,585.0,603.0,1070.0,1336.0,1937.0,935.0,935.0,1139.0,935.0,935.0,951.0,804.0,1156.0,1775.0,655.0,739.0,946.0,602.0,607.0,625.0,1225.0,1538.0,2108.0,1086.0,1159.0,1354.0,1038.0,1042.0,1060.0,5162.0,5226.0,5362.0,5129.0,5143.0,5182.0,5122.0,5123.0,5124.0,787.0,1139.0,1759.0,638.0,722.0,929.0,583.0,588.0,606.0,785.0,1137.0,1757.0,635.0,719.0,926.0,580.0,585.0,603.0,5382.0,5476.0,5627.0,5339.0,5358.0,5418.0,5323.0,5323.0,5328.0,6928.0,6928.0,6928.0,6928.0,6928.0,6928.0,6928.0,6928.0,6928.0,6928.0,6928.0,6928.0,6928.0,6928.0,6928.0,6928.0,6928.0,6928.0,3201.0,3423.0,3795.0,3111.0,3164.0,3288.0,3080.0,3084.0,3094.0,5387.0,5481.0,5631.0,5345.0,5364.0,5424.0,5329.0,5329.0,5334.0,804.0,1156.0,1775.0,655.0,739.0,946.0,602.0,607.0,625.0,3204.0,3426.0,3798.0,3115.0,3168.0,3292.0,3085.0,3089.0,3099.0,3201.0,3423.0,3795.0,3111.0,3164.0,3288.0,3080.0,3084.0,3094.0,6928.0,6928.0,6928.0,6928.0,6928.0,6928.0,6928.0,6928.0,6928.0,3204.0,3426.0,3798.0,3115.0,3168.0,3292.0,3085.0,3089.0,3099.0,3417.0,3610.0,3957.0,3331.0,3377.0,3497.0,3305.0,3308.0,3318.0,3204.0,3426.0,3798.0,3115.0,3168.0,3292.0,3085.0,3089.0,3099.0
bl_rate_q990__ni_k5_r2,0.0,1499.0,278.0,799.0,5143.0,62.0,16.0,4745.0,6351.0,6373.0,3246.0,5007.0,278.0,2698.0,3246.0,7318.0,2763.0,2960.0,2820.0,910.0,1701.0,2321.0,684.0,1283.0,1490.0,580.0,1149.0,1167.0,90.0,90.0,467.0,299.0,680.0,680.0,396.0,617.0,861.0,910.0,1701.0,2321.0,684.0,1283.0,1490.0,580.0,1149.0,1167.0,1634.0,1900.0,2501.0,1499.0,1499.0,1703.0,1499.0,1499.0,1515.0,995.0,1720.0,2339.0,794.0,1303.0,1510.0,701.0,1171.0,1189.0,1447.0,2102.0,2672.0,1260.0,1723.0,1918.0,1174.0,1606.0,1624.0,5499.0,5790.0,5926.0,5431.0,5707.0,5746.0,5395.0,5687.0,5688.0,928.0,1703.0,2323.0,707.0,1286.0,1493.0,604.0,1152.0,1170.0,916.0,1701.0,2321.0,691.0,1283.0,1490.0,587.0,1149.0,1167.0,5507.0,6040.0,6191.0,5388.0,5922.0,5982.0,5323.0,5887.0,5892.0,7053.0,7492.0,7492.0,6977.0,7492.0,7492.0,6928.0,7492.0,7492.0,7067.0,7492.0,7492.0,6991.0,7492.0,7492.0,6943.0,7492.0,7492.0,3603.0,3987.0,4359.0,3492.0,3728.0,3852.0,3444.0,3648.0,3658.0,5578.0,6045.0,6195.0,5484.0,5928.0,5988.0,5428.0,5893.0,5898.0,995.0,1720.0,2339.0,794.0,1303.0,1510.0,701.0,1171.0,1189.0,3368.0,3990.0,4362.0,3224.0,3732.0,3856.0,3151.0,3653.0,3663.0,3603.0,3987.0,4359.0,3492.0,3728.0,3852.0,3444.0,3648.0,3658.0,7417.0,7492.0,7492.0,7405.0,7492.0,7492.0,7397.0,7492.0,7492.0,3395.0,3990.0,4362.0,3254.0,3732.0,3856.0,3184.0,3653.0,3663.0,3598.0,4174.0,4521.0,3461.0,3941.0,4061.0,3393.0,3872.0,3882.0,3415.0,3990.0,4362.0,3278.0,3732.0,3856.0,3209.0,3653.0,3663.0
bl_rate_q990__ni_k5_r4,0.0,1735.0,465.0,1071.0,5689.0,110.0,32.0,4745.0,6351.0,6396.0,3946.0,5194.0,465.0,2840.0,3946.0,8225.0,2950.0,3151.0,3066.0,1104.0,2052.0,3401.0,749.0,1424.0,2570.0,580.0,1149.0,2247.0,102.0,102.0,578.0,336.0,811.0,811.0,564.0,937.0,1414.0,1104.0,2052.0,3401.0,749.0,1424.0,2570.0,580.0,1149.0,2247.0,1970.0,2323.0,3581.0,1735.0,1735.0,2783.0,1735.0,1735.0,2595.0,1333.0,2186.0,3419.0,1033.0,1602.0,2590.0,888.0,1358.0,2269.0,1859.0,2627.0,3752.0,1579.0,2097.0,2998.0,1446.0,1878.0,2704.0,6148.0,6508.0,7006.0,6013.0,6323.0,6826.0,5941.0,6233.0,6768.0,1157.0,2083.0,3403.0,815.0,1466.0,2573.0,652.0,1200.0,2250.0,1122.0,2061.0,3401.0,770.0,1436.0,2570.0,603.0,1165.0,2247.0,5701.0,6391.0,7271.0,5453.0,6063.0,7062.0,5323.0,5887.0,6972.0,7247.0,7843.0,8572.0,7042.0,7633.0,8572.0,6928.0,7492.0,8572.0,7283.0,7863.0,8572.0,7079.0,7655.0,8572.0,6966.0,7515.0,8572.0,4374.0,4814.0,5439.0,4217.0,4476.0,4932.0,4144.0,4348.0,4738.0,5916.0,6511.0,7275.0,5723.0,6227.0,7068.0,5615.0,6080.0,6978.0,1333.0,2186.0,3419.0,1033.0,1602.0,2590.0,888.0,1358.0,2269.0,3673.0,4433.0,5442.0,3423.0,3996.0,4936.0,3293.0,3795.0,4743.0,4374.0,4814.0,5439.0,4217.0,4476.0,4932.0,4144.0,4348.0,4738.0,8358.0,8454.0,8572.0,8322.0,8417.0,8572.0,8304.0,8399.0,8572.0,3733.0,4456.0,5442.0,3493.0,4031.0,4936.0,3371.0,3840.0,4743.0,3950.0,4655.0,5601.0,3708.0,4250.0,5141.0,3584.0,4063.0,4962.0,3804.0,4497.0,5442.0,3572.0,4082.0,4936.0,3455.0,3899.0,4743.0
bl_rate_q975__ni_k2_r1,0.0,7818.0,3500.0,6397.0,19238.0,780.0,233.0,4745.0,6351.0,14655.0,19927.0,8229.0,3500.0,5120.0,19927.0,32258.0,5985.0,6765.0,7575.0,21651.0,22451.0,23835.0,5397.0,6167.0,7488.0,580.0,724.0,958.0,785.0,785.0,8627.0,999.0,3635.0,3635.0,717.0,1555.0,3123.0,21651.0,22451.0,23835.0,5397.0,6167.0,7488.0,580.0,724.0,958.0,22249.0,22845.0,24184.0,7818.0,7818.0,9048.0,7818.0,7818.0,7954.0,21689.0,22488.0,23868.0,7889.0,8538.0,9702.0,3923.0,4034.0,4225.0,22704.0,23435.0,24692.0,10337.0,10916.0,11978.0,6772.0,6875.0,7054.0,30040.0,30295.0,30732.0,21843.0,22187.0,22745.0,19490.0,19563.0,19676.0,21660.0,22460.0,23844.0,5927.0,6660.0,7943.0,1322.0,1461.0,1682.0,21651.0,22451.0,23835.0,5566.0,6324.0,7633.0,804.0,947.0,1177.0,26248.0,26790.0,27705.0,10101.0,10806.0,11980.0,5323.0,5462.0,5683.0,27794.0,28242.0,29006.0,11690.0,12376.0,13490.0,6928.0,7067.0,7283.0,35876.0,35876.0,35876.0,19925.0,20497.0,21363.0,15225.0,15349.0,15542.0,27504.0,27992.0,28814.0,21802.0,22116.0,22669.0,20125.0,20175.0,20266.0,26272.0,26813.0,27724.0,12579.0,13163.0,14180.0,8650.0,8756.0,8934.0,21689.0,22488.0,23868.0,7889.0,8538.0,9702.0,3923.0,4034.0,4225.0,24084.0,24754.0,25890.0,9722.0,10361.0,11473.0,5573.0,5689.0,5884.0,27504.0,27992.0,28814.0,21802.0,22116.0,22669.0,20125.0,20175.0,20266.0,35876.0,35876.0,35876.0,33121.0,33228.0,33374.0,32337.0,32357.0,32391.0,24089.0,24758.0,25891.0,10349.0,10967.0,12048.0,6406.0,6516.0,6699.0,24637.0,25262.0,26336.0,11117.0,11713.0,12774.0,7198.0,7308.0,7500.0,24432.0,25085.0,26181.0,11637.0,12212.0,13236.0,7964.0,8069.0,8243.0
bl_rate_q975__ni_k2_r2,0.0,13161.0,5837.0,10311.0,27881.0,1278.0,394.0,4745.0,6351.0,14655.0,31616.0,10566.0,5837.0,6846.0,31616.0,46999.0,8322.0,9536.0,11049.0,21651.0,40529.0,41913.0,5397.0,10476.0,12596.0,580.0,1149.0,1538.0,785.0,785.0,8627.0,1094.0,5060.0,5060.0,938.0,2199.0,4735.0,21651.0,40529.0,41913.0,5397.0,10476.0,12596.0,580.0,1149.0,1538.0,27592.0,40923.0,42262.0,13161.0,13161.0,15142.0,13161.0,13161.0,13383.0,24026.0,40566.0,41946.0,10226.0,14566.0,16411.0,6260.0,6730.0,7047.0,26618.0,41513.0,42770.0,14251.0,18157.0,19821.0,10686.0,11118.0,11408.0,38683.0,48373.0,48810.0,30486.0,32990.0,33954.0,28133.0,28425.0,28605.0,22158.0,40538.0,41922.0,6425.0,11326.0,13393.0,1820.0,2368.0,2738.0,21812.0,40529.0,41913.0,5727.0,10746.0,12848.0,965.0,1527.0,1909.0,26248.0,44868.0,45783.0,10101.0,15115.0,17088.0,5323.0,5887.0,6263.0,27794.0,46320.0,47084.0,11690.0,16685.0,18598.0,6928.0,7492.0,7863.0,35876.0,53954.0,53954.0,19925.0,24806.0,26471.0,15225.0,15774.0,16122.0,39193.0,46070.0,46892.0,33491.0,35345.0,36194.0,31814.0,32018.0,32163.0,28609.0,44891.0,45802.0,14916.0,19191.0,20889.0,10987.0,11452.0,11756.0,24026.0,40566.0,41946.0,10226.0,14566.0,16411.0,6260.0,6730.0,7047.0,25810.0,42832.0,43968.0,11448.0,15947.0,17780.0,7299.0,7801.0,8132.0,39193.0,46070.0,46892.0,33491.0,35345.0,36194.0,31814.0,32018.0,32163.0,50617.0,53954.0,53954.0,47862.0,48753.0,49048.0,47078.0,47173.0,47228.0,26426.0,42836.0,43969.0,12686.0,16995.0,18757.0,8743.0,9212.0,9521.0,27408.0,43340.0,44414.0,13888.0,18102.0,19836.0,9969.0,10448.0,10767.0,27906.0,43163.0,44259.0,15111.0,19113.0,20768.0,11438.0,11882.0,12172.0
bl_rate_q975__ni_k2_r4,0.0,15461.0,9368.0,16585.0,42281.0,2044.0,646.0,4745.0,6351.0,14655.0,51299.0,14097.0,9368.0,9460.0,51299.0,71918.0,11853.0,13883.0,16476.0,21651.0,40529.0,72373.0,5397.0,10476.0,19824.0,580.0,1149.0,2247.0,785.0,785.0,8627.0,1094.0,5060.0,5060.0,1004.0,2496.0,5928.0,21651.0,40529.0,72373.0,5397.0,10476.0,19824.0,580.0,1149.0,2247.0,29892.0,43223.0,72722.0,15461.0,15461.0,24031.0,15461.0,15461.0,16321.0,27557.0,44097.0,72406.0,13757.0,18097.0,26245.0,9791.0,10261.0,11172.0,32892.0,47787.0,73230.0,20525.0,24431.0,31727.0,16960.0,17392.0,18218.0,53083.0,62773.0,79270.0,44886.0,47390.0,52080.0,42533.0,42825.0,43360.0,22924.0,41304.0,72382.0,7191.0,12092.0,21183.0,2586.0,3134.0,4184.0,22064.0,40781.0,72373.0,5979.0,10998.0,20262.0,1217.0,1779.0,2861.0,26248.0,44868.0,76243.0,10101.0,15115.0,24316.0,5323.0,5887.0,6972.0,27794.0,46320.0,77544.0,11690.0,16685.0,25826.0,6928.0,7492.0,8572.0,35876.0,53954.0,84414.0,19925.0,24806.0,33699.0,15225.0,15774.0,16831.0,58876.0,65753.0,77352.0,53174.0,55028.0,58425.0,51497.0,51701.0,52091.0,32140.0,48422.0,76262.0,18447.0,22722.0,30723.0,14518.0,14983.0,15881.0,27557.0,44097.0,72406.0,13757.0,18097.0,26245.0,9791.0,10261.0,11172.0,28424.0,45446.0,74428.0,14062.0,18561.0,26930.0,9913.0,10415.0,11363.0,58876.0,65753.0,77352.0,53174.0,55028.0,58425.0,51497.0,51701.0,52091.0,75536.0,78873.0,84414.0,72781.0,73672.0,75244.0,71997.0,72092.0,72265.0,29957.0,46367.0,74429.0,16217.0,20526.0,28591.0,12274.0,12743.0,13646.0,31755.0,47687.0,74874.0,18235.0,22449.0,30272.0,14316.0,14795.0,15694.0,33333.0,48590.0,74719.0,20538.0,24540.0,32024.0,16865.0,17309.0,18153.0
bl_rate_q975__ni_k3_r1,0.0,6019.0,1048.0,2534.0,11383.0,261.0,64.0,4745.0,6351.0,14655.0,9498.0,5777.0,1048.0,3290.0,9498.0,19062.0,3533.0,4101.0,4183.0,5700.0,6500.0,7884.0,5397.0,5595.0,6050.0,580.0,648.0,754.0,427.0,427.0,2582.0,814.0,2312.0,2312.0,496.0,998.0,1745.0,5700.0,6500.0,7884.0,5397.0,5595.0,6050.0,580.0,648.0,754.0,6298.0,6894.0,8233.0,6019.0,6019.0,6463.0,6019.0,6019.0,6056.0,5738.0,6537.0,7917.0,5437.0,5634.0,6089.0,1471.0,1530.0,1623.0,6753.0,7484.0,8741.0,6474.0,6650.0,7075.0,2909.0,2964.0,3050.0,14089.0,14344.0,14781.0,13988.0,14045.0,14174.0,11635.0,11673.0,11719.0,5709.0,6509.0,7893.0,5408.0,5606.0,6061.0,803.0,870.0,971.0,5700.0,6500.0,7884.0,5397.0,5595.0,6050.0,635.0,703.0,807.0,10297.0,10839.0,11754.0,10101.0,10234.0,10542.0,5323.0,5386.0,5479.0,11843.0,12291.0,13055.0,11690.0,11804.0,12052.0,6928.0,6991.0,7079.0,19925.0,19925.0,19925.0,19925.0,19925.0,19925.0,15225.0,15273.0,15338.0,11553.0,12041.0,12863.0,11373.0,11493.0,11755.0,9696.0,9725.0,9771.0,10321.0,10862.0,11773.0,10127.0,10259.0,10567.0,6198.0,6252.0,6332.0,5738.0,6537.0,7917.0,5437.0,5634.0,6089.0,1471.0,1530.0,1623.0,8133.0,8803.0,9939.0,7892.0,8059.0,8431.0,3743.0,3804.0,3894.0,11553.0,12041.0,12863.0,11373.0,11493.0,11755.0,9696.0,9725.0,9771.0,19925.0,19925.0,19925.0,19925.0,19925.0,19925.0,19141.0,19149.0,19159.0,8138.0,8807.0,9940.0,7897.0,8063.0,8435.0,3954.0,4012.0,4097.0,8686.0,9311.0,10385.0,8453.0,8607.0,8967.0,4534.0,4593.0,4681.0,8481.0,9134.0,10230.0,8245.0,8405.0,8769.0,4572.0,4629.0,4709.0
bl_rate_q975__ni_k3_r2,0.0,10900.0,1786.0,3685.0,13817.0,439.0,124.0,4745.0,6351.0,14655.0,12645.0,6515.0,1786.0,3839.0,12645.0,23052.0,4271.0,4922.0,5222.0,6272.0,11381.0,12765.0,5397.0,10476.0,10931.0,580.0,1149.0,1330.0,447.0,447.0,3009.0,989.0,3623.0,3623.0,783.0,1646.0,3020.0,6272.0,11381.0,12765.0,5397.0,10476.0,10931.0,580.0,1149.0,1330.0,11179.0,11775.0,13114.0,10900.0,10900.0,11344.0,10900.0,10900.0,10937.0,6928.0,11418.0,12798.0,6175.0,10515.0,10970.0,2209.0,2679.0,2831.0,8307.0,12365.0,13622.0,7625.0,11531.0,11956.0,4060.0,4492.0,4632.0,16810.0,19225.0,19662.0,16422.0,18926.0,19055.0,14069.0,14361.0,14440.0,6422.0,11390.0,12774.0,5586.0,10487.0,10942.0,981.0,1529.0,1701.0,6320.0,11381.0,12765.0,5457.0,10476.0,10931.0,695.0,1257.0,1434.0,10869.0,15720.0,16635.0,10101.0,15115.0,15423.0,5323.0,5887.0,6055.0,12415.0,17172.0,17936.0,11690.0,16685.0,16933.0,6928.0,7492.0,7655.0,20497.0,24806.0,24806.0,19925.0,24806.0,24806.0,15225.0,15774.0,15914.0,14894.0,16922.0,17744.0,14520.0,16374.0,16636.0,12843.0,13047.0,13115.0,11511.0,15743.0,16654.0,10865.0,15140.0,15448.0,6936.0,7401.0,7540.0,6928.0,11418.0,12798.0,6175.0,10515.0,10970.0,2209.0,2679.0,2831.0,9154.0,13684.0,14820.0,8441.0,12940.0,13312.0,4292.0,4794.0,4948.0,14894.0,16922.0,17744.0,14520.0,16374.0,16636.0,12843.0,13047.0,13115.0,24022.0,24806.0,24806.0,23915.0,24806.0,24806.0,23131.0,23226.0,23244.0,9328.0,13688.0,14821.0,8635.0,12944.0,13316.0,4692.0,5161.0,5305.0,9949.0,14192.0,15266.0,9274.0,13488.0,13848.0,5355.0,5834.0,5983.0,9935.0,14015.0,15111.0,9284.0,13286.0,13650.0,5611.0,6055.0,6190.0
bl_rate_q975__ni_k3_r4,0.0,11667.0,2986.0,5707.0,18149.0,696.0,208.0,4745.0,6351.0,14655.0,18403.0,7715.0,2986.0,4735.0,18403.0,30373.0,5471.0,6352.0,6995.0,7138.0,13046.0,21658.0,5397.0,10476.0,19824.0,580.0,1149.0,2247.0,470.0,470.0,3397.0,995.0,3837.0,3837.0,976.0,2278.0,4690.0,7138.0,13046.0,21658.0,5397.0,10476.0,19824.0,580.0,1149.0,2247.0,12732.0,14079.0,22007.0,11667.0,11667.0,20237.0,11667.0,11667.0,12527.0,8837.0,14008.0,21691.0,7375.0,11715.0,19863.0,3409.0,3879.0,4790.0,10966.0,15626.0,22515.0,9647.0,13553.0,20849.0,6082.0,6514.0,7340.0,21571.0,24392.0,28555.0,20754.0,23258.0,27948.0,18401.0,18693.0,19228.0,7507.0,13259.0,21667.0,5843.0,10744.0,19835.0,1238.0,1786.0,2836.0,7258.0,13112.0,21658.0,5541.0,10560.0,19824.0,779.0,1341.0,2423.0,11735.0,17385.0,25528.0,10101.0,15115.0,24316.0,5323.0,5887.0,6972.0,13281.0,18837.0,26829.0,11690.0,16685.0,25826.0,6928.0,7492.0,8572.0,21363.0,26471.0,33699.0,19925.0,24806.0,33699.0,15225.0,15774.0,16831.0,20943.0,23267.0,26637.0,20278.0,22132.0,25529.0,18601.0,18805.0,19195.0,13420.0,18333.0,25547.0,12065.0,16340.0,24341.0,8136.0,8601.0,9499.0,8837.0,14008.0,21691.0,7375.0,11715.0,19863.0,3409.0,3879.0,4790.0,10790.0,16041.0,23713.0,9337.0,13836.0,22205.0,5188.0,5690.0,6638.0,20943.0,23267.0,26637.0,20278.0,22132.0,25529.0,18601.0,18805.0,19195.0,31489.0,32422.0,33699.0,31236.0,32127.0,33699.0,30452.0,30547.0,30720.0,11237.0,16278.0,23714.0,9835.0,14144.0,22209.0,5892.0,6361.0,7264.0,12080.0,16996.0,24159.0,10704.0,14918.0,22741.0,6785.0,7264.0,8163.0,12368.0,17079.0,24004.0,11057.0,15059.0,22543.0,7384.0,7828.0,8672.0
bl_rate_q975__ni_k5_r1,0.0,1319.0,199.0,1296.0,9002.0,49.0,9.0,4745.0,6351.0,14655.0,6414.0,4928.0,199.0,2647.0,6414.0,15146.0,2684.0,3234.0,3066.0,1000.0,1800.0,3184.0,697.0,895.0,1350.0,580.0,600.0,641.0,83.0,83.0,433.0,251.0,534.0,534.0,232.0,373.0,561.0,1000.0,1800.0,3184.0,697.0,895.0,1350.0,580.0,600.0,641.0,1598.0,2194.0,3533.0,1319.0,1319.0,1763.0,1319.0,1319.0,1356.0,1038.0,1837.0,3217.0,737.0,934.0,1389.0,622.0,642.0,683.0,2053.0,2784.0,4041.0,1774.0,1950.0,2375.0,1671.0,1689.0,1728.0,9389.0,9644.0,10081.0,9288.0,9345.0,9474.0,9254.0,9263.0,9273.0,1009.0,1809.0,3193.0,708.0,906.0,1361.0,591.0,611.0,652.0,1000.0,1800.0,3184.0,697.0,895.0,1350.0,580.0,600.0,641.0,5597.0,6139.0,7054.0,5401.0,5534.0,5842.0,5323.0,5338.0,5366.0,7143.0,7591.0,8355.0,6990.0,7104.0,7352.0,6928.0,6943.0,6966.0,15225.0,15225.0,15225.0,15225.0,15225.0,15225.0,15225.0,15225.0,15225.0,6853.0,7341.0,8163.0,6673.0,6793.0,7055.0,6612.0,6625.0,6646.0,5621.0,6162.0,7073.0,5427.0,5559.0,5867.0,5349.0,5364.0,5392.0,1038.0,1837.0,3217.0,737.0,934.0,1389.0,622.0,642.0,683.0,3433.0,4103.0,5239.0,3192.0,3359.0,3731.0,3100.0,3119.0,3152.0,6853.0,7341.0,8163.0,6673.0,6793.0,7055.0,6612.0,6625.0,6646.0,15225.0,15225.0,15225.0,15225.0,15225.0,15225.0,15225.0,15225.0,15225.0,3438.0,4107.0,5240.0,3197.0,3363.0,3735.0,3105.0,3124.0,3157.0,3986.0,4611.0,5685.0,3753.0,3907.0,4267.0,3667.0,3685.0,3717.0,3781.0,4434.0,5530.0,3545.0,3705.0,4069.0,3455.0,3474.0,3506.0
bl_rate_q975__ni_k5_r2,0.0,1868.0,298.0,1431.0,9268.0,70.0,16.0,4745.0,6351.0,14655.0,6772.0,5027.0,298.0,2713.0,6772.0,15600.0,2783.0,3322.0,3190.0,1124.0,2349.0,3733.0,745.0,1444.0,1899.0,580.0,1149.0,1190.0,91.0,91.0,525.0,309.0,730.0,730.0,408.0,648.0,939.0,1124.0,2349.0,3733.0,745.0,1444.0,1899.0,580.0,1149.0,1190.0,2147.0,2743.0,4082.0,1868.0,1868.0,2312.0,1868.0,1868.0,1905.0,1228.0,2386.0,3766.0,875.0,1483.0,1938.0,721.0,1191.0,1232.0,2273.0,3333.0,4590.0,1946.0,2499.0,2924.0,1806.0,2238.0,2277.0,9719.0,10193.0,10630.0,9583.0,9894.0,10023.0,9520.0,9812.0,9822.0,1149.0,2358.0,3742.0,776.0,1455.0,1910.0,612.0,1160.0,1201.0,1130.0,2349.0,3733.0,752.0,1444.0,1899.0,587.0,1149.0,1190.0,5721.0,6688.0,7603.0,5449.0,6083.0,6391.0,5323.0,5887.0,5915.0,7267.0,8140.0,8904.0,7038.0,7653.0,7901.0,6928.0,7492.0,7515.0,15349.0,15774.0,15774.0,15273.0,15774.0,15774.0,15225.0,15774.0,15774.0,7248.0,7890.0,8712.0,7047.0,7342.0,7604.0,6970.0,7174.0,7195.0,5811.0,6711.0,7622.0,5565.0,6108.0,6416.0,5448.0,5913.0,5941.0,1228.0,2386.0,3766.0,875.0,1483.0,1938.0,721.0,1191.0,1232.0,3596.0,4652.0,5788.0,3300.0,3908.0,4280.0,3166.0,3668.0,3701.0,7248.0,7890.0,8712.0,7047.0,7342.0,7604.0,6970.0,7174.0,7195.0,15699.0,15774.0,15774.0,15687.0,15774.0,15774.0,15679.0,15774.0,15774.0,3628.0,4656.0,5789.0,3335.0,3912.0,4284.0,3204.0,3673.0,3706.0,4166.0,5160.0,6234.0,3882.0,4456.0,4816.0,3755.0,4234.0,4266.0,3991.0,4983.0,6079.0,3707.0,4254.0,4618.0,3579.0,4023.0,4055.0
bl_rate_q975__ni_k5_r4,0.0,2102.0,485.0,1701.0,9800.0,118.0,32.0,4745.0,6351.0,14655.0,7460.0,5214.0,485.0,2855.0,7460.0,16484.0,2970.0,3512.0,3435.0,1317.0,2697.0,4790.0,810.0,1584.0,2956.0,580.0,1149.0,2247.0,103.0,103.0,636.0,345.0,859.0,859.0,574.0,964.0,1485.0,1317.0,2697.0,4790.0,810.0,1584.0,2956.0,580.0,1149.0,2247.0,2480.0,3162.0,5139.0,2102.0,2102.0,3369.0,2102.0,2102.0,2962.0,1565.0,2849.0,4823.0,1114.0,1781.0,2995.0,908.0,1378.0,2289.0,2683.0,3854.0,5647.0,2263.0,2870.0,3981.0,2076.0,2508.0,3334.0,10354.0,10895.0,11687.0,10151.0,10495.0,11080.0,10052.0,10344.0,10879.0,1377.0,2735.0,4799.0,884.0,1634.0,2967.0,660.0,1208.0,2258.0,1335.0,2706.0,4790.0,831.0,1596.0,2956.0,603.0,1165.0,2247.0,5914.0,7036.0,8660.0,5514.0,6223.0,7448.0,5323.0,5887.0,6972.0,7460.0,8488.0,9961.0,7103.0,7793.0,8958.0,6928.0,7492.0,8572.0,15542.0,16122.0,16831.0,15338.0,15914.0,16831.0,15225.0,15774.0,16831.0,8006.0,8702.0,9769.0,7760.0,8077.0,8661.0,7658.0,7862.0,8252.0,6148.0,7174.0,8679.0,5804.0,6406.0,7473.0,5635.0,6100.0,6998.0,1565.0,2849.0,4823.0,1114.0,1781.0,2995.0,908.0,1378.0,2289.0,3900.0,5092.0,6845.0,3499.0,4171.0,5337.0,3308.0,3810.0,4758.0,8006.0,8702.0,9769.0,7760.0,8077.0,8661.0,7658.0,7862.0,8252.0,16617.0,16713.0,16831.0,16581.0,16676.0,16831.0,16563.0,16658.0,16831.0,3965.0,5119.0,6846.0,3574.0,4210.0,5341.0,3391.0,3860.0,4763.0,4516.0,5637.0,7291.0,4128.0,4763.0,5873.0,3945.0,4424.0,5323.0,4378.0,5486.0,7136.0,4000.0,4602.0,5675.0,3824.0,4268.0,5112.0
bl_hmm_disagreement__ni_k2_r1,0.0,28225.0,27765.0,48905.0,117887.0,6949.0,2746.0,1991.0,2624.0,6283.0,279540.0,29743.0,27765.0,29390.0,279540.0,283499.0,30250.0,49532.0,50547.0,21651.0,33652.0,53897.0,5397.0,8823.0,15079.0,580.0,984.0,1765.0,785.0,785.0,8627.0,1052.0,4511.0,4511.0,887.0,2152.0,4965.0,21651.0,33652.0,53897.0,5397.0,8823.0,15079.0,580.0,984.0,1765.0,42656.0,51001.0,69446.0,28225.0,28225.0,33838.0,28225.0,28225.0,28798.0,45954.0,56321.0,74114.0,32154.0,35033.0,40391.0,28188.0,28523.0,29154.0,65212.0,74416.0,90252.0,52845.0,55401.0,60146.0,49280.0,49589.0,50158.0,128689.0,134892.0,145600.0,120492.0,122178.0,125382.0,118139.0,118351.0,118741.0,27829.0,39424.0,59066.0,12096.0,15366.0,21394.0,7491.0,7877.0,8614.0,24164.0,36039.0,56081.0,8079.0,11454.0,17633.0,3317.0,3715.0,4480.0,23494.0,35403.0,55454.0,7347.0,10746.0,16937.0,2569.0,2971.0,3746.0,24067.0,35938.0,55935.0,7963.0,11354.0,17520.0,3201.0,3603.0,4374.0,27504.0,39193.0,58876.0,11553.0,14894.0,20943.0,6853.0,7248.0,8006.0,287117.0,287117.0,287117.0,281415.0,281616.0,281921.0,279738.0,279777.0,279850.0,47786.0,58061.0,75660.0,34093.0,36945.0,42238.0,30164.0,30497.0,31122.0,45954.0,56321.0,74114.0,32154.0,35033.0,40391.0,28188.0,28523.0,29154.0,48354.0,58591.0,76137.0,33992.0,36860.0,42166.0,29843.0,30183.0,30818.0,287117.0,287117.0,287117.0,281415.0,281616.0,281921.0,279738.0,279777.0,279850.0,287117.0,287117.0,287117.0,284362.0,284469.0,284615.0,283578.0,283598.0,283632.0,48354.0,58591.0,76137.0,34614.0,37462.0,42737.0,30671.0,31005.0,31628.0,67404.0,76488.0,92101.0,53884.0,56452.0,61187.0,49965.0,50280.0,50862.0,67404.0,76488.0,92101.0,54609.0,57150.0,61844.0,50936.0,51245.0,51809.0
bl_hmm_disagreement__ni_k2_r2,0.0,30116.0,28469.0,50091.0,121277.0,7041.0,2781.0,2157.0,2846.0,6771.0,279540.0,30613.0,28469.0,29482.0,279540.0,287039.0,30954.0,49561.0,51251.0,21651.0,40529.0,60774.0,5397.0,10476.0,17062.0,580.0,1149.0,1988.0,785.0,785.0,8627.0,1094.0,5060.0,5060.0,986.0,2400.0,5564.0,21651.0,40529.0,60774.0,5397.0,10476.0,17062.0,580.0,1149.0,1988.0,44547.0,57878.0,76323.0,30116.0,30116.0,36049.0,30116.0,30116.0,30726.0,46658.0,63198.0,80991.0,32858.0,37198.0,42844.0,28892.0,29362.0,30040.0,66398.0,81293.0,97129.0,54031.0,57937.0,62938.0,50466.0,50898.0,51509.0,132079.0,141769.0,152477.0,123882.0,126386.0,129742.0,121529.0,121821.0,122234.0,27921.0,46301.0,65943.0,12188.0,17089.0,23445.0,7583.0,8131.0,8925.0,24199.0,42916.0,62958.0,8114.0,13133.0,19641.0,3352.0,3914.0,4737.0,23660.0,42280.0,62331.0,7513.0,12527.0,19039.0,2735.0,3299.0,4130.0,24289.0,42815.0,62812.0,8185.0,13180.0,19662.0,3423.0,3987.0,4814.0,27992.0,46070.0,65753.0,12041.0,16922.0,23267.0,7341.0,7890.0,8702.0,287117.0,293994.0,293994.0,281415.0,283269.0,283904.0,279738.0,279942.0,280073.0,48656.0,64938.0,82537.0,34963.0,39238.0,44810.0,31034.0,31499.0,32169.0,46658.0,63198.0,80991.0,32858.0,37198.0,42844.0,28892.0,29362.0,30040.0,48446.0,65468.0,83014.0,34084.0,38583.0,44217.0,29935.0,30437.0,31129.0,287117.0,293994.0,293994.0,281415.0,283269.0,283904.0,279738.0,279942.0,280073.0,290657.0,293994.0,293994.0,287902.0,288793.0,289088.0,287118.0,287213.0,287268.0,49058.0,65468.0,83014.0,35318.0,39627.0,45190.0,31375.0,31844.0,32514.0,67433.0,83365.0,98978.0,53913.0,58127.0,63191.0,49994.0,50473.0,51113.0,68108.0,83365.0,98978.0,55313.0,59315.0,64297.0,51640.0,52084.0,52695.0
bl_hmm_disagreement__ni_k2_r4,0.0,30661.0,29552.0,52083.0,127087.0,7204.0,2830.0,2432.0,3218.0,7593.0,279540.0,31971.0,29552.0,29645.0,279540.0,293097.0,32037.0,49586.0,52334.0,21651.0,40529.0,72373.0,5397.0,10476.0,19824.0,580.0,1149.0,2247.0,785.0,785.0,8627.0,1094.0,5060.0,5060.0,1004.0,2496.0,5973.0,21651.0,40529.0,72373.0,5397.0,10476.0,19824.0,580.0,1149.0,2247.0,45092.0,58423.0,87922.0,30661.0,30661.0,39231.0,30661.0,30661.0,31521.0,47741.0,64281.0,92590.0,33941.0,38281.0,46429.0,29975.0,30445.0,31356.0,68390.0,83285.0,108728.0,56023.0,59929.0,67225.0,52458.0,52890.0,53716.0,137889.0,147579.0,164076.0,129692.0,132196.0,136886.0,127339.0,127631.0,128166.0,28084.0,46464.0,77542.0,12351.0,17252.0,26343.0,7746.0,8294.0,9344.0,24248.0,42965.0,74557.0,8163.0,13182.0,22446.0,3401.0,3963.0,5045.0,23935.0,42555.0,73930.0,7788.0,12802.0,22003.0,3010.0,3574.0,4659.0,24661.0,43187.0,74411.0,8557.0,13552.0,22693.0,3795.0,4359.0,5439.0,28814.0,46892.0,77352.0,12863.0,17744.0,26637.0,8163.0,8712.0,9769.0,287117.0,293994.0,305593.0,281415.0,283269.0,286666.0,279738.0,279942.0,280332.0,50014.0,66296.0,94136.0,36321.0,40596.0,48597.0,32392.0,32857.0,33755.0,47741.0,64281.0,92590.0,33941.0,38281.0,46429.0,29975.0,30445.0,31356.0,48609.0,65631.0,94613.0,34247.0,38746.0,47115.0,30098.0,30600.0,31548.0,287117.0,293994.0,305593.0,281415.0,283269.0,286666.0,279738.0,279942.0,280332.0,296715.0,300052.0,305593.0,293960.0,294851.0,296423.0,293176.0,293271.0,293444.0,50141.0,66551.0,94613.0,36401.0,40710.0,48775.0,32458.0,32927.0,33830.0,67458.0,83390.0,110577.0,53938.0,58152.0,65975.0,50019.0,50498.0,51397.0,69191.0,84448.0,110577.0,56396.0,60398.0,67882.0,52723.0,53167.0,54011.0
bl_hmm_disagreement__ni_k3_r1,0.0,27733.0,27036.0,47695.0,115000.0,6842.0,2713.0,1924.0,2534.0,6103.0,279540.0,28947.0,27036.0,29283.0,279540.0,280552.0,29521.0,49528.0,49818.0,15949.0,27950.0,48195.0,5397.0,8622.0,14573.0,580.0,962.0,1696.0,660.0,660.0,6527.0,988.0,4030.0,4030.0,810.0,1960.0,4485.0,15949.0,27950.0,48195.0,5397.0,8622.0,14573.0,580.0,962.0,1696.0,36954.0,45299.0,63744.0,27733.0,27733.0,33062.0,27733.0,27733.0,28267.0,40252.0,50619.0,68412.0,31425.0,34130.0,39224.0,27459.0,27775.0,28369.0,59510.0,68714.0,84550.0,51635.0,54029.0,58534.0,48070.0,48360.0,48894.0,122987.0,129190.0,139898.0,117605.0,119182.0,122233.0,115252.0,115452.0,115818.0,22127.0,33722.0,53364.0,11989.0,15065.0,20798.0,7384.0,7748.0,8441.0,18462.0,30337.0,50379.0,8046.0,11223.0,17101.0,3284.0,3660.0,4379.0,17792.0,29701.0,49752.0,7280.0,10482.0,16372.0,2502.0,2883.0,3611.0,18365.0,30236.0,50233.0,7873.0,11067.0,16935.0,3111.0,3492.0,4217.0,21802.0,33491.0,53174.0,11373.0,14520.0,20278.0,6673.0,7047.0,7760.0,281415.0,281415.0,281415.0,281415.0,281415.0,281415.0,279738.0,279755.0,279781.0,42084.0,52359.0,69958.0,33297.0,35979.0,41012.0,29368.0,29683.0,30271.0,40252.0,50619.0,68412.0,31425.0,34130.0,39224.0,27459.0,27775.0,28369.0,42652.0,52889.0,70435.0,33885.0,36559.0,41570.0,29736.0,30054.0,30645.0,281415.0,281415.0,281415.0,281415.0,281415.0,281415.0,279738.0,279755.0,279781.0,281415.0,281415.0,281415.0,281415.0,281415.0,281415.0,280631.0,280639.0,280649.0,42652.0,52889.0,70435.0,33885.0,36559.0,41570.0,29942.0,30257.0,30843.0,61702.0,70786.0,86399.0,53880.0,56247.0,60677.0,49961.0,50254.0,50789.0,61702.0,70786.0,86399.0,53880.0,56247.0,60677.0,50207.0,50497.0,51024.0
bl_hmm_disagreement__ni_k3_r2,0.0,29587.0,27255.0,48037.0,115927.0,6871.0,2725.0,1966.0,2587.0,6223.0,279540.0,29208.0,27255.0,29312.0,279540.0,281515.0,29740.0,49535.0,50037.0,16150.0,29804.0,50049.0,5397.0,10476.0,16427.0,580.0,1149.0,1906.0,664.0,664.0,6676.0,1058.0,4532.0,4532.0,923.0,2190.0,4956.0,16150.0,29804.0,50049.0,5397.0,10476.0,16427.0,580.0,1149.0,1906.0,38808.0,47153.0,65598.0,29587.0,29587.0,34916.0,29587.0,29587.0,30121.0,40645.0,52473.0,70266.0,31644.0,35984.0,41078.0,27678.0,28148.0,28759.0,60014.0,70568.0,86404.0,51977.0,55883.0,60388.0,48412.0,48844.0,49394.0,124023.0,131044.0,141752.0,118532.0,121036.0,124087.0,116179.0,116471.0,116846.0,22350.0,35576.0,55218.0,12018.0,16919.0,22652.0,7413.0,7961.0,8676.0,18672.0,32191.0,52233.0,8058.0,13077.0,18955.0,3296.0,3858.0,4600.0,18031.0,31555.0,51606.0,7322.0,12336.0,18226.0,2544.0,3108.0,3859.0,18615.0,32090.0,52087.0,7926.0,12921.0,18789.0,3164.0,3728.0,4476.0,22116.0,35345.0,55028.0,11493.0,16374.0,22132.0,6793.0,7342.0,8077.0,281616.0,283269.0,283269.0,281415.0,283269.0,283269.0,279738.0,279942.0,279991.0,42515.0,54213.0,71812.0,33558.0,37833.0,42866.0,29629.0,30094.0,30699.0,40645.0,52473.0,70266.0,31644.0,35984.0,41078.0,27678.0,28148.0,28759.0,42875.0,54743.0,72289.0,33914.0,38413.0,43424.0,29765.0,30267.0,30880.0,281616.0,283269.0,283269.0,281415.0,283269.0,283269.0,279738.0,279942.0,279991.0,282485.0,283269.0,283269.0,282378.0,283269.0,283269.0,281594.0,281689.0,281707.0,43045.0,54743.0,72289.0,34104.0,38413.0,43424.0,30161.0,30630.0,31233.0,61910.0,72640.0,88253.0,53887.0,58101.0,62531.0,49968.0,50447.0,51005.0,62095.0,72640.0,88253.0,54099.0,58101.0,62531.0,50426.0,50870.0,51414.0
bl_hmm_disagreement__ni_k3_r4,0.0,29743.0,27598.0,48643.0,117685.0,6910.0,2736.0,2052.0,2711.0,6485.0,279540.0,29637.0,27598.0,29351.0,279540.0,283340.0,30083.0,49539.0,50380.0,16455.0,30439.0,53446.0,5397.0,10476.0,19824.0,580.0,1149.0,2247.0,669.0,669.0,6785.0,1060.0,4614.0,4614.0,992.0,2419.0,5556.0,16455.0,30439.0,53446.0,5397.0,10476.0,19824.0,580.0,1149.0,2247.0,39248.0,47913.0,68995.0,29743.0,29743.0,38313.0,29743.0,29743.0,30603.0,41252.0,53368.0,73663.0,31987.0,36327.0,44475.0,28021.0,28491.0,29402.0,60860.0,71670.0,89801.0,52583.0,56489.0,63785.0,49018.0,49450.0,50276.0,125934.0,133107.0,145149.0,120290.0,122794.0,127484.0,117937.0,118229.0,118764.0,22684.0,36238.0,58615.0,12057.0,16958.0,26049.0,7452.0,8000.0,9050.0,18984.0,32832.0,55630.0,8069.0,13088.0,22352.0,3307.0,3869.0,4951.0,18418.0,32263.0,55003.0,7408.0,12422.0,21623.0,2630.0,3194.0,4279.0,19037.0,32828.0,55484.0,8050.0,13045.0,22186.0,3288.0,3852.0,4932.0,22669.0,36194.0,58425.0,11755.0,16636.0,25529.0,7055.0,7604.0,8661.0,281921.0,283904.0,286666.0,281415.0,283269.0,286666.0,279738.0,279942.0,280332.0,43204.0,55181.0,75209.0,33987.0,38262.0,46263.0,30058.0,30523.0,31421.0,41252.0,53368.0,73663.0,31987.0,36327.0,44475.0,28021.0,28491.0,29402.0,43209.0,55405.0,75686.0,33953.0,38452.0,46821.0,29804.0,30306.0,31254.0,281921.0,283904.0,286666.0,281415.0,283269.0,286666.0,279738.0,279942.0,280332.0,284456.0,285389.0,286666.0,284203.0,285094.0,286666.0,283419.0,283514.0,283687.0,43652.0,55638.0,75686.0,34447.0,38756.0,46821.0,30504.0,30973.0,31876.0,62219.0,73278.0,91650.0,53891.0,58105.0,65928.0,49972.0,50451.0,51350.0,62702.0,73535.0,91650.0,54442.0,58444.0,65928.0,50769.0,51213.0,52057.0
bl_hmm_disagreement__ni_k5_r1,0.0,26056.0,26785.0,47314.0,114123.0,6798.0,2705.0,1901.0,2503.0,6042.0,279540.0,28674.0,26785.0,29238.0,279540.0,279659.0,29270.0,49523.0,49567.0,14272.0,26273.0,46518.0,3720.0,6945.0,12896.0,580.0,945.0,1653.0,546.0,546.0,5761.0,797.0,3407.0,3407.0,717.0,1743.0,4058.0,14272.0,26273.0,46518.0,3720.0,6945.0,12896.0,580.0,945.0,1653.0,35277.0,43622.0,62067.0,26056.0,26056.0,31385.0,26056.0,26056.0,26590.0,38575.0,48942.0,66735.0,29748.0,32453.0,37547.0,27208.0,27510.0,28086.0,57833.0,67037.0,82873.0,49958.0,52352.0,56857.0,47689.0,47966.0,48483.0,121310.0,127513.0,138221.0,115928.0,117505.0,120556.0,114375.0,114567.0,114923.0,20450.0,32045.0,51687.0,10312.0,13388.0,19121.0,7340.0,7687.0,8357.0,16785.0,28660.0,48702.0,6369.0,9546.0,15424.0,3276.0,3635.0,4329.0,16115.0,28024.0,48075.0,5603.0,8805.0,14695.0,2479.0,2843.0,3545.0,16688.0,28559.0,48556.0,6196.0,9390.0,15258.0,3080.0,3444.0,4144.0,20125.0,31814.0,51497.0,9696.0,12843.0,18601.0,6612.0,6970.0,7658.0,279738.0,279738.0,279738.0,279738.0,279738.0,279738.0,279738.0,279738.0,279738.0,40407.0,50682.0,68281.0,31620.0,34302.0,39335.0,29095.0,29396.0,29966.0,38575.0,48942.0,66735.0,29748.0,32453.0,37547.0,27208.0,27510.0,28086.0,40975.0,51212.0,68758.0,32208.0,34882.0,39893.0,29691.0,29992.0,30560.0,279738.0,279738.0,279738.0,279738.0,279738.0,279738.0,279738.0,279738.0,279738.0,279738.0,279738.0,279738.0,279738.0,279738.0,279738.0,279738.0,279738.0,279738.0,40975.0,51212.0,68758.0,32208.0,34882.0,39893.0,29691.0,29992.0,30560.0,60025.0,69109.0,84722.0,52203.0,54570.0,59000.0,49956.0,50232.0,50741.0,60025.0,69109.0,84722.0,52203.0,54570.0,59000.0,49956.0,50232.0,50741.0
bl_hmm_disagreement__ni_k5_r2,0.0,26260.0,26821.0,47363.0,114227.0,6801.0,2706.0,1905.0,2507.0,6055.0,279540.0,28714.0,26821.0,29241.0,279540.0,279768.0,29306.0,49524.0,49603.0,14311.0,26477.0,46722.0,3737.0,7149.0,13100.0,580.0,1149.0,1857.0,549.0,549.0,5793.0,819.0,3481.0,3481.0,782.0,1842.0,4196.0,14311.0,26477.0,46722.0,3737.0,7149.0,13100.0,580.0,1149.0,1857.0,35481.0,43826.0,62271.0,26260.0,26260.0,31589.0,26260.0,26260.0,26794.0,38644.0,49146.0,66939.0,29798.0,32657.0,37751.0,27244.0,27714.0,28290.0,57914.0,67241.0,83077.0,50020.0,52556.0,57061.0,47738.0,48170.0,48687.0,121434.0,127717.0,138425.0,116040.0,117709.0,120760.0,114479.0,114771.0,115127.0,20492.0,32249.0,51891.0,10332.0,13592.0,19325.0,7343.0,7891.0,8561.0,16825.0,28864.0,48906.0,6387.0,9750.0,15628.0,3277.0,3839.0,4533.0,16157.0,28228.0,48279.0,5624.0,9009.0,14899.0,2483.0,3047.0,3749.0,16730.0,28763.0,48760.0,6217.0,9594.0,15462.0,3084.0,3648.0,4348.0,20175.0,32018.0,51701.0,9725.0,13047.0,18805.0,6625.0,7174.0,7862.0,279777.0,279942.0,279942.0,279755.0,279942.0,279942.0,279738.0,279942.0,279942.0,40479.0,50886.0,68485.0,31674.0,34506.0,39539.0,29135.0,29600.0,30170.0,38644.0,49146.0,66939.0,29798.0,32657.0,37751.0,27244.0,27714.0,28290.0,41017.0,51416.0,68962.0,32228.0,35086.0,40097.0,29694.0,30196.0,30764.0,279777.0,279942.0,279942.0,279755.0,279942.0,279942.0,279738.0,279942.0,279942.0,279867.0,279942.0,279942.0,279855.0,279942.0,279942.0,279847.0,279942.0,279942.0,41044.0,51416.0,68962.0,32258.0,35086.0,40097.0,29727.0,30196.0,30764.0,60065.0,69313.0,84926.0,52221.0,54774.0,59204.0,49957.0,50436.0,50945.0,60094.0,69313.0,84926.0,52253.0,54774.0,59204.0,49992.0,50436.0,50945.0
bl_hmm_disagreement__ni_k5_r4,0.0,26324.0,26876.0,47444.0,114438.0,6811.0,2708.0,1912.0,2517.0,6076.0,279540.0,28776.0,26876.0,29251.0,279540.0,279985.0,29361.0,49524.0,49658.0,14384.0,26608.0,47112.0,3763.0,7198.0,13490.0,580.0,1149.0,2247.0,555.0,555.0,5827.0,837.0,3533.0,3533.0,846.0,1951.0,4406.0,14384.0,26608.0,47112.0,3763.0,7198.0,13490.0,580.0,1149.0,2247.0,35584.0,43966.0,62661.0,26324.0,26324.0,31979.0,26324.0,26324.0,27184.0,38754.0,49303.0,67329.0,29871.0,32747.0,38141.0,27299.0,27769.0,28680.0,58047.0,67416.0,83467.0,50118.0,52670.0,57451.0,47819.0,48251.0,49077.0,121679.0,127985.0,138815.0,116261.0,117939.0,121150.0,114690.0,114982.0,115517.0,20569.0,32383.0,52281.0,10365.0,13647.0,19715.0,7353.0,7901.0,8951.0,16898.0,28995.0,49296.0,6414.0,9800.0,16018.0,3279.0,3841.0,4923.0,16237.0,28364.0,48669.0,5657.0,9065.0,15289.0,2490.0,3054.0,4139.0,16811.0,28900.0,49150.0,6252.0,9652.0,15852.0,3094.0,3658.0,4738.0,20266.0,32163.0,52091.0,9771.0,13115.0,19195.0,6646.0,7195.0,8252.0,279850.0,280073.0,280332.0,279781.0,279991.0,280332.0,279738.0,279942.0,280332.0,40596.0,51048.0,68875.0,31754.0,34603.0,39929.0,29197.0,29662.0,30560.0,38754.0,49303.0,67329.0,29871.0,32747.0,38141.0,27299.0,27769.0,28680.0,41094.0,51550.0,69352.0,32261.0,35141.0,40487.0,29704.0,30206.0,31154.0,279850.0,280073.0,280332.0,279781.0,279991.0,280332.0,279738.0,279942.0,280332.0,280118.0,280214.0,280332.0,280082.0,280177.0,280332.0,280064.0,280159.0,280332.0,41154.0,51573.0,69352.0,32331.0,35176.0,40487.0,29782.0,30251.0,31154.0,60138.0,69444.0,85316.0,52247.0,54823.0,59594.0,49957.0,50436.0,51335.0,60204.0,69470.0,85316.0,52326.0,54864.0,59594.0,50047.0,50491.0,51335.0
bl_practical_or_rate995__ni_k2_r1,0.0,14642.0,39443.0,41657.0,50031.0,8335.0,3328.0,4745.0,4810.0,5051.0,40209.0,44172.0,39443.0,30210.0,40209.0,58597.0,41360.0,30092.0,42607.0,21651.0,24247.0,28251.0,5397.0,6657.0,8727.0,580.0,776.0,1129.0,785.0,785.0,8627.0,1013.0,3821.0,3821.0,758.0,1690.0,3506.0,21651.0,24247.0,28251.0,5397.0,6657.0,8727.0,580.0,776.0,1129.0,29073.0,30664.0,33932.0,14642.0,14642.0,16416.0,14642.0,14642.0,14858.0,57632.0,57890.0,58359.0,43832.0,44353.0,45223.0,39866.0,39963.0,40129.0,57964.0,58191.0,58622.0,45597.0,46062.0,46852.0,42032.0,42122.0,42277.0,60833.0,60881.0,60999.0,52636.0,52934.0,53400.0,50283.0,50348.0,50452.0,29215.0,31313.0,34551.0,13482.0,14564.0,16377.0,8877.0,9052.0,9357.0,24746.0,27181.0,30933.0,8661.0,9861.0,11847.0,3899.0,4088.0,4425.0,26248.0,28586.0,32121.0,10101.0,11296.0,13219.0,5323.0,5514.0,5854.0,26253.0,28591.0,32125.0,10149.0,11344.0,13264.0,5387.0,5578.0,5916.0,26272.0,28609.0,32140.0,10321.0,11511.0,13420.0,5621.0,5811.0,6148.0,47786.0,48656.0,50014.0,42084.0,42515.0,43204.0,40407.0,40479.0,40596.0,62215.0,62215.0,62215.0,48522.0,48978.0,49701.0,44593.0,44685.0,44838.0,57632.0,57890.0,58359.0,43832.0,44353.0,45223.0,39866.0,39963.0,40129.0,49174.0,49952.0,51147.0,34812.0,35500.0,36613.0,30663.0,30792.0,30997.0,47786.0,48656.0,50014.0,42084.0,42515.0,43204.0,40407.0,40479.0,40596.0,62215.0,62215.0,62215.0,59460.0,59567.0,59713.0,58676.0,58696.0,58730.0,59464.0,59630.0,59905.0,45724.0,46222.0,47031.0,41781.0,41877.0,42037.0,47964.0,48810.0,50148.0,34444.0,35119.0,36220.0,30525.0,30651.0,30858.0,59464.0,59630.0,59905.0,46669.0,47130.0,47889.0,42996.0,43087.0,43239.0
bl_practical_or_rate995__ni_k2_r2,0.0,19184.0,39443.0,43271.0,56671.0,8335.0,3328.0,4745.0,4904.0,5592.0,50484.0,44172.0,39443.0,30248.0,50484.0,71542.0,41398.0,31288.0,43798.0,21651.0,40529.0,44533.0,5397.0,10476.0,13261.0,580.0,1149.0,1630.0,785.0,785.0,8627.0,1094.0,5060.0,5060.0,948.0,2239.0,4900.0,21651.0,40529.0,44533.0,5397.0,10476.0,13261.0,580.0,1149.0,1630.0,33615.0,46946.0,50214.0,19184.0,19184.0,21643.0,19184.0,19184.0,19475.0,57632.0,74172.0,74641.0,43832.0,48172.0,49757.0,39866.0,40336.0,40630.0,59578.0,74473.0,74904.0,47211.0,51117.0,52540.0,43646.0,44078.0,44346.0,67473.0,77163.0,77281.0,59276.0,61780.0,62657.0,56923.0,57215.0,57388.0,29215.0,47595.0,50833.0,13482.0,18383.0,20911.0,8877.0,9425.0,9858.0,24746.0,43463.0,47215.0,8661.0,13680.0,16381.0,3899.0,4461.0,4926.0,26248.0,44868.0,48403.0,10101.0,15115.0,17753.0,5323.0,5887.0,6355.0,26347.0,44873.0,48407.0,10243.0,15238.0,17867.0,5481.0,6045.0,6511.0,26813.0,44891.0,48422.0,10862.0,15743.0,18333.0,6162.0,6711.0,7174.0,58061.0,64938.0,66296.0,52359.0,54213.0,55181.0,50682.0,50886.0,51048.0,62215.0,78497.0,78497.0,48522.0,52797.0,54235.0,44593.0,45058.0,45339.0,57632.0,74172.0,74641.0,43832.0,48172.0,49757.0,39866.0,40336.0,40630.0,49212.0,66234.0,67429.0,34850.0,39349.0,41176.0,30701.0,31203.0,31536.0,58061.0,64938.0,66296.0,52359.0,54213.0,55181.0,50682.0,50886.0,51048.0,75160.0,78497.0,78497.0,72405.0,73296.0,73591.0,71621.0,71716.0,71771.0,59502.0,75912.0,76187.0,45762.0,50071.0,51594.0,41819.0,42288.0,42576.0,49160.0,65092.0,66430.0,35640.0,39854.0,41618.0,31721.0,32200.0,32525.0,60655.0,75912.0,76187.0,47860.0,51862.0,53284.0,44187.0,44631.0,44901.0
bl_practical_or_rate995__ni_k2_r4,0.0,20793.0,39443.0,46099.0,68132.0,8335.0,3328.0,4745.0,5054.0,6503.0,68083.0,44172.0,39443.0,30301.0,68083.0,93841.0,41451.0,33279.0,45784.0,21651.0,40529.0,72373.0,5397.0,10476.0,19824.0,580.0,1149.0,2247.0,785.0,785.0,8627.0,1094.0,5060.0,5060.0,1004.0,2496.0,5936.0,21651.0,40529.0,72373.0,5397.0,10476.0,19824.0,580.0,1149.0,2247.0,35224.0,48555.0,78054.0,20793.0,20793.0,29363.0,20793.0,20793.0,21653.0,57632.0,74172.0,102481.0,43832.0,48172.0,56320.0,39866.0,40336.0,41247.0,62406.0,77301.0,102744.0,50039.0,53945.0,61241.0,46474.0,46906.0,47732.0,78934.0,88624.0,105121.0,70737.0,73241.0,77931.0,68384.0,68676.0,69211.0,29215.0,47595.0,78673.0,13482.0,18383.0,27474.0,8877.0,9425.0,10475.0,24746.0,43463.0,75055.0,8661.0,13680.0,22944.0,3899.0,4461.0,5543.0,26248.0,44868.0,76243.0,10101.0,15115.0,24316.0,5323.0,5887.0,6972.0,26497.0,45023.0,76247.0,10393.0,15388.0,24529.0,5631.0,6195.0,7275.0,27724.0,45802.0,76262.0,11773.0,16654.0,25547.0,7073.0,7622.0,8679.0,75660.0,82537.0,94136.0,69958.0,71812.0,75209.0,68281.0,68485.0,68875.0,62215.0,78497.0,106337.0,48522.0,52797.0,60798.0,44593.0,45058.0,45956.0,57632.0,74172.0,102481.0,43832.0,48172.0,56320.0,39866.0,40336.0,41247.0,49265.0,66287.0,95269.0,34903.0,39402.0,47771.0,30754.0,31256.0,32204.0,75660.0,82537.0,94136.0,69958.0,71812.0,75209.0,68281.0,68485.0,68875.0,97459.0,100796.0,106337.0,94704.0,95595.0,97167.0,93920.0,94015.0,94188.0,59555.0,75965.0,104027.0,45815.0,50124.0,58189.0,41872.0,42341.0,43244.0,51151.0,67083.0,94270.0,37631.0,41845.0,49668.0,33712.0,34191.0,35090.0,62641.0,77898.0,104027.0,49846.0,53848.0,61332.0,46173.0,46617.0,47461.0
bl_practical_or_rate995__ni_k3_r1,0.0,13385.0,39443.0,40231.0,44509.0,8335.0,3328.0,4745.0,4768.0,4857.0,31422.0,44172.0,39443.0,30190.0,31422.0,47659.0,41340.0,29127.0,41642.0,7958.0,10554.0,14558.0,5397.0,6201.0,7548.0,580.0,724.0,977.0,499.0,499.0,3550.0,861.0,2734.0,2734.0,574.0,1230.0,2367.0,7958.0,10554.0,14558.0,5397.0,6201.0,7548.0,580.0,724.0,977.0,15380.0,16971.0,20239.0,13385.0,13385.0,14481.0,13385.0,13385.0,13520.0,43939.0,44197.0,44666.0,43832.0,43897.0,44044.0,39866.0,39911.0,39977.0,44271.0,44498.0,44929.0,44171.0,44229.0,44370.0,40606.0,40648.0,40709.0,47140.0,47188.0,47306.0,47114.0,47124.0,47155.0,44761.0,44791.0,44828.0,15522.0,17620.0,20858.0,13482.0,14108.0,15198.0,8877.0,9000.0,9205.0,11053.0,13488.0,17240.0,8661.0,9405.0,10668.0,3899.0,4036.0,4273.0,12555.0,14893.0,18428.0,10101.0,10840.0,12040.0,5323.0,5462.0,5702.0,12560.0,14898.0,18432.0,10107.0,10846.0,12046.0,5345.0,5484.0,5723.0,12579.0,14916.0,18447.0,10127.0,10865.0,12065.0,5427.0,5565.0,5804.0,34093.0,34963.0,36321.0,33297.0,33558.0,33987.0,31620.0,31674.0,31754.0,48522.0,48522.0,48522.0,48522.0,48522.0,48522.0,44593.0,44633.0,44686.0,43939.0,44197.0,44666.0,43832.0,43897.0,44044.0,39866.0,39911.0,39977.0,35481.0,36259.0,37454.0,34792.0,35024.0,35414.0,30643.0,30720.0,30825.0,34093.0,34963.0,36321.0,33297.0,33558.0,33987.0,31620.0,31674.0,31754.0,48522.0,48522.0,48522.0,48522.0,48522.0,48522.0,47738.0,47746.0,47756.0,45771.0,45937.0,46212.0,45704.0,45746.0,45832.0,41761.0,41805.0,41865.0,34271.0,35117.0,36455.0,33479.0,33735.0,34163.0,29560.0,29638.0,29749.0,45771.0,45937.0,46212.0,45704.0,45746.0,45832.0,42031.0,42074.0,42130.0
bl_practical_or_rate995__ni_k3_r2,0.0,17660.0,39443.0,40658.0,46290.0,8335.0,3328.0,4745.0,4787.0,4989.0,34104.0,44172.0,39443.0,30198.0,34104.0,51043.0,41348.0,29444.0,41957.0,8414.0,14829.0,18833.0,5397.0,10476.0,11823.0,580.0,1149.0,1462.0,512.0,512.0,3892.0,1008.0,3851.0,3851.0,811.0,1758.0,3433.0,8414.0,14829.0,18833.0,5397.0,10476.0,11823.0,580.0,1149.0,1462.0,19655.0,21246.0,24514.0,17660.0,17660.0,18756.0,17660.0,17660.0,17795.0,44395.0,48472.0,48941.0,43832.0,48172.0,48319.0,39866.0,40336.0,40462.0,45105.0,48773.0,49204.0,44598.0,48504.0,48645.0,41033.0,41465.0,41581.0,49209.0,51463.0,51581.0,48895.0,51399.0,51430.0,46542.0,46834.0,46905.0,15978.0,21895.0,25133.0,13482.0,18383.0,19473.0,8877.0,9425.0,9690.0,11509.0,17763.0,21515.0,8661.0,13680.0,14943.0,3899.0,4461.0,4758.0,13011.0,19168.0,22703.0,10101.0,15115.0,16315.0,5323.0,5887.0,6187.0,13035.0,19173.0,22707.0,10126.0,15121.0,16321.0,5364.0,5928.0,6227.0,13163.0,19191.0,22722.0,10259.0,15140.0,16340.0,5559.0,6108.0,6406.0,36945.0,39238.0,40596.0,35979.0,37833.0,38262.0,34302.0,34506.0,34603.0,48978.0,52797.0,52797.0,48522.0,52797.0,52797.0,44593.0,45058.0,45171.0,44395.0,48472.0,48941.0,43832.0,48172.0,48319.0,39866.0,40336.0,40462.0,35945.0,40534.0,41729.0,34800.0,39299.0,39689.0,30651.0,31153.0,31318.0,36945.0,39238.0,40596.0,35979.0,37833.0,38262.0,34302.0,34506.0,34603.0,52013.0,52797.0,52797.0,51906.0,52797.0,52797.0,51122.0,51217.0,51235.0,46235.0,50212.0,50487.0,45712.0,50021.0,50107.0,41769.0,42238.0,42358.0,35007.0,39392.0,40730.0,33796.0,38010.0,38438.0,29877.0,30356.0,30523.0,46505.0,50212.0,50487.0,46019.0,50021.0,50107.0,42346.0,42790.0,42902.0
bl_practical_or_rate995__ni_k3_r4,0.0,18187.0,39443.0,41504.0,49632.0,8335.0,3328.0,4745.0,4847.0,5297.0,39137.0,44172.0,39443.0,30220.0,39137.0,57472.0,41370.0,30050.0,42560.0,9137.0,16267.0,26834.0,5397.0,10476.0,19824.0,580.0,1149.0,2247.0,529.0,529.0,4208.0,1012.0,4036.0,4036.0,980.0,2301.0,4862.0,9137.0,16267.0,26834.0,5397.0,10476.0,19824.0,580.0,1149.0,2247.0,20860.0,23136.0,32515.0,18187.0,18187.0,26757.0,18187.0,18187.0,19047.0,45118.0,49910.0,56942.0,43832.0,48172.0,56320.0,39866.0,40336.0,41247.0,46600.0,50901.0,57205.0,45444.0,49350.0,56646.0,41879.0,42311.0,43137.0,52986.0,55651.0,59582.0,52237.0,54741.0,59431.0,49884.0,50176.0,50711.0,16701.0,23333.0,33134.0,13482.0,18383.0,27474.0,8877.0,9425.0,10475.0,12232.0,19201.0,29516.0,8661.0,13680.0,22944.0,3899.0,4461.0,5543.0,13734.0,20606.0,30704.0,10101.0,15115.0,24316.0,5323.0,5887.0,6972.0,13815.0,20662.0,30708.0,10186.0,15181.0,24322.0,5424.0,5988.0,7068.0,14180.0,20889.0,30723.0,10567.0,15448.0,24341.0,5867.0,6416.0,7473.0,42238.0,44810.0,48597.0,41012.0,42866.0,46263.0,39335.0,39539.0,39929.0,49701.0,54235.0,60798.0,48522.0,52797.0,60798.0,44593.0,45058.0,45956.0,45118.0,49910.0,56942.0,43832.0,48172.0,56320.0,39866.0,40336.0,41247.0,36690.0,41993.0,49730.0,34822.0,39321.0,47690.0,30673.0,31175.0,32123.0,42238.0,44810.0,48597.0,41012.0,42866.0,46263.0,39335.0,39539.0,39929.0,58588.0,59521.0,60798.0,58335.0,59226.0,60798.0,57551.0,57646.0,57819.0,46980.0,51671.0,58488.0,45734.0,50043.0,58108.0,41791.0,42260.0,43163.0,36286.0,41334.0,48731.0,34402.0,38616.0,46439.0,30483.0,30962.0,31861.0,47781.0,52151.0,58488.0,46622.0,50624.0,58108.0,42949.0,43393.0,44237.0
bl_practical_or_rate995__ni_k5_r1,0.0,9456.0,39443.0,39833.0,42928.0,8335.0,3328.0,4745.0,4752.0,4779.0,28897.0,44172.0,39443.0,30182.0,28897.0,44514.0,41332.0,28848.0,41364.0,4029.0,6625.0,10629.0,1468.0,2272.0,3619.0,580.0,684.0,884.0,232.0,232.0,1793.0,409.0,1289.0,1289.0,361.0,714.0,1396.0,4029.0,6625.0,10629.0,1468.0,2272.0,3619.0,580.0,684.0,884.0,11451.0,13042.0,16310.0,9456.0,9456.0,10552.0,9456.0,9456.0,9591.0,40010.0,40268.0,40737.0,39903.0,39968.0,40115.0,39866.0,39871.0,39884.0,40342.0,40569.0,41000.0,40242.0,40300.0,40441.0,40208.0,40212.0,40225.0,43211.0,43259.0,43377.0,43185.0,43195.0,43226.0,43180.0,43181.0,43182.0,11593.0,13691.0,16929.0,9553.0,10179.0,11269.0,8877.0,8960.0,9112.0,7124.0,9559.0,13311.0,4732.0,5476.0,6739.0,3899.0,3996.0,4180.0,8626.0,10964.0,14499.0,6172.0,6911.0,8111.0,5323.0,5422.0,5609.0,8631.0,10969.0,14503.0,6178.0,6917.0,8117.0,5329.0,5428.0,5615.0,8650.0,10987.0,14518.0,6198.0,6936.0,8136.0,5349.0,5448.0,5635.0,30164.0,31034.0,32392.0,29368.0,29629.0,30058.0,29095.0,29135.0,29197.0,44593.0,44593.0,44593.0,44593.0,44593.0,44593.0,44593.0,44593.0,44593.0,40010.0,40268.0,40737.0,39903.0,39968.0,40115.0,39866.0,39871.0,39884.0,31552.0,32330.0,33525.0,30863.0,31095.0,31485.0,30635.0,30672.0,30724.0,30164.0,31034.0,32392.0,29368.0,29629.0,30058.0,29095.0,29135.0,29197.0,44593.0,44593.0,44593.0,44593.0,44593.0,44593.0,44593.0,44593.0,44593.0,41842.0,42008.0,42283.0,41775.0,41817.0,41903.0,41753.0,41757.0,41764.0,30342.0,31188.0,32526.0,29550.0,29806.0,30234.0,29281.0,29320.0,29382.0,41842.0,42008.0,42283.0,41775.0,41817.0,41903.0,41753.0,41757.0,41764.0
bl_practical_or_rate995__ni_k5_r2,0.0,9921.0,39443.0,39870.0,43102.0,8335.0,3328.0,4745.0,4752.0,4794.0,29198.0,44172.0,39443.0,30182.0,29198.0,44884.0,41332.0,28873.0,41389.0,4121.0,7090.0,11094.0,1508.0,2737.0,4084.0,580.0,1149.0,1349.0,238.0,238.0,1862.0,461.0,1450.0,1450.0,501.0,934.0,1705.0,4121.0,7090.0,11094.0,1508.0,2737.0,4084.0,580.0,1149.0,1349.0,11916.0,13507.0,16775.0,9921.0,9921.0,11017.0,9921.0,9921.0,10056.0,40102.0,40733.0,41202.0,39943.0,40433.0,40580.0,39866.0,40336.0,40349.0,40465.0,41034.0,41465.0,40317.0,40765.0,40906.0,40245.0,40677.0,40690.0,43449.0,43724.0,43842.0,43388.0,43660.0,43691.0,43354.0,43646.0,43647.0,11685.0,14156.0,17394.0,9593.0,10644.0,11734.0,8877.0,9425.0,9577.0,7216.0,10024.0,13776.0,4772.0,5941.0,7204.0,3899.0,4461.0,4645.0,8718.0,11429.0,14964.0,6212.0,7376.0,8576.0,5323.0,5887.0,6074.0,8723.0,11434.0,14968.0,6218.0,7382.0,8582.0,5329.0,5893.0,6080.0,8756.0,11452.0,14983.0,6252.0,7401.0,8601.0,5364.0,5913.0,6100.0,30497.0,31499.0,32857.0,29683.0,30094.0,30523.0,29396.0,29600.0,29662.0,44685.0,45058.0,45058.0,44633.0,45058.0,45058.0,44593.0,45058.0,45058.0,40102.0,40733.0,41202.0,39943.0,40433.0,40580.0,39866.0,40336.0,40349.0,31644.0,32795.0,33990.0,30903.0,31560.0,31950.0,30635.0,31137.0,31189.0,30497.0,31499.0,32857.0,29683.0,30094.0,30523.0,29396.0,29600.0,29662.0,44983.0,45058.0,45058.0,44971.0,45058.0,45058.0,44963.0,45058.0,45058.0,41934.0,42473.0,42748.0,41815.0,42282.0,42368.0,41753.0,42222.0,42229.0,30454.0,31653.0,32991.0,29614.0,30271.0,30699.0,29306.0,29785.0,29847.0,41954.0,42473.0,42748.0,41839.0,42282.0,42368.0,41778.0,42222.0,42229.0
bl_practical_or_rate995__ni_k5_r4,0.0,10094.0,39443.0,39955.0,43466.0,8335.0,3328.0,4745.0,4757.0,4822.0,29768.0,44172.0,39443.0,30184.0,29768.0,45609.0,41334.0,28934.0,41450.0,4274.0,7371.0,11992.0,1561.0,2850.0,4982.0,580.0,1149.0,2247.0,247.0,247.0,1949.0,495.0,1561.0,1561.0,643.0,1196.0,2156.0,4274.0,7371.0,11992.0,1561.0,2850.0,4982.0,580.0,1149.0,2247.0,12170.0,13836.0,17673.0,10094.0,10094.0,11915.0,10094.0,10094.0,10954.0,40255.0,41014.0,42100.0,39996.0,40546.0,41478.0,39866.0,40336.0,41247.0,40692.0,41374.0,42363.0,40450.0,40953.0,41804.0,40330.0,40762.0,41588.0,43916.0,44260.0,44740.0,43788.0,44094.0,44589.0,43718.0,44010.0,44545.0,11838.0,14437.0,18292.0,9646.0,10757.0,12632.0,8877.0,9425.0,10475.0,7369.0,10305.0,14674.0,4825.0,6054.0,8102.0,3899.0,4461.0,5543.0,8871.0,11710.0,15862.0,6265.0,7489.0,9474.0,5323.0,5887.0,6972.0,8879.0,11718.0,15866.0,6275.0,7499.0,9480.0,5334.0,5898.0,6978.0,8934.0,11756.0,15881.0,6332.0,7540.0,9499.0,5392.0,5941.0,6998.0,31122.0,32169.0,33755.0,30271.0,30699.0,31421.0,29966.0,30170.0,30560.0,44838.0,45339.0,45956.0,44686.0,45171.0,45956.0,44593.0,45058.0,45956.0,40255.0,41014.0,42100.0,39996.0,40546.0,41478.0,39866.0,40336.0,41247.0,31799.0,33078.0,34888.0,30958.0,31675.0,32848.0,30637.0,31139.0,32087.0,31122.0,32169.0,33755.0,30271.0,30699.0,31421.0,29966.0,30170.0,30560.0,45742.0,45838.0,45956.0,45706.0,45801.0,45956.0,45688.0,45783.0,45956.0,42089.0,42756.0,43646.0,41870.0,42397.0,43266.0,41755.0,42224.0,43127.0,30660.0,31977.0,33889.0,29724.0,30437.0,31597.0,29367.0,29846.0,30745.0,42160.0,42797.0,43646.0,41949.0,42448.0,43266.0,41839.0,42283.0,43127.0
bl_practical_or_crossing__ni_k2_r1,0.0,14427.0,39443.0,41325.0,46830.0,8335.0,3328.0,162.0,227.0,468.0,38377.0,39589.0,39443.0,28378.0,38377.0,54014.0,39528.0,28085.0,40775.0,21651.0,23989.0,27524.0,5397.0,6599.0,8526.0,580.0,772.0,1112.0,785.0,785.0,8627.0,1013.0,3807.0,3807.0,753.0,1678.0,3471.0,21651.0,23989.0,27524.0,5397.0,6599.0,8526.0,580.0,772.0,1112.0,28858.0,30253.0,33068.0,14427.0,14427.0,16061.0,14427.0,14427.0,14631.0,57632.0,57632.0,57632.0,43832.0,44295.0,45022.0,39866.0,39959.0,40112.0,57632.0,57632.0,57632.0,45265.0,45679.0,46332.0,41700.0,41787.0,41929.0,57632.0,57632.0,57632.0,49435.0,49724.0,50160.0,47082.0,47146.0,47249.0,29215.0,31055.0,33824.0,13482.0,14506.0,16176.0,8877.0,9048.0,9340.0,24746.0,26923.0,30206.0,8661.0,9803.0,11646.0,3899.0,4084.0,4408.0,21665.0,24003.0,27538.0,5518.0,6713.0,8636.0,740.0,931.0,1271.0,21670.0,24008.0,27542.0,5566.0,6761.0,8681.0,804.0,995.0,1333.0,21689.0,24026.0,27557.0,5738.0,6928.0,8837.0,1038.0,1228.0,1565.0,45954.0,46658.0,47741.0,40252.0,40645.0,41252.0,38575.0,38644.0,38754.0,57632.0,57632.0,57632.0,43939.0,44395.0,45118.0,40010.0,40102.0,40255.0,57632.0,57632.0,57632.0,43832.0,44295.0,45022.0,39866.0,39959.0,40112.0,47342.0,47954.0,48874.0,32980.0,33630.0,34661.0,28831.0,28957.0,29155.0,45954.0,46658.0,47741.0,40252.0,40645.0,41252.0,38575.0,38644.0,38754.0,57632.0,57632.0,57632.0,54877.0,54984.0,55130.0,54093.0,54113.0,54147.0,57632.0,57632.0,57632.0,43892.0,44352.0,45079.0,39949.0,40042.0,40195.0,45957.0,46661.0,47744.0,32437.0,33079.0,34099.0,28518.0,28642.0,28842.0,57632.0,57632.0,57632.0,44837.0,45260.0,45937.0,41164.0,41252.0,41397.0
bl_practical_or_crossing__ni_k2_r2,0.0,19031.0,39443.0,42970.0,53680.0,8335.0,3328.0,420.0,579.0,1267.0,48744.0,39847.0,39443.0,28508.0,48744.0,67217.0,39658.0,29397.0,42058.0,21651.0,40529.0,44064.0,5397.0,10476.0,13131.0,580.0,1149.0,1619.0,785.0,785.0,8627.0,1094.0,5060.0,5060.0,946.0,2235.0,4891.0,21651.0,40529.0,44064.0,5397.0,10476.0,13131.0,580.0,1149.0,1619.0,33462.0,46793.0,49608.0,19031.0,19031.0,21363.0,19031.0,19031.0,19312.0,57632.0,74172.0,74172.0,43832.0,48172.0,49627.0,39866.0,40336.0,40619.0,59277.0,74172.0,74172.0,46910.0,50816.0,52114.0,43345.0,43777.0,44034.0,64482.0,74172.0,74172.0,56285.0,58789.0,59637.0,53932.0,54224.0,54396.0,29215.0,47595.0,50364.0,13482.0,18383.0,20781.0,8877.0,9425.0,9847.0,24746.0,43463.0,46746.0,8661.0,13680.0,16251.0,3899.0,4461.0,4915.0,21923.0,40543.0,44078.0,5776.0,10790.0,13428.0,998.0,1562.0,2030.0,22022.0,40548.0,44082.0,5918.0,10913.0,13542.0,1156.0,1720.0,2186.0,22488.0,40566.0,44097.0,6537.0,11418.0,14008.0,1837.0,2386.0,2849.0,56321.0,63198.0,64281.0,50619.0,52473.0,53368.0,48942.0,49146.0,49303.0,57890.0,74172.0,74172.0,44197.0,48472.0,49910.0,40268.0,40733.0,41014.0,57632.0,74172.0,74172.0,43832.0,48172.0,49627.0,39866.0,40336.0,40619.0,47472.0,64494.0,65414.0,33110.0,37609.0,39363.0,28961.0,29463.0,29791.0,56321.0,63198.0,64281.0,50619.0,52473.0,53368.0,48942.0,49146.0,49303.0,70835.0,74172.0,74172.0,68080.0,68971.0,69266.0,67296.0,67391.0,67446.0,57762.0,74172.0,74172.0,44022.0,48331.0,49781.0,40079.0,40548.0,40831.0,47269.0,63201.0,64284.0,33749.0,37963.0,39654.0,29830.0,30309.0,30629.0,58915.0,74172.0,74172.0,46120.0,50122.0,51471.0,42447.0,42891.0,43156.0
bl_practical_or_crossing__ni_k2_r4,0.0,20656.0,39443.0,45836.0,65492.0,8335.0,3328.0,889.0,1198.0,2647.0,66537.0,40316.0,39443.0,28755.0,66537.0,89985.0,39905.0,31602.0,44238.0,21651.0,40529.0,72373.0,5397.0,10476.0,19824.0,580.0,1149.0,2247.0,785.0,785.0,8627.0,1094.0,5060.0,5060.0,1004.0,2496.0,5936.0,21651.0,40529.0,72373.0,5397.0,10476.0,19824.0,580.0,1149.0,2247.0,35087.0,48418.0,77917.0,20656.0,20656.0,29226.0,20656.0,20656.0,21516.0,57632.0,74172.0,102481.0,43832.0,48172.0,56320.0,39866.0,40336.0,41247.0,62143.0,77038.0,102481.0,49776.0,53682.0,60978.0,46211.0,46643.0,47469.0,76294.0,85984.0,102481.0,68097.0,70601.0,75291.0,65744.0,66036.0,66571.0,29215.0,47595.0,78673.0,13482.0,18383.0,27474.0,8877.0,9425.0,10475.0,24746.0,43463.0,75055.0,8661.0,13680.0,22944.0,3899.0,4461.0,5543.0,22392.0,41012.0,72387.0,6245.0,11259.0,20460.0,1467.0,2031.0,3116.0,22641.0,41167.0,72391.0,6537.0,11532.0,20673.0,1775.0,2339.0,3419.0,23868.0,41946.0,72406.0,7917.0,12798.0,21691.0,3217.0,3766.0,4823.0,74114.0,80991.0,92590.0,68412.0,70266.0,73663.0,66735.0,66939.0,67329.0,58359.0,74641.0,102481.0,44666.0,48941.0,56942.0,40737.0,41202.0,42100.0,57632.0,74172.0,102481.0,43832.0,48172.0,56320.0,39866.0,40336.0,41247.0,47719.0,64741.0,93723.0,33357.0,37856.0,46225.0,29208.0,29710.0,30658.0,74114.0,80991.0,92590.0,68412.0,70266.0,73663.0,66735.0,66939.0,67329.0,93603.0,96940.0,102481.0,90848.0,91739.0,93311.0,90064.0,90159.0,90332.0,58009.0,74419.0,102481.0,44269.0,48578.0,56643.0,40326.0,40795.0,41698.0,49474.0,65406.0,92593.0,35954.0,40168.0,47991.0,32035.0,32514.0,33413.0,61095.0,76352.0,102481.0,48300.0,52302.0,59786.0,44627.0,45071.0,45915.0
bl_practical_or_crossing__ni_k3_r1,0.0,13159.0,39443.0,39892.0,41227.0,8335.0,3328.0,55.0,78.0,167.0,29550.0,39482.0,39443.0,28318.0,29550.0,42969.0,39468.0,27077.0,39770.0,7851.0,10189.0,13724.0,5397.0,6136.0,7336.0,580.0,719.0,959.0,499.0,499.0,3519.0,860.0,2712.0,2712.0,567.0,1215.0,2326.0,7851.0,10189.0,13724.0,5397.0,6136.0,7336.0,580.0,719.0,959.0,15058.0,16453.0,19268.0,13159.0,13159.0,14111.0,13159.0,13159.0,13282.0,43832.0,43832.0,43832.0,43832.0,43832.0,43832.0,39866.0,39906.0,39959.0,43832.0,43832.0,43832.0,43832.0,43832.0,43832.0,40267.0,40305.0,40353.0,43832.0,43832.0,43832.0,43832.0,43832.0,43832.0,41479.0,41508.0,41544.0,15415.0,17255.0,20024.0,13482.0,14043.0,14986.0,8877.0,8995.0,9187.0,10946.0,13123.0,16406.0,8661.0,9340.0,10456.0,3899.0,4031.0,4255.0,7865.0,10203.0,13738.0,5411.0,6150.0,7350.0,633.0,772.0,1012.0,7870.0,10208.0,13742.0,5417.0,6156.0,7356.0,655.0,794.0,1033.0,7889.0,10226.0,13757.0,5437.0,6175.0,7375.0,737.0,875.0,1114.0,32154.0,32858.0,33941.0,31425.0,31644.0,31987.0,29748.0,29798.0,29871.0,43832.0,43832.0,43832.0,43832.0,43832.0,43832.0,39903.0,39943.0,39996.0,43832.0,43832.0,43832.0,43832.0,43832.0,43832.0,39866.0,39906.0,39959.0,33542.0,34154.0,35074.0,32920.0,33110.0,33414.0,28771.0,28844.0,28942.0,32154.0,32858.0,33941.0,31425.0,31644.0,31987.0,29748.0,29798.0,29871.0,43832.0,43832.0,43832.0,43832.0,43832.0,43832.0,43048.0,43056.0,43066.0,43832.0,43832.0,43832.0,43832.0,43832.0,43832.0,39889.0,39929.0,39982.0,32157.0,32861.0,33944.0,31429.0,31648.0,31991.0,27510.0,27585.0,27689.0,43832.0,43832.0,43832.0,43832.0,43832.0,43832.0,40159.0,40198.0,40247.0
bl_practical_or_crossing__ni_k3_r2,0.0,17499.0,39443.0,40326.0,43063.0,8335.0,3328.0,120.0,162.0,364.0,32255.0,39547.0,39443.0,28349.0,32255.0,46418.0,39499.0,27422.0,40108.0,8314.0,14529.0,18064.0,5397.0,10476.0,11676.0,580.0,1149.0,1449.0,512.0,512.0,3867.0,1008.0,3846.0,3846.0,808.0,1749.0,3410.0,8314.0,14529.0,18064.0,5397.0,10476.0,11676.0,580.0,1149.0,1449.0,19398.0,20793.0,23608.0,17499.0,17499.0,18451.0,17499.0,17499.0,17622.0,44295.0,48172.0,48172.0,43832.0,48172.0,48172.0,39866.0,40336.0,40449.0,44680.0,48172.0,48172.0,44266.0,48172.0,48172.0,40701.0,41133.0,41236.0,45957.0,48172.0,48172.0,45668.0,48172.0,48172.0,43315.0,43607.0,43677.0,15878.0,21595.0,24364.0,13482.0,18383.0,19326.0,8877.0,9425.0,9677.0,11409.0,17463.0,20746.0,8661.0,13680.0,14796.0,3899.0,4461.0,4745.0,8386.0,14543.0,18078.0,5476.0,10490.0,11690.0,698.0,1262.0,1562.0,8410.0,14548.0,18082.0,5501.0,10496.0,11696.0,739.0,1303.0,1602.0,8538.0,14566.0,18097.0,5634.0,10515.0,11715.0,934.0,1483.0,1781.0,35033.0,37198.0,38281.0,34130.0,35984.0,36327.0,32453.0,32657.0,32747.0,44353.0,48172.0,48172.0,43897.0,48172.0,48172.0,39968.0,40433.0,40546.0,44295.0,48172.0,48172.0,43832.0,48172.0,48172.0,39866.0,40336.0,40449.0,34033.0,38494.0,39414.0,32951.0,37450.0,37754.0,28802.0,29304.0,29462.0,35033.0,37198.0,38281.0,34130.0,35984.0,36327.0,32453.0,32657.0,32747.0,47388.0,48172.0,48172.0,47281.0,48172.0,48172.0,46497.0,46592.0,46610.0,44323.0,48172.0,48172.0,43863.0,48172.0,48172.0,39920.0,40389.0,40502.0,32925.0,37201.0,38284.0,31774.0,35988.0,36331.0,27855.0,28334.0,28494.0,44593.0,48172.0,48172.0,44170.0,48172.0,48172.0,40497.0,40941.0,41046.0
bl_practical_or_crossing__ni_k3_r4,0.0,18029.0,39443.0,41178.0,46521.0,8335.0,3328.0,267.0,369.0,819.0,37349.0,39694.0,39443.0,28432.0,37349.0,52994.0,39582.0,28090.0,40772.0,9041.0,15984.0,26212.0,5397.0,10476.0,19824.0,580.0,1149.0,2247.0,529.0,529.0,4184.0,1012.0,4032.0,4032.0,980.0,2300.0,4855.0,9041.0,15984.0,26212.0,5397.0,10476.0,19824.0,580.0,1149.0,2247.0,20610.0,22703.0,31756.0,18029.0,18029.0,26599.0,18029.0,18029.0,18889.0,45022.0,49627.0,56320.0,43832.0,48172.0,56320.0,39866.0,40336.0,41247.0,46185.0,50322.0,56320.0,45118.0,49024.0,56320.0,41553.0,41985.0,42811.0,49851.0,52478.0,56320.0,49126.0,51630.0,56320.0,46773.0,47065.0,47600.0,16605.0,23050.0,32512.0,13482.0,18383.0,27474.0,8877.0,9425.0,10475.0,12136.0,18918.0,28894.0,8661.0,13680.0,22944.0,3899.0,4461.0,5543.0,9256.0,16128.0,26226.0,5623.0,10637.0,19838.0,845.0,1409.0,2494.0,9337.0,16184.0,26230.0,5708.0,10703.0,19844.0,946.0,1510.0,2590.0,9702.0,16411.0,26245.0,6089.0,10970.0,19863.0,1389.0,1938.0,2995.0,40391.0,42844.0,46429.0,39224.0,41078.0,44475.0,37547.0,37751.0,38141.0,45223.0,49757.0,56320.0,44044.0,48319.0,56320.0,40115.0,40580.0,41478.0,45022.0,49627.0,56320.0,43832.0,48172.0,56320.0,39866.0,40336.0,41247.0,34843.0,40027.0,47562.0,33034.0,37533.0,45902.0,28885.0,29387.0,30335.0,40391.0,42844.0,46429.0,39224.0,41078.0,44475.0,37547.0,37751.0,38141.0,54110.0,55043.0,56320.0,53857.0,54748.0,56320.0,53073.0,53168.0,53341.0,45133.0,49705.0,56320.0,43946.0,48255.0,56320.0,40003.0,40472.0,41375.0,34270.0,39217.0,46432.0,32442.0,36656.0,44479.0,28523.0,29002.0,29901.0,45934.0,50185.0,56320.0,44834.0,48836.0,56320.0,41161.0,41605.0,42449.0
bl_practical_or_crossing__ni_k5_r1,0.0,9193.0,39443.0,39491.0,39614.0,8335.0,3328.0,18.0,25.0,52.0,27010.0,39445.0,39443.0,28295.0,27010.0,39787.0,39445.0,26780.0,39477.0,3885.0,6223.0,9758.0,1431.0,2170.0,3370.0,580.0,679.0,866.0,232.0,232.0,1753.0,406.0,1260.0,1260.0,353.0,697.0,1352.0,3885.0,6223.0,9758.0,1431.0,2170.0,3370.0,580.0,679.0,866.0,11092.0,12487.0,15302.0,9193.0,9193.0,10145.0,9193.0,9193.0,9316.0,39866.0,39866.0,39866.0,39866.0,39866.0,39866.0,39866.0,39866.0,39866.0,39866.0,39866.0,39866.0,39866.0,39866.0,39866.0,39866.0,39866.0,39866.0,39866.0,39866.0,39866.0,39866.0,39866.0,39866.0,39866.0,39866.0,39866.0,11449.0,13289.0,16058.0,9516.0,10077.0,11020.0,8877.0,8955.0,9094.0,6980.0,9157.0,12440.0,4695.0,5374.0,6490.0,3899.0,3991.0,4162.0,3899.0,6237.0,9772.0,1445.0,2184.0,3384.0,596.0,695.0,882.0,3904.0,6242.0,9776.0,1451.0,2190.0,3390.0,602.0,701.0,888.0,3923.0,6260.0,9791.0,1471.0,2209.0,3409.0,622.0,721.0,908.0,28188.0,28892.0,29975.0,27459.0,27678.0,28021.0,27208.0,27244.0,27299.0,39866.0,39866.0,39866.0,39866.0,39866.0,39866.0,39866.0,39866.0,39866.0,39866.0,39866.0,39866.0,39866.0,39866.0,39866.0,39866.0,39866.0,39866.0,29576.0,30188.0,31108.0,28954.0,29144.0,29448.0,28748.0,28781.0,28826.0,28188.0,28892.0,29975.0,27459.0,27678.0,28021.0,27208.0,27244.0,27299.0,39866.0,39866.0,39866.0,39866.0,39866.0,39866.0,39866.0,39866.0,39866.0,39866.0,39866.0,39866.0,39866.0,39866.0,39866.0,39866.0,39866.0,39866.0,28191.0,28895.0,29978.0,27463.0,27682.0,28025.0,27213.0,27249.0,27304.0,39866.0,39866.0,39866.0,39866.0,39866.0,39866.0,39866.0,39866.0,39866.0
bl_practical_or_crossing__ni_k5_r2,0.0,9663.0,39443.0,39529.0,39792.0,8335.0,3328.0,23.0,30.0,72.0,27312.0,39450.0,39443.0,28296.0,27312.0,40162.0,39446.0,26807.0,39503.0,3978.0,6693.0,10228.0,1471.0,2640.0,3840.0,580.0,1149.0,1336.0,238.0,238.0,1823.0,458.0,1422.0,1422.0,494.0,918.0,1664.0,3978.0,6693.0,10228.0,1471.0,2640.0,3840.0,580.0,1149.0,1336.0,11562.0,12957.0,15772.0,9663.0,9663.0,10615.0,9663.0,9663.0,9786.0,39959.0,40336.0,40336.0,39906.0,40336.0,40336.0,39866.0,40336.0,40336.0,39991.0,40336.0,40336.0,39942.0,40336.0,40336.0,39904.0,40336.0,40336.0,40108.0,40336.0,40336.0,40073.0,40336.0,40336.0,40044.0,40336.0,40336.0,11542.0,13759.0,16528.0,9556.0,10547.0,11490.0,8877.0,9425.0,9564.0,7073.0,9627.0,12910.0,4735.0,5844.0,6960.0,3899.0,4461.0,4632.0,3996.0,6707.0,10242.0,1490.0,2654.0,3854.0,601.0,1165.0,1352.0,4001.0,6712.0,10246.0,1496.0,2660.0,3860.0,607.0,1171.0,1358.0,4034.0,6730.0,10261.0,1530.0,2679.0,3879.0,642.0,1191.0,1378.0,28523.0,29362.0,30445.0,27775.0,28148.0,28491.0,27510.0,27714.0,27769.0,39963.0,40336.0,40336.0,39911.0,40336.0,40336.0,39871.0,40336.0,40336.0,39959.0,40336.0,40336.0,39906.0,40336.0,40336.0,39866.0,40336.0,40336.0,29670.0,30658.0,31578.0,28995.0,29614.0,29918.0,28749.0,29251.0,29296.0,28523.0,29362.0,30445.0,27775.0,28148.0,28491.0,27510.0,27714.0,27769.0,40261.0,40336.0,40336.0,40249.0,40336.0,40336.0,40241.0,40336.0,40336.0,39960.0,40336.0,40336.0,39907.0,40336.0,40336.0,39867.0,40336.0,40336.0,28306.0,29365.0,30448.0,27529.0,28152.0,28495.0,27240.0,27719.0,27774.0,39980.0,40336.0,40336.0,39931.0,40336.0,40336.0,39892.0,40336.0,40336.0
bl_practical_or_crossing__ni_k5_r4,0.0,9837.0,39443.0,39614.0,40168.0,8335.0,3328.0,36.0,48.0,113.0,27888.0,39463.0,39443.0,28304.0,27888.0,40900.0,39454.0,26874.0,39570.0,4131.0,6976.0,11139.0,1524.0,2753.0,4751.0,580.0,1149.0,2247.0,247.0,247.0,1910.0,492.0,1533.0,1533.0,639.0,1184.0,2120.0,4131.0,6976.0,11139.0,1524.0,2753.0,4751.0,580.0,1149.0,2247.0,11817.0,13289.0,16683.0,9837.0,9837.0,11526.0,9837.0,9837.0,10697.0,40112.0,40619.0,41247.0,39959.0,40449.0,41247.0,39866.0,40336.0,41247.0,40218.0,40678.0,41247.0,40075.0,40524.0,41247.0,39989.0,40421.0,41247.0,40587.0,40884.0,41247.0,40485.0,40782.0,41247.0,40420.0,40712.0,41247.0,11695.0,14042.0,17439.0,9609.0,10660.0,12401.0,8877.0,9425.0,10475.0,7226.0,9910.0,13821.0,4788.0,5957.0,7871.0,3899.0,4461.0,5543.0,4162.0,7001.0,11153.0,1556.0,2780.0,4765.0,614.0,1178.0,2263.0,4170.0,7009.0,11157.0,1566.0,2790.0,4771.0,625.0,1189.0,2269.0,4225.0,7047.0,11172.0,1623.0,2831.0,4790.0,683.0,1232.0,2289.0,29154.0,30040.0,31356.0,28369.0,28759.0,29402.0,28086.0,28290.0,28680.0,40129.0,40630.0,41247.0,39977.0,40462.0,41247.0,39884.0,40349.0,41247.0,40112.0,40619.0,41247.0,39959.0,40449.0,41247.0,39866.0,40336.0,41247.0,29831.0,30949.0,32489.0,29056.0,29735.0,30829.0,28757.0,29259.0,30207.0,29154.0,30040.0,31356.0,28369.0,28759.0,29402.0,28086.0,28290.0,28680.0,41033.0,41129.0,41247.0,40997.0,41092.0,41247.0,40979.0,41074.0,41247.0,40121.0,40627.0,41247.0,39968.0,40457.0,41247.0,39875.0,40344.0,41247.0,28518.0,29697.0,31359.0,27645.0,28324.0,29406.0,27307.0,27786.0,28685.0,40192.0,40668.0,41247.0,40047.0,40508.0,41247.0,39959.0,40403.0,41247.0
bl_two_signal_strict__ni_k2_r1,0.0,14101.0,29153.0,31243.0,38258.0,8335.0,3328.0,1994.0,2627.0,2863.0,40777.0,31131.0,29153.0,30778.0,40777.0,46124.0,31638.0,30485.0,32885.0,21651.0,23507.0,26369.0,5397.0,6457.0,8194.0,580.0,746.0,1061.0,785.0,785.0,8627.0,1007.0,3754.0,3754.0,736.0,1638.0,3382.0,21651.0,23507.0,26369.0,5397.0,6457.0,8194.0,580.0,746.0,1061.0,28532.0,29598.0,31774.0,14101.0,14101.0,15556.0,14101.0,14101.0,14283.0,47342.0,47472.0,47719.0,33542.0,34033.0,34843.0,29576.0,29670.0,29831.0,47550.0,47670.0,47893.0,35183.0,35621.0,36349.0,31618.0,31706.0,31856.0,49060.0,49089.0,49153.0,40863.0,41157.0,41613.0,38510.0,38574.0,38677.0,29215.0,30573.0,32669.0,13482.0,14364.0,15844.0,8877.0,9022.0,9289.0,24746.0,26441.0,29051.0,8661.0,9661.0,11314.0,3899.0,4058.0,4357.0,23497.0,25261.0,27929.0,7350.0,8383.0,10055.0,2572.0,2736.0,3045.0,24070.0,25796.0,28410.0,7966.0,8991.0,10638.0,3204.0,3368.0,3673.0,24084.0,25810.0,28424.0,8133.0,9154.0,10790.0,3433.0,3596.0,3900.0,48354.0,48446.0,48609.0,42652.0,42875.0,43209.0,40975.0,41017.0,41094.0,49174.0,49212.0,49265.0,35481.0,35945.0,36690.0,31552.0,31644.0,31799.0,47342.0,47472.0,47719.0,33542.0,34033.0,34843.0,29576.0,29670.0,29831.0,49742.0,49742.0,49742.0,35380.0,35860.0,36618.0,31231.0,31330.0,31495.0,48354.0,48446.0,48609.0,42652.0,42875.0,43209.0,40975.0,41017.0,41094.0,49742.0,49742.0,49742.0,46987.0,47094.0,47240.0,46203.0,46223.0,46257.0,49742.0,49742.0,49742.0,36002.0,36462.0,37189.0,32059.0,32152.0,32305.0,48357.0,48449.0,48612.0,34837.0,35309.0,36056.0,30918.0,31015.0,31182.0,49742.0,49742.0,49742.0,36947.0,37370.0,38047.0,33274.0,33362.0,33507.0
bl_two_signal_strict__ni_k2_r2,0.0,18858.0,29765.0,33490.0,45619.0,8335.0,3328.0,2160.0,2849.0,3533.0,51014.0,31909.0,29765.0,30778.0,51014.0,59809.0,32250.0,31667.0,34650.0,21651.0,40529.0,43391.0,5397.0,10476.0,12976.0,580.0,1149.0,1604.0,785.0,785.0,8627.0,1094.0,5060.0,5060.0,946.0,2227.0,4858.0,21651.0,40529.0,43391.0,5397.0,10476.0,12976.0,580.0,1149.0,1604.0,33289.0,46620.0,48796.0,18858.0,18858.0,21045.0,18858.0,18858.0,19123.0,47954.0,64494.0,64741.0,34154.0,38494.0,40027.0,30188.0,30658.0,30949.0,49797.0,64692.0,64915.0,37430.0,41336.0,42704.0,33865.0,34297.0,34562.0,56421.0,66111.0,66175.0,48224.0,50728.0,51595.0,45871.0,46163.0,46335.0,29215.0,47595.0,49691.0,13482.0,18383.0,20626.0,8877.0,9425.0,9832.0,24746.0,43463.0,46073.0,8661.0,13680.0,16096.0,3899.0,4461.0,4900.0,23663.0,42283.0,44951.0,7516.0,12530.0,14956.0,2738.0,3302.0,3749.0,24292.0,42818.0,45432.0,8188.0,13183.0,15579.0,3426.0,3990.0,4433.0,24754.0,42832.0,45446.0,8803.0,13684.0,16041.0,4103.0,4652.0,5092.0,58591.0,65468.0,65631.0,52889.0,54743.0,55405.0,51212.0,51416.0,51550.0,49952.0,66234.0,66287.0,36259.0,40534.0,41993.0,32330.0,32795.0,33078.0,47954.0,64494.0,64741.0,34154.0,38494.0,40027.0,30188.0,30658.0,30949.0,49742.0,66764.0,66764.0,35380.0,39879.0,41400.0,31231.0,31733.0,32038.0,58591.0,65468.0,65631.0,52889.0,54743.0,55405.0,51212.0,51416.0,51550.0,63427.0,66764.0,66764.0,60672.0,61563.0,61858.0,59888.0,59983.0,60038.0,50354.0,66764.0,66764.0,36614.0,40923.0,42373.0,32671.0,33140.0,33423.0,49539.0,65471.0,65634.0,36019.0,40233.0,41691.0,32100.0,32579.0,32876.0,51507.0,66764.0,66764.0,38712.0,42714.0,44063.0,35039.0,35483.0,35748.0
bl_two_signal_strict__ni_k2_r4,0.0,20517.0,30685.0,37252.0,58168.0,8335.0,3328.0,2435.0,3221.0,4669.0,68560.0,33104.0,30685.0,30778.0,68560.0,83250.0,33170.0,33625.0,37503.0,21651.0,40529.0,72373.0,5397.0,10476.0,19824.0,580.0,1149.0,2247.0,785.0,785.0,8627.0,1094.0,5060.0,5060.0,1004.0,2496.0,5935.0,21651.0,40529.0,72373.0,5397.0,10476.0,19824.0,580.0,1149.0,2247.0,34948.0,48279.0,77778.0,20517.0,20517.0,29087.0,20517.0,20517.0,21377.0,48874.0,65414.0,93723.0,35074.0,39414.0,47562.0,31108.0,31578.0,32489.0,53559.0,68454.0,93897.0,41192.0,45098.0,52394.0,37627.0,38059.0,38885.0,68970.0,78660.0,95157.0,60773.0,63277.0,67967.0,58420.0,58712.0,59247.0,29215.0,47595.0,78673.0,13482.0,18383.0,27474.0,8877.0,9425.0,10475.0,24746.0,43463.0,75055.0,8661.0,13680.0,22944.0,3899.0,4461.0,5543.0,23938.0,42558.0,73933.0,7791.0,12805.0,22006.0,3013.0,3577.0,4662.0,24664.0,43190.0,74414.0,8560.0,13555.0,22696.0,3798.0,4362.0,5442.0,25890.0,43968.0,74428.0,9939.0,14820.0,23713.0,5239.0,5788.0,6845.0,76137.0,83014.0,94613.0,70435.0,72289.0,75686.0,68758.0,68962.0,69352.0,51147.0,67429.0,95269.0,37454.0,41729.0,49730.0,33525.0,33990.0,34888.0,48874.0,65414.0,93723.0,35074.0,39414.0,47562.0,31108.0,31578.0,32489.0,49742.0,66764.0,95746.0,35380.0,39879.0,48248.0,31231.0,31733.0,32681.0,76137.0,83014.0,94613.0,70435.0,72289.0,75686.0,68758.0,68962.0,69352.0,86868.0,90205.0,95746.0,84113.0,85004.0,86576.0,83329.0,83424.0,83597.0,51274.0,67684.0,95746.0,37534.0,41843.0,49908.0,33591.0,34060.0,34963.0,51497.0,67429.0,94616.0,37977.0,42191.0,50014.0,34058.0,34537.0,35436.0,54360.0,69617.0,95746.0,41565.0,45567.0,53051.0,37892.0,38336.0,39180.0
bl_two_signal_strict__ni_k3_r1,0.0,12798.0,28531.0,29195.0,32079.0,8335.0,3328.0,1927.0,2538.0,2622.0,32010.0,30442.0,28531.0,30778.0,32010.0,34517.0,31016.0,29537.0,31318.0,7289.0,9145.0,12007.0,5397.0,5977.0,6956.0,580.0,690.0,898.0,486.0,486.0,3281.0,844.0,2607.0,2607.0,542.0,1160.0,2186.0,7289.0,9145.0,12007.0,5397.0,5977.0,6956.0,580.0,690.0,898.0,14170.0,15236.0,17412.0,12798.0,12798.0,13541.0,12798.0,12798.0,12894.0,32980.0,33110.0,33357.0,32920.0,32951.0,33034.0,28954.0,28995.0,29056.0,33188.0,33308.0,33531.0,33135.0,33162.0,33237.0,29570.0,29609.0,29665.0,34698.0,34727.0,34791.0,34684.0,34689.0,34709.0,32331.0,32360.0,32396.0,14853.0,16211.0,18307.0,13482.0,13884.0,14606.0,8877.0,8966.0,9126.0,10384.0,12079.0,14689.0,8661.0,9181.0,10076.0,3899.0,4002.0,4194.0,9135.0,10899.0,13567.0,7283.0,7840.0,8758.0,2505.0,2614.0,2816.0,9708.0,11434.0,14048.0,7877.0,8426.0,9322.0,3115.0,3224.0,3423.0,9722.0,11448.0,14062.0,7892.0,8441.0,9337.0,3192.0,3300.0,3499.0,33992.0,34084.0,34247.0,33885.0,33914.0,33953.0,32208.0,32228.0,32261.0,34812.0,34850.0,34903.0,34792.0,34800.0,34822.0,30863.0,30903.0,30958.0,32980.0,33110.0,33357.0,32920.0,32951.0,33034.0,28954.0,28995.0,29056.0,35380.0,35380.0,35380.0,35380.0,35380.0,35380.0,31231.0,31274.0,31332.0,33992.0,34084.0,34247.0,33885.0,33914.0,33953.0,32208.0,32228.0,32261.0,35380.0,35380.0,35380.0,35380.0,35380.0,35380.0,34596.0,34604.0,34614.0,35380.0,35380.0,35380.0,35380.0,35380.0,35380.0,31437.0,31477.0,31530.0,33995.0,34087.0,34250.0,33889.0,33918.0,33957.0,29970.0,30015.0,30079.0,35380.0,35380.0,35380.0,35380.0,35380.0,35380.0,31707.0,31746.0,31795.0
bl_two_signal_strict__ni_k3_r2,0.0,17297.0,28721.0,29815.0,34079.0,8335.0,3328.0,1969.0,2591.0,2789.0,34684.0,30674.0,28721.0,30778.0,34684.0,38125.0,31206.0,29851.0,31815.0,7769.0,13644.0,16506.0,5397.0,10476.0,11455.0,580.0,1149.0,1422.0,500.0,500.0,3640.0,1002.0,3788.0,3788.0,799.0,1722.0,3319.0,7769.0,13644.0,16506.0,5397.0,10476.0,11455.0,580.0,1149.0,1422.0,18669.0,19735.0,21911.0,17297.0,17297.0,18040.0,17297.0,17297.0,17393.0,33630.0,37609.0,37856.0,33110.0,37450.0,37533.0,29144.0,29614.0,29735.0,34219.0,37807.0,38030.0,33755.0,37661.0,37736.0,30190.0,30622.0,30733.0,36987.0,39226.0,39290.0,36684.0,39188.0,39208.0,34331.0,34623.0,34693.0,15333.0,20710.0,22806.0,13482.0,18383.0,19105.0,8877.0,9425.0,9650.0,10864.0,16578.0,19188.0,8661.0,13680.0,14575.0,3899.0,4461.0,4718.0,9653.0,15398.0,18066.0,7325.0,12339.0,13257.0,2547.0,3111.0,3378.0,10237.0,15933.0,18547.0,7930.0,12925.0,13821.0,3168.0,3732.0,3996.0,10361.0,15947.0,18561.0,8059.0,12940.0,13836.0,3359.0,3908.0,4171.0,36860.0,38583.0,38746.0,36559.0,38413.0,38452.0,34882.0,35086.0,35141.0,35500.0,39349.0,39402.0,35024.0,39299.0,39321.0,31095.0,31560.0,31675.0,33630.0,37609.0,37856.0,33110.0,37450.0,37533.0,29144.0,29614.0,29735.0,35860.0,39879.0,39879.0,35380.0,39879.0,39879.0,31231.0,31733.0,31856.0,36860.0,38583.0,38746.0,36559.0,38413.0,38452.0,34882.0,35086.0,35141.0,39095.0,39879.0,39879.0,38988.0,39879.0,39879.0,38204.0,38299.0,38317.0,36030.0,39879.0,39879.0,35570.0,39879.0,39879.0,31627.0,32096.0,32209.0,34752.0,38586.0,38749.0,34203.0,38417.0,38456.0,30284.0,30763.0,30888.0,36300.0,39879.0,39879.0,35877.0,39879.0,39879.0,32204.0,32648.0,32753.0
bl_two_signal_strict__ni_k3_r4,0.0,17839.0,29025.0,30963.0,37778.0,8335.0,3328.0,2055.0,2715.0,3161.0,39695.0,31064.0,29025.0,30778.0,39695.0,44922.0,31510.0,30436.0,32700.0,8527.0,15165.0,24875.0,5397.0,10476.0,19824.0,580.0,1149.0,2247.0,517.0,517.0,3967.0,1007.0,3982.0,3982.0,979.0,2296.0,4819.0,8527.0,15165.0,24875.0,5397.0,10476.0,19824.0,580.0,1149.0,2247.0,19923.0,21721.0,30280.0,17839.0,17839.0,26409.0,17839.0,17839.0,18699.0,34661.0,39363.0,46225.0,33414.0,37754.0,45902.0,29448.0,29918.0,30829.0,36020.0,40248.0,46399.0,34903.0,38809.0,46105.0,31338.0,31770.0,32596.0,41122.0,43772.0,47659.0,40383.0,42887.0,47577.0,38030.0,38322.0,38857.0,16091.0,22231.0,31175.0,13482.0,18383.0,27474.0,8877.0,9425.0,10475.0,11622.0,18099.0,27557.0,8661.0,13680.0,22944.0,3899.0,4461.0,5543.0,10493.0,16992.0,26435.0,7411.0,12425.0,21626.0,2633.0,3197.0,4282.0,11112.0,17557.0,26916.0,8054.0,13049.0,22190.0,3292.0,3856.0,4936.0,11473.0,17780.0,26930.0,8431.0,13312.0,22205.0,3731.0,4280.0,5337.0,42166.0,44217.0,47115.0,41570.0,43424.0,46821.0,39893.0,40097.0,40487.0,36613.0,41176.0,47771.0,35414.0,39689.0,47690.0,31485.0,31950.0,32848.0,34661.0,39363.0,46225.0,33414.0,37754.0,45902.0,29448.0,29918.0,30829.0,36618.0,41400.0,48248.0,35380.0,39879.0,48248.0,31231.0,31733.0,32681.0,42166.0,44217.0,47115.0,41570.0,43424.0,46821.0,39893.0,40097.0,40487.0,46038.0,46971.0,48248.0,45785.0,46676.0,48248.0,45001.0,45096.0,45269.0,37061.0,41633.0,48248.0,35874.0,40183.0,48248.0,31931.0,32400.0,33303.0,36045.0,40590.0,47118.0,34788.0,39002.0,46825.0,30869.0,31348.0,32247.0,37862.0,42113.0,48248.0,36762.0,40764.0,48248.0,33089.0,33533.0,34377.0
bl_two_signal_strict__ni_k5_r1,0.0,8649.0,28325.0,28589.0,30280.0,8335.0,3328.0,1905.0,2508.0,2530.0,29493.0,30214.0,28325.0,30778.0,29493.0,31152.0,30810.0,29263.0,30842.0,3140.0,4996.0,7858.0,1248.0,1828.0,2807.0,580.0,647.0,797.0,196.0,196.0,1412.0,363.0,1070.0,1070.0,312.0,616.0,1152.0,3140.0,4996.0,7858.0,1248.0,1828.0,2807.0,580.0,647.0,797.0,10021.0,11087.0,13263.0,8649.0,8649.0,9392.0,8649.0,8649.0,8745.0,28831.0,28961.0,29208.0,28771.0,28802.0,28885.0,28748.0,28749.0,28757.0,29039.0,29159.0,29382.0,28986.0,29013.0,29088.0,28964.0,28965.0,28973.0,30549.0,30578.0,30642.0,30535.0,30540.0,30560.0,30532.0,30532.0,30532.0,10704.0,12062.0,14158.0,9333.0,9735.0,10457.0,8877.0,8923.0,9025.0,6235.0,7930.0,10540.0,4512.0,5032.0,5927.0,3899.0,3959.0,4093.0,4986.0,6750.0,9418.0,3134.0,3691.0,4609.0,2483.0,2549.0,2693.0,5559.0,7285.0,9899.0,3728.0,4277.0,5173.0,3085.0,3151.0,3293.0,5573.0,7299.0,9913.0,3743.0,4292.0,5188.0,3100.0,3166.0,3308.0,29843.0,29935.0,30098.0,29736.0,29765.0,29804.0,29691.0,29694.0,29704.0,30663.0,30701.0,30754.0,30643.0,30651.0,30673.0,30635.0,30635.0,30637.0,28831.0,28961.0,29208.0,28771.0,28802.0,28885.0,28748.0,28749.0,28757.0,31231.0,31231.0,31231.0,31231.0,31231.0,31231.0,31231.0,31231.0,31231.0,29843.0,29935.0,30098.0,29736.0,29765.0,29804.0,29691.0,29694.0,29704.0,31231.0,31231.0,31231.0,31231.0,31231.0,31231.0,31231.0,31231.0,31231.0,31231.0,31231.0,31231.0,31231.0,31231.0,31231.0,31231.0,31231.0,31231.0,29846.0,29938.0,30101.0,29740.0,29769.0,29808.0,29696.0,29699.0,29709.0,31231.0,31231.0,31231.0,31231.0,31231.0,31231.0,31231.0,31231.0,31231.0
bl_two_signal_strict__ni_k5_r2,0.0,9151.0,28358.0,28660.0,30490.0,8335.0,3328.0,1909.0,2512.0,2549.0,29794.0,30251.0,28358.0,30778.0,29794.0,31559.0,30843.0,29289.0,30900.0,3239.0,5498.0,8360.0,1291.0,2330.0,3309.0,580.0,1149.0,1299.0,203.0,203.0,1486.0,417.0,1245.0,1245.0,463.0,852.0,1486.0,3239.0,5498.0,8360.0,1291.0,2330.0,3309.0,580.0,1149.0,1299.0,10523.0,11589.0,13765.0,9151.0,9151.0,9894.0,9151.0,9151.0,9247.0,28957.0,29463.0,29710.0,28844.0,29304.0,29387.0,28781.0,29251.0,29259.0,29197.0,29661.0,29884.0,29095.0,29515.0,29590.0,29035.0,29467.0,29475.0,30823.0,31080.0,31144.0,30774.0,31042.0,31062.0,30742.0,31034.0,31034.0,10803.0,12564.0,14660.0,9376.0,10237.0,10959.0,8877.0,9425.0,9527.0,6334.0,8432.0,11042.0,4555.0,5534.0,6429.0,3899.0,4461.0,4595.0,5088.0,7252.0,9920.0,3181.0,4193.0,5111.0,2487.0,3051.0,3195.0,5661.0,7787.0,10401.0,3775.0,4779.0,5675.0,3089.0,3653.0,3795.0,5689.0,7801.0,10415.0,3804.0,4794.0,5690.0,3119.0,3668.0,3810.0,30183.0,30437.0,30600.0,30054.0,30267.0,30306.0,29992.0,30196.0,30206.0,30792.0,31203.0,31256.0,30720.0,31153.0,31175.0,30672.0,31137.0,31139.0,28957.0,29463.0,29710.0,28844.0,29304.0,29387.0,28781.0,29251.0,29259.0,31330.0,31733.0,31733.0,31274.0,31733.0,31733.0,31231.0,31733.0,31733.0,30183.0,30437.0,30600.0,30054.0,30267.0,30306.0,29992.0,30196.0,30206.0,31658.0,31733.0,31733.0,31646.0,31733.0,31733.0,31638.0,31733.0,31733.0,31357.0,31733.0,31733.0,31304.0,31733.0,31733.0,31264.0,31733.0,31733.0,29966.0,30440.0,30603.0,29808.0,30271.0,30310.0,29722.0,30201.0,30211.0,31377.0,31733.0,31733.0,31328.0,31733.0,31733.0,31289.0,31733.0,31733.0
bl_two_signal_strict__ni_k5_r4,0.0,9335.0,28403.0,28790.0,30903.0,8335.0,3328.0,1916.0,2522.0,2582.0,30362.0,30303.0,28403.0,30778.0,30362.0,32334.0,30888.0,29348.0,31004.0,3404.0,5803.0,9308.0,1349.0,2453.0,4257.0,580.0,1149.0,2247.0,212.0,212.0,1578.0,453.0,1365.0,1365.0,617.0,1133.0,1967.0,3404.0,5803.0,9308.0,1349.0,2453.0,4257.0,580.0,1149.0,2247.0,10793.0,11942.0,14713.0,9335.0,9335.0,10842.0,9335.0,9335.0,10195.0,29155.0,29791.0,30658.0,28942.0,29462.0,30335.0,28826.0,29296.0,30207.0,29469.0,30048.0,30832.0,29273.0,29748.0,30538.0,29165.0,29597.0,30423.0,31339.0,31665.0,32092.0,31223.0,31525.0,32010.0,31155.0,31447.0,31982.0,10968.0,12869.0,15608.0,9434.0,10360.0,11907.0,8877.0,9425.0,10475.0,6499.0,8737.0,11990.0,4613.0,5657.0,7377.0,3899.0,4461.0,5543.0,5260.0,7562.0,10868.0,3246.0,4323.0,6059.0,2494.0,3058.0,4143.0,5834.0,8098.0,11349.0,3842.0,4911.0,6623.0,3099.0,3663.0,4743.0,5884.0,8132.0,11363.0,3894.0,4948.0,6638.0,3152.0,3701.0,4758.0,30818.0,31129.0,31548.0,30645.0,30880.0,31254.0,30560.0,30764.0,31154.0,30997.0,31536.0,32204.0,30825.0,31318.0,32123.0,30724.0,31189.0,32087.0,29155.0,29791.0,30658.0,28942.0,29462.0,30335.0,28826.0,29296.0,30207.0,31495.0,32038.0,32681.0,31332.0,31856.0,32681.0,31231.0,31733.0,32681.0,30818.0,31129.0,31548.0,30645.0,30880.0,31254.0,30560.0,30764.0,31154.0,32467.0,32563.0,32681.0,32431.0,32526.0,32681.0,32413.0,32508.0,32681.0,31555.0,32061.0,32681.0,31402.0,31891.0,32681.0,31309.0,31778.0,32681.0,30182.0,30786.0,31551.0,29921.0,30445.0,31258.0,29781.0,30260.0,31159.0,31626.0,32102.0,32681.0,31481.0,31942.0,32681.0,31393.0,31837.0,32681.0
wl_model_agreement__ni_k2_r1,0.0,28225.0,27765.0,48905.0,117887.0,6949.0,2746.0,1991.0,2624.0,6283.0,279540.0,29743.0,27765.0,29390.0,279540.0,283499.0,30250.0,49532.0,50547.0,21651.0,33652.0,53897.0,5397.0,8823.0,15079.0,580.0,984.0,1765.0,785.0,785.0,8627.0,1052.0,4511.0,4511.0,887.0,2152.0,4965.0,21651.0,33652.0,53897.0,5397.0,8823.0,15079.0,580.0,984.0,1765.0,42656.0,51001.0,69446.0,28225.0,28225.0,33838.0,28225.0,28225.0,28798.0,45954.0,56321.0,74114.0,32154.0,35033.0,40391.0,28188.0,28523.0,29154.0,65212.0,74416.0,90252.0,52845.0,55401.0,60146.0,49280.0,49589.0,50158.0,128689.0,134892.0,145600.0,120492.0,122178.0,125382.0,118139.0,118351.0,118741.0,27829.0,39424.0,59066.0,12096.0,15366.0,21394.0,7491.0,7877.0,8614.0,24164.0,36039.0,56081.0,8079.0,11454.0,17633.0,3317.0,3715.0,4480.0,23494.0,35403.0,55454.0,7347.0,10746.0,16937.0,2569.0,2971.0,3746.0,24067.0,35938.0,55935.0,7963.0,11354.0,17520.0,3201.0,3603.0,4374.0,27504.0,39193.0,58876.0,11553.0,14894.0,20943.0,6853.0,7248.0,8006.0,287117.0,287117.0,287117.0,281415.0,281616.0,281921.0,279738.0,279777.0,279850.0,47786.0,58061.0,75660.0,34093.0,36945.0,42238.0,30164.0,30497.0,31122.0,45954.0,56321.0,74114.0,32154.0,35033.0,40391.0,28188.0,28523.0,29154.0,48354.0,58591.0,76137.0,33992.0,36860.0,42166.0,29843.0,30183.0,30818.0,287117.0,287117.0,287117.0,281415.0,281616.0,281921.0,279738.0,279777.0,279850.0,287117.0,287117.0,287117.0,284362.0,284469.0,284615.0,283578.0,283598.0,283632.0,48354.0,58591.0,76137.0,34614.0,37462.0,42737.0,30671.0,31005.0,31628.0,67404.0,76488.0,92101.0,53884.0,56452.0,61187.0,49965.0,50280.0,50862.0,67404.0,76488.0,92101.0,54609.0,57150.0,61844.0,50936.0,51245.0,51809.0
wl_model_agreement__ni_k2_r2,0.0,30116.0,28469.0,50091.0,121277.0,7041.0,2781.0,2157.0,2846.0,6771.0,279540.0,30613.0,28469.0,29482.0,279540.0,287039.0,30954.0,49561.0,51251.0,21651.0,40529.0,60774.0,5397.0,10476.0,17062.0,580.0,1149.0,1988.0,785.0,785.0,8627.0,1094.0,5060.0,5060.0,986.0,2400.0,5564.0,21651.0,40529.0,60774.0,5397.0,10476.0,17062.0,580.0,1149.0,1988.0,44547.0,57878.0,76323.0,30116.0,30116.0,36049.0,30116.0,30116.0,30726.0,46658.0,63198.0,80991.0,32858.0,37198.0,42844.0,28892.0,29362.0,30040.0,66398.0,81293.0,97129.0,54031.0,57937.0,62938.0,50466.0,50898.0,51509.0,132079.0,141769.0,152477.0,123882.0,126386.0,129742.0,121529.0,121821.0,122234.0,27921.0,46301.0,65943.0,12188.0,17089.0,23445.0,7583.0,8131.0,8925.0,24199.0,42916.0,62958.0,8114.0,13133.0,19641.0,3352.0,3914.0,4737.0,23660.0,42280.0,62331.0,7513.0,12527.0,19039.0,2735.0,3299.0,4130.0,24289.0,42815.0,62812.0,8185.0,13180.0,19662.0,3423.0,3987.0,4814.0,27992.0,46070.0,65753.0,12041.0,16922.0,23267.0,7341.0,7890.0,8702.0,287117.0,293994.0,293994.0,281415.0,283269.0,283904.0,279738.0,279942.0,280073.0,48656.0,64938.0,82537.0,34963.0,39238.0,44810.0,31034.0,31499.0,32169.0,46658.0,63198.0,80991.0,32858.0,37198.0,42844.0,28892.0,29362.0,30040.0,48446.0,65468.0,83014.0,34084.0,38583.0,44217.0,29935.0,30437.0,31129.0,287117.0,293994.0,293994.0,281415.0,283269.0,283904.0,279738.0,279942.0,280073.0,290657.0,293994.0,293994.0,287902.0,288793.0,289088.0,287118.0,287213.0,287268.0,49058.0,65468.0,83014.0,35318.0,39627.0,45190.0,31375.0,31844.0,32514.0,67433.0,83365.0,98978.0,53913.0,58127.0,63191.0,49994.0,50473.0,51113.0,68108.0,83365.0,98978.0,55313.0,59315.0,64297.0,51640.0,52084.0,52695.0
wl_model_agreement__ni_k2_r4,0.0,30661.0,29552.0,52083.0,127087.0,7204.0,2830.0,2432.0,3218.0,7593.0,279540.0,31971.0,29552.0,29645.0,279540.0,293097.0,32037.0,49586.0,52334.0,21651.0,40529.0,72373.0,5397.0,10476.0,19824.0,580.0,1149.0,2247.0,785.0,785.0,8627.0,1094.0,5060.0,5060.0,1004.0,2496.0,5973.0,21651.0,40529.0,72373.0,5397.0,10476.0,19824.0,580.0,1149.0,2247.0,45092.0,58423.0,87922.0,30661.0,30661.0,39231.0,30661.0,30661.0,31521.0,47741.0,64281.0,92590.0,33941.0,38281.0,46429.0,29975.0,30445.0,31356.0,68390.0,83285.0,108728.0,56023.0,59929.0,67225.0,52458.0,52890.0,53716.0,137889.0,147579.0,164076.0,129692.0,132196.0,136886.0,127339.0,127631.0,128166.0,28084.0,46464.0,77542.0,12351.0,17252.0,26343.0,7746.0,8294.0,9344.0,24248.0,42965.0,74557.0,8163.0,13182.0,22446.0,3401.0,3963.0,5045.0,23935.0,42555.0,73930.0,7788.0,12802.0,22003.0,3010.0,3574.0,4659.0,24661.0,43187.0,74411.0,8557.0,13552.0,22693.0,3795.0,4359.0,5439.0,28814.0,46892.0,77352.0,12863.0,17744.0,26637.0,8163.0,8712.0,9769.0,287117.0,293994.0,305593.0,281415.0,283269.0,286666.0,279738.0,279942.0,280332.0,50014.0,66296.0,94136.0,36321.0,40596.0,48597.0,32392.0,32857.0,33755.0,47741.0,64281.0,92590.0,33941.0,38281.0,46429.0,29975.0,30445.0,31356.0,48609.0,65631.0,94613.0,34247.0,38746.0,47115.0,30098.0,30600.0,31548.0,287117.0,293994.0,305593.0,281415.0,283269.0,286666.0,279738.0,279942.0,280332.0,296715.0,300052.0,305593.0,293960.0,294851.0,296423.0,293176.0,293271.0,293444.0,50141.0,66551.0,94613.0,36401.0,40710.0,48775.0,32458.0,32927.0,33830.0,67458.0,83390.0,110577.0,53938.0,58152.0,65975.0,50019.0,50498.0,51397.0,69191.0,84448.0,110577.0,56396.0,60398.0,67882.0,52723.0,53167.0,54011.0
wl_model_agreement__ni_k3_r1,0.0,27733.0,27036.0,47695.0,115000.0,6842.0,2713.0,1924.0,2534.0,6103.0,279540.0,28947.0,27036.0,29283.0,279540.0,280552.0,29521.0,49528.0,49818.0,15949.0,27950.0,48195.0,5397.0,8622.0,14573.0,580.0,962.0,1696.0,660.0,660.0,6527.0,988.0,4030.0,4030.0,810.0,1960.0,4485.0,15949.0,27950.0,48195.0,5397.0,8622.0,14573.0,580.0,962.0,1696.0,36954.0,45299.0,63744.0,27733.0,27733.0,33062.0,27733.0,27733.0,28267.0,40252.0,50619.0,68412.0,31425.0,34130.0,39224.0,27459.0,27775.0,28369.0,59510.0,68714.0,84550.0,51635.0,54029.0,58534.0,48070.0,48360.0,48894.0,122987.0,129190.0,139898.0,117605.0,119182.0,122233.0,115252.0,115452.0,115818.0,22127.0,33722.0,53364.0,11989.0,15065.0,20798.0,7384.0,7748.0,8441.0,18462.0,30337.0,50379.0,8046.0,11223.0,17101.0,3284.0,3660.0,4379.0,17792.0,29701.0,49752.0,7280.0,10482.0,16372.0,2502.0,2883.0,3611.0,18365.0,30236.0,50233.0,7873.0,11067.0,16935.0,3111.0,3492.0,4217.0,21802.0,33491.0,53174.0,11373.0,14520.0,20278.0,6673.0,7047.0,7760.0,281415.0,281415.0,281415.0,281415.0,281415.0,281415.0,279738.0,279755.0,279781.0,42084.0,52359.0,69958.0,33297.0,35979.0,41012.0,29368.0,29683.0,30271.0,40252.0,50619.0,68412.0,31425.0,34130.0,39224.0,27459.0,27775.0,28369.0,42652.0,52889.0,70435.0,33885.0,36559.0,41570.0,29736.0,30054.0,30645.0,281415.0,281415.0,281415.0,281415.0,281415.0,281415.0,279738.0,279755.0,279781.0,281415.0,281415.0,281415.0,281415.0,281415.0,281415.0,280631.0,280639.0,280649.0,42652.0,52889.0,70435.0,33885.0,36559.0,41570.0,29942.0,30257.0,30843.0,61702.0,70786.0,86399.0,53880.0,56247.0,60677.0,49961.0,50254.0,50789.0,61702.0,70786.0,86399.0,53880.0,56247.0,60677.0,50207.0,50497.0,51024.0
wl_model_agreement__ni_k3_r2,0.0,29587.0,27255.0,48037.0,115927.0,6871.0,2725.0,1966.0,2587.0,6223.0,279540.0,29208.0,27255.0,29312.0,279540.0,281515.0,29740.0,49535.0,50037.0,16150.0,29804.0,50049.0,5397.0,10476.0,16427.0,580.0,1149.0,1906.0,664.0,664.0,6676.0,1058.0,4532.0,4532.0,923.0,2190.0,4956.0,16150.0,29804.0,50049.0,5397.0,10476.0,16427.0,580.0,1149.0,1906.0,38808.0,47153.0,65598.0,29587.0,29587.0,34916.0,29587.0,29587.0,30121.0,40645.0,52473.0,70266.0,31644.0,35984.0,41078.0,27678.0,28148.0,28759.0,60014.0,70568.0,86404.0,51977.0,55883.0,60388.0,48412.0,48844.0,49394.0,124023.0,131044.0,141752.0,118532.0,121036.0,124087.0,116179.0,116471.0,116846.0,22350.0,35576.0,55218.0,12018.0,16919.0,22652.0,7413.0,7961.0,8676.0,18672.0,32191.0,52233.0,8058.0,13077.0,18955.0,3296.0,3858.0,4600.0,18031.0,31555.0,51606.0,7322.0,12336.0,18226.0,2544.0,3108.0,3859.0,18615.0,32090.0,52087.0,7926.0,12921.0,18789.0,3164.0,3728.0,4476.0,22116.0,35345.0,55028.0,11493.0,16374.0,22132.0,6793.0,7342.0,8077.0,281616.0,283269.0,283269.0,281415.0,283269.0,283269.0,279738.0,279942.0,279991.0,42515.0,54213.0,71812.0,33558.0,37833.0,42866.0,29629.0,30094.0,30699.0,40645.0,52473.0,70266.0,31644.0,35984.0,41078.0,27678.0,28148.0,28759.0,42875.0,54743.0,72289.0,33914.0,38413.0,43424.0,29765.0,30267.0,30880.0,281616.0,283269.0,283269.0,281415.0,283269.0,283269.0,279738.0,279942.0,279991.0,282485.0,283269.0,283269.0,282378.0,283269.0,283269.0,281594.0,281689.0,281707.0,43045.0,54743.0,72289.0,34104.0,38413.0,43424.0,30161.0,30630.0,31233.0,61910.0,72640.0,88253.0,53887.0,58101.0,62531.0,49968.0,50447.0,51005.0,62095.0,72640.0,88253.0,54099.0,58101.0,62531.0,50426.0,50870.0,51414.0
wl_model_agreement__ni_k3_r4,0.0,29743.0,27598.0,48643.0,117685.0,6910.0,2736.0,2052.0,2711.0,6485.0,279540.0,29637.0,27598.0,29351.0,279540.0,283340.0,30083.0,49539.0,50380.0,16455.0,30439.0,53446.0,5397.0,10476.0,19824.0,580.0,1149.0,2247.0,669.0,669.0,6785.0,1060.0,4614.0,4614.0,992.0,2419.0,5556.0,16455.0,30439.0,53446.0,5397.0,10476.0,19824.0,580.0,1149.0,2247.0,39248.0,47913.0,68995.0,29743.0,29743.0,38313.0,29743.0,29743.0,30603.0,41252.0,53368.0,73663.0,31987.0,36327.0,44475.0,28021.0,28491.0,29402.0,60860.0,71670.0,89801.0,52583.0,56489.0,63785.0,49018.0,49450.0,50276.0,125934.0,133107.0,145149.0,120290.0,122794.0,127484.0,117937.0,118229.0,118764.0,22684.0,36238.0,58615.0,12057.0,16958.0,26049.0,7452.0,8000.0,9050.0,18984.0,32832.0,55630.0,8069.0,13088.0,22352.0,3307.0,3869.0,4951.0,18418.0,32263.0,55003.0,7408.0,12422.0,21623.0,2630.0,3194.0,4279.0,19037.0,32828.0,55484.0,8050.0,13045.0,22186.0,3288.0,3852.0,4932.0,22669.0,36194.0,58425.0,11755.0,16636.0,25529.0,7055.0,7604.0,8661.0,281921.0,283904.0,286666.0,281415.0,283269.0,286666.0,279738.0,279942.0,280332.0,43204.0,55181.0,75209.0,33987.0,38262.0,46263.0,30058.0,30523.0,31421.0,41252.0,53368.0,73663.0,31987.0,36327.0,44475.0,28021.0,28491.0,29402.0,43209.0,55405.0,75686.0,33953.0,38452.0,46821.0,29804.0,30306.0,31254.0,281921.0,283904.0,286666.0,281415.0,283269.0,286666.0,279738.0,279942.0,280332.0,284456.0,285389.0,286666.0,284203.0,285094.0,286666.0,283419.0,283514.0,283687.0,43652.0,55638.0,75686.0,34447.0,38756.0,46821.0,30504.0,30973.0,31876.0,62219.0,73278.0,91650.0,53891.0,58105.0,65928.0,49972.0,50451.0,51350.0,62702.0,73535.0,91650.0,54442.0,58444.0,65928.0,50769.0,51213.0,52057.0
wl_model_agreement__ni_k5_r1,0.0,26056.0,26785.0,47314.0,114123.0,6798.0,2705.0,1901.0,2503.0,6042.0,279540.0,28674.0,26785.0,29238.0,279540.0,279659.0,29270.0,49523.0,49567.0,14272.0,26273.0,46518.0,3720.0,6945.0,12896.0,580.0,945.0,1653.0,546.0,546.0,5761.0,797.0,3407.0,3407.0,717.0,1743.0,4058.0,14272.0,26273.0,46518.0,3720.0,6945.0,12896.0,580.0,945.0,1653.0,35277.0,43622.0,62067.0,26056.0,26056.0,31385.0,26056.0,26056.0,26590.0,38575.0,48942.0,66735.0,29748.0,32453.0,37547.0,27208.0,27510.0,28086.0,57833.0,67037.0,82873.0,49958.0,52352.0,56857.0,47689.0,47966.0,48483.0,121310.0,127513.0,138221.0,115928.0,117505.0,120556.0,114375.0,114567.0,114923.0,20450.0,32045.0,51687.0,10312.0,13388.0,19121.0,7340.0,7687.0,8357.0,16785.0,28660.0,48702.0,6369.0,9546.0,15424.0,3276.0,3635.0,4329.0,16115.0,28024.0,48075.0,5603.0,8805.0,14695.0,2479.0,2843.0,3545.0,16688.0,28559.0,48556.0,6196.0,9390.0,15258.0,3080.0,3444.0,4144.0,20125.0,31814.0,51497.0,9696.0,12843.0,18601.0,6612.0,6970.0,7658.0,279738.0,279738.0,279738.0,279738.0,279738.0,279738.0,279738.0,279738.0,279738.0,40407.0,50682.0,68281.0,31620.0,34302.0,39335.0,29095.0,29396.0,29966.0,38575.0,48942.0,66735.0,29748.0,32453.0,37547.0,27208.0,27510.0,28086.0,40975.0,51212.0,68758.0,32208.0,34882.0,39893.0,29691.0,29992.0,30560.0,279738.0,279738.0,279738.0,279738.0,279738.0,279738.0,279738.0,279738.0,279738.0,279738.0,279738.0,279738.0,279738.0,279738.0,279738.0,279738.0,279738.0,279738.0,40975.0,51212.0,68758.0,32208.0,34882.0,39893.0,29691.0,29992.0,30560.0,60025.0,69109.0,84722.0,52203.0,54570.0,59000.0,49956.0,50232.0,50741.0,60025.0,69109.0,84722.0,52203.0,54570.0,59000.0,49956.0,50232.0,50741.0
wl_model_agreement__ni_k5_r2,0.0,26260.0,26821.0,47363.0,114227.0,6801.0,2706.0,1905.0,2507.0,6055.0,279540.0,28714.0,26821.0,29241.0,279540.0,279768.0,29306.0,49524.0,49603.0,14311.0,26477.0,46722.0,3737.0,7149.0,13100.0,580.0,1149.0,1857.0,549.0,549.0,5793.0,819.0,3481.0,3481.0,782.0,1842.0,4196.0,14311.0,26477.0,46722.0,3737.0,7149.0,13100.0,580.0,1149.0,1857.0,35481.0,43826.0,62271.0,26260.0,26260.0,31589.0,26260.0,26260.0,26794.0,38644.0,49146.0,66939.0,29798.0,32657.0,37751.0,27244.0,27714.0,28290.0,57914.0,67241.0,83077.0,50020.0,52556.0,57061.0,47738.0,48170.0,48687.0,121434.0,127717.0,138425.0,116040.0,117709.0,120760.0,114479.0,114771.0,115127.0,20492.0,32249.0,51891.0,10332.0,13592.0,19325.0,7343.0,7891.0,8561.0,16825.0,28864.0,48906.0,6387.0,9750.0,15628.0,3277.0,3839.0,4533.0,16157.0,28228.0,48279.0,5624.0,9009.0,14899.0,2483.0,3047.0,3749.0,16730.0,28763.0,48760.0,6217.0,9594.0,15462.0,3084.0,3648.0,4348.0,20175.0,32018.0,51701.0,9725.0,13047.0,18805.0,6625.0,7174.0,7862.0,279777.0,279942.0,279942.0,279755.0,279942.0,279942.0,279738.0,279942.0,279942.0,40479.0,50886.0,68485.0,31674.0,34506.0,39539.0,29135.0,29600.0,30170.0,38644.0,49146.0,66939.0,29798.0,32657.0,37751.0,27244.0,27714.0,28290.0,41017.0,51416.0,68962.0,32228.0,35086.0,40097.0,29694.0,30196.0,30764.0,279777.0,279942.0,279942.0,279755.0,279942.0,279942.0,279738.0,279942.0,279942.0,279867.0,279942.0,279942.0,279855.0,279942.0,279942.0,279847.0,279942.0,279942.0,41044.0,51416.0,68962.0,32258.0,35086.0,40097.0,29727.0,30196.0,30764.0,60065.0,69313.0,84926.0,52221.0,54774.0,59204.0,49957.0,50436.0,50945.0,60094.0,69313.0,84926.0,52253.0,54774.0,59204.0,49992.0,50436.0,50945.0
wl_model_agreement__ni_k5_r4,0.0,26324.0,26876.0,47444.0,114438.0,6811.0,2708.0,1912.0,2517.0,6076.0,279540.0,28776.0,26876.0,29251.0,279540.0,279985.0,29361.0,49524.0,49658.0,14384.0,26608.0,47112.0,3763.0,7198.0,13490.0,580.0,1149.0,2247.0,555.0,555.0,5827.0,837.0,3533.0,3533.0,846.0,1951.0,4406.0,14384.0,26608.0,47112.0,3763.0,7198.0,13490.0,580.0,1149.0,2247.0,35584.0,43966.0,62661.0,26324.0,26324.0,31979.0,26324.0,26324.0,27184.0,38754.0,49303.0,67329.0,29871.0,32747.0,38141.0,27299.0,27769.0,28680.0,58047.0,67416.0,83467.0,50118.0,52670.0,57451.0,47819.0,48251.0,49077.0,121679.0,127985.0,138815.0,116261.0,117939.0,121150.0,114690.0,114982.0,115517.0,20569.0,32383.0,52281.0,10365.0,13647.0,19715.0,7353.0,7901.0,8951.0,16898.0,28995.0,49296.0,6414.0,9800.0,16018.0,3279.0,3841.0,4923.0,16237.0,28364.0,48669.0,5657.0,9065.0,15289.0,2490.0,3054.0,4139.0,16811.0,28900.0,49150.0,6252.0,9652.0,15852.0,3094.0,3658.0,4738.0,20266.0,32163.0,52091.0,9771.0,13115.0,19195.0,6646.0,7195.0,8252.0,279850.0,280073.0,280332.0,279781.0,279991.0,280332.0,279738.0,279942.0,280332.0,40596.0,51048.0,68875.0,31754.0,34603.0,39929.0,29197.0,29662.0,30560.0,38754.0,49303.0,67329.0,29871.0,32747.0,38141.0,27299.0,27769.0,28680.0,41094.0,51550.0,69352.0,32261.0,35141.0,40487.0,29704.0,30206.0,31154.0,279850.0,280073.0,280332.0,279781.0,279991.0,280332.0,279738.0,279942.0,280332.0,280118.0,280214.0,280332.0,280082.0,280177.0,280332.0,280064.0,280159.0,280332.0,41154.0,51573.0,69352.0,32331.0,35176.0,40487.0,29782.0,30251.0,31154.0,60138.0,69444.0,85316.0,52247.0,54823.0,59594.0,49957.0,50436.0,51335.0,60204.0,69470.0,85316.0,52326.0,54864.0,59594.0,50047.0,50491.0,51335.0
wl_strict_obvious__ni_k2_r1,0.0,31584.0,39443.0,69306.0,182738.0,8335.0,3328.0,4745.0,6351.0,14655.0,279540.0,44172.0,39443.0,30778.0,279540.0,351748.0,41928.0,49748.0,62225.0,21651.0,37192.0,63495.0,5397.0,9692.0,17614.0,580.0,1074.0,2033.0,785.0,785.0,8627.0,1074.0,4795.0,4795.0,954.0,2346.0,5524.0,21651.0,37192.0,63495.0,5397.0,9692.0,17614.0,580.0,1074.0,2033.0,46015.0,56901.0,81102.0,31584.0,31584.0,38790.0,31584.0,31584.0,32316.0,57632.0,70835.0,93603.0,43832.0,47388.0,54110.0,39866.0,40261.0,41033.0,85613.0,97171.0,117073.0,73246.0,76368.0,82238.0,69681.0,70038.0,70725.0,193540.0,199893.0,210849.0,185343.0,187063.0,190327.0,182990.0,183207.0,183603.0,29215.0,44258.0,69795.0,13482.0,17599.0,25264.0,8877.0,9350.0,10261.0,24746.0,40126.0,66177.0,8661.0,12896.0,20734.0,3899.0,4386.0,5329.0,26248.0,41531.0,67365.0,10101.0,14331.0,22106.0,5323.0,5812.0,6758.0,27794.0,42983.0,68666.0,11690.0,15901.0,23616.0,6928.0,7417.0,8358.0,35876.0,50617.0,75536.0,19925.0,24022.0,31489.0,15225.0,15699.0,16617.0,287117.0,290657.0,296715.0,281415.0,282485.0,284456.0,279738.0,279867.0,280118.0,62215.0,75160.0,97459.0,48522.0,52013.0,58588.0,44593.0,44983.0,45742.0,57632.0,70835.0,93603.0,43832.0,47388.0,54110.0,39866.0,40261.0,41033.0,49742.0,63427.0,86868.0,35380.0,39095.0,46038.0,31231.0,31658.0,32467.0,287117.0,290657.0,296715.0,281415.0,282485.0,284456.0,279738.0,279867.0,280118.0,355366.0,355366.0,355366.0,352611.0,352718.0,352864.0,351827.0,351847.0,351881.0,60032.0,73105.0,95626.0,46292.0,49817.0,56456.0,42349.0,42743.0,43507.0,67620.0,80215.0,101861.0,54100.0,57530.0,63927.0,50181.0,50585.0,51345.0,79082.0,91002.0,111590.0,66287.0,69505.0,75563.0,62614.0,62983.0,63688.0
wl_strict_obvious__ni_k2_r2,0.0,32476.0,39443.0,69306.0,182738.0,8335.0,3328.0,4745.0,6351.0,14655.0,279540.0,44172.0,39443.0,30778.0,279540.0,351748.0,41928.0,49748.0,62225.0,21651.0,40529.0,66832.0,5397.0,10476.0,18547.0,580.0,1149.0,2129.0,785.0,785.0,8627.0,1094.0,5060.0,5060.0,994.0,2451.0,5799.0,21651.0,40529.0,66832.0,5397.0,10476.0,18547.0,580.0,1149.0,2129.0,46907.0,60238.0,84439.0,32476.0,32476.0,39827.0,32476.0,32476.0,33223.0,57632.0,74172.0,96940.0,43832.0,48172.0,55043.0,39866.0,40336.0,41129.0,85613.0,100508.0,120410.0,73246.0,77152.0,83171.0,69681.0,70113.0,70821.0,193540.0,203230.0,214186.0,185343.0,187847.0,191260.0,182990.0,183282.0,183699.0,29215.0,47595.0,73132.0,13482.0,18383.0,26197.0,8877.0,9425.0,10357.0,24746.0,43463.0,69514.0,8661.0,13680.0,21667.0,3899.0,4461.0,5425.0,26248.0,44868.0,70702.0,10101.0,15115.0,23039.0,5323.0,5887.0,6854.0,27794.0,46320.0,72003.0,11690.0,16685.0,24549.0,6928.0,7492.0,8454.0,35876.0,53954.0,78873.0,19925.0,24806.0,32422.0,15225.0,15774.0,16713.0,287117.0,293994.0,300052.0,281415.0,283269.0,285389.0,279738.0,279942.0,280214.0,62215.0,78497.0,100796.0,48522.0,52797.0,59521.0,44593.0,45058.0,45838.0,57632.0,74172.0,96940.0,43832.0,48172.0,55043.0,39866.0,40336.0,41129.0,49742.0,66764.0,90205.0,35380.0,39879.0,46971.0,31231.0,31733.0,32563.0,287117.0,293994.0,300052.0,281415.0,283269.0,285389.0,279738.0,279942.0,280214.0,355366.0,358703.0,358703.0,352611.0,353502.0,353797.0,351827.0,351922.0,351977.0,60032.0,76442.0,98963.0,46292.0,50601.0,57389.0,42349.0,42818.0,43603.0,67620.0,83552.0,105198.0,54100.0,58314.0,64860.0,50181.0,50660.0,51441.0,79082.0,94339.0,114927.0,66287.0,70289.0,76496.0,62614.0,63058.0,63784.0
wl_strict_obvious__ni_k2_r4,0.0,32719.0,39443.0,69306.0,182738.0,8335.0,3328.0,4745.0,6351.0,14655.0,279540.0,44172.0,39443.0,30778.0,279540.0,351748.0,41928.0,49748.0,62225.0,21651.0,40529.0,72373.0,5397.0,10476.0,19824.0,580.0,1149.0,2247.0,785.0,785.0,8627.0,1094.0,5060.0,5060.0,1004.0,2496.0,5986.0,21651.0,40529.0,72373.0,5397.0,10476.0,19824.0,580.0,1149.0,2247.0,47150.0,60481.0,89980.0,32719.0,32719.0,41289.0,32719.0,32719.0,33579.0,57632.0,74172.0,102481.0,43832.0,48172.0,56320.0,39866.0,40336.0,41247.0,85613.0,100508.0,125951.0,73246.0,77152.0,84448.0,69681.0,70113.0,70939.0,193540.0,203230.0,219727.0,185343.0,187847.0,192537.0,182990.0,183282.0,183817.0,29215.0,47595.0,78673.0,13482.0,18383.0,27474.0,8877.0,9425.0,10475.0,24746.0,43463.0,75055.0,8661.0,13680.0,22944.0,3899.0,4461.0,5543.0,26248.0,44868.0,76243.0,10101.0,15115.0,24316.0,5323.0,5887.0,6972.0,27794.0,46320.0,77544.0,11690.0,16685.0,25826.0,6928.0,7492.0,8572.0,35876.0,53954.0,84414.0,19925.0,24806.0,33699.0,15225.0,15774.0,16831.0,287117.0,293994.0,305593.0,281415.0,283269.0,286666.0,279738.0,279942.0,280332.0,62215.0,78497.0,106337.0,48522.0,52797.0,60798.0,44593.0,45058.0,45956.0,57632.0,74172.0,102481.0,43832.0,48172.0,56320.0,39866.0,40336.0,41247.0,49742.0,66764.0,95746.0,35380.0,39879.0,48248.0,31231.0,31733.0,32681.0,287117.0,293994.0,305593.0,281415.0,283269.0,286666.0,279738.0,279942.0,280332.0,355366.0,358703.0,364244.0,352611.0,353502.0,355074.0,351827.0,351922.0,352095.0,60032.0,76442.0,104504.0,46292.0,50601.0,58666.0,42349.0,42818.0,43721.0,67620.0,83552.0,110739.0,54100.0,58314.0,66137.0,50181.0,50660.0,51559.0,79082.0,94339.0,120468.0,66287.0,70289.0,77773.0,62614.0,63058.0,63902.0
wl_strict_obvious__ni_k3_r1,0.0,31340.0,39443.0,69306.0,182738.0,8335.0,3328.0,4745.0,6351.0,14655.0,279540.0,44172.0,39443.0,30778.0,279540.0,351748.0,41928.0,49748.0,62225.0,18896.0,34437.0,60740.0,5397.0,9585.0,17361.0,580.0,1062.0,1997.0,723.0,723.0,7615.0,1045.0,4565.0,4565.0,916.0,2253.0,5300.0,18896.0,34437.0,60740.0,5397.0,9585.0,17361.0,580.0,1062.0,1997.0,43260.0,54146.0,78347.0,31340.0,31340.0,38412.0,31340.0,31340.0,32052.0,54877.0,68080.0,90848.0,43832.0,47281.0,53857.0,39866.0,40249.0,40997.0,82858.0,94416.0,114318.0,73246.0,76261.0,81985.0,69681.0,70026.0,70689.0,190785.0,197138.0,208094.0,185343.0,186956.0,190074.0,182990.0,183195.0,183567.0,26460.0,41503.0,67040.0,13482.0,17492.0,25011.0,8877.0,9338.0,10225.0,21991.0,37371.0,63422.0,8661.0,12789.0,20481.0,3899.0,4374.0,5293.0,23493.0,38776.0,64610.0,10101.0,14224.0,21853.0,5323.0,5800.0,6722.0,25039.0,40228.0,65911.0,11690.0,15794.0,23363.0,6928.0,7405.0,8322.0,33121.0,47862.0,72781.0,19925.0,23915.0,31236.0,15225.0,15687.0,16581.0,284362.0,287902.0,293960.0,281415.0,282378.0,284203.0,279738.0,279855.0,280082.0,59460.0,72405.0,94704.0,48522.0,51906.0,58335.0,44593.0,44971.0,45706.0,54877.0,68080.0,90848.0,43832.0,47281.0,53857.0,39866.0,40249.0,40997.0,46987.0,60672.0,84113.0,35380.0,38988.0,45785.0,31231.0,31646.0,32431.0,284362.0,287902.0,293960.0,281415.0,282378.0,284203.0,279738.0,279855.0,280082.0,352611.0,352611.0,352611.0,352611.0,352611.0,352611.0,351827.0,351835.0,351845.0,57277.0,70350.0,92871.0,46292.0,49710.0,56203.0,42349.0,42731.0,43471.0,64865.0,77460.0,99106.0,54100.0,57423.0,63674.0,50181.0,50573.0,51309.0,76327.0,88247.0,108835.0,66287.0,69398.0,75310.0,62614.0,62971.0,63652.0
wl_strict_obvious__ni_k3_r2,0.0,32231.0,39443.0,69306.0,182738.0,8335.0,3328.0,4745.0,6351.0,14655.0,279540.0,44172.0,39443.0,30778.0,279540.0,351748.0,41928.0,49748.0,62225.0,19003.0,35328.0,61631.0,5397.0,10476.0,18252.0,580.0,1149.0,2092.0,726.0,726.0,7697.0,1079.0,4821.0,4821.0,969.0,2359.0,5525.0,19003.0,35328.0,61631.0,5397.0,10476.0,18252.0,580.0,1149.0,2092.0,44151.0,55037.0,79238.0,32231.0,32231.0,39303.0,32231.0,32231.0,32943.0,54984.0,68971.0,91739.0,43832.0,48172.0,54748.0,39866.0,40336.0,41092.0,82965.0,95307.0,115209.0,73246.0,77152.0,82876.0,69681.0,70113.0,70784.0,190892.0,198029.0,208985.0,185343.0,187847.0,190965.0,182990.0,183282.0,183662.0,26567.0,42394.0,67931.0,13482.0,18383.0,25902.0,8877.0,9425.0,10320.0,22098.0,38262.0,64313.0,8661.0,13680.0,21372.0,3899.0,4461.0,5388.0,23600.0,39667.0,65501.0,10101.0,15115.0,22744.0,5323.0,5887.0,6817.0,25146.0,41119.0,66802.0,11690.0,16685.0,24254.0,6928.0,7492.0,8417.0,33228.0,48753.0,73672.0,19925.0,24806.0,32127.0,15225.0,15774.0,16676.0,284469.0,288793.0,294851.0,281415.0,283269.0,285094.0,279738.0,279942.0,280177.0,59567.0,73296.0,95595.0,48522.0,52797.0,59226.0,44593.0,45058.0,45801.0,54984.0,68971.0,91739.0,43832.0,48172.0,54748.0,39866.0,40336.0,41092.0,47094.0,61563.0,85004.0,35380.0,39879.0,46676.0,31231.0,31733.0,32526.0,284469.0,288793.0,294851.0,281415.0,283269.0,285094.0,279738.0,279942.0,280177.0,352718.0,353502.0,353502.0,352611.0,353502.0,353502.0,351827.0,351922.0,351940.0,57384.0,71241.0,93762.0,46292.0,50601.0,57094.0,42349.0,42818.0,43566.0,64972.0,78351.0,99997.0,54100.0,58314.0,64565.0,50181.0,50660.0,51404.0,76434.0,89138.0,109726.0,66287.0,70289.0,76201.0,62614.0,63058.0,63747.0
wl_strict_obvious__ni_k3_r4,0.0,32305.0,39443.0,69306.0,182738.0,8335.0,3328.0,4745.0,6351.0,14655.0,279540.0,44172.0,39443.0,30778.0,279540.0,351748.0,41928.0,49748.0,62225.0,19149.0,35623.0,63203.0,5397.0,10476.0,19824.0,580.0,1149.0,2247.0,727.0,727.0,7750.0,1079.0,4852.0,4852.0,998.0,2461.0,5795.0,19149.0,35623.0,63203.0,5397.0,10476.0,19824.0,580.0,1149.0,2247.0,44359.0,55390.0,80810.0,32305.0,32305.0,40875.0,32305.0,32305.0,33165.0,55130.0,69266.0,93311.0,43832.0,48172.0,56320.0,39866.0,40336.0,41247.0,83111.0,95602.0,116781.0,73246.0,77152.0,84448.0,69681.0,70113.0,70939.0,191038.0,198324.0,210557.0,185343.0,187847.0,192537.0,182990.0,183282.0,183817.0,26713.0,42689.0,69503.0,13482.0,18383.0,27474.0,8877.0,9425.0,10475.0,22244.0,38557.0,65885.0,8661.0,13680.0,22944.0,3899.0,4461.0,5543.0,23746.0,39962.0,67073.0,10101.0,15115.0,24316.0,5323.0,5887.0,6972.0,25292.0,41414.0,68374.0,11690.0,16685.0,25826.0,6928.0,7492.0,8572.0,33374.0,49048.0,75244.0,19925.0,24806.0,33699.0,15225.0,15774.0,16831.0,284615.0,289088.0,296423.0,281415.0,283269.0,286666.0,279738.0,279942.0,280332.0,59713.0,73591.0,97167.0,48522.0,52797.0,60798.0,44593.0,45058.0,45956.0,55130.0,69266.0,93311.0,43832.0,48172.0,56320.0,39866.0,40336.0,41247.0,47240.0,61858.0,86576.0,35380.0,39879.0,48248.0,31231.0,31733.0,32681.0,284615.0,289088.0,296423.0,281415.0,283269.0,286666.0,279738.0,279942.0,280332.0,352864.0,353797.0,355074.0,352611.0,353502.0,355074.0,351827.0,351922.0,352095.0,57530.0,71536.0,95334.0,46292.0,50601.0,58666.0,42349.0,42818.0,43721.0,65118.0,78646.0,101569.0,54100.0,58314.0,66137.0,50181.0,50660.0,51559.0,76580.0,89433.0,111298.0,66287.0,70289.0,77773.0,62614.0,63058.0,63902.0
wl_strict_obvious__ni_k5_r1,0.0,30556.0,39443.0,69306.0,182738.0,8335.0,3328.0,4745.0,6351.0,14655.0,279540.0,44172.0,39443.0,30778.0,279540.0,351748.0,41928.0,49748.0,62225.0,18112.0,33653.0,59956.0,4613.0,8801.0,16577.0,580.0,1054.0,1979.0,667.0,667.0,7253.0,942.0,4269.0,4269.0,878.0,2152.0,5094.0,18112.0,33653.0,59956.0,4613.0,8801.0,16577.0,580.0,1054.0,1979.0,42476.0,53362.0,77563.0,30556.0,30556.0,37628.0,30556.0,30556.0,31268.0,54093.0,67296.0,90064.0,43048.0,46497.0,53073.0,39866.0,40241.0,40979.0,82074.0,93632.0,113534.0,72462.0,75477.0,81201.0,69681.0,70018.0,70671.0,190001.0,196354.0,207310.0,184559.0,186172.0,189290.0,182990.0,183187.0,183549.0,25676.0,40719.0,66256.0,12698.0,16708.0,24227.0,8877.0,9330.0,10207.0,21207.0,36587.0,62638.0,7877.0,12005.0,19697.0,3899.0,4366.0,5275.0,22709.0,37992.0,63826.0,9317.0,13440.0,21069.0,5323.0,5792.0,6704.0,24255.0,39444.0,65127.0,10906.0,15010.0,22579.0,6928.0,7397.0,8304.0,32337.0,47078.0,71997.0,19141.0,23131.0,30452.0,15225.0,15679.0,16563.0,283578.0,287118.0,293176.0,280631.0,281594.0,283419.0,279738.0,279847.0,280064.0,58676.0,71621.0,93920.0,47738.0,51122.0,57551.0,44593.0,44963.0,45688.0,54093.0,67296.0,90064.0,43048.0,46497.0,53073.0,39866.0,40241.0,40979.0,46203.0,59888.0,83329.0,34596.0,38204.0,45001.0,31231.0,31638.0,32413.0,283578.0,287118.0,293176.0,280631.0,281594.0,283419.0,279738.0,279847.0,280064.0,351827.0,351827.0,351827.0,351827.0,351827.0,351827.0,351827.0,351827.0,351827.0,56493.0,69566.0,92087.0,45508.0,48926.0,55419.0,42349.0,42723.0,43453.0,64081.0,76676.0,98322.0,53316.0,56639.0,62890.0,50181.0,50565.0,51291.0,75543.0,87463.0,108051.0,65503.0,68614.0,74526.0,62614.0,62963.0,63634.0
wl_strict_obvious__ni_k5_r2,0.0,30651.0,39443.0,69306.0,182738.0,8335.0,3328.0,4745.0,6351.0,14655.0,279540.0,44172.0,39443.0,30778.0,279540.0,351748.0,41928.0,49748.0,62225.0,18132.0,33748.0,60051.0,4621.0,8896.0,16672.0,580.0,1149.0,2074.0,669.0,669.0,7271.0,954.0,4304.0,4304.0,906.0,2195.0,5153.0,18132.0,33748.0,60051.0,4621.0,8896.0,16672.0,580.0,1149.0,2074.0,42571.0,53457.0,77658.0,30651.0,30651.0,37723.0,30651.0,30651.0,31363.0,54113.0,67391.0,90159.0,43056.0,46592.0,53168.0,39866.0,40336.0,41074.0,82094.0,93727.0,113629.0,72470.0,75572.0,81296.0,69681.0,70113.0,70766.0,190021.0,196449.0,207405.0,184567.0,186267.0,189385.0,182990.0,183282.0,183644.0,25696.0,40814.0,66351.0,12706.0,16803.0,24322.0,8877.0,9425.0,10302.0,21227.0,36682.0,62733.0,7885.0,12100.0,19792.0,3899.0,4461.0,5370.0,22729.0,38087.0,63921.0,9325.0,13535.0,21164.0,5323.0,5887.0,6799.0,24275.0,39539.0,65222.0,10914.0,15105.0,22674.0,6928.0,7492.0,8399.0,32357.0,47173.0,72092.0,19149.0,23226.0,30547.0,15225.0,15774.0,16658.0,283598.0,287213.0,293271.0,280639.0,281689.0,283514.0,279738.0,279942.0,280159.0,58696.0,71716.0,94015.0,47746.0,51217.0,57646.0,44593.0,45058.0,45783.0,54113.0,67391.0,90159.0,43056.0,46592.0,53168.0,39866.0,40336.0,41074.0,46223.0,59983.0,83424.0,34604.0,38299.0,45096.0,31231.0,31733.0,32508.0,283598.0,287213.0,293271.0,280639.0,281689.0,283514.0,279738.0,279942.0,280159.0,351847.0,351922.0,351922.0,351835.0,351922.0,351922.0,351827.0,351922.0,351922.0,56513.0,69661.0,92182.0,45516.0,49021.0,55514.0,42349.0,42818.0,43548.0,64101.0,76771.0,98417.0,53324.0,56734.0,62985.0,50181.0,50660.0,51386.0,75563.0,87558.0,108146.0,65511.0,68709.0,74621.0,62614.0,63058.0,63729.0
wl_strict_obvious__ni_k5_r4,0.0,30676.0,39443.0,69306.0,182738.0,8335.0,3328.0,4745.0,6351.0,14655.0,279540.0,44172.0,39443.0,30778.0,279540.0,351748.0,41928.0,49748.0,62225.0,18166.0,33803.0,60224.0,4631.0,8914.0,16845.0,580.0,1149.0,2247.0,671.0,671.0,7287.0,961.0,4325.0,4325.0,933.0,2241.0,5240.0,18166.0,33803.0,60224.0,4631.0,8914.0,16845.0,580.0,1149.0,2247.0,42616.0,53517.0,77831.0,30676.0,30676.0,37896.0,30676.0,30676.0,31536.0,54147.0,67446.0,90332.0,43066.0,46610.0,53341.0,39866.0,40336.0,41247.0,82128.0,93782.0,113802.0,72480.0,75590.0,81469.0,69681.0,70113.0,70939.0,190055.0,196504.0,207578.0,184577.0,186285.0,189558.0,182990.0,183282.0,183817.0,25730.0,40869.0,66524.0,12716.0,16821.0,24495.0,8877.0,9425.0,10475.0,21261.0,36737.0,62906.0,7895.0,12118.0,19965.0,3899.0,4461.0,5543.0,22763.0,38142.0,64094.0,9335.0,13553.0,21337.0,5323.0,5887.0,6972.0,24309.0,39594.0,65395.0,10924.0,15123.0,22847.0,6928.0,7492.0,8572.0,32391.0,47228.0,72265.0,19159.0,23244.0,30720.0,15225.0,15774.0,16831.0,283632.0,287268.0,293444.0,280649.0,281707.0,283687.0,279738.0,279942.0,280332.0,58730.0,71771.0,94188.0,47756.0,51235.0,57819.0,44593.0,45058.0,45956.0,54147.0,67446.0,90332.0,43066.0,46610.0,53341.0,39866.0,40336.0,41247.0,46257.0,60038.0,83597.0,34614.0,38317.0,45269.0,31231.0,31733.0,32681.0,283632.0,287268.0,293444.0,280649.0,281707.0,283687.0,279738.0,279942.0,280332.0,351881.0,351977.0,352095.0,351845.0,351940.0,352095.0,351827.0,351922.0,352095.0,56547.0,69716.0,92355.0,45526.0,49039.0,55687.0,42349.0,42818.0,43721.0,64135.0,76826.0,98590.0,53334.0,56752.0,63158.0,50181.0,50660.0,51559.0,75597.0,87613.0,108319.0,65521.0,68727.0,74794.0,62614.0,63058.0,63902.0
hy_direct_plus_corroborated__ni_k2_r1,0.0,14575.0,39443.0,41533.0,48548.0,8335.0,3328.0,1994.0,2627.0,2868.0,40777.0,41421.0,39443.0,30778.0,40777.0,56414.0,41928.0,30485.0,43175.0,21651.0,24119.0,27901.0,5397.0,6627.0,8637.0,580.0,773.0,1121.0,785.0,785.0,8627.0,1013.0,3808.0,3808.0,755.0,1682.0,3493.0,21651.0,24119.0,27901.0,5397.0,6627.0,8637.0,580.0,773.0,1121.0,29006.0,30497.0,33547.0,14575.0,14575.0,16290.0,14575.0,14575.0,14786.0,57632.0,57762.0,58009.0,43832.0,44323.0,45133.0,39866.0,39960.0,40121.0,57840.0,57960.0,58183.0,45473.0,45911.0,46639.0,41908.0,41996.0,42146.0,59350.0,59379.0,59443.0,51153.0,51447.0,51903.0,48800.0,48864.0,48967.0,29215.0,31185.0,34201.0,13482.0,14534.0,16287.0,8877.0,9049.0,9349.0,24746.0,27053.0,30583.0,8661.0,9831.0,11757.0,3899.0,4085.0,4417.0,23497.0,25873.0,29461.0,7350.0,8553.0,10498.0,2572.0,2763.0,3105.0,24070.0,26408.0,29942.0,7966.0,9161.0,11081.0,3204.0,3395.0,3733.0,24089.0,26426.0,29957.0,8138.0,9328.0,11237.0,3438.0,3628.0,3965.0,48354.0,49058.0,50141.0,42652.0,43045.0,43652.0,40975.0,41044.0,41154.0,59464.0,59502.0,59555.0,45771.0,46235.0,46980.0,41842.0,41934.0,42089.0,57632.0,57762.0,58009.0,43832.0,44323.0,45133.0,39866.0,39960.0,40121.0,49742.0,50354.0,51274.0,35380.0,36030.0,37061.0,31231.0,31357.0,31555.0,48354.0,49058.0,50141.0,42652.0,43045.0,43652.0,40975.0,41044.0,41154.0,60032.0,60032.0,60032.0,57277.0,57384.0,57530.0,56493.0,56513.0,56547.0,60032.0,60032.0,60032.0,46292.0,46752.0,47479.0,42349.0,42442.0,42595.0,48357.0,49061.0,50144.0,34837.0,35479.0,36499.0,30918.0,31042.0,31242.0,60032.0,60032.0,60032.0,47237.0,47660.0,48337.0,43564.0,43652.0,43797.0
hy_direct_plus_corroborated__ni_k2_r2,0.0,19145.0,39443.0,43168.0,55297.0,8335.0,3328.0,2160.0,2849.0,3537.0,51014.0,41587.0,39443.0,30778.0,51014.0,69487.0,41928.0,31667.0,44328.0,21651.0,40529.0,44311.0,5397.0,10476.0,13209.0,580.0,1149.0,1627.0,785.0,785.0,8627.0,1094.0,5060.0,5060.0,948.0,2238.0,4904.0,21651.0,40529.0,44311.0,5397.0,10476.0,13209.0,580.0,1149.0,1627.0,33576.0,46907.0,49957.0,19145.0,19145.0,21553.0,19145.0,19145.0,19433.0,57632.0,74172.0,74419.0,43832.0,48172.0,49705.0,39866.0,40336.0,40627.0,59475.0,74370.0,74593.0,47108.0,51014.0,52382.0,43543.0,43975.0,44240.0,66099.0,75789.0,75853.0,57902.0,60406.0,61273.0,55549.0,55841.0,56013.0,29215.0,47595.0,50611.0,13482.0,18383.0,20859.0,8877.0,9425.0,9855.0,24746.0,43463.0,46993.0,8661.0,13680.0,16329.0,3899.0,4461.0,4923.0,23663.0,42283.0,45871.0,7516.0,12530.0,15189.0,2738.0,3302.0,3772.0,24292.0,42818.0,46352.0,8188.0,13183.0,15812.0,3426.0,3990.0,4456.0,24758.0,42836.0,46367.0,8807.0,13688.0,16278.0,4107.0,4656.0,5119.0,58591.0,65468.0,66551.0,52889.0,54743.0,55638.0,51212.0,51416.0,51573.0,59630.0,75912.0,75965.0,45937.0,50212.0,51671.0,42008.0,42473.0,42756.0,57632.0,74172.0,74419.0,43832.0,48172.0,49705.0,39866.0,40336.0,40627.0,49742.0,66764.0,67684.0,35380.0,39879.0,41633.0,31231.0,31733.0,32061.0,58591.0,65468.0,66551.0,52889.0,54743.0,55638.0,51212.0,51416.0,51573.0,73105.0,76442.0,76442.0,70350.0,71241.0,71536.0,69566.0,69661.0,69716.0,60032.0,76442.0,76442.0,46292.0,50601.0,52051.0,42349.0,42818.0,43101.0,49539.0,65471.0,66554.0,36019.0,40233.0,41924.0,32100.0,32579.0,32899.0,61185.0,76442.0,76442.0,48390.0,52392.0,53741.0,44717.0,45161.0,45426.0
hy_direct_plus_corroborated__ni_k2_r4,0.0,20758.0,39443.0,46010.0,66926.0,8335.0,3328.0,2435.0,3221.0,4670.0,68560.0,41862.0,39443.0,30778.0,68560.0,92008.0,41928.0,33625.0,46261.0,21651.0,40529.0,72373.0,5397.0,10476.0,19824.0,580.0,1149.0,2247.0,785.0,785.0,8627.0,1094.0,5060.0,5060.0,1004.0,2496.0,5937.0,21651.0,40529.0,72373.0,5397.0,10476.0,19824.0,580.0,1149.0,2247.0,35189.0,48520.0,78019.0,20758.0,20758.0,29328.0,20758.0,20758.0,21618.0,57632.0,74172.0,102481.0,43832.0,48172.0,56320.0,39866.0,40336.0,41247.0,62317.0,77212.0,102655.0,49950.0,53856.0,61152.0,46385.0,46817.0,47643.0,77728.0,87418.0,103915.0,69531.0,72035.0,76725.0,67178.0,67470.0,68005.0,29215.0,47595.0,78673.0,13482.0,18383.0,27474.0,8877.0,9425.0,10475.0,24746.0,43463.0,75055.0,8661.0,13680.0,22944.0,3899.0,4461.0,5543.0,23938.0,42558.0,73933.0,7791.0,12805.0,22006.0,3013.0,3577.0,4662.0,24664.0,43190.0,74414.0,8560.0,13555.0,22696.0,3798.0,4362.0,5442.0,25891.0,43969.0,74429.0,9940.0,14821.0,23714.0,5240.0,5789.0,6846.0,76137.0,83014.0,94613.0,70435.0,72289.0,75686.0,68758.0,68962.0,69352.0,59905.0,76187.0,104027.0,46212.0,50487.0,58488.0,42283.0,42748.0,43646.0,57632.0,74172.0,102481.0,43832.0,48172.0,56320.0,39866.0,40336.0,41247.0,49742.0,66764.0,95746.0,35380.0,39879.0,48248.0,31231.0,31733.0,32681.0,76137.0,83014.0,94613.0,70435.0,72289.0,75686.0,68758.0,68962.0,69352.0,95626.0,98963.0,104504.0,92871.0,93762.0,95334.0,92087.0,92182.0,92355.0,60032.0,76442.0,104504.0,46292.0,50601.0,58666.0,42349.0,42818.0,43721.0,51497.0,67429.0,94616.0,37977.0,42191.0,50014.0,34058.0,34537.0,35436.0,63118.0,78375.0,104504.0,50323.0,54325.0,61809.0,46650.0,47094.0,47938.0
hy_direct_plus_corroborated__ni_k3_r1,0.0,13313.0,39443.0,40107.0,42991.0,8335.0,3328.0,1927.0,2538.0,2627.0,32010.0,41354.0,39443.0,30778.0,32010.0,45429.0,41928.0,29537.0,42230.0,7911.0,10379.0,14161.0,5397.0,6167.0,7450.0,580.0,720.0,968.0,499.0,499.0,3534.0,861.0,2717.0,2717.0,570.0,1221.0,2350.0,7911.0,10379.0,14161.0,5397.0,6167.0,7450.0,580.0,720.0,968.0,15266.0,16757.0,19807.0,13313.0,13313.0,14346.0,13313.0,13313.0,13443.0,43892.0,44022.0,44269.0,43832.0,43863.0,43946.0,39866.0,39907.0,39968.0,44100.0,44220.0,44443.0,44047.0,44074.0,44149.0,40482.0,40521.0,40577.0,45610.0,45639.0,45703.0,45596.0,45601.0,45621.0,43243.0,43272.0,43308.0,15475.0,17445.0,20461.0,13482.0,14074.0,15100.0,8877.0,8996.0,9196.0,11006.0,13313.0,16843.0,8661.0,9371.0,10570.0,3899.0,4032.0,4264.0,9757.0,12133.0,15721.0,7283.0,8030.0,9252.0,2505.0,2644.0,2886.0,10330.0,12668.0,16202.0,7877.0,8616.0,9816.0,3115.0,3254.0,3493.0,10349.0,12686.0,16217.0,7897.0,8635.0,9835.0,3197.0,3335.0,3574.0,34614.0,35318.0,36401.0,33885.0,34104.0,34447.0,32208.0,32258.0,32331.0,45724.0,45762.0,45815.0,45704.0,45712.0,45734.0,41775.0,41815.0,41870.0,43892.0,44022.0,44269.0,43832.0,43863.0,43946.0,39866.0,39907.0,39968.0,36002.0,36614.0,37534.0,35380.0,35570.0,35874.0,31231.0,31304.0,31402.0,34614.0,35318.0,36401.0,33885.0,34104.0,34447.0,32208.0,32258.0,32331.0,46292.0,46292.0,46292.0,46292.0,46292.0,46292.0,45508.0,45516.0,45526.0,46292.0,46292.0,46292.0,46292.0,46292.0,46292.0,42349.0,42389.0,42442.0,34617.0,35321.0,36404.0,33889.0,34108.0,34451.0,29970.0,30045.0,30149.0,46292.0,46292.0,46292.0,46292.0,46292.0,46292.0,42619.0,42658.0,42707.0
hy_direct_plus_corroborated__ni_k3_r2,0.0,17622.0,39443.0,40537.0,44801.0,8335.0,3328.0,1969.0,2591.0,2793.0,34684.0,41396.0,39443.0,30778.0,34684.0,48847.0,41928.0,29851.0,42537.0,8371.0,14688.0,18470.0,5397.0,10476.0,11759.0,580.0,1149.0,1457.0,512.0,512.0,3879.0,1008.0,3848.0,3848.0,810.0,1753.0,3428.0,8371.0,14688.0,18470.0,5397.0,10476.0,11759.0,580.0,1149.0,1457.0,19575.0,21066.0,24116.0,17622.0,17622.0,18655.0,17622.0,17622.0,17752.0,44352.0,48331.0,48578.0,43832.0,48172.0,48255.0,39866.0,40336.0,40457.0,44941.0,48529.0,48752.0,44477.0,48383.0,48458.0,40912.0,41344.0,41455.0,47709.0,49948.0,50012.0,47406.0,49910.0,49930.0,45053.0,45345.0,45415.0,15935.0,21754.0,24770.0,13482.0,18383.0,19409.0,8877.0,9425.0,9685.0,11466.0,17622.0,21152.0,8661.0,13680.0,14879.0,3899.0,4461.0,4753.0,10255.0,16442.0,20030.0,7325.0,12339.0,13561.0,2547.0,3111.0,3413.0,10839.0,16977.0,20511.0,7930.0,12925.0,14125.0,3168.0,3732.0,4031.0,10967.0,16995.0,20526.0,8063.0,12944.0,14144.0,3363.0,3912.0,4210.0,37462.0,39627.0,40710.0,36559.0,38413.0,38756.0,34882.0,35086.0,35176.0,46222.0,50071.0,50124.0,45746.0,50021.0,50043.0,41817.0,42282.0,42397.0,44352.0,48331.0,48578.0,43832.0,48172.0,48255.0,39866.0,40336.0,40457.0,36462.0,40923.0,41843.0,35380.0,39879.0,40183.0,31231.0,31733.0,31891.0,37462.0,39627.0,40710.0,36559.0,38413.0,38756.0,34882.0,35086.0,35176.0,49817.0,50601.0,50601.0,49710.0,50601.0,50601.0,48926.0,49021.0,49039.0,46752.0,50601.0,50601.0,46292.0,50601.0,50601.0,42349.0,42818.0,42931.0,35354.0,39630.0,40713.0,34203.0,38417.0,38760.0,30284.0,30763.0,30923.0,47022.0,50601.0,50601.0,46599.0,50601.0,50601.0,42926.0,43370.0,43475.0
hy_direct_plus_corroborated__ni_k3_r4,0.0,18150.0,39443.0,41381.0,48196.0,8335.0,3328.0,2055.0,2715.0,3165.0,39695.0,41482.0,39443.0,30778.0,39695.0,55340.0,41928.0,30436.0,43118.0,9098.0,16138.0,26535.0,5397.0,10476.0,19824.0,580.0,1149.0,2247.0,529.0,529.0,4196.0,1012.0,4034.0,4034.0,980.0,2300.0,4861.0,9098.0,16138.0,26535.0,5397.0,10476.0,19824.0,580.0,1149.0,2247.0,20785.0,22969.0,32181.0,18150.0,18150.0,26720.0,18150.0,18150.0,19010.0,45079.0,49781.0,56643.0,43832.0,48172.0,56320.0,39866.0,40336.0,41247.0,46438.0,50666.0,56817.0,45321.0,49227.0,56523.0,41756.0,42188.0,43014.0,51540.0,54190.0,58077.0,50801.0,53305.0,57995.0,48448.0,48740.0,49275.0,16662.0,23204.0,32835.0,13482.0,18383.0,27474.0,8877.0,9425.0,10475.0,12193.0,19072.0,29217.0,8661.0,13680.0,22944.0,3899.0,4461.0,5543.0,11064.0,17965.0,28095.0,7411.0,12425.0,21626.0,2633.0,3197.0,4282.0,11683.0,18530.0,28576.0,8054.0,13049.0,22190.0,3292.0,3856.0,4936.0,12048.0,18757.0,28591.0,8435.0,13316.0,22209.0,3735.0,4284.0,5341.0,42737.0,45190.0,48775.0,41570.0,43424.0,46821.0,39893.0,40097.0,40487.0,47031.0,51594.0,58189.0,45832.0,50107.0,58108.0,41903.0,42368.0,43266.0,45079.0,49781.0,56643.0,43832.0,48172.0,56320.0,39866.0,40336.0,41247.0,37189.0,42373.0,49908.0,35380.0,39879.0,48248.0,31231.0,31733.0,32681.0,42737.0,45190.0,48775.0,41570.0,43424.0,46821.0,39893.0,40097.0,40487.0,56456.0,57389.0,58666.0,56203.0,57094.0,58666.0,55419.0,55514.0,55687.0,47479.0,52051.0,58666.0,46292.0,50601.0,58666.0,42349.0,42818.0,43721.0,36616.0,41563.0,48778.0,34788.0,39002.0,46825.0,30869.0,31348.0,32247.0,48280.0,52531.0,58666.0,47180.0,51182.0,58666.0,43507.0,43951.0,44795.0
hy_direct_plus_corroborated__ni_k5_r1,0.0,9370.0,39443.0,39707.0,41398.0,8335.0,3328.0,1905.0,2508.0,2535.0,29493.0,41332.0,39443.0,30778.0,29493.0,42270.0,41928.0,29263.0,41960.0,3968.0,6436.0,10218.0,1454.0,2224.0,3507.0,580.0,680.0,875.0,232.0,232.0,1775.0,408.0,1271.0,1271.0,357.0,705.0,1380.0,3968.0,6436.0,10218.0,1454.0,2224.0,3507.0,580.0,680.0,875.0,11323.0,12814.0,15864.0,9370.0,9370.0,10403.0,9370.0,9370.0,9500.0,39949.0,40079.0,40326.0,39889.0,39920.0,40003.0,39866.0,39867.0,39875.0,40157.0,40277.0,40500.0,40104.0,40131.0,40206.0,40082.0,40083.0,40091.0,41667.0,41696.0,41760.0,41653.0,41658.0,41678.0,41650.0,41650.0,41650.0,11532.0,13502.0,16518.0,9539.0,10131.0,11157.0,8877.0,8956.0,9103.0,7063.0,9370.0,12900.0,4718.0,5428.0,6627.0,3899.0,3992.0,4171.0,5814.0,8190.0,11778.0,3340.0,4087.0,5309.0,2483.0,2582.0,2771.0,6387.0,8725.0,12259.0,3934.0,4673.0,5873.0,3085.0,3184.0,3371.0,6406.0,8743.0,12274.0,3954.0,4692.0,5892.0,3105.0,3204.0,3391.0,30671.0,31375.0,32458.0,29942.0,30161.0,30504.0,29691.0,29727.0,29782.0,41781.0,41819.0,41872.0,41761.0,41769.0,41791.0,41753.0,41753.0,41755.0,39949.0,40079.0,40326.0,39889.0,39920.0,40003.0,39866.0,39867.0,39875.0,32059.0,32671.0,33591.0,31437.0,31627.0,31931.0,31231.0,31264.0,31309.0,30671.0,31375.0,32458.0,29942.0,30161.0,30504.0,29691.0,29727.0,29782.0,42349.0,42349.0,42349.0,42349.0,42349.0,42349.0,42349.0,42349.0,42349.0,42349.0,42349.0,42349.0,42349.0,42349.0,42349.0,42349.0,42349.0,42349.0,30674.0,31378.0,32461.0,29946.0,30165.0,30508.0,29696.0,29732.0,29787.0,42349.0,42349.0,42349.0,42349.0,42349.0,42349.0,42349.0,42349.0,42349.0
hy_direct_plus_corroborated__ni_k5_r2,0.0,9839.0,39443.0,39745.0,41575.0,8335.0,3328.0,1909.0,2512.0,2554.0,29794.0,41336.0,39443.0,30778.0,29794.0,42644.0,41928.0,29289.0,41985.0,4061.0,6905.0,10687.0,1494.0,2693.0,3976.0,580.0,1149.0,1344.0,238.0,238.0,1845.0,460.0,1433.0,1433.0,498.0,926.0,1692.0,4061.0,6905.0,10687.0,1494.0,2693.0,3976.0,580.0,1149.0,1344.0,11792.0,13283.0,16333.0,9839.0,9839.0,10872.0,9839.0,9839.0,9969.0,40042.0,40548.0,40795.0,39929.0,40389.0,40472.0,39866.0,40336.0,40344.0,40282.0,40746.0,40969.0,40180.0,40600.0,40675.0,40120.0,40552.0,40560.0,41908.0,42165.0,42229.0,41859.0,42127.0,42147.0,41827.0,42119.0,42119.0,11625.0,13971.0,16987.0,9579.0,10600.0,11626.0,8877.0,9425.0,9572.0,7156.0,9839.0,13369.0,4758.0,5897.0,7096.0,3899.0,4461.0,4640.0,5910.0,8659.0,12247.0,3384.0,4556.0,5778.0,2487.0,3051.0,3240.0,6483.0,9194.0,12728.0,3978.0,5142.0,6342.0,3089.0,3653.0,3840.0,6516.0,9212.0,12743.0,4012.0,5161.0,6361.0,3124.0,3673.0,3860.0,31005.0,31844.0,32927.0,30257.0,30630.0,30973.0,29992.0,30196.0,30251.0,41877.0,42288.0,42341.0,41805.0,42238.0,42260.0,41757.0,42222.0,42224.0,40042.0,40548.0,40795.0,39929.0,40389.0,40472.0,39866.0,40336.0,40344.0,32152.0,33140.0,34060.0,31477.0,32096.0,32400.0,31231.0,31733.0,31778.0,31005.0,31844.0,32927.0,30257.0,30630.0,30973.0,29992.0,30196.0,30251.0,42743.0,42818.0,42818.0,42731.0,42818.0,42818.0,42723.0,42818.0,42818.0,42442.0,42818.0,42818.0,42389.0,42818.0,42818.0,42349.0,42818.0,42818.0,30788.0,31847.0,32930.0,30011.0,30634.0,30977.0,29722.0,30201.0,30256.0,42462.0,42818.0,42818.0,42413.0,42818.0,42818.0,42374.0,42818.0,42818.0
hy_direct_plus_corroborated__ni_k5_r4,0.0,10012.0,39443.0,39830.0,41943.0,8335.0,3328.0,1916.0,2522.0,2587.0,30362.0,41343.0,39443.0,30778.0,30362.0,43374.0,41928.0,29348.0,42044.0,4214.0,7188.0,11590.0,1547.0,2806.0,4879.0,580.0,1149.0,2247.0,247.0,247.0,1932.0,494.0,1544.0,1544.0,641.0,1190.0,2145.0,4214.0,7188.0,11590.0,1547.0,2806.0,4879.0,580.0,1149.0,2247.0,12046.0,13614.0,17236.0,10012.0,10012.0,11775.0,10012.0,10012.0,10872.0,40195.0,40831.0,41698.0,39982.0,40502.0,41375.0,39866.0,40336.0,41247.0,40509.0,41088.0,41872.0,40313.0,40788.0,41578.0,40205.0,40637.0,41463.0,42379.0,42705.0,43132.0,42263.0,42565.0,43050.0,42195.0,42487.0,43022.0,11778.0,14254.0,17890.0,9632.0,10713.0,12529.0,8877.0,9425.0,10475.0,7309.0,10122.0,14272.0,4811.0,6010.0,7999.0,3899.0,4461.0,5543.0,6070.0,8947.0,13150.0,3444.0,4676.0,6681.0,2494.0,3058.0,4143.0,6644.0,9483.0,13631.0,4040.0,5264.0,7245.0,3099.0,3663.0,4743.0,6699.0,9521.0,13646.0,4097.0,5305.0,7264.0,3157.0,3706.0,4763.0,31628.0,32514.0,33830.0,30843.0,31233.0,31876.0,30560.0,30764.0,31154.0,42037.0,42576.0,43244.0,41865.0,42358.0,43163.0,41764.0,42229.0,43127.0,40195.0,40831.0,41698.0,39982.0,40502.0,41375.0,39866.0,40336.0,41247.0,32305.0,33423.0,34963.0,31530.0,32209.0,33303.0,31231.0,31733.0,32681.0,31628.0,32514.0,33830.0,30843.0,31233.0,31876.0,30560.0,30764.0,31154.0,43507.0,43603.0,43721.0,43471.0,43566.0,43721.0,43453.0,43548.0,43721.0,42595.0,43101.0,43721.0,42442.0,42931.0,43721.0,42349.0,42818.0,43721.0,30992.0,32171.0,33833.0,30119.0,30798.0,31880.0,29781.0,30260.0,31159.0,42666.0,43142.0,43721.0,42521.0,42982.0,43721.0,42433.0,42877.0,43721.0
hy_two_of_three_families__ni_k2_r1,0.0,14295.0,27768.0,49121.0,56136.0,6950.0,2746.0,2169.0,2840.0,3416.0,59827.0,29921.0,27768.0,29393.0,59827.0,64002.0,30253.0,49748.0,50550.0,21651.0,24597.0,29254.0,5397.0,6712.0,8955.0,580.0,764.0,1126.0,785.0,785.0,8627.0,1014.0,3833.0,3833.0,755.0,1690.0,3554.0,21651.0,24597.0,29254.0,5397.0,6712.0,8955.0,580.0,764.0,1126.0,28726.0,30620.0,34602.0,14295.0,14295.0,16244.0,14295.0,14295.0,14518.0,45957.0,47269.0,49474.0,32157.0,32925.0,34270.0,28191.0,28306.0,28518.0,65428.0,65548.0,65771.0,53061.0,53499.0,54227.0,49496.0,49584.0,49734.0,66938.0,66967.0,67031.0,58741.0,59035.0,59491.0,56388.0,56452.0,56555.0,27830.0,30370.0,34424.0,12097.0,13256.0,15271.0,7492.0,7658.0,7976.0,24164.0,26984.0,31438.0,8079.0,9343.0,11509.0,3317.0,3495.0,3841.0,23672.0,26502.0,30945.0,7525.0,8808.0,10985.0,2747.0,2928.0,3284.0,24283.0,27070.0,31454.0,8179.0,9452.0,11601.0,3417.0,3598.0,3950.0,24637.0,27408.0,31755.0,8686.0,9949.0,12080.0,3986.0,4166.0,4516.0,67404.0,67433.0,67458.0,61702.0,61910.0,62219.0,60025.0,60065.0,60138.0,47964.0,49160.0,51151.0,34271.0,35007.0,36286.0,30342.0,30454.0,30660.0,45957.0,47269.0,49474.0,32157.0,32925.0,34270.0,28191.0,28306.0,28518.0,48357.0,49539.0,51497.0,33995.0,34752.0,36045.0,29846.0,29966.0,30182.0,67404.0,67433.0,67458.0,61702.0,61910.0,62219.0,60025.0,60065.0,60138.0,67620.0,67620.0,67620.0,64865.0,64972.0,65118.0,64081.0,64101.0,64135.0,48357.0,49539.0,51497.0,34617.0,35354.0,36616.0,30674.0,30788.0,30992.0,67620.0,67620.0,67620.0,54100.0,54550.0,55268.0,50181.0,50275.0,50438.0,67407.0,67436.0,67461.0,54612.0,55042.0,55723.0,50939.0,51028.0,51173.0
hy_two_of_three_families__ni_k2_r2,0.0,18790.0,28472.0,50278.0,62407.0,7042.0,2781.0,2311.0,3033.0,4041.0,68911.0,30767.0,28472.0,29485.0,68911.0,76597.0,30957.0,49748.0,51254.0,21651.0,40529.0,45186.0,5397.0,10476.0,13432.0,580.0,1149.0,1642.0,785.0,785.0,8627.0,1094.0,5060.0,5060.0,954.0,2244.0,4938.0,21651.0,40529.0,45186.0,5397.0,10476.0,13432.0,580.0,1149.0,1642.0,33221.0,46552.0,50534.0,18790.0,18790.0,21421.0,18790.0,18790.0,19090.0,46661.0,63201.0,65406.0,32861.0,37201.0,39217.0,28895.0,29365.0,29697.0,66585.0,81480.0,81703.0,54218.0,58124.0,59492.0,50653.0,51085.0,51350.0,73209.0,82899.0,82963.0,65012.0,67516.0,68383.0,62659.0,62951.0,63123.0,27922.0,46302.0,50356.0,12189.0,17090.0,19816.0,7584.0,8132.0,8580.0,24199.0,42916.0,47370.0,8114.0,13133.0,16011.0,3352.0,3914.0,4391.0,23814.0,42434.0,46877.0,7667.0,12681.0,15563.0,2889.0,3453.0,3938.0,24476.0,43002.0,47386.0,8372.0,13367.0,16216.0,3610.0,4174.0,4655.0,25262.0,43340.0,47687.0,9311.0,14192.0,16996.0,4611.0,5160.0,5637.0,76488.0,83365.0,83390.0,70786.0,72640.0,73278.0,69109.0,69313.0,69444.0,48810.0,65092.0,67083.0,35117.0,39392.0,41334.0,31188.0,31653.0,31977.0,46661.0,63201.0,65406.0,32861.0,37201.0,39217.0,28895.0,29365.0,29697.0,48449.0,65471.0,67429.0,34087.0,38586.0,40590.0,29938.0,30440.0,30786.0,76488.0,83365.0,83390.0,70786.0,72640.0,73278.0,69109.0,69313.0,69444.0,80215.0,83552.0,83552.0,77460.0,78351.0,78646.0,76676.0,76771.0,76826.0,49061.0,65471.0,67429.0,35321.0,39630.0,41563.0,31378.0,31847.0,32171.0,67620.0,83552.0,83552.0,54100.0,58314.0,59745.0,50181.0,50660.0,50954.0,68111.0,83368.0,83393.0,55316.0,59318.0,60670.0,51643.0,52087.0,52352.0
hy_two_of_three_families__ni_k2_r4,0.0,20460.0,29555.0,52245.0,73161.0,7205.0,2830.0,2566.0,3380.0,5115.0,84524.0,32105.0,29555.0,29648.0,84524.0,98243.0,32040.0,49748.0,52337.0,21651.0,40529.0,72373.0,5397.0,10476.0,19824.0,580.0,1149.0,2247.0,785.0,785.0,8627.0,1094.0,5060.0,5060.0,1004.0,2496.0,5939.0,21651.0,40529.0,72373.0,5397.0,10476.0,19824.0,580.0,1149.0,2247.0,34891.0,48222.0,77721.0,20460.0,20460.0,29030.0,20460.0,20460.0,21320.0,47744.0,64284.0,92593.0,33944.0,38284.0,46432.0,29978.0,30448.0,31359.0,68552.0,83447.0,108890.0,56185.0,60091.0,67387.0,52620.0,53052.0,53878.0,83963.0,93653.0,110150.0,75766.0,78270.0,82960.0,73413.0,73705.0,74240.0,28085.0,46465.0,77543.0,12352.0,17253.0,26344.0,7747.0,8295.0,9345.0,24248.0,42965.0,74557.0,8163.0,13182.0,22446.0,3401.0,3963.0,5045.0,24069.0,42689.0,74064.0,7922.0,12936.0,22137.0,3144.0,3708.0,4793.0,24823.0,43349.0,74573.0,8719.0,13714.0,22855.0,3957.0,4521.0,5601.0,26336.0,44414.0,74874.0,10385.0,15266.0,24159.0,5685.0,6234.0,7291.0,92101.0,98978.0,110577.0,86399.0,88253.0,91650.0,84722.0,84926.0,85316.0,50148.0,66430.0,94270.0,36455.0,40730.0,48731.0,32526.0,32991.0,33889.0,47744.0,64284.0,92593.0,33944.0,38284.0,46432.0,29978.0,30448.0,31359.0,48612.0,65634.0,94616.0,34250.0,38749.0,47118.0,30101.0,30603.0,31551.0,92101.0,98978.0,110577.0,86399.0,88253.0,91650.0,84722.0,84926.0,85316.0,101861.0,105198.0,110739.0,99106.0,99997.0,101569.0,98322.0,98417.0,98590.0,50144.0,66554.0,94616.0,36404.0,40713.0,48778.0,32461.0,32930.0,33833.0,67620.0,83552.0,110739.0,54100.0,58314.0,66137.0,50181.0,50660.0,51559.0,69194.0,84451.0,110580.0,56399.0,60401.0,67885.0,52726.0,53170.0,54014.0
hy_two_of_three_families__ni_k3_r1,0.0,13006.0,27040.0,47915.0,50799.0,6844.0,2713.0,2105.0,2754.0,3183.0,52005.0,29129.0,27040.0,29287.0,52005.0,53237.0,29525.0,49748.0,49822.0,8131.0,11077.0,15734.0,5397.0,6262.0,7787.0,580.0,712.0,968.0,503.0,503.0,3594.0,860.0,2739.0,2739.0,570.0,1229.0,2412.0,8131.0,11077.0,15734.0,5397.0,6262.0,7787.0,580.0,712.0,968.0,15206.0,17100.0,21082.0,13006.0,13006.0,14286.0,13006.0,13006.0,13145.0,32437.0,33749.0,35954.0,31429.0,31774.0,32442.0,27463.0,27529.0,27645.0,51908.0,52028.0,52251.0,51855.0,51882.0,51957.0,48290.0,48329.0,48385.0,53418.0,53447.0,53511.0,53404.0,53409.0,53429.0,51051.0,51080.0,51116.0,14310.0,16850.0,20904.0,11991.0,12707.0,14014.0,7386.0,7500.0,7715.0,10644.0,13464.0,17918.0,8046.0,8863.0,10315.0,3284.0,3410.0,3651.0,10152.0,12982.0,17425.0,7461.0,8298.0,9761.0,2683.0,2813.0,3063.0,10763.0,13550.0,17934.0,8093.0,8920.0,10358.0,3331.0,3461.0,3708.0,11117.0,13888.0,18235.0,8453.0,9274.0,10704.0,3753.0,3882.0,4128.0,53884.0,53913.0,53938.0,53880.0,53887.0,53891.0,52203.0,52221.0,52247.0,34444.0,35640.0,37631.0,33479.0,33796.0,34402.0,29550.0,29614.0,29724.0,32437.0,33749.0,35954.0,31429.0,31774.0,32442.0,27463.0,27529.0,27645.0,34837.0,36019.0,37977.0,33889.0,34203.0,34788.0,29740.0,29808.0,29921.0,53884.0,53913.0,53938.0,53880.0,53887.0,53891.0,52203.0,52221.0,52247.0,54100.0,54100.0,54100.0,54100.0,54100.0,54100.0,53316.0,53324.0,53334.0,34837.0,36019.0,37977.0,33889.0,34203.0,34788.0,29946.0,30011.0,30119.0,54100.0,54100.0,54100.0,54100.0,54100.0,54100.0,50181.0,50223.0,50280.0,53887.0,53916.0,53941.0,53884.0,53891.0,53895.0,50211.0,50251.0,50300.0
hy_two_of_three_families__ni_k3_r2,0.0,17220.0,27259.0,48250.0,52514.0,6873.0,2725.0,2142.0,2800.0,3337.0,54372.0,29385.0,27259.0,29316.0,54372.0,56560.0,29744.0,49748.0,50041.0,8581.0,15291.0,19948.0,5397.0,10476.0,12001.0,580.0,1149.0,1467.0,516.0,516.0,3933.0,1007.0,3850.0,3850.0,814.0,1760.0,3480.0,8581.0,15291.0,19948.0,5397.0,10476.0,12001.0,580.0,1149.0,1467.0,19420.0,21314.0,25296.0,17220.0,17220.0,18500.0,17220.0,17220.0,17359.0,33079.0,37963.0,40168.0,31648.0,35988.0,36656.0,27682.0,28152.0,28324.0,52654.0,56242.0,56465.0,52190.0,56096.0,56171.0,48625.0,49057.0,49168.0,55422.0,57661.0,57725.0,55119.0,57623.0,57643.0,52766.0,53058.0,53128.0,14782.0,21064.0,25118.0,12020.0,16921.0,18228.0,7415.0,7963.0,8239.0,11103.0,17678.0,22132.0,8058.0,13077.0,14529.0,3296.0,3858.0,4161.0,10635.0,17196.0,21639.0,7498.0,12512.0,13975.0,2720.0,3284.0,3596.0,11255.0,17764.0,22148.0,8139.0,13134.0,14572.0,3377.0,3941.0,4250.0,11713.0,18102.0,22449.0,8607.0,13488.0,14918.0,3907.0,4456.0,4763.0,56452.0,58127.0,58152.0,56247.0,58101.0,58105.0,54570.0,54774.0,54823.0,35119.0,39854.0,41845.0,33735.0,38010.0,38616.0,29806.0,30271.0,30437.0,33079.0,37963.0,40168.0,31648.0,35988.0,36656.0,27682.0,28152.0,28324.0,35309.0,40233.0,42191.0,33918.0,38417.0,39002.0,29769.0,30271.0,30445.0,56452.0,58127.0,58152.0,56247.0,58101.0,58105.0,54570.0,54774.0,54823.0,57530.0,58314.0,58314.0,57423.0,58314.0,58314.0,56639.0,56734.0,56752.0,35479.0,40233.0,42191.0,34108.0,38417.0,39002.0,30165.0,30634.0,30798.0,54550.0,58314.0,58314.0,54100.0,58314.0,58314.0,50181.0,50660.0,50779.0,54529.0,58130.0,58155.0,54103.0,58105.0,58109.0,50430.0,50874.0,50979.0
hy_two_of_three_families__ni_k3_r4,0.0,17753.0,27602.0,48852.0,55667.0,6912.0,2736.0,2227.0,2920.0,3697.0,58802.0,29813.0,27602.0,29355.0,58802.0,62811.0,30087.0,49748.0,50384.0,9299.0,16722.0,27771.0,5397.0,10476.0,19824.0,580.0,1149.0,2247.0,533.0,533.0,4237.0,1012.0,4036.0,4036.0,979.0,2304.0,4890.0,9299.0,16722.0,27771.0,5397.0,10476.0,19824.0,580.0,1149.0,2247.0,20622.0,23198.0,33119.0,17753.0,17753.0,26323.0,17753.0,17753.0,18613.0,34099.0,39654.0,47991.0,31991.0,36331.0,44479.0,28025.0,28495.0,29406.0,53909.0,58137.0,64288.0,52792.0,56698.0,63994.0,49227.0,49659.0,50485.0,59011.0,61661.0,65548.0,58272.0,60776.0,65466.0,55919.0,56211.0,56746.0,15529.0,22522.0,32941.0,12059.0,16960.0,26051.0,7454.0,8002.0,9052.0,11828.0,19115.0,29955.0,8069.0,13088.0,22352.0,3307.0,3869.0,4951.0,11434.0,18700.0,29462.0,7583.0,12597.0,21798.0,2805.0,3369.0,4454.0,12086.0,19295.0,29971.0,8259.0,13254.0,22395.0,3497.0,4061.0,5141.0,12774.0,19836.0,30272.0,8967.0,13848.0,22741.0,4267.0,4816.0,5873.0,61187.0,63191.0,65975.0,60677.0,62531.0,65928.0,59000.0,59204.0,59594.0,36220.0,41618.0,49668.0,34163.0,38438.0,46439.0,30234.0,30699.0,31597.0,34099.0,39654.0,47991.0,31991.0,36331.0,44479.0,28025.0,28495.0,29406.0,36056.0,41691.0,50014.0,33957.0,38456.0,46825.0,29808.0,30310.0,31258.0,61187.0,63191.0,65975.0,60677.0,62531.0,65928.0,59000.0,59204.0,59594.0,63927.0,64860.0,66137.0,63674.0,64565.0,66137.0,62890.0,62985.0,63158.0,36499.0,41924.0,50014.0,34451.0,38760.0,46825.0,30508.0,30977.0,31880.0,55268.0,59745.0,66137.0,54100.0,58314.0,66137.0,50181.0,50660.0,51559.0,55549.0,59821.0,65978.0,54446.0,58448.0,65932.0,50773.0,51217.0,52061.0
hy_two_of_three_families__ni_k5_r1,0.0,9087.0,26790.0,47539.0,49230.0,6800.0,2705.0,2086.0,2728.0,3097.0,49758.0,28860.0,26790.0,29243.0,49758.0,50102.0,29275.0,49748.0,49572.0,4212.0,7158.0,11815.0,1478.0,2343.0,3868.0,580.0,670.0,869.0,239.0,239.0,1832.0,410.0,1295.0,1295.0,356.0,718.0,1434.0,4212.0,7158.0,11815.0,1478.0,2343.0,3868.0,580.0,670.0,869.0,11287.0,13181.0,17163.0,9087.0,9087.0,10367.0,9087.0,9087.0,9226.0,28518.0,29830.0,32035.0,27510.0,27855.0,28523.0,27213.0,27240.0,27307.0,47989.0,48109.0,48332.0,47936.0,47963.0,48038.0,47914.0,47915.0,47923.0,49499.0,49528.0,49592.0,49485.0,49490.0,49510.0,49482.0,49482.0,49482.0,10391.0,12931.0,16985.0,8072.0,8788.0,10095.0,7342.0,7414.0,7575.0,6725.0,9545.0,13999.0,4127.0,4944.0,6396.0,3276.0,3360.0,3545.0,6233.0,9063.0,13506.0,3542.0,4379.0,5842.0,2664.0,2752.0,2945.0,6844.0,9631.0,14015.0,4174.0,5001.0,6439.0,3305.0,3393.0,3584.0,7198.0,9969.0,14316.0,4534.0,5355.0,6785.0,3667.0,3755.0,3945.0,49965.0,49994.0,50019.0,49961.0,49968.0,49972.0,49956.0,49957.0,49957.0,30525.0,31721.0,33712.0,29560.0,29877.0,30483.0,29281.0,29306.0,29367.0,28518.0,29830.0,32035.0,27510.0,27855.0,28523.0,27213.0,27240.0,27307.0,30918.0,32100.0,34058.0,29970.0,30284.0,30869.0,29696.0,29722.0,29781.0,49965.0,49994.0,50019.0,49961.0,49968.0,49972.0,49956.0,49957.0,49957.0,50181.0,50181.0,50181.0,50181.0,50181.0,50181.0,50181.0,50181.0,50181.0,30918.0,32100.0,34058.0,29970.0,30284.0,30869.0,29696.0,29722.0,29781.0,50181.0,50181.0,50181.0,50181.0,50181.0,50181.0,50181.0,50181.0,50181.0,49968.0,49997.0,50022.0,49965.0,49972.0,49976.0,49961.0,49962.0,49962.0
hy_two_of_three_families__ni_k5_r2,0.0,9566.0,26826.0,47587.0,49417.0,6803.0,2706.0,2089.0,2731.0,3115.0,50034.0,28899.0,26826.0,29246.0,50034.0,50486.0,29311.0,49748.0,49608.0,4306.0,7637.0,12294.0,1520.0,2822.0,4347.0,580.0,1149.0,1348.0,246.0,246.0,1902.0,460.0,1461.0,1461.0,501.0,944.0,1754.0,4306.0,7637.0,12294.0,1520.0,2822.0,4347.0,580.0,1149.0,1348.0,11766.0,13660.0,17642.0,9566.0,9566.0,10846.0,9566.0,9566.0,9705.0,28642.0,30309.0,32514.0,27585.0,28334.0,29002.0,27249.0,27719.0,27786.0,48124.0,48588.0,48811.0,48022.0,48442.0,48517.0,47962.0,48394.0,48402.0,49750.0,50007.0,50071.0,49701.0,49969.0,49989.0,49669.0,49961.0,49961.0,10488.0,13410.0,17464.0,8117.0,9267.0,10574.0,7345.0,7893.0,8054.0,6820.0,10024.0,14478.0,4170.0,5423.0,6875.0,3277.0,3839.0,4024.0,6329.0,9542.0,13985.0,3587.0,4858.0,6321.0,2667.0,3231.0,3424.0,6940.0,10110.0,14494.0,4219.0,5480.0,6918.0,3308.0,3872.0,4063.0,7308.0,10448.0,14795.0,4593.0,5834.0,7264.0,3685.0,4234.0,4424.0,50280.0,50473.0,50498.0,50254.0,50447.0,50451.0,50232.0,50436.0,50436.0,30651.0,32200.0,34191.0,29638.0,30356.0,30962.0,29320.0,29785.0,29846.0,28642.0,30309.0,32514.0,27585.0,28334.0,29002.0,27249.0,27719.0,27786.0,31015.0,32579.0,34537.0,30015.0,30763.0,31348.0,29699.0,30201.0,30260.0,50280.0,50473.0,50498.0,50254.0,50447.0,50451.0,50232.0,50436.0,50436.0,50585.0,50660.0,50660.0,50573.0,50660.0,50660.0,50565.0,50660.0,50660.0,31042.0,32579.0,34537.0,30045.0,30763.0,31348.0,29732.0,30201.0,30260.0,50275.0,50660.0,50660.0,50223.0,50660.0,50660.0,50181.0,50660.0,50660.0,50092.0,50476.0,50501.0,50040.0,50451.0,50455.0,49997.0,50441.0,50441.0
hy_two_of_three_families__ni_k5_r4,0.0,9744.0,26881.0,47668.0,49781.0,6813.0,2708.0,2096.0,2741.0,3147.0,50543.0,28961.0,26881.0,29256.0,50543.0,51212.0,29366.0,49748.0,49663.0,4469.0,7931.0,13193.0,1577.0,2941.0,5246.0,580.0,1149.0,2247.0,255.0,255.0,1990.0,496.0,1577.0,1577.0,644.0,1208.0,2213.0,4469.0,7931.0,13193.0,1577.0,2941.0,5246.0,580.0,1149.0,2247.0,12028.0,13999.0,18541.0,9744.0,9744.0,11745.0,9744.0,9744.0,10604.0,28842.0,30629.0,33413.0,27689.0,28494.0,29901.0,27304.0,27774.0,28685.0,48347.0,48926.0,49710.0,48151.0,48626.0,49416.0,48043.0,48475.0,49301.0,50217.0,50543.0,50970.0,50101.0,50403.0,50888.0,50033.0,50325.0,50860.0,10655.0,13707.0,18363.0,8181.0,9392.0,11473.0,7355.0,7903.0,8953.0,6983.0,10318.0,15377.0,4228.0,5543.0,7774.0,3279.0,3841.0,4923.0,6499.0,9841.0,14884.0,3651.0,4984.0,7220.0,2674.0,3238.0,4323.0,7111.0,10410.0,15393.0,4285.0,5608.0,7817.0,3318.0,3882.0,4962.0,7500.0,10767.0,15694.0,4681.0,5983.0,8163.0,3717.0,4266.0,5323.0,50862.0,51113.0,51397.0,50789.0,51005.0,51350.0,50741.0,50945.0,51335.0,30858.0,32525.0,35090.0,29749.0,30523.0,31861.0,29382.0,29847.0,30745.0,28842.0,30629.0,33413.0,27689.0,28494.0,29901.0,27304.0,27774.0,28685.0,31182.0,32876.0,35436.0,30079.0,30888.0,32247.0,29709.0,30211.0,31159.0,50862.0,51113.0,51397.0,50789.0,51005.0,51350.0,50741.0,50945.0,51335.0,51345.0,51441.0,51559.0,51309.0,51404.0,51559.0,51291.0,51386.0,51559.0,31242.0,32899.0,35436.0,30149.0,30923.0,32247.0,29787.0,30256.0,31159.0,50438.0,50954.0,51559.0,50280.0,50779.0,51559.0,50181.0,50660.0,51559.0,50292.0,50796.0,51400.0,50144.0,50611.0,51354.0,50052.0,50496.0,51340.0
hy_hierarchical__ni_k2_r1,0.0,15717.0,39443.0,60583.0,67598.0,8335.0,3328.0,1994.0,2627.0,3211.0,59827.0,41421.0,39443.0,30778.0,59827.0,75464.0,41928.0,49535.0,62225.0,21651.0,25272.0,30987.0,5397.0,6897.0,9438.0,580.0,793.0,1192.0,785.0,785.0,8627.0,1020.0,3894.0,3894.0,776.0,1740.0,3676.0,21651.0,25272.0,30987.0,5397.0,6897.0,9438.0,580.0,793.0,1192.0,30148.0,32472.0,37356.0,15717.0,15717.0,17931.0,15717.0,15717.0,15971.0,57632.0,58915.0,61095.0,43832.0,44593.0,45934.0,39866.0,39980.0,40192.0,76890.0,77010.0,77233.0,64523.0,64961.0,65689.0,60958.0,61046.0,61196.0,78400.0,78429.0,78493.0,70203.0,70497.0,70953.0,67850.0,67914.0,68017.0,29215.0,32338.0,37287.0,13482.0,14804.0,17088.0,8877.0,9069.0,9420.0,24746.0,28206.0,33669.0,8661.0,10101.0,12558.0,3899.0,4105.0,4488.0,23497.0,27026.0,32547.0,7350.0,8823.0,11299.0,2572.0,2783.0,3176.0,24070.0,27561.0,33028.0,7966.0,9431.0,11882.0,3204.0,3415.0,3804.0,24432.0,27906.0,33333.0,8481.0,9935.0,12368.0,3781.0,3991.0,4378.0,67404.0,68108.0,69191.0,61702.0,62095.0,62702.0,60025.0,60094.0,60204.0,59464.0,60655.0,62641.0,45771.0,46505.0,47781.0,41842.0,41954.0,42160.0,57632.0,58915.0,61095.0,43832.0,44593.0,45934.0,39866.0,39980.0,40192.0,49742.0,51507.0,54360.0,35380.0,36300.0,37862.0,31231.0,31377.0,31626.0,67404.0,68108.0,69191.0,61702.0,62095.0,62702.0,60025.0,60094.0,60204.0,79082.0,79082.0,79082.0,76327.0,76434.0,76580.0,75543.0,75563.0,75597.0,60032.0,61185.0,63118.0,46292.0,47022.0,48280.0,42349.0,42462.0,42666.0,67407.0,68111.0,69194.0,53887.0,54529.0,55549.0,49968.0,50092.0,50292.0,79082.0,79082.0,79082.0,66287.0,66710.0,67387.0,62614.0,62702.0,62847.0
hy_hierarchical__ni_k2_r2,0.0,19967.0,39443.0,61065.0,73194.0,8335.0,3328.0,2160.0,2849.0,3864.0,68911.0,41587.0,39443.0,30778.0,68911.0,87384.0,41928.0,49564.0,62225.0,21651.0,40529.0,46244.0,5397.0,10476.0,13689.0,580.0,1149.0,1668.0,785.0,785.0,8627.0,1094.0,5060.0,5060.0,956.0,2257.0,4990.0,21651.0,40529.0,46244.0,5397.0,10476.0,13689.0,580.0,1149.0,1668.0,34398.0,47729.0,52613.0,19967.0,19967.0,22825.0,19967.0,19967.0,20292.0,57632.0,74172.0,76352.0,43832.0,48172.0,50185.0,39866.0,40336.0,40668.0,77372.0,92267.0,92490.0,65005.0,68911.0,70279.0,61440.0,61872.0,62137.0,83996.0,93686.0,93750.0,75799.0,78303.0,79170.0,73446.0,73738.0,73910.0,29215.0,47595.0,52544.0,13482.0,18383.0,21339.0,8877.0,9425.0,9896.0,24746.0,43463.0,48926.0,8661.0,13680.0,16809.0,3899.0,4461.0,4964.0,23663.0,42283.0,47804.0,7516.0,12530.0,15669.0,2738.0,3302.0,3813.0,24292.0,42818.0,48285.0,8188.0,13183.0,16292.0,3426.0,3990.0,4497.0,25085.0,43163.0,48590.0,9134.0,14015.0,17079.0,4434.0,4983.0,5486.0,76488.0,83365.0,84448.0,70786.0,72640.0,73535.0,69109.0,69313.0,69470.0,59630.0,75912.0,77898.0,45937.0,50212.0,52151.0,42008.0,42473.0,42797.0,57632.0,74172.0,76352.0,43832.0,48172.0,50185.0,39866.0,40336.0,40668.0,49742.0,66764.0,69617.0,35380.0,39879.0,42113.0,31231.0,31733.0,32102.0,76488.0,83365.0,84448.0,70786.0,72640.0,73535.0,69109.0,69313.0,69470.0,91002.0,94339.0,94339.0,88247.0,89138.0,89433.0,87463.0,87558.0,87613.0,60032.0,76442.0,78375.0,46292.0,50601.0,52531.0,42349.0,42818.0,43142.0,67436.0,83368.0,84451.0,53916.0,58130.0,59821.0,49997.0,50476.0,50796.0,79082.0,94339.0,94339.0,66287.0,70289.0,71638.0,62614.0,63058.0,63323.0
hy_hierarchical__ni_k2_r4,0.0,21481.0,39443.0,61974.0,82890.0,8335.0,3328.0,2435.0,3221.0,4960.0,84524.0,41862.0,39443.0,30778.0,84524.0,107972.0,41928.0,49589.0,62225.0,21651.0,40529.0,72373.0,5397.0,10476.0,19824.0,580.0,1149.0,2247.0,785.0,785.0,8627.0,1094.0,5060.0,5060.0,1004.0,2496.0,5941.0,21651.0,40529.0,72373.0,5397.0,10476.0,19824.0,580.0,1149.0,2247.0,35912.0,49243.0,78742.0,21481.0,21481.0,30051.0,21481.0,21481.0,22341.0,57632.0,74172.0,102481.0,43832.0,48172.0,56320.0,39866.0,40336.0,41247.0,78281.0,93176.0,118619.0,65914.0,69820.0,77116.0,62349.0,62781.0,63607.0,93692.0,103382.0,119879.0,85495.0,87999.0,92689.0,83142.0,83434.0,83969.0,29215.0,47595.0,78673.0,13482.0,18383.0,27474.0,8877.0,9425.0,10475.0,24746.0,43463.0,75055.0,8661.0,13680.0,22944.0,3899.0,4461.0,5543.0,23938.0,42558.0,73933.0,7791.0,12805.0,22006.0,3013.0,3577.0,4662.0,24664.0,43190.0,74414.0,8560.0,13555.0,22696.0,3798.0,4362.0,5442.0,26181.0,44259.0,74719.0,10230.0,15111.0,24004.0,5530.0,6079.0,7136.0,92101.0,98978.0,110577.0,86399.0,88253.0,91650.0,84722.0,84926.0,85316.0,59905.0,76187.0,104027.0,46212.0,50487.0,58488.0,42283.0,42748.0,43646.0,57632.0,74172.0,102481.0,43832.0,48172.0,56320.0,39866.0,40336.0,41247.0,49742.0,66764.0,95746.0,35380.0,39879.0,48248.0,31231.0,31733.0,32681.0,92101.0,98978.0,110577.0,86399.0,88253.0,91650.0,84722.0,84926.0,85316.0,111590.0,114927.0,120468.0,108835.0,109726.0,111298.0,108051.0,108146.0,108319.0,60032.0,76442.0,104504.0,46292.0,50601.0,58666.0,42349.0,42818.0,43721.0,67461.0,83393.0,110580.0,53941.0,58155.0,65978.0,50022.0,50501.0,51400.0,79082.0,94339.0,120468.0,66287.0,70289.0,77773.0,62614.0,63058.0,63902.0
hy_hierarchical__ni_k3_r1,0.0,14538.0,39443.0,60102.0,62986.0,8335.0,3328.0,1927.0,2538.0,2975.0,52005.0,41354.0,39443.0,30778.0,52005.0,65424.0,41928.0,49532.0,62225.0,8856.0,12477.0,18192.0,5397.0,6474.0,8338.0,580.0,744.0,1047.0,518.0,518.0,3883.0,880.0,2872.0,2872.0,600.0,1303.0,2599.0,8856.0,12477.0,18192.0,5397.0,6474.0,8338.0,580.0,744.0,1047.0,17353.0,19677.0,24561.0,14538.0,14538.0,16116.0,14538.0,14538.0,14714.0,44837.0,46120.0,48300.0,43832.0,44170.0,44834.0,39866.0,39931.0,40047.0,64095.0,64215.0,64438.0,64042.0,64069.0,64144.0,60477.0,60516.0,60572.0,65605.0,65634.0,65698.0,65591.0,65596.0,65616.0,63238.0,63267.0,63303.0,16420.0,19543.0,24492.0,13482.0,14381.0,15988.0,8877.0,9020.0,9275.0,11951.0,15411.0,20874.0,8661.0,9678.0,11458.0,3899.0,4056.0,4343.0,10702.0,14231.0,19752.0,7283.0,8337.0,10140.0,2505.0,2668.0,2965.0,11275.0,14766.0,20233.0,7877.0,8923.0,10704.0,3115.0,3278.0,3572.0,11637.0,15111.0,20538.0,8245.0,9284.0,11057.0,3545.0,3707.0,4000.0,54609.0,55313.0,56396.0,53880.0,54099.0,54442.0,52203.0,52253.0,52326.0,46669.0,47860.0,49846.0,45704.0,46019.0,46622.0,41775.0,41839.0,41949.0,44837.0,46120.0,48300.0,43832.0,44170.0,44834.0,39866.0,39931.0,40047.0,36947.0,38712.0,41565.0,35380.0,35877.0,36762.0,31231.0,31328.0,31481.0,54609.0,55313.0,56396.0,53880.0,54099.0,54442.0,52203.0,52253.0,52326.0,66287.0,66287.0,66287.0,66287.0,66287.0,66287.0,65503.0,65511.0,65521.0,47237.0,48390.0,50323.0,46292.0,46599.0,47180.0,42349.0,42413.0,42521.0,54612.0,55316.0,56399.0,53884.0,54103.0,54446.0,49965.0,50040.0,50144.0,66287.0,66287.0,66287.0,66287.0,66287.0,66287.0,62614.0,62653.0,62702.0
hy_hierarchical__ni_k3_r2,0.0,18540.0,39443.0,60225.0,64489.0,8335.0,3328.0,1969.0,2591.0,3135.0,54372.0,41396.0,39443.0,30778.0,54372.0,68535.0,41928.0,49539.0,62225.0,9279.0,16479.0,22194.0,5397.0,10476.0,12340.0,580.0,1149.0,1508.0,530.0,530.0,4203.0,1014.0,3921.0,3921.0,825.0,1798.0,3605.0,9279.0,16479.0,22194.0,5397.0,10476.0,12340.0,580.0,1149.0,1508.0,21355.0,23679.0,28563.0,18540.0,18540.0,20118.0,18540.0,18540.0,18716.0,45260.0,50122.0,52302.0,43832.0,48172.0,48836.0,39866.0,40336.0,40508.0,64629.0,68217.0,68440.0,64165.0,68071.0,68146.0,60600.0,61032.0,61143.0,67397.0,69636.0,69700.0,67094.0,69598.0,69618.0,64741.0,65033.0,65103.0,16843.0,23545.0,28494.0,13482.0,18383.0,19990.0,8877.0,9425.0,9736.0,12374.0,19413.0,24876.0,8661.0,13680.0,15460.0,3899.0,4461.0,4804.0,11163.0,18233.0,23754.0,7325.0,12339.0,14142.0,2547.0,3111.0,3464.0,11747.0,18768.0,24235.0,7930.0,12925.0,14706.0,3168.0,3732.0,4082.0,12212.0,19113.0,24540.0,8405.0,13286.0,15059.0,3705.0,4254.0,4602.0,57150.0,59315.0,60398.0,56247.0,58101.0,58444.0,54570.0,54774.0,54864.0,47130.0,51862.0,53848.0,45746.0,50021.0,50624.0,41817.0,42282.0,42448.0,45260.0,50122.0,52302.0,43832.0,48172.0,48836.0,39866.0,40336.0,40508.0,37370.0,42714.0,45567.0,35380.0,39879.0,40764.0,31231.0,31733.0,31942.0,57150.0,59315.0,60398.0,56247.0,58101.0,58444.0,54570.0,54774.0,54864.0,69505.0,70289.0,70289.0,69398.0,70289.0,70289.0,68614.0,68709.0,68727.0,47660.0,52392.0,54325.0,46292.0,50601.0,51182.0,42349.0,42818.0,42982.0,55042.0,59318.0,60401.0,53891.0,58105.0,58448.0,49972.0,50451.0,50611.0,66710.0,70289.0,70289.0,66287.0,70289.0,70289.0,62614.0,63058.0,63163.0
hy_hierarchical__ni_k3_r4,0.0,19032.0,39443.0,60488.0,67303.0,8335.0,3328.0,2055.0,2715.0,3499.0,58802.0,41482.0,39443.0,30778.0,58802.0,74447.0,41928.0,49543.0,62225.0,9956.0,17828.0,29678.0,5397.0,10476.0,19824.0,580.0,1149.0,2247.0,547.0,547.0,4493.0,1018.0,4097.0,4097.0,980.0,2309.0,4936.0,9956.0,17828.0,29678.0,5397.0,10476.0,19824.0,580.0,1149.0,2247.0,22483.0,25451.0,36047.0,19032.0,19032.0,27602.0,19032.0,19032.0,19892.0,45937.0,51471.0,59786.0,43832.0,48172.0,56320.0,39866.0,40336.0,41247.0,65545.0,69773.0,75924.0,64428.0,68334.0,75630.0,60863.0,61295.0,62121.0,70647.0,73297.0,77184.0,69908.0,72412.0,77102.0,67555.0,67847.0,68382.0,17520.0,24894.0,35978.0,13482.0,18383.0,27474.0,8877.0,9425.0,10475.0,13051.0,20762.0,32360.0,8661.0,13680.0,22944.0,3899.0,4461.0,5543.0,11922.0,19655.0,31238.0,7411.0,12425.0,21626.0,2633.0,3197.0,4282.0,12541.0,20220.0,31719.0,8054.0,13049.0,22190.0,3292.0,3856.0,4936.0,13236.0,20768.0,32024.0,8769.0,13650.0,22543.0,4069.0,4618.0,5675.0,61844.0,64297.0,67882.0,60677.0,62531.0,65928.0,59000.0,59204.0,59594.0,47889.0,53284.0,61332.0,45832.0,50107.0,58108.0,41903.0,42368.0,43266.0,45937.0,51471.0,59786.0,43832.0,48172.0,56320.0,39866.0,40336.0,41247.0,38047.0,44063.0,53051.0,35380.0,39879.0,48248.0,31231.0,31733.0,32681.0,61844.0,64297.0,67882.0,60677.0,62531.0,65928.0,59000.0,59204.0,59594.0,75563.0,76496.0,77773.0,75310.0,76201.0,77773.0,74526.0,74621.0,74794.0,48337.0,53741.0,61809.0,46292.0,50601.0,58666.0,42349.0,42818.0,43721.0,55723.0,60670.0,67885.0,53895.0,58109.0,65932.0,49976.0,50455.0,51354.0,67387.0,71638.0,77773.0,66287.0,70289.0,77773.0,62614.0,63058.0,63902.0
hy_hierarchical__ni_k5_r1,0.0,10865.0,39443.0,59972.0,61663.0,8335.0,3328.0,1905.0,2508.0,2885.0,49758.0,41332.0,39443.0,30778.0,49758.0,62535.0,41928.0,49528.0,62225.0,5183.0,8804.0,14519.0,1724.0,2801.0,4665.0,580.0,705.0,959.0,280.0,280.0,2254.0,465.0,1541.0,1541.0,404.0,828.0,1699.0,5183.0,8804.0,14519.0,1724.0,2801.0,4665.0,580.0,705.0,959.0,13680.0,16004.0,20888.0,10865.0,10865.0,12443.0,10865.0,10865.0,11041.0,41164.0,42447.0,44627.0,40159.0,40497.0,41161.0,39866.0,39892.0,39959.0,60422.0,60542.0,60765.0,60369.0,60396.0,60471.0,60347.0,60348.0,60356.0,61932.0,61961.0,62025.0,61918.0,61923.0,61943.0,61915.0,61915.0,61915.0,12747.0,15870.0,20819.0,9809.0,10708.0,12315.0,8877.0,8981.0,9187.0,8278.0,11738.0,17201.0,4988.0,6005.0,7785.0,3899.0,4017.0,4255.0,7029.0,10558.0,16079.0,3610.0,4664.0,6467.0,2483.0,2607.0,2855.0,7602.0,11093.0,16560.0,4204.0,5250.0,7031.0,3085.0,3209.0,3455.0,7964.0,11438.0,16865.0,4572.0,5611.0,7384.0,3455.0,3579.0,3824.0,50936.0,51640.0,52723.0,50207.0,50426.0,50769.0,49956.0,49992.0,50047.0,42996.0,44187.0,46173.0,42031.0,42346.0,42949.0,41753.0,41778.0,41839.0,41164.0,42447.0,44627.0,40159.0,40497.0,41161.0,39866.0,39892.0,39959.0,33274.0,35039.0,37892.0,31707.0,32204.0,33089.0,31231.0,31289.0,31393.0,50936.0,51640.0,52723.0,50207.0,50426.0,50769.0,49956.0,49992.0,50047.0,62614.0,62614.0,62614.0,62614.0,62614.0,62614.0,62614.0,62614.0,62614.0,43564.0,44717.0,46650.0,42619.0,42926.0,43507.0,42349.0,42374.0,42433.0,50939.0,51643.0,52726.0,50211.0,50430.0,50773.0,49961.0,49997.0,50052.0,62614.0,62614.0,62614.0,62614.0,62614.0,62614.0,62614.0,62614.0,62614.0
hy_hierarchical__ni_k5_r2,0.0,11309.0,39443.0,59985.0,61815.0,8335.0,3328.0,1909.0,2512.0,2904.0,50034.0,41336.0,39443.0,30778.0,50034.0,62884.0,41928.0,49529.0,62225.0,5271.0,9248.0,14963.0,1763.0,3245.0,5109.0,580.0,1149.0,1403.0,286.0,286.0,2320.0,513.0,1693.0,1693.0,537.0,1036.0,1994.0,5271.0,9248.0,14963.0,1763.0,3245.0,5109.0,580.0,1149.0,1403.0,14124.0,16448.0,21332.0,11309.0,11309.0,12887.0,11309.0,11309.0,11485.0,41252.0,42891.0,45071.0,40198.0,40941.0,41605.0,39866.0,40336.0,40403.0,60522.0,60986.0,61209.0,60420.0,60840.0,60915.0,60360.0,60792.0,60800.0,62148.0,62405.0,62469.0,62099.0,62367.0,62387.0,62067.0,62359.0,62359.0,12835.0,16314.0,21263.0,9848.0,11152.0,12759.0,8877.0,9425.0,9631.0,8366.0,12182.0,17645.0,5027.0,6449.0,8229.0,3899.0,4461.0,4699.0,7120.0,11002.0,16523.0,3653.0,5108.0,6911.0,2487.0,3051.0,3299.0,7693.0,11537.0,17004.0,4247.0,5694.0,7475.0,3089.0,3653.0,3899.0,8069.0,11882.0,17309.0,4629.0,6055.0,7828.0,3474.0,4023.0,4268.0,51245.0,52084.0,53167.0,50497.0,50870.0,51213.0,50232.0,50436.0,50491.0,43087.0,44631.0,46617.0,42074.0,42790.0,43393.0,41757.0,42222.0,42283.0,41252.0,42891.0,45071.0,40198.0,40941.0,41605.0,39866.0,40336.0,40403.0,33362.0,35483.0,38336.0,31746.0,32648.0,33533.0,31231.0,31733.0,31837.0,51245.0,52084.0,53167.0,50497.0,50870.0,51213.0,50232.0,50436.0,50491.0,62983.0,63058.0,63058.0,62971.0,63058.0,63058.0,62963.0,63058.0,63058.0,43652.0,45161.0,47094.0,42658.0,43370.0,43951.0,42349.0,42818.0,42877.0,51028.0,52087.0,53170.0,50251.0,50874.0,51217.0,49962.0,50441.0,50496.0,62702.0,63058.0,63058.0,62653.0,63058.0,63058.0,62614.0,63058.0,63058.0
hy_hierarchical__ni_k5_r4,0.0,11469.0,39443.0,60011.0,62124.0,8335.0,3328.0,1916.0,2522.0,2936.0,50543.0,41343.0,39443.0,30778.0,50543.0,63555.0,41928.0,49529.0,62225.0,5416.0,9513.0,15807.0,1812.0,3350.0,5953.0,580.0,1149.0,2247.0,294.0,294.0,2400.0,545.0,1797.0,1797.0,668.0,1280.0,2416.0,5416.0,9513.0,15807.0,1812.0,3350.0,5953.0,580.0,1149.0,2247.0,14362.0,16757.0,22176.0,11469.0,11469.0,13731.0,11469.0,11469.0,12329.0,41397.0,43156.0,45915.0,40247.0,41046.0,42449.0,39866.0,40336.0,41247.0,60690.0,61269.0,62053.0,60494.0,60969.0,61759.0,60386.0,60818.0,61644.0,62560.0,62886.0,63313.0,62444.0,62746.0,63231.0,62376.0,62668.0,63203.0,12980.0,16579.0,22107.0,9897.0,11257.0,13603.0,8877.0,9425.0,10475.0,8511.0,12447.0,18489.0,5076.0,6554.0,9073.0,3899.0,4461.0,5543.0,7272.0,11272.0,17367.0,3709.0,5220.0,7755.0,2494.0,3058.0,4143.0,7846.0,11808.0,17848.0,4305.0,5808.0,8319.0,3099.0,3663.0,4743.0,8243.0,12172.0,18153.0,4709.0,6190.0,8672.0,3506.0,4055.0,5112.0,51809.0,52695.0,54011.0,51024.0,51414.0,52057.0,50741.0,50945.0,51335.0,43239.0,44901.0,47461.0,42130.0,42902.0,44237.0,41764.0,42229.0,43127.0,41397.0,43156.0,45915.0,40247.0,41046.0,42449.0,39866.0,40336.0,41247.0,33507.0,35748.0,39180.0,31795.0,32753.0,34377.0,31231.0,31733.0,32681.0,51809.0,52695.0,54011.0,51024.0,51414.0,52057.0,50741.0,50945.0,51335.0,63688.0,63784.0,63902.0,63652.0,63747.0,63902.0,63634.0,63729.0,63902.0,43797.0,45426.0,47938.0,42707.0,43475.0,44795.0,42349.0,42818.0,43721.0,51173.0,52352.0,54014.0,50300.0,50979.0,52061.0,49962.0,50441.0,51340.0,62847.0,63323.0,63902.0,62702.0,63163.0,63902.0,62614.0,63058.0,63902.0
