set_id,recording_id,eligible_notes,hard_count,hard_percentage,error_count,selected_errors,error_recall,precision,correct_sieve_rate,enrichment
mandatory_missing,2024-02-15_20-07-54,150,38,0.25333333333333335,59,38,0.6440677966101694,1.0,0.0,2.5423728813559325
mandatory_missing,2024-02-15_21-40-43,150,17,0.11333333333333333,20,17,0.85,1.0,0.0,7.5
mandatory_missing,2024-02-15_21-57-38,150,40,0.26666666666666666,47,40,0.851063829787234,1.0,0.0,3.1914893617021276
mandatory_missing,2024-02-17_21-44-37,150,28,0.18666666666666668,47,28,0.5957446808510638,1.0,0.0,3.1914893617021276
mandatory_missing,2024-02-17_22-33-45,300,70,0.23333333333333334,82,70,0.8536585365853658,1.0,0.0,3.658536585365854
mandatory_missing,2024-02-22_11-58-09,150,6,0.04,13,6,0.46153846153846156,1.0,0.0,11.538461538461538
mandatory_missing,2024-03-11_22-23-29,150,10,0.06666666666666667,21,10,0.47619047619047616,1.0,0.0,7.142857142857142
mandatory_missing,2024-04-08_22-49-18,150,16,0.10666666666666667,32,16,0.5,1.0,0.0,4.6875
mandatory_missing,2024-09-02_14-10-41,150,16,0.10666666666666667,25,16,0.64,1.0,0.0,6.0
mandatory_missing,2024-09-04_19-52-57,150,25,0.16666666666666666,32,25,0.78125,1.0,0.0,4.6875
mandatory_missing,2024-09-05_13-25-10,150,9,0.06,14,9,0.6428571428571429,1.0,0.0,10.714285714285714
legacy_current_default,2024-02-15_20-07-54,150,27,0.18,59,7,0.11864406779661017,0.25925925925925924,0.21978021978021978,0.6591337099811676
legacy_current_default,2024-02-15_21-40-43,150,0,0.0,20,0,0.0,,0.0,
legacy_current_default,2024-02-15_21-57-38,150,8,0.05333333333333334,47,3,0.06382978723404255,0.375,0.04854368932038835,1.1968085106382977
legacy_current_default,2024-02-17_21-44-37,150,10,0.06666666666666667,47,7,0.14893617021276595,0.7,0.02912621359223301,2.234042553191489
legacy_current_default,2024-02-17_22-33-45,300,14,0.04666666666666667,82,3,0.036585365853658534,0.21428571428571427,0.05045871559633028,0.7839721254355401
legacy_current_default,2024-02-22_11-58-09,150,2,0.013333333333333334,13,1,0.07692307692307693,0.5,0.0072992700729927005,5.769230769230769
legacy_current_default,2024-03-11_22-23-29,150,11,0.07333333333333333,21,3,0.14285714285714285,0.2727272727272727,0.06201550387596899,1.9480519480519478
legacy_current_default,2024-04-08_22-49-18,150,6,0.04,32,1,0.03125,0.16666666666666666,0.0423728813559322,0.7812499999999999
legacy_current_default,2024-09-02_14-10-41,150,6,0.04,25,1,0.04,0.16666666666666666,0.04,1.0
legacy_current_default,2024-09-04_19-52-57,150,4,0.02666666666666667,32,0,0.0,0.0,0.03389830508474576,0.0
legacy_current_default,2024-09-05_13-25-10,150,2,0.013333333333333334,14,0,0.0,0.0,0.014705882352941176,0.0
bl_span_practical,2024-02-15_20-07-54,150,9,0.06,59,0,0.0,0.0,0.0989010989010989,0.0
bl_span_practical,2024-02-15_21-40-43,150,11,0.07333333333333333,20,1,0.05,0.09090909090909091,0.07692307692307693,0.6818181818181819
bl_span_practical,2024-02-15_21-57-38,150,6,0.04,47,0,0.0,0.0,0.05825242718446602,0.0
bl_span_practical,2024-02-17_21-44-37,150,12,0.08,47,3,0.06382978723404255,0.25,0.08737864077669903,0.7978723404255319
bl_span_practical,2024-02-17_22-33-45,300,17,0.056666666666666664,82,3,0.036585365853658534,0.17647058823529413,0.06422018348623854,0.6456241032998566
bl_span_practical,2024-02-22_11-58-09,150,3,0.02,13,1,0.07692307692307693,0.3333333333333333,0.014598540145985401,3.846153846153846
bl_span_practical,2024-03-11_22-23-29,150,16,0.10666666666666667,21,3,0.14285714285714285,0.1875,0.10077519379844961,1.3392857142857142
bl_span_practical,2024-04-08_22-49-18,150,4,0.02666666666666667,32,1,0.03125,0.25,0.025423728813559324,1.171875
bl_span_practical,2024-09-02_14-10-41,150,9,0.06,25,0,0.0,0.0,0.072,0.0
bl_span_practical,2024-09-04_19-52-57,150,7,0.04666666666666667,32,0,0.0,0.0,0.059322033898305086,0.0
bl_span_practical,2024-09-05_13-25-10,150,37,0.24666666666666667,14,1,0.07142857142857142,0.02702702702702703,0.2647058823529412,0.28957528957528955
bl_span_comfortable,2024-02-15_20-07-54,150,11,0.07333333333333333,59,0,0.0,0.0,0.12087912087912088,0.0
bl_span_comfortable,2024-02-15_21-40-43,150,16,0.10666666666666667,20,2,0.1,0.125,0.1076923076923077,0.9375
bl_span_comfortable,2024-02-15_21-57-38,150,23,0.15333333333333332,47,1,0.02127659574468085,0.043478260869565216,0.21359223300970873,0.13876040703052728
bl_span_comfortable,2024-02-17_21-44-37,150,20,0.13333333333333333,47,4,0.0851063829787234,0.2,0.1553398058252427,0.6382978723404256
bl_span_comfortable,2024-02-17_22-33-45,300,36,0.12,82,5,0.06097560975609756,0.1388888888888889,0.14220183486238533,0.508130081300813
bl_span_comfortable,2024-02-22_11-58-09,150,12,0.08,13,1,0.07692307692307693,0.08333333333333333,0.08029197080291971,0.9615384615384615
bl_span_comfortable,2024-03-11_22-23-29,150,27,0.18,21,4,0.19047619047619047,0.14814814814814814,0.17829457364341086,1.0582010582010581
bl_span_comfortable,2024-04-08_22-49-18,150,13,0.08666666666666667,32,3,0.09375,0.23076923076923078,0.0847457627118644,1.0817307692307692
bl_span_comfortable,2024-09-02_14-10-41,150,10,0.06666666666666667,25,0,0.0,0.0,0.08,0.0
bl_span_comfortable,2024-09-04_19-52-57,150,26,0.17333333333333334,32,1,0.03125,0.038461538461538464,0.211864406779661,0.18028846153846154
bl_span_comfortable,2024-09-05_13-25-10,150,39,0.26,14,1,0.07142857142857142,0.02564102564102564,0.27941176470588236,0.2747252747252747
bl_span_relative,2024-02-15_20-07-54,150,43,0.2866666666666667,59,9,0.15254237288135594,0.20930232558139536,0.37362637362637363,0.5321245565628696
bl_span_relative,2024-02-15_21-40-43,150,37,0.24666666666666667,20,3,0.15,0.08108108108108109,0.26153846153846155,0.6081081081081081
bl_span_relative,2024-02-15_21-57-38,150,44,0.29333333333333333,47,4,0.0851063829787234,0.09090909090909091,0.3883495145631068,0.2901353965183752
bl_span_relative,2024-02-17_21-44-37,150,48,0.32,47,7,0.14893617021276595,0.14583333333333334,0.39805825242718446,0.4654255319148936
bl_span_relative,2024-02-17_22-33-45,300,105,0.35,82,9,0.10975609756097561,0.08571428571428572,0.44036697247706424,0.31358885017421606
bl_span_relative,2024-02-22_11-58-09,150,64,0.4266666666666667,13,4,0.3076923076923077,0.0625,0.43795620437956206,0.7211538461538461
bl_span_relative,2024-03-11_22-23-29,150,62,0.41333333333333333,21,5,0.23809523809523808,0.08064516129032258,0.4418604651162791,0.576036866359447
bl_span_relative,2024-04-08_22-49-18,150,58,0.38666666666666666,32,9,0.28125,0.15517241379310345,0.4152542372881356,0.7273706896551724
bl_span_relative,2024-09-02_14-10-41,150,41,0.2733333333333333,25,6,0.24,0.14634146341463414,0.28,0.8780487804878049
bl_span_relative,2024-09-04_19-52-57,150,78,0.52,32,3,0.09375,0.038461538461538464,0.635593220338983,0.18028846153846154
bl_span_relative,2024-09-05_13-25-10,150,44,0.29333333333333333,14,1,0.07142857142857142,0.022727272727272728,0.3161764705882353,0.2435064935064935
bl_crossing,2024-02-15_20-07-54,150,1,0.006666666666666667,59,0,0.0,0.0,0.01098901098901099,0.0
bl_crossing,2024-02-15_21-40-43,150,1,0.006666666666666667,20,0,0.0,0.0,0.007692307692307693,0.0
bl_crossing,2024-02-15_21-57-38,150,0,0.0,47,0,0.0,,0.0,
bl_crossing,2024-02-17_21-44-37,150,4,0.02666666666666667,47,2,0.0425531914893617,0.5,0.019417475728155338,1.5957446808510638
bl_crossing,2024-02-17_22-33-45,300,2,0.006666666666666667,82,2,0.024390243902439025,1.0,0.0,3.658536585365854
bl_crossing,2024-02-22_11-58-09,150,0,0.0,13,0,0.0,,0.0,
bl_crossing,2024-03-11_22-23-29,150,6,0.04,21,2,0.09523809523809523,0.3333333333333333,0.031007751937984496,2.3809523809523805
bl_crossing,2024-04-08_22-49-18,150,2,0.013333333333333334,32,1,0.03125,0.5,0.00847457627118644,2.34375
bl_crossing,2024-09-02_14-10-41,150,3,0.02,25,0,0.0,0.0,0.024,0.0
bl_crossing,2024-09-04_19-52-57,150,0,0.0,32,0,0.0,,0.0,
bl_crossing,2024-09-05_13-25-10,150,1,0.006666666666666667,14,0,0.0,0.0,0.007352941176470588,0.0
bl_step_crossing,2024-02-15_20-07-54,150,1,0.006666666666666667,59,0,0.0,0.0,0.01098901098901099,0.0
bl_step_crossing,2024-02-15_21-40-43,150,1,0.006666666666666667,20,0,0.0,0.0,0.007692307692307693,0.0
bl_step_crossing,2024-02-15_21-57-38,150,0,0.0,47,0,0.0,,0.0,
bl_step_crossing,2024-02-17_21-44-37,150,2,0.013333333333333334,47,1,0.02127659574468085,0.5,0.009708737864077669,1.5957446808510638
bl_step_crossing,2024-02-17_22-33-45,300,2,0.006666666666666667,82,2,0.024390243902439025,1.0,0.0,3.658536585365854
bl_step_crossing,2024-02-22_11-58-09,150,0,0.0,13,0,0.0,,0.0,
bl_step_crossing,2024-03-11_22-23-29,150,0,0.0,21,0,0.0,,0.0,
bl_step_crossing,2024-04-08_22-49-18,150,0,0.0,32,0,0.0,,0.0,
bl_step_crossing,2024-09-02_14-10-41,150,1,0.006666666666666667,25,0,0.0,0.0,0.008,0.0
bl_step_crossing,2024-09-04_19-52-57,150,0,0.0,32,0,0.0,,0.0,
bl_step_crossing,2024-09-05_13-25-10,150,0,0.0,14,0,0.0,,0.0,
bl_rate_q995,2024-02-15_20-07-54,150,0,0.0,59,0,0.0,,0.0,
bl_rate_q995,2024-02-15_21-40-43,150,0,0.0,20,0,0.0,,0.0,
bl_rate_q995,2024-02-15_21-57-38,150,0,0.0,47,0,0.0,,0.0,
bl_rate_q995,2024-02-17_21-44-37,150,1,0.006666666666666667,47,1,0.02127659574468085,1.0,0.0,3.1914893617021276
bl_rate_q995,2024-02-17_22-33-45,300,1,0.0033333333333333335,82,1,0.012195121951219513,1.0,0.0,3.658536585365854
bl_rate_q995,2024-02-22_11-58-09,150,2,0.013333333333333334,13,0,0.0,0.0,0.014598540145985401,0.0
bl_rate_q995,2024-03-11_22-23-29,150,0,0.0,21,0,0.0,,0.0,
bl_rate_q995,2024-04-08_22-49-18,150,0,0.0,32,0,0.0,,0.0,
bl_rate_q995,2024-09-02_14-10-41,150,1,0.006666666666666667,25,0,0.0,0.0,0.008,0.0
bl_rate_q995,2024-09-04_19-52-57,150,0,0.0,32,0,0.0,,0.0,
bl_rate_q995,2024-09-05_13-25-10,150,3,0.02,14,0,0.0,0.0,0.022058823529411766,0.0
bl_rate_q990,2024-02-15_20-07-54,150,1,0.006666666666666667,59,0,0.0,0.0,0.01098901098901099,0.0
bl_rate_q990,2024-02-15_21-40-43,150,0,0.0,20,0,0.0,,0.0,
bl_rate_q990,2024-02-15_21-57-38,150,0,0.0,47,0,0.0,,0.0,
bl_rate_q990,2024-02-17_21-44-37,150,1,0.006666666666666667,47,1,0.02127659574468085,1.0,0.0,3.1914893617021276
bl_rate_q990,2024-02-17_22-33-45,300,5,0.016666666666666666,82,2,0.024390243902439025,0.4,0.013761467889908258,1.4634146341463417
bl_rate_q990,2024-02-22_11-58-09,150,2,0.013333333333333334,13,0,0.0,0.0,0.014598540145985401,0.0
bl_rate_q990,2024-03-11_22-23-29,150,0,0.0,21,0,0.0,,0.0,
bl_rate_q990,2024-04-08_22-49-18,150,3,0.02,32,1,0.03125,0.3333333333333333,0.01694915254237288,1.5624999999999998
bl_rate_q990,2024-09-02_14-10-41,150,1,0.006666666666666667,25,0,0.0,0.0,0.008,0.0
bl_rate_q990,2024-09-04_19-52-57,150,0,0.0,32,0,0.0,,0.0,
bl_rate_q990,2024-09-05_13-25-10,150,4,0.02666666666666667,14,0,0.0,0.0,0.029411764705882353,0.0
bl_rate_q975,2024-02-15_20-07-54,150,2,0.013333333333333334,59,0,0.0,0.0,0.02197802197802198,0.0
bl_rate_q975,2024-02-15_21-40-43,150,1,0.006666666666666667,20,0,0.0,0.0,0.007692307692307693,0.0
bl_rate_q975,2024-02-15_21-57-38,150,0,0.0,47,0,0.0,,0.0,
bl_rate_q975,2024-02-17_21-44-37,150,1,0.006666666666666667,47,1,0.02127659574468085,1.0,0.0,3.1914893617021276
bl_rate_q975,2024-02-17_22-33-45,300,10,0.03333333333333333,82,2,0.024390243902439025,0.2,0.03669724770642202,0.7317073170731708
bl_rate_q975,2024-02-22_11-58-09,150,5,0.03333333333333333,13,0,0.0,0.0,0.0364963503649635,0.0
bl_rate_q975,2024-03-11_22-23-29,150,0,0.0,21,0,0.0,,0.0,
bl_rate_q975,2024-04-08_22-49-18,150,14,0.09333333333333334,32,2,0.0625,0.14285714285714285,0.1016949152542373,0.6696428571428571
bl_rate_q975,2024-09-02_14-10-41,150,3,0.02,25,0,0.0,0.0,0.024,0.0
bl_rate_q975,2024-09-04_19-52-57,150,1,0.006666666666666667,32,1,0.03125,1.0,0.0,4.6875
bl_rate_q975,2024-09-05_13-25-10,150,5,0.03333333333333333,14,0,0.0,0.0,0.03676470588235294,0.0
bl_hmm_disagreement,2024-02-15_20-07-54,150,74,0.49333333333333335,59,16,0.2711864406779661,0.21621621621621623,0.6373626373626373,0.549702244617499
bl_hmm_disagreement,2024-02-15_21-40-43,150,97,0.6466666666666666,20,2,0.1,0.020618556701030927,0.7307692307692307,0.15463917525773196
bl_hmm_disagreement,2024-02-15_21-57-38,150,88,0.5866666666666667,47,5,0.10638297872340426,0.056818181818181816,0.8058252427184466,0.18133462282398452
bl_hmm_disagreement,2024-02-17_21-44-37,150,82,0.5466666666666666,47,19,0.40425531914893614,0.23170731707317074,0.6116504854368932,0.7394914374675662
bl_hmm_disagreement,2024-02-17_22-33-45,300,130,0.43333333333333335,82,6,0.07317073170731707,0.046153846153846156,0.5688073394495413,0.16885553470919326
bl_hmm_disagreement,2024-02-22_11-58-09,150,117,0.78,13,7,0.5384615384615384,0.05982905982905983,0.8029197080291971,0.6903353057199211
bl_hmm_disagreement,2024-03-11_22-23-29,150,98,0.6533333333333333,21,11,0.5238095238095238,0.11224489795918367,0.6744186046511628,0.8017492711370262
bl_hmm_disagreement,2024-04-08_22-49-18,150,82,0.5466666666666666,32,15,0.46875,0.18292682926829268,0.5677966101694916,0.8574695121951219
bl_hmm_disagreement,2024-09-02_14-10-41,150,89,0.5933333333333334,25,6,0.24,0.06741573033707865,0.664,0.4044943820224719
bl_hmm_disagreement,2024-09-04_19-52-57,150,75,0.5,32,4,0.125,0.05333333333333334,0.6016949152542372,0.25
bl_hmm_disagreement,2024-09-05_13-25-10,150,77,0.5133333333333333,14,4,0.2857142857142857,0.05194805194805195,0.5367647058823529,0.5565862708719852
bl_practical_or_rate995,2024-02-15_20-07-54,150,9,0.06,59,0,0.0,0.0,0.0989010989010989,0.0
bl_practical_or_rate995,2024-02-15_21-40-43,150,11,0.07333333333333333,20,1,0.05,0.09090909090909091,0.07692307692307693,0.6818181818181819
bl_practical_or_rate995,2024-02-15_21-57-38,150,6,0.04,47,0,0.0,0.0,0.05825242718446602,0.0
bl_practical_or_rate995,2024-02-17_21-44-37,150,13,0.08666666666666667,47,4,0.0851063829787234,0.3076923076923077,0.08737864077669903,0.9819967266775778
bl_practical_or_rate995,2024-02-17_22-33-45,300,18,0.06,82,4,0.04878048780487805,0.2222222222222222,0.06422018348623854,0.8130081300813008
bl_practical_or_rate995,2024-02-22_11-58-09,150,5,0.03333333333333333,13,1,0.07692307692307693,0.2,0.029197080291970802,2.307692307692308
bl_practical_or_rate995,2024-03-11_22-23-29,150,16,0.10666666666666667,21,3,0.14285714285714285,0.1875,0.10077519379844961,1.3392857142857142
bl_practical_or_rate995,2024-04-08_22-49-18,150,4,0.02666666666666667,32,1,0.03125,0.25,0.025423728813559324,1.171875
bl_practical_or_rate995,2024-09-02_14-10-41,150,10,0.06666666666666667,25,0,0.0,0.0,0.08,0.0
bl_practical_or_rate995,2024-09-04_19-52-57,150,7,0.04666666666666667,32,0,0.0,0.0,0.059322033898305086,0.0
bl_practical_or_rate995,2024-09-05_13-25-10,150,40,0.26666666666666666,14,1,0.07142857142857142,0.025,0.2867647058823529,0.26785714285714285
bl_practical_or_crossing,2024-02-15_20-07-54,150,9,0.06,59,0,0.0,0.0,0.0989010989010989,0.0
bl_practical_or_crossing,2024-02-15_21-40-43,150,11,0.07333333333333333,20,1,0.05,0.09090909090909091,0.07692307692307693,0.6818181818181819
bl_practical_or_crossing,2024-02-15_21-57-38,150,6,0.04,47,0,0.0,0.0,0.05825242718446602,0.0
bl_practical_or_crossing,2024-02-17_21-44-37,150,12,0.08,47,3,0.06382978723404255,0.25,0.08737864077669903,0.7978723404255319
bl_practical_or_crossing,2024-02-17_22-33-45,300,17,0.056666666666666664,82,3,0.036585365853658534,0.17647058823529413,0.06422018348623854,0.6456241032998566
bl_practical_or_crossing,2024-02-22_11-58-09,150,3,0.02,13,1,0.07692307692307693,0.3333333333333333,0.014598540145985401,3.846153846153846
bl_practical_or_crossing,2024-03-11_22-23-29,150,16,0.10666666666666667,21,3,0.14285714285714285,0.1875,0.10077519379844961,1.3392857142857142
bl_practical_or_crossing,2024-04-08_22-49-18,150,4,0.02666666666666667,32,1,0.03125,0.25,0.025423728813559324,1.171875
bl_practical_or_crossing,2024-09-02_14-10-41,150,9,0.06,25,0,0.0,0.0,0.072,0.0
bl_practical_or_crossing,2024-09-04_19-52-57,150,7,0.04666666666666667,32,0,0.0,0.0,0.059322033898305086,0.0
bl_practical_or_crossing,2024-09-05_13-25-10,150,37,0.24666666666666667,14,1,0.07142857142857142,0.02702702702702703,0.2647058823529412,0.28957528957528955
bl_two_signal_strict,2024-02-15_20-07-54,150,7,0.04666666666666667,59,0,0.0,0.0,0.07692307692307693,0.0
bl_two_signal_strict,2024-02-15_21-40-43,150,8,0.05333333333333334,20,1,0.05,0.125,0.05384615384615385,0.9375
bl_two_signal_strict,2024-02-15_21-57-38,150,3,0.02,47,0,0.0,0.0,0.02912621359223301,0.0
bl_two_signal_strict,2024-02-17_21-44-37,150,13,0.08666666666666667,47,4,0.0851063829787234,0.3076923076923077,0.08737864077669903,0.9819967266775778
bl_two_signal_strict,2024-02-17_22-33-45,300,14,0.04666666666666667,82,4,0.04878048780487805,0.2857142857142857,0.045871559633027525,1.0452961672473868
bl_two_signal_strict,2024-02-22_11-58-09,150,3,0.02,13,1,0.07692307692307693,0.3333333333333333,0.014598540145985401,3.846153846153846
bl_two_signal_strict,2024-03-11_22-23-29,150,13,0.08666666666666667,21,3,0.14285714285714285,0.23076923076923078,0.07751937984496124,1.6483516483516483
bl_two_signal_strict,2024-04-08_22-49-18,150,6,0.04,32,2,0.0625,0.3333333333333333,0.03389830508474576,1.5624999999999998
bl_two_signal_strict,2024-09-02_14-10-41,150,8,0.05333333333333334,25,0,0.0,0.0,0.064,0.0
bl_two_signal_strict,2024-09-04_19-52-57,150,1,0.006666666666666667,32,0,0.0,0.0,0.00847457627118644,0.0
bl_two_signal_strict,2024-09-05_13-25-10,150,10,0.06666666666666667,14,1,0.07142857142857142,0.1,0.0661764705882353,1.0714285714285714
wl_model_agreement,2024-02-15_20-07-54,150,74,0.49333333333333335,59,16,0.2711864406779661,0.21621621621621623,0.6373626373626373,0.549702244617499
wl_model_agreement,2024-02-15_21-40-43,150,97,0.6466666666666666,20,2,0.1,0.020618556701030927,0.7307692307692307,0.15463917525773196
wl_model_agreement,2024-02-15_21-57-38,150,88,0.5866666666666667,47,5,0.10638297872340426,0.056818181818181816,0.8058252427184466,0.18133462282398452
wl_model_agreement,2024-02-17_21-44-37,150,82,0.5466666666666666,47,19,0.40425531914893614,0.23170731707317074,0.6116504854368932,0.7394914374675662
wl_model_agreement,2024-02-17_22-33-45,300,130,0.43333333333333335,82,6,0.07317073170731707,0.046153846153846156,0.5688073394495413,0.16885553470919326
wl_model_agreement,2024-02-22_11-58-09,150,117,0.78,13,7,0.5384615384615384,0.05982905982905983,0.8029197080291971,0.6903353057199211
wl_model_agreement,2024-03-11_22-23-29,150,98,0.6533333333333333,21,11,0.5238095238095238,0.11224489795918367,0.6744186046511628,0.8017492711370262
wl_model_agreement,2024-04-08_22-49-18,150,82,0.5466666666666666,32,15,0.46875,0.18292682926829268,0.5677966101694916,0.8574695121951219
wl_model_agreement,2024-09-02_14-10-41,150,89,0.5933333333333334,25,6,0.24,0.06741573033707865,0.664,0.4044943820224719
wl_model_agreement,2024-09-04_19-52-57,150,75,0.5,32,4,0.125,0.05333333333333334,0.6016949152542372,0.25
wl_model_agreement,2024-09-05_13-25-10,150,77,0.5133333333333333,14,4,0.2857142857142857,0.05194805194805195,0.5367647058823529,0.5565862708719852
wl_strict_obvious,2024-02-15_20-07-54,150,89,0.5933333333333334,59,20,0.3389830508474576,0.2247191011235955,0.7582417582417582,0.5713197486193107
wl_strict_obvious,2024-02-15_21-40-43,150,107,0.7133333333333334,20,3,0.15,0.028037383177570093,0.8,0.2102803738317757
wl_strict_obvious,2024-02-15_21-57-38,150,98,0.6533333333333333,47,6,0.1276595744680851,0.061224489795918366,0.8932038834951457,0.19539730785931392
wl_strict_obvious,2024-02-17_21-44-37,150,89,0.5933333333333334,47,19,0.40425531914893614,0.21348314606741572,0.6796116504854369,0.6813291895768586
wl_strict_obvious,2024-02-17_22-33-45,300,180,0.6,82,11,0.13414634146341464,0.06111111111111111,0.7752293577981652,0.22357723577235772
wl_strict_obvious,2024-02-22_11-58-09,150,138,0.92,13,7,0.5384615384615384,0.050724637681159424,0.9562043795620438,0.5852842809364549
wl_strict_obvious,2024-03-11_22-23-29,150,112,0.7466666666666667,21,11,0.5238095238095238,0.09821428571428571,0.7829457364341085,0.7015306122448979
wl_strict_obvious,2024-04-08_22-49-18,150,108,0.72,32,16,0.5,0.14814814814814814,0.7796610169491526,0.6944444444444443
wl_strict_obvious,2024-09-02_14-10-41,150,104,0.6933333333333334,25,8,0.32,0.07692307692307693,0.768,0.46153846153846156
wl_strict_obvious,2024-09-04_19-52-57,150,104,0.6933333333333334,32,4,0.125,0.038461538461538464,0.847457627118644,0.18028846153846154
wl_strict_obvious,2024-09-05_13-25-10,150,110,0.7333333333333333,14,4,0.2857142857142857,0.03636363636363636,0.7794117647058824,0.3896103896103896
hy_direct_plus_corroborated,2024-02-15_20-07-54,150,9,0.06,59,0,0.0,0.0,0.0989010989010989,0.0
hy_direct_plus_corroborated,2024-02-15_21-40-43,150,11,0.07333333333333333,20,1,0.05,0.09090909090909091,0.07692307692307693,0.6818181818181819
hy_direct_plus_corroborated,2024-02-15_21-57-38,150,6,0.04,47,0,0.0,0.0,0.05825242718446602,0.0
hy_direct_plus_corroborated,2024-02-17_21-44-37,150,13,0.08666666666666667,47,4,0.0851063829787234,0.3076923076923077,0.08737864077669903,0.9819967266775778
hy_direct_plus_corroborated,2024-02-17_22-33-45,300,20,0.06666666666666667,82,4,0.04878048780487805,0.2,0.07339449541284404,0.7317073170731708
hy_direct_plus_corroborated,2024-02-22_11-58-09,150,4,0.02666666666666667,13,1,0.07692307692307693,0.25,0.021897810218978103,2.8846153846153846
hy_direct_plus_corroborated,2024-03-11_22-23-29,150,16,0.10666666666666667,21,3,0.14285714285714285,0.1875,0.10077519379844961,1.3392857142857142
hy_direct_plus_corroborated,2024-04-08_22-49-18,150,6,0.04,32,2,0.0625,0.3333333333333333,0.03389830508474576,1.5624999999999998
hy_direct_plus_corroborated,2024-09-02_14-10-41,150,9,0.06,25,0,0.0,0.0,0.072,0.0
hy_direct_plus_corroborated,2024-09-04_19-52-57,150,7,0.04666666666666667,32,0,0.0,0.0,0.059322033898305086,0.0
hy_direct_plus_corroborated,2024-09-05_13-25-10,150,38,0.25333333333333335,14,1,0.07142857142857142,0.02631578947368421,0.27205882352941174,0.28195488721804507
hy_two_of_three_families,2024-02-15_20-07-54,150,9,0.06,59,0,0.0,0.0,0.0989010989010989,0.0
hy_two_of_three_families,2024-02-15_21-40-43,150,13,0.08666666666666667,20,2,0.1,0.15384615384615385,0.08461538461538462,1.153846153846154
hy_two_of_three_families,2024-02-15_21-57-38,150,18,0.12,47,1,0.02127659574468085,0.05555555555555555,0.1650485436893204,0.17730496453900707
hy_two_of_three_families,2024-02-17_21-44-37,150,17,0.11333333333333333,47,5,0.10638297872340426,0.29411764705882354,0.11650485436893204,0.9386733416770964
hy_two_of_three_families,2024-02-17_22-33-45,300,30,0.1,82,5,0.06097560975609756,0.16666666666666666,0.11467889908256881,0.6097560975609756
hy_two_of_three_families,2024-02-22_11-58-09,150,8,0.05333333333333334,13,1,0.07692307692307693,0.125,0.051094890510948905,1.4423076923076923
hy_two_of_three_families,2024-03-11_22-23-29,150,24,0.16,21,4,0.19047619047619047,0.16666666666666666,0.15503875968992248,1.1904761904761902
hy_two_of_three_families,2024-04-08_22-49-18,150,12,0.08,32,4,0.125,0.3333333333333333,0.06779661016949153,1.5624999999999998
hy_two_of_three_families,2024-09-02_14-10-41,150,9,0.06,25,0,0.0,0.0,0.072,0.0
hy_two_of_three_families,2024-09-04_19-52-57,150,17,0.11333333333333333,32,1,0.03125,0.058823529411764705,0.13559322033898305,0.275735294117647
hy_two_of_three_families,2024-09-05_13-25-10,150,12,0.08,14,1,0.07142857142857142,0.08333333333333333,0.08088235294117647,0.8928571428571428
hy_hierarchical,2024-02-15_20-07-54,150,11,0.07333333333333333,59,0,0.0,0.0,0.12087912087912088,0.0
hy_hierarchical,2024-02-15_21-40-43,150,16,0.10666666666666667,20,2,0.1,0.125,0.1076923076923077,0.9375
hy_hierarchical,2024-02-15_21-57-38,150,21,0.14,47,1,0.02127659574468085,0.047619047619047616,0.1941747572815534,0.1519756838905775
hy_hierarchical,2024-02-17_21-44-37,150,18,0.12,47,5,0.10638297872340426,0.2777777777777778,0.1262135922330097,0.8865248226950354
hy_hierarchical,2024-02-17_22-33-45,300,35,0.11666666666666667,82,4,0.04878048780487805,0.11428571428571428,0.14220183486238533,0.4181184668989547
hy_hierarchical,2024-02-22_11-58-09,150,9,0.06,13,1,0.07692307692307693,0.1111111111111111,0.058394160583941604,1.282051282051282
hy_hierarchical,2024-03-11_22-23-29,150,27,0.18,21,4,0.19047619047619047,0.14814814814814814,0.17829457364341086,1.0582010582010581
hy_hierarchical,2024-04-08_22-49-18,150,12,0.08,32,4,0.125,0.3333333333333333,0.06779661016949153,1.5624999999999998
hy_hierarchical,2024-09-02_14-10-41,150,10,0.06666666666666667,25,0,0.0,0.0,0.08,0.0
hy_hierarchical,2024-09-04_19-52-57,150,23,0.15333333333333332,32,1,0.03125,0.043478260869565216,0.1864406779661017,0.20380434782608695
hy_hierarchical,2024-09-05_13-25-10,150,40,0.26666666666666666,14,1,0.07142857142857142,0.025,0.2867647058823529,0.26785714285714285
ni_k2_r1,2024-02-15_20-07-54,150,13,0.08666666666666667,59,0,0.0,0.0,0.14285714285714285,0.0
ni_k2_r1,2024-02-15_21-40-43,150,4,0.02666666666666667,20,1,0.05,0.25,0.023076923076923078,1.875
ni_k2_r1,2024-02-15_21-57-38,150,15,0.1,47,1,0.02127659574468085,0.06666666666666667,0.13592233009708737,0.21276595744680848
ni_k2_r1,2024-02-17_21-44-37,150,6,0.04,47,2,0.0425531914893617,0.3333333333333333,0.038834951456310676,1.0638297872340425
ni_k2_r1,2024-02-17_22-33-45,300,25,0.08333333333333333,82,2,0.024390243902439025,0.08,0.10550458715596331,0.29268292682926833
ni_k2_r1,2024-02-22_11-58-09,150,2,0.013333333333333334,13,0,0.0,0.0,0.014598540145985401,0.0
ni_k2_r1,2024-03-11_22-23-29,150,4,0.02666666666666667,21,0,0.0,0.0,0.031007751937984496,0.0
ni_k2_r1,2024-04-08_22-49-18,150,2,0.013333333333333334,32,0,0.0,0.0,0.01694915254237288,0.0
ni_k2_r1,2024-09-02_14-10-41,150,0,0.0,25,0,0.0,,0.0,
ni_k2_r1,2024-09-04_19-52-57,150,0,0.0,32,0,0.0,,0.0,
ni_k2_r1,2024-09-05_13-25-10,150,0,0.0,14,0,0.0,,0.0,
ni_k2_r2,2024-02-15_20-07-54,150,21,0.14,59,1,0.01694915254237288,0.047619047619047616,0.21978021978021978,0.12106537530266344
ni_k2_r2,2024-02-15_21-40-43,150,8,0.05333333333333334,20,1,0.05,0.125,0.05384615384615385,0.9375
ni_k2_r2,2024-02-15_21-57-38,150,29,0.19333333333333333,47,3,0.06382978723404255,0.10344827586206896,0.2524271844660194,0.33015407190022006
ni_k2_r2,2024-02-17_21-44-37,150,11,0.07333333333333333,47,3,0.06382978723404255,0.2727272727272727,0.07766990291262135,0.8704061895551256
ni_k2_r2,2024-02-17_22-33-45,300,43,0.14333333333333334,82,3,0.036585365853658534,0.06976744186046512,0.1834862385321101,0.2552467385138968
ni_k2_r2,2024-02-22_11-58-09,150,4,0.02666666666666667,13,0,0.0,0.0,0.029197080291970802,0.0
ni_k2_r2,2024-03-11_22-23-29,150,8,0.05333333333333334,21,2,0.09523809523809523,0.25,0.046511627906976744,1.7857142857142856
ni_k2_r2,2024-04-08_22-49-18,150,4,0.02666666666666667,32,1,0.03125,0.25,0.025423728813559324,1.171875
ni_k2_r2,2024-09-02_14-10-41,150,0,0.0,25,0,0.0,,0.0,
ni_k2_r2,2024-09-04_19-52-57,150,0,0.0,32,0,0.0,,0.0,
ni_k2_r2,2024-09-05_13-25-10,150,0,0.0,14,0,0.0,,0.0,
ni_k2_r4,2024-02-15_20-07-54,150,37,0.24666666666666667,59,5,0.0847457627118644,0.13513513513513514,0.3516483516483517,0.3435639028859368
ni_k2_r4,2024-02-15_21-40-43,150,16,0.10666666666666667,20,1,0.05,0.0625,0.11538461538461539,0.46875
ni_k2_r4,2024-02-15_21-57-38,150,51,0.34,47,4,0.0851063829787234,0.0784313725490196,0.4563106796116505,0.2503128911138923
ni_k2_r4,2024-02-17_21-44-37,150,19,0.12666666666666668,47,4,0.0851063829787234,0.21052631578947367,0.14563106796116504,0.6718924972004479
ni_k2_r4,2024-02-17_22-33-45,300,70,0.23333333333333334,82,4,0.04878048780487805,0.05714285714285714,0.30275229357798167,0.20905923344947736
ni_k2_r4,2024-02-22_11-58-09,150,8,0.05333333333333334,13,0,0.0,0.0,0.058394160583941604,0.0
ni_k2_r4,2024-03-11_22-23-29,150,15,0.1,21,2,0.09523809523809523,0.13333333333333333,0.10077519379844961,0.9523809523809523
ni_k2_r4,2024-04-08_22-49-18,150,8,0.05333333333333334,32,1,0.03125,0.125,0.059322033898305086,0.5859375
ni_k2_r4,2024-09-02_14-10-41,150,0,0.0,25,0,0.0,,0.0,
ni_k2_r4,2024-09-04_19-52-57,150,0,0.0,32,0,0.0,,0.0,
ni_k2_r4,2024-09-05_13-25-10,150,0,0.0,14,0,0.0,,0.0,
ni_k3_r1,2024-02-15_20-07-54,150,7,0.04666666666666667,59,0,0.0,0.0,0.07692307692307693,0.0
ni_k3_r1,2024-02-15_21-40-43,150,0,0.0,20,0,0.0,,0.0,
ni_k3_r1,2024-02-15_21-57-38,150,4,0.02666666666666667,47,1,0.02127659574468085,0.25,0.02912621359223301,0.7978723404255319
ni_k3_r1,2024-02-17_21-44-37,150,0,0.0,47,0,0.0,,0.0,
ni_k3_r1,2024-02-17_22-33-45,300,6,0.02,82,1,0.012195121951219513,0.16666666666666666,0.022935779816513763,0.6097560975609756
ni_k3_r1,2024-02-22_11-58-09,150,0,0.0,13,0,0.0,,0.0,
ni_k3_r1,2024-03-11_22-23-29,150,0,0.0,21,0,0.0,,0.0,
ni_k3_r1,2024-04-08_22-49-18,150,0,0.0,32,0,0.0,,0.0,
ni_k3_r1,2024-09-02_14-10-41,150,0,0.0,25,0,0.0,,0.0,
ni_k3_r1,2024-09-04_19-52-57,150,0,0.0,32,0,0.0,,0.0,
ni_k3_r1,2024-09-05_13-25-10,150,0,0.0,14,0,0.0,,0.0,
ni_k3_r2,2024-02-15_20-07-54,150,13,0.08666666666666667,59,0,0.0,0.0,0.14285714285714285,0.0
ni_k3_r2,2024-02-15_21-40-43,150,0,0.0,20,0,0.0,,0.0,
ni_k3_r2,2024-02-15_21-57-38,150,8,0.05333333333333334,47,3,0.06382978723404255,0.375,0.04854368932038835,1.1968085106382977
ni_k3_r2,2024-02-17_21-44-37,150,0,0.0,47,0,0.0,,0.0,
ni_k3_r2,2024-02-17_22-33-45,300,12,0.04,82,2,0.024390243902439025,0.16666666666666666,0.045871559633027525,0.6097560975609756
ni_k3_r2,2024-02-22_11-58-09,150,0,0.0,13,0,0.0,,0.0,
ni_k3_r2,2024-03-11_22-23-29,150,0,0.0,21,0,0.0,,0.0,
ni_k3_r2,2024-04-08_22-49-18,150,0,0.0,32,0,0.0,,0.0,
ni_k3_r2,2024-09-02_14-10-41,150,0,0.0,25,0,0.0,,0.0,
ni_k3_r2,2024-09-04_19-52-57,150,0,0.0,32,0,0.0,,0.0,
ni_k3_r2,2024-09-05_13-25-10,150,0,0.0,14,0,0.0,,0.0,
ni_k3_r4,2024-02-15_20-07-54,150,25,0.16666666666666666,59,4,0.06779661016949153,0.16,0.23076923076923078,0.4067796610169492
ni_k3_r4,2024-02-15_21-40-43,150,0,0.0,20,0,0.0,,0.0,
ni_k3_r4,2024-02-15_21-57-38,150,15,0.1,47,3,0.06382978723404255,0.2,0.11650485436893204,0.6382978723404256
ni_k3_r4,2024-02-17_21-44-37,150,0,0.0,47,0,0.0,,0.0,
ni_k3_r4,2024-02-17_22-33-45,300,24,0.08,82,2,0.024390243902439025,0.08333333333333333,0.10091743119266056,0.3048780487804878
ni_k3_r4,2024-02-22_11-58-09,150,0,0.0,13,0,0.0,,0.0,
ni_k3_r4,2024-03-11_22-23-29,150,0,0.0,21,0,0.0,,0.0,
ni_k3_r4,2024-04-08_22-49-18,150,0,0.0,32,0,0.0,,0.0,
ni_k3_r4,2024-09-02_14-10-41,150,0,0.0,25,0,0.0,,0.0,
ni_k3_r4,2024-09-04_19-52-57,150,0,0.0,32,0,0.0,,0.0,
ni_k3_r4,2024-09-05_13-25-10,150,0,0.0,14,0,0.0,,0.0,
ni_k5_r1,2024-02-15_20-07-54,150,0,0.0,59,0,0.0,,0.0,
ni_k5_r1,2024-02-15_21-40-43,150,0,0.0,20,0,0.0,,0.0,
ni_k5_r1,2024-02-15_21-57-38,150,0,0.0,47,0,0.0,,0.0,
ni_k5_r1,2024-02-17_21-44-37,150,0,0.0,47,0,0.0,,0.0,
ni_k5_r1,2024-02-17_22-33-45,300,0,0.0,82,0,0.0,,0.0,
ni_k5_r1,2024-02-22_11-58-09,150,0,0.0,13,0,0.0,,0.0,
ni_k5_r1,2024-03-11_22-23-29,150,0,0.0,21,0,0.0,,0.0,
ni_k5_r1,2024-04-08_22-49-18,150,0,0.0,32,0,0.0,,0.0,
ni_k5_r1,2024-09-02_14-10-41,150,0,0.0,25,0,0.0,,0.0,
ni_k5_r1,2024-09-04_19-52-57,150,0,0.0,32,0,0.0,,0.0,
ni_k5_r1,2024-09-05_13-25-10,150,0,0.0,14,0,0.0,,0.0,
ni_k5_r2,2024-02-15_20-07-54,150,0,0.0,59,0,0.0,,0.0,
ni_k5_r2,2024-02-15_21-40-43,150,0,0.0,20,0,0.0,,0.0,
ni_k5_r2,2024-02-15_21-57-38,150,0,0.0,47,0,0.0,,0.0,
ni_k5_r2,2024-02-17_21-44-37,150,0,0.0,47,0,0.0,,0.0,
ni_k5_r2,2024-02-17_22-33-45,300,0,0.0,82,0,0.0,,0.0,
ni_k5_r2,2024-02-22_11-58-09,150,0,0.0,13,0,0.0,,0.0,
ni_k5_r2,2024-03-11_22-23-29,150,0,0.0,21,0,0.0,,0.0,
ni_k5_r2,2024-04-08_22-49-18,150,0,0.0,32,0,0.0,,0.0,
ni_k5_r2,2024-09-02_14-10-41,150,0,0.0,25,0,0.0,,0.0,
ni_k5_r2,2024-09-04_19-52-57,150,0,0.0,32,0,0.0,,0.0,
ni_k5_r2,2024-09-05_13-25-10,150,0,0.0,14,0,0.0,,0.0,
ni_k5_r4,2024-02-15_20-07-54,150,0,0.0,59,0,0.0,,0.0,
ni_k5_r4,2024-02-15_21-40-43,150,0,0.0,20,0,0.0,,0.0,
ni_k5_r4,2024-02-15_21-57-38,150,0,0.0,47,0,0.0,,0.0,
ni_k5_r4,2024-02-17_21-44-37,150,0,0.0,47,0,0.0,,0.0,
ni_k5_r4,2024-02-17_22-33-45,300,0,0.0,82,0,0.0,,0.0,
ni_k5_r4,2024-02-22_11-58-09,150,0,0.0,13,0,0.0,,0.0,
ni_k5_r4,2024-03-11_22-23-29,150,0,0.0,21,0,0.0,,0.0,
ni_k5_r4,2024-04-08_22-49-18,150,0,0.0,32,0,0.0,,0.0,
ni_k5_r4,2024-09-02_14-10-41,150,0,0.0,25,0,0.0,,0.0,
ni_k5_r4,2024-09-04_19-52-57,150,0,0.0,32,0,0.0,,0.0,
ni_k5_r4,2024-09-05_13-25-10,150,0,0.0,14,0,0.0,,0.0,
ni_w5_q995,2024-02-15_20-07-54,150,1,0.006666666666666667,59,0,0.0,0.0,0.01098901098901099,0.0
ni_w5_q995,2024-02-15_21-40-43,150,0,0.0,20,0,0.0,,0.0,
ni_w5_q995,2024-02-15_21-57-38,150,1,0.006666666666666667,47,0,0.0,0.0,0.009708737864077669,0.0
ni_w5_q995,2024-02-17_21-44-37,150,0,0.0,47,0,0.0,,0.0,
ni_w5_q995,2024-02-17_22-33-45,300,1,0.0033333333333333335,82,0,0.0,0.0,0.0045871559633027525,0.0
ni_w5_q995,2024-02-22_11-58-09,150,0,0.0,13,0,0.0,,0.0,
ni_w5_q995,2024-03-11_22-23-29,150,0,0.0,21,0,0.0,,0.0,
ni_w5_q995,2024-04-08_22-49-18,150,0,0.0,32,0,0.0,,0.0,
ni_w5_q995,2024-09-02_14-10-41,150,0,0.0,25,0,0.0,,0.0,
ni_w5_q995,2024-09-04_19-52-57,150,0,0.0,32,0,0.0,,0.0,
ni_w5_q995,2024-09-05_13-25-10,150,0,0.0,14,0,0.0,,0.0,
ni_w5_q990,2024-02-15_20-07-54,150,8,0.05333333333333334,59,0,0.0,0.0,0.08791208791208792,0.0
ni_w5_q990,2024-02-15_21-40-43,150,0,0.0,20,0,0.0,,0.0,
ni_w5_q990,2024-02-15_21-57-38,150,1,0.006666666666666667,47,0,0.0,0.0,0.009708737864077669,0.0
ni_w5_q990,2024-02-17_21-44-37,150,0,0.0,47,0,0.0,,0.0,
ni_w5_q990,2024-02-17_22-33-45,300,1,0.0033333333333333335,82,0,0.0,0.0,0.0045871559633027525,0.0
ni_w5_q990,2024-02-22_11-58-09,150,0,0.0,13,0,0.0,,0.0,
ni_w5_q990,2024-03-11_22-23-29,150,0,0.0,21,0,0.0,,0.0,
ni_w5_q990,2024-04-08_22-49-18,150,0,0.0,32,0,0.0,,0.0,
ni_w5_q990,2024-09-02_14-10-41,150,0,0.0,25,0,0.0,,0.0,
ni_w5_q990,2024-09-04_19-52-57,150,0,0.0,32,0,0.0,,0.0,
ni_w5_q990,2024-09-05_13-25-10,150,0,0.0,14,0,0.0,,0.0,
ni_w5_q975,2024-02-15_20-07-54,150,8,0.05333333333333334,59,0,0.0,0.0,0.08791208791208792,0.0
ni_w5_q975,2024-02-15_21-40-43,150,0,0.0,20,0,0.0,,0.0,
ni_w5_q975,2024-02-15_21-57-38,150,6,0.04,47,1,0.02127659574468085,0.16666666666666666,0.04854368932038835,0.5319148936170213
ni_w5_q975,2024-02-17_21-44-37,150,3,0.02,47,2,0.0425531914893617,0.6666666666666666,0.009708737864077669,2.127659574468085
ni_w5_q975,2024-02-17_22-33-45,300,16,0.05333333333333334,82,2,0.024390243902439025,0.125,0.06422018348623854,0.4573170731707317
ni_w5_q975,2024-02-22_11-58-09,150,0,0.0,13,0,0.0,,0.0,
ni_w5_q975,2024-03-11_22-23-29,150,0,0.0,21,0,0.0,,0.0,
ni_w5_q975,2024-04-08_22-49-18,150,0,0.0,32,0,0.0,,0.0,
ni_w5_q975,2024-09-02_14-10-41,150,0,0.0,25,0,0.0,,0.0,
ni_w5_q975,2024-09-04_19-52-57,150,0,0.0,32,0,0.0,,0.0,
ni_w5_q975,2024-09-05_13-25-10,150,0,0.0,14,0,0.0,,0.0,
ni_w9_q995,2024-02-15_20-07-54,150,6,0.04,59,0,0.0,0.0,0.06593406593406594,0.0
ni_w9_q995,2024-02-15_21-40-43,150,0,0.0,20,0,0.0,,0.0,
ni_w9_q995,2024-02-15_21-57-38,150,0,0.0,47,0,0.0,,0.0,
ni_w9_q995,2024-02-17_21-44-37,150,0,0.0,47,0,0.0,,0.0,
ni_w9_q995,2024-02-17_22-33-45,300,2,0.006666666666666667,82,0,0.0,0.0,0.009174311926605505,0.0
ni_w9_q995,2024-02-22_11-58-09,150,0,0.0,13,0,0.0,,0.0,
ni_w9_q995,2024-03-11_22-23-29,150,0,0.0,21,0,0.0,,0.0,
ni_w9_q995,2024-04-08_22-49-18,150,0,0.0,32,0,0.0,,0.0,
ni_w9_q995,2024-09-02_14-10-41,150,0,0.0,25,0,0.0,,0.0,
ni_w9_q995,2024-09-04_19-52-57,150,0,0.0,32,0,0.0,,0.0,
ni_w9_q995,2024-09-05_13-25-10,150,0,0.0,14,0,0.0,,0.0,
ni_w9_q990,2024-02-15_20-07-54,150,6,0.04,59,0,0.0,0.0,0.06593406593406594,0.0
ni_w9_q990,2024-02-15_21-40-43,150,0,0.0,20,0,0.0,,0.0,
ni_w9_q990,2024-02-15_21-57-38,150,2,0.013333333333333334,47,0,0.0,0.0,0.019417475728155338,0.0
ni_w9_q990,2024-02-17_21-44-37,150,0,0.0,47,0,0.0,,0.0,
ni_w9_q990,2024-02-17_22-33-45,300,15,0.05,82,1,0.012195121951219513,0.06666666666666667,0.06422018348623854,0.24390243902439027
ni_w9_q990,2024-02-22_11-58-09,150,0,0.0,13,0,0.0,,0.0,
ni_w9_q990,2024-03-11_22-23-29,150,0,0.0,21,0,0.0,,0.0,
ni_w9_q990,2024-04-08_22-49-18,150,0,0.0,32,0,0.0,,0.0,
ni_w9_q990,2024-09-02_14-10-41,150,0,0.0,25,0,0.0,,0.0,
ni_w9_q990,2024-09-04_19-52-57,150,0,0.0,32,0,0.0,,0.0,
ni_w9_q990,2024-09-05_13-25-10,150,0,0.0,14,0,0.0,,0.0,
ni_w9_q975,2024-02-15_20-07-54,150,6,0.04,59,0,0.0,0.0,0.06593406593406594,0.0
ni_w9_q975,2024-02-15_21-40-43,150,0,0.0,20,0,0.0,,0.0,
ni_w9_q975,2024-02-15_21-57-38,150,2,0.013333333333333334,47,0,0.0,0.0,0.019417475728155338,0.0
ni_w9_q975,2024-02-17_21-44-37,150,2,0.013333333333333334,47,1,0.02127659574468085,0.5,0.009708737864077669,1.5957446808510638
ni_w9_q975,2024-02-17_22-33-45,300,33,0.11,82,3,0.036585365853658534,0.09090909090909091,0.13761467889908258,0.33259423503325947
ni_w9_q975,2024-02-22_11-58-09,150,0,0.0,13,0,0.0,,0.0,
ni_w9_q975,2024-03-11_22-23-29,150,0,0.0,21,0,0.0,,0.0,
ni_w9_q975,2024-04-08_22-49-18,150,0,0.0,32,0,0.0,,0.0,
ni_w9_q975,2024-09-02_14-10-41,150,0,0.0,25,0,0.0,,0.0,
ni_w9_q975,2024-09-04_19-52-57,150,0,0.0,32,0,0.0,,0.0,
ni_w9_q975,2024-09-05_13-25-10,150,0,0.0,14,0,0.0,,0.0,
ni_w17_q995,2024-02-15_20-07-54,150,0,0.0,59,0,0.0,,0.0,
ni_w17_q995,2024-02-15_21-40-43,150,0,0.0,20,0,0.0,,0.0,
ni_w17_q995,2024-02-15_21-57-38,150,0,0.0,47,0,0.0,,0.0,
ni_w17_q995,2024-02-17_21-44-37,150,0,0.0,47,0,0.0,,0.0,
ni_w17_q995,2024-02-17_22-33-45,300,17,0.056666666666666664,82,1,0.012195121951219513,0.058823529411764705,0.07339449541284404,0.2152080344332855
ni_w17_q995,2024-02-22_11-58-09,150,0,0.0,13,0,0.0,,0.0,
ni_w17_q995,2024-03-11_22-23-29,150,0,0.0,21,0,0.0,,0.0,
ni_w17_q995,2024-04-08_22-49-18,150,0,0.0,32,0,0.0,,0.0,
ni_w17_q995,2024-09-02_14-10-41,150,0,0.0,25,0,0.0,,0.0,
ni_w17_q995,2024-09-04_19-52-57,150,0,0.0,32,0,0.0,,0.0,
ni_w17_q995,2024-09-05_13-25-10,150,0,0.0,14,0,0.0,,0.0,
ni_w17_q990,2024-02-15_20-07-54,150,2,0.013333333333333334,59,0,0.0,0.0,0.02197802197802198,0.0
ni_w17_q990,2024-02-15_21-40-43,150,0,0.0,20,0,0.0,,0.0,
ni_w17_q990,2024-02-15_21-57-38,150,0,0.0,47,0,0.0,,0.0,
ni_w17_q990,2024-02-17_21-44-37,150,0,0.0,47,0,0.0,,0.0,
ni_w17_q990,2024-02-17_22-33-45,300,17,0.056666666666666664,82,1,0.012195121951219513,0.058823529411764705,0.07339449541284404,0.2152080344332855
ni_w17_q990,2024-02-22_11-58-09,150,0,0.0,13,0,0.0,,0.0,
ni_w17_q990,2024-03-11_22-23-29,150,0,0.0,21,0,0.0,,0.0,
ni_w17_q990,2024-04-08_22-49-18,150,0,0.0,32,0,0.0,,0.0,
ni_w17_q990,2024-09-02_14-10-41,150,0,0.0,25,0,0.0,,0.0,
ni_w17_q990,2024-09-04_19-52-57,150,0,0.0,32,0,0.0,,0.0,
ni_w17_q990,2024-09-05_13-25-10,150,0,0.0,14,0,0.0,,0.0,
ni_w17_q975,2024-02-15_20-07-54,150,9,0.06,59,0,0.0,0.0,0.0989010989010989,0.0
ni_w17_q975,2024-02-15_21-40-43,150,0,0.0,20,0,0.0,,0.0,
ni_w17_q975,2024-02-15_21-57-38,150,1,0.006666666666666667,47,0,0.0,0.0,0.009708737864077669,0.0
ni_w17_q975,2024-02-17_21-44-37,150,0,0.0,47,0,0.0,,0.0,
ni_w17_q975,2024-02-17_22-33-45,300,20,0.06666666666666667,82,1,0.012195121951219513,0.05,0.0871559633027523,0.1829268292682927
ni_w17_q975,2024-02-22_11-58-09,150,0,0.0,13,0,0.0,,0.0,
ni_w17_q975,2024-03-11_22-23-29,150,0,0.0,21,0,0.0,,0.0,
ni_w17_q975,2024-04-08_22-49-18,150,0,0.0,32,0,0.0,,0.0,
ni_w17_q975,2024-09-02_14-10-41,150,0,0.0,25,0,0.0,,0.0,
ni_w17_q975,2024-09-04_19-52-57,150,0,0.0,32,0,0.0,,0.0,
ni_w17_q975,2024-09-05_13-25-10,150,0,0.0,14,0,0.0,,0.0,
mandatory_missing__ni_k2_r1,2024-02-15_20-07-54,150,13,0.08666666666666667,59,0,0.0,0.0,0.14285714285714285,0.0
mandatory_missing__ni_k2_r1,2024-02-15_21-40-43,150,4,0.02666666666666667,20,1,0.05,0.25,0.023076923076923078,1.875
mandatory_missing__ni_k2_r1,2024-02-15_21-57-38,150,15,0.1,47,1,0.02127659574468085,0.06666666666666667,0.13592233009708737,0.21276595744680848
mandatory_missing__ni_k2_r1,2024-02-17_21-44-37,150,6,0.04,47,2,0.0425531914893617,0.3333333333333333,0.038834951456310676,1.0638297872340425
mandatory_missing__ni_k2_r1,2024-02-17_22-33-45,300,25,0.08333333333333333,82,2,0.024390243902439025,0.08,0.10550458715596331,0.29268292682926833
mandatory_missing__ni_k2_r1,2024-02-22_11-58-09,150,2,0.013333333333333334,13,0,0.0,0.0,0.014598540145985401,0.0
mandatory_missing__ni_k2_r1,2024-03-11_22-23-29,150,4,0.02666666666666667,21,0,0.0,0.0,0.031007751937984496,0.0
mandatory_missing__ni_k2_r1,2024-04-08_22-49-18,150,2,0.013333333333333334,32,0,0.0,0.0,0.01694915254237288,0.0
mandatory_missing__ni_k2_r1,2024-09-02_14-10-41,150,0,0.0,25,0,0.0,,0.0,
mandatory_missing__ni_k2_r1,2024-09-04_19-52-57,150,0,0.0,32,0,0.0,,0.0,
mandatory_missing__ni_k2_r1,2024-09-05_13-25-10,150,0,0.0,14,0,0.0,,0.0,
mandatory_missing__ni_k2_r2,2024-02-15_20-07-54,150,21,0.14,59,1,0.01694915254237288,0.047619047619047616,0.21978021978021978,0.12106537530266344
mandatory_missing__ni_k2_r2,2024-02-15_21-40-43,150,8,0.05333333333333334,20,1,0.05,0.125,0.05384615384615385,0.9375
mandatory_missing__ni_k2_r2,2024-02-15_21-57-38,150,29,0.19333333333333333,47,3,0.06382978723404255,0.10344827586206896,0.2524271844660194,0.33015407190022006
mandatory_missing__ni_k2_r2,2024-02-17_21-44-37,150,11,0.07333333333333333,47,3,0.06382978723404255,0.2727272727272727,0.07766990291262135,0.8704061895551256
mandatory_missing__ni_k2_r2,2024-02-17_22-33-45,300,43,0.14333333333333334,82,3,0.036585365853658534,0.06976744186046512,0.1834862385321101,0.2552467385138968
mandatory_missing__ni_k2_r2,2024-02-22_11-58-09,150,4,0.02666666666666667,13,0,0.0,0.0,0.029197080291970802,0.0
mandatory_missing__ni_k2_r2,2024-03-11_22-23-29,150,8,0.05333333333333334,21,2,0.09523809523809523,0.25,0.046511627906976744,1.7857142857142856
mandatory_missing__ni_k2_r2,2024-04-08_22-49-18,150,4,0.02666666666666667,32,1,0.03125,0.25,0.025423728813559324,1.171875
mandatory_missing__ni_k2_r2,2024-09-02_14-10-41,150,0,0.0,25,0,0.0,,0.0,
mandatory_missing__ni_k2_r2,2024-09-04_19-52-57,150,0,0.0,32,0,0.0,,0.0,
mandatory_missing__ni_k2_r2,2024-09-05_13-25-10,150,0,0.0,14,0,0.0,,0.0,
mandatory_missing__ni_k2_r4,2024-02-15_20-07-54,150,37,0.24666666666666667,59,5,0.0847457627118644,0.13513513513513514,0.3516483516483517,0.3435639028859368
mandatory_missing__ni_k2_r4,2024-02-15_21-40-43,150,16,0.10666666666666667,20,1,0.05,0.0625,0.11538461538461539,0.46875
mandatory_missing__ni_k2_r4,2024-02-15_21-57-38,150,51,0.34,47,4,0.0851063829787234,0.0784313725490196,0.4563106796116505,0.2503128911138923
mandatory_missing__ni_k2_r4,2024-02-17_21-44-37,150,19,0.12666666666666668,47,4,0.0851063829787234,0.21052631578947367,0.14563106796116504,0.6718924972004479
mandatory_missing__ni_k2_r4,2024-02-17_22-33-45,300,70,0.23333333333333334,82,4,0.04878048780487805,0.05714285714285714,0.30275229357798167,0.20905923344947736
mandatory_missing__ni_k2_r4,2024-02-22_11-58-09,150,8,0.05333333333333334,13,0,0.0,0.0,0.058394160583941604,0.0
mandatory_missing__ni_k2_r4,2024-03-11_22-23-29,150,15,0.1,21,2,0.09523809523809523,0.13333333333333333,0.10077519379844961,0.9523809523809523
mandatory_missing__ni_k2_r4,2024-04-08_22-49-18,150,8,0.05333333333333334,32,1,0.03125,0.125,0.059322033898305086,0.5859375
mandatory_missing__ni_k2_r4,2024-09-02_14-10-41,150,0,0.0,25,0,0.0,,0.0,
mandatory_missing__ni_k2_r4,2024-09-04_19-52-57,150,0,0.0,32,0,0.0,,0.0,
mandatory_missing__ni_k2_r4,2024-09-05_13-25-10,150,0,0.0,14,0,0.0,,0.0,
mandatory_missing__ni_k3_r1,2024-02-15_20-07-54,150,7,0.04666666666666667,59,0,0.0,0.0,0.07692307692307693,0.0
mandatory_missing__ni_k3_r1,2024-02-15_21-40-43,150,0,0.0,20,0,0.0,,0.0,
mandatory_missing__ni_k3_r1,2024-02-15_21-57-38,150,4,0.02666666666666667,47,1,0.02127659574468085,0.25,0.02912621359223301,0.7978723404255319
mandatory_missing__ni_k3_r1,2024-02-17_21-44-37,150,0,0.0,47,0,0.0,,0.0,
mandatory_missing__ni_k3_r1,2024-02-17_22-33-45,300,6,0.02,82,1,0.012195121951219513,0.16666666666666666,0.022935779816513763,0.6097560975609756
mandatory_missing__ni_k3_r1,2024-02-22_11-58-09,150,0,0.0,13,0,0.0,,0.0,
mandatory_missing__ni_k3_r1,2024-03-11_22-23-29,150,0,0.0,21,0,0.0,,0.0,
mandatory_missing__ni_k3_r1,2024-04-08_22-49-18,150,0,0.0,32,0,0.0,,0.0,
mandatory_missing__ni_k3_r1,2024-09-02_14-10-41,150,0,0.0,25,0,0.0,,0.0,
mandatory_missing__ni_k3_r1,2024-09-04_19-52-57,150,0,0.0,32,0,0.0,,0.0,
mandatory_missing__ni_k3_r1,2024-09-05_13-25-10,150,0,0.0,14,0,0.0,,0.0,
mandatory_missing__ni_k3_r2,2024-02-15_20-07-54,150,13,0.08666666666666667,59,0,0.0,0.0,0.14285714285714285,0.0
mandatory_missing__ni_k3_r2,2024-02-15_21-40-43,150,0,0.0,20,0,0.0,,0.0,
mandatory_missing__ni_k3_r2,2024-02-15_21-57-38,150,8,0.05333333333333334,47,3,0.06382978723404255,0.375,0.04854368932038835,1.1968085106382977
mandatory_missing__ni_k3_r2,2024-02-17_21-44-37,150,0,0.0,47,0,0.0,,0.0,
mandatory_missing__ni_k3_r2,2024-02-17_22-33-45,300,12,0.04,82,2,0.024390243902439025,0.16666666666666666,0.045871559633027525,0.6097560975609756
mandatory_missing__ni_k3_r2,2024-02-22_11-58-09,150,0,0.0,13,0,0.0,,0.0,
mandatory_missing__ni_k3_r2,2024-03-11_22-23-29,150,0,0.0,21,0,0.0,,0.0,
mandatory_missing__ni_k3_r2,2024-04-08_22-49-18,150,0,0.0,32,0,0.0,,0.0,
mandatory_missing__ni_k3_r2,2024-09-02_14-10-41,150,0,0.0,25,0,0.0,,0.0,
mandatory_missing__ni_k3_r2,2024-09-04_19-52-57,150,0,0.0,32,0,0.0,,0.0,
mandatory_missing__ni_k3_r2,2024-09-05_13-25-10,150,0,0.0,14,0,0.0,,0.0,
mandatory_missing__ni_k3_r4,2024-02-15_20-07-54,150,25,0.16666666666666666,59,4,0.06779661016949153,0.16,0.23076923076923078,0.4067796610169492
mandatory_missing__ni_k3_r4,2024-02-15_21-40-43,150,0,0.0,20,0,0.0,,0.0,
mandatory_missing__ni_k3_r4,2024-02-15_21-57-38,150,15,0.1,47,3,0.06382978723404255,0.2,0.11650485436893204,0.6382978723404256
mandatory_missing__ni_k3_r4,2024-02-17_21-44-37,150,0,0.0,47,0,0.0,,0.0,
mandatory_missing__ni_k3_r4,2024-02-17_22-33-45,300,24,0.08,82,2,0.024390243902439025,0.08333333333333333,0.10091743119266056,0.3048780487804878
mandatory_missing__ni_k3_r4,2024-02-22_11-58-09,150,0,0.0,13,0,0.0,,0.0,
mandatory_missing__ni_k3_r4,2024-03-11_22-23-29,150,0,0.0,21,0,0.0,,0.0,
mandatory_missing__ni_k3_r4,2024-04-08_22-49-18,150,0,0.0,32,0,0.0,,0.0,
mandatory_missing__ni_k3_r4,2024-09-02_14-10-41,150,0,0.0,25,0,0.0,,0.0,
mandatory_missing__ni_k3_r4,2024-09-04_19-52-57,150,0,0.0,32,0,0.0,,0.0,
mandatory_missing__ni_k3_r4,2024-09-05_13-25-10,150,0,0.0,14,0,0.0,,0.0,
mandatory_missing__ni_k5_r1,2024-02-15_20-07-54,150,0,0.0,59,0,0.0,,0.0,
mandatory_missing__ni_k5_r1,2024-02-15_21-40-43,150,0,0.0,20,0,0.0,,0.0,
mandatory_missing__ni_k5_r1,2024-02-15_21-57-38,150,0,0.0,47,0,0.0,,0.0,
mandatory_missing__ni_k5_r1,2024-02-17_21-44-37,150,0,0.0,47,0,0.0,,0.0,
mandatory_missing__ni_k5_r1,2024-02-17_22-33-45,300,0,0.0,82,0,0.0,,0.0,
mandatory_missing__ni_k5_r1,2024-02-22_11-58-09,150,0,0.0,13,0,0.0,,0.0,
mandatory_missing__ni_k5_r1,2024-03-11_22-23-29,150,0,0.0,21,0,0.0,,0.0,
mandatory_missing__ni_k5_r1,2024-04-08_22-49-18,150,0,0.0,32,0,0.0,,0.0,
mandatory_missing__ni_k5_r1,2024-09-02_14-10-41,150,0,0.0,25,0,0.0,,0.0,
mandatory_missing__ni_k5_r1,2024-09-04_19-52-57,150,0,0.0,32,0,0.0,,0.0,
mandatory_missing__ni_k5_r1,2024-09-05_13-25-10,150,0,0.0,14,0,0.0,,0.0,
mandatory_missing__ni_k5_r2,2024-02-15_20-07-54,150,0,0.0,59,0,0.0,,0.0,
mandatory_missing__ni_k5_r2,2024-02-15_21-40-43,150,0,0.0,20,0,0.0,,0.0,
mandatory_missing__ni_k5_r2,2024-02-15_21-57-38,150,0,0.0,47,0,0.0,,0.0,
mandatory_missing__ni_k5_r2,2024-02-17_21-44-37,150,0,0.0,47,0,0.0,,0.0,
mandatory_missing__ni_k5_r2,2024-02-17_22-33-45,300,0,0.0,82,0,0.0,,0.0,
mandatory_missing__ni_k5_r2,2024-02-22_11-58-09,150,0,0.0,13,0,0.0,,0.0,
mandatory_missing__ni_k5_r2,2024-03-11_22-23-29,150,0,0.0,21,0,0.0,,0.0,
mandatory_missing__ni_k5_r2,2024-04-08_22-49-18,150,0,0.0,32,0,0.0,,0.0,
mandatory_missing__ni_k5_r2,2024-09-02_14-10-41,150,0,0.0,25,0,0.0,,0.0,
mandatory_missing__ni_k5_r2,2024-09-04_19-52-57,150,0,0.0,32,0,0.0,,0.0,
mandatory_missing__ni_k5_r2,2024-09-05_13-25-10,150,0,0.0,14,0,0.0,,0.0,
mandatory_missing__ni_k5_r4,2024-02-15_20-07-54,150,0,0.0,59,0,0.0,,0.0,
mandatory_missing__ni_k5_r4,2024-02-15_21-40-43,150,0,0.0,20,0,0.0,,0.0,
mandatory_missing__ni_k5_r4,2024-02-15_21-57-38,150,0,0.0,47,0,0.0,,0.0,
mandatory_missing__ni_k5_r4,2024-02-17_21-44-37,150,0,0.0,47,0,0.0,,0.0,
mandatory_missing__ni_k5_r4,2024-02-17_22-33-45,300,0,0.0,82,0,0.0,,0.0,
mandatory_missing__ni_k5_r4,2024-02-22_11-58-09,150,0,0.0,13,0,0.0,,0.0,
mandatory_missing__ni_k5_r4,2024-03-11_22-23-29,150,0,0.0,21,0,0.0,,0.0,
mandatory_missing__ni_k5_r4,2024-04-08_22-49-18,150,0,0.0,32,0,0.0,,0.0,
mandatory_missing__ni_k5_r4,2024-09-02_14-10-41,150,0,0.0,25,0,0.0,,0.0,
mandatory_missing__ni_k5_r4,2024-09-04_19-52-57,150,0,0.0,32,0,0.0,,0.0,
mandatory_missing__ni_k5_r4,2024-09-05_13-25-10,150,0,0.0,14,0,0.0,,0.0,
legacy_current_default__ni_k2_r1,2024-02-15_20-07-54,150,31,0.20666666666666667,59,7,0.11864406779661017,0.22580645161290322,0.26373626373626374,0.5740841990158557
legacy_current_default__ni_k2_r1,2024-02-15_21-40-43,150,4,0.02666666666666667,20,1,0.05,0.25,0.023076923076923078,1.875
legacy_current_default__ni_k2_r1,2024-02-15_21-57-38,150,19,0.12666666666666668,47,3,0.06382978723404255,0.15789473684210525,0.1553398058252427,0.5039193729003358
legacy_current_default__ni_k2_r1,2024-02-17_21-44-37,150,15,0.1,47,8,0.1702127659574468,0.5333333333333333,0.06796116504854369,1.7021276595744679
legacy_current_default__ni_k2_r1,2024-02-17_22-33-45,300,31,0.10333333333333333,82,4,0.04878048780487805,0.12903225806451613,0.12385321100917432,0.4720692368214005
legacy_current_default__ni_k2_r1,2024-02-22_11-58-09,150,4,0.02666666666666667,13,1,0.07692307692307693,0.25,0.021897810218978103,2.8846153846153846
legacy_current_default__ni_k2_r1,2024-03-11_22-23-29,150,15,0.1,21,3,0.14285714285714285,0.2,0.09302325581395349,1.4285714285714286
legacy_current_default__ni_k2_r1,2024-04-08_22-49-18,150,8,0.05333333333333334,32,1,0.03125,0.125,0.059322033898305086,0.5859375
legacy_current_default__ni_k2_r1,2024-09-02_14-10-41,150,6,0.04,25,1,0.04,0.16666666666666666,0.04,1.0
legacy_current_default__ni_k2_r1,2024-09-04_19-52-57,150,4,0.02666666666666667,32,0,0.0,0.0,0.03389830508474576,0.0
legacy_current_default__ni_k2_r1,2024-09-05_13-25-10,150,2,0.013333333333333334,14,0,0.0,0.0,0.014705882352941176,0.0
legacy_current_default__ni_k2_r2,2024-02-15_20-07-54,150,33,0.22,59,7,0.11864406779661017,0.21212121212121213,0.2857142857142857,0.539291217257319
legacy_current_default__ni_k2_r2,2024-02-15_21-40-43,150,8,0.05333333333333334,20,1,0.05,0.125,0.05384615384615385,0.9375
legacy_current_default__ni_k2_r2,2024-02-15_21-57-38,150,29,0.19333333333333333,47,3,0.06382978723404255,0.10344827586206896,0.2524271844660194,0.33015407190022006
legacy_current_default__ni_k2_r2,2024-02-17_21-44-37,150,19,0.12666666666666668,47,9,0.19148936170212766,0.47368421052631576,0.0970873786407767,1.5117581187010076
legacy_current_default__ni_k2_r2,2024-02-17_22-33-45,300,45,0.15,82,4,0.04878048780487805,0.08888888888888889,0.18807339449541285,0.3252032520325204
legacy_current_default__ni_k2_r2,2024-02-22_11-58-09,150,6,0.04,13,1,0.07692307692307693,0.16666666666666666,0.0364963503649635,1.923076923076923
legacy_current_default__ni_k2_r2,2024-03-11_22-23-29,150,19,0.12666666666666668,21,5,0.23809523809523808,0.2631578947368421,0.10852713178294573,1.8796992481203005
legacy_current_default__ni_k2_r2,2024-04-08_22-49-18,150,9,0.06,32,2,0.0625,0.2222222222222222,0.059322033898305086,1.0416666666666665
legacy_current_default__ni_k2_r2,2024-09-02_14-10-41,150,6,0.04,25,1,0.04,0.16666666666666666,0.04,1.0
legacy_current_default__ni_k2_r2,2024-09-04_19-52-57,150,4,0.02666666666666667,32,0,0.0,0.0,0.03389830508474576,0.0
legacy_current_default__ni_k2_r2,2024-09-05_13-25-10,150,2,0.013333333333333334,14,0,0.0,0.0,0.014705882352941176,0.0
legacy_current_default__ni_k2_r4,2024-02-15_20-07-54,150,44,0.29333333333333333,59,9,0.15254237288135594,0.20454545454545456,0.38461538461538464,0.5200308166409862
legacy_current_default__ni_k2_r4,2024-02-15_21-40-43,150,16,0.10666666666666667,20,1,0.05,0.0625,0.11538461538461539,0.46875
legacy_current_default__ni_k2_r4,2024-02-15_21-57-38,150,51,0.34,47,4,0.0851063829787234,0.0784313725490196,0.4563106796116505,0.2503128911138923
legacy_current_default__ni_k2_r4,2024-02-17_21-44-37,150,26,0.17333333333333334,47,9,0.19148936170212766,0.34615384615384615,0.1650485436893204,1.104746317512275
legacy_current_default__ni_k2_r4,2024-02-17_22-33-45,300,72,0.24,82,5,0.06097560975609756,0.06944444444444445,0.3073394495412844,0.2540650406504065
legacy_current_default__ni_k2_r4,2024-02-22_11-58-09,150,10,0.06666666666666667,13,1,0.07692307692307693,0.1,0.06569343065693431,1.153846153846154
legacy_current_default__ni_k2_r4,2024-03-11_22-23-29,150,26,0.17333333333333334,21,5,0.23809523809523808,0.19230769230769232,0.16279069767441862,1.3736263736263736
legacy_current_default__ni_k2_r4,2024-04-08_22-49-18,150,13,0.08666666666666667,32,2,0.0625,0.15384615384615385,0.09322033898305085,0.7211538461538461
legacy_current_default__ni_k2_r4,2024-09-02_14-10-41,150,6,0.04,25,1,0.04,0.16666666666666666,0.04,1.0
legacy_current_default__ni_k2_r4,2024-09-04_19-52-57,150,4,0.02666666666666667,32,0,0.0,0.0,0.03389830508474576,0.0
legacy_current_default__ni_k2_r4,2024-09-05_13-25-10,150,2,0.013333333333333334,14,0,0.0,0.0,0.014705882352941176,0.0
legacy_current_default__ni_k3_r1,2024-02-15_20-07-54,150,27,0.18,59,7,0.11864406779661017,0.25925925925925924,0.21978021978021978,0.6591337099811676
legacy_current_default__ni_k3_r1,2024-02-15_21-40-43,150,0,0.0,20,0,0.0,,0.0,
legacy_current_default__ni_k3_r1,2024-02-15_21-57-38,150,8,0.05333333333333334,47,3,0.06382978723404255,0.375,0.04854368932038835,1.1968085106382977
legacy_current_default__ni_k3_r1,2024-02-17_21-44-37,150,10,0.06666666666666667,47,7,0.14893617021276595,0.7,0.02912621359223301,2.234042553191489
legacy_current_default__ni_k3_r1,2024-02-17_22-33-45,300,14,0.04666666666666667,82,3,0.036585365853658534,0.21428571428571427,0.05045871559633028,0.7839721254355401
legacy_current_default__ni_k3_r1,2024-02-22_11-58-09,150,2,0.013333333333333334,13,1,0.07692307692307693,0.5,0.0072992700729927005,5.769230769230769
legacy_current_default__ni_k3_r1,2024-03-11_22-23-29,150,11,0.07333333333333333,21,3,0.14285714285714285,0.2727272727272727,0.06201550387596899,1.9480519480519478
legacy_current_default__ni_k3_r1,2024-04-08_22-49-18,150,6,0.04,32,1,0.03125,0.16666666666666666,0.0423728813559322,0.7812499999999999
legacy_current_default__ni_k3_r1,2024-09-02_14-10-41,150,6,0.04,25,1,0.04,0.16666666666666666,0.04,1.0
legacy_current_default__ni_k3_r1,2024-09-04_19-52-57,150,4,0.02666666666666667,32,0,0.0,0.0,0.03389830508474576,0.0
legacy_current_default__ni_k3_r1,2024-09-05_13-25-10,150,2,0.013333333333333334,14,0,0.0,0.0,0.014705882352941176,0.0
legacy_current_default__ni_k3_r2,2024-02-15_20-07-54,150,27,0.18,59,7,0.11864406779661017,0.25925925925925924,0.21978021978021978,0.6591337099811676
legacy_current_default__ni_k3_r2,2024-02-15_21-40-43,150,0,0.0,20,0,0.0,,0.0,
legacy_current_default__ni_k3_r2,2024-02-15_21-57-38,150,8,0.05333333333333334,47,3,0.06382978723404255,0.375,0.04854368932038835,1.1968085106382977
legacy_current_default__ni_k3_r2,2024-02-17_21-44-37,150,10,0.06666666666666667,47,7,0.14893617021276595,0.7,0.02912621359223301,2.234042553191489
legacy_current_default__ni_k3_r2,2024-02-17_22-33-45,300,14,0.04666666666666667,82,3,0.036585365853658534,0.21428571428571427,0.05045871559633028,0.7839721254355401
legacy_current_default__ni_k3_r2,2024-02-22_11-58-09,150,2,0.013333333333333334,13,1,0.07692307692307693,0.5,0.0072992700729927005,5.769230769230769
legacy_current_default__ni_k3_r2,2024-03-11_22-23-29,150,11,0.07333333333333333,21,3,0.14285714285714285,0.2727272727272727,0.06201550387596899,1.9480519480519478
legacy_current_default__ni_k3_r2,2024-04-08_22-49-18,150,6,0.04,32,1,0.03125,0.16666666666666666,0.0423728813559322,0.7812499999999999
legacy_current_default__ni_k3_r2,2024-09-02_14-10-41,150,6,0.04,25,1,0.04,0.16666666666666666,0.04,1.0
legacy_current_default__ni_k3_r2,2024-09-04_19-52-57,150,4,0.02666666666666667,32,0,0.0,0.0,0.03389830508474576,0.0
legacy_current_default__ni_k3_r2,2024-09-05_13-25-10,150,2,0.013333333333333334,14,0,0.0,0.0,0.014705882352941176,0.0
legacy_current_default__ni_k3_r4,2024-02-15_20-07-54,150,34,0.22666666666666666,59,9,0.15254237288135594,0.2647058823529412,0.27472527472527475,0.6729810568295115
legacy_current_default__ni_k3_r4,2024-02-15_21-40-43,150,0,0.0,20,0,0.0,,0.0,
legacy_current_default__ni_k3_r4,2024-02-15_21-57-38,150,15,0.1,47,3,0.06382978723404255,0.2,0.11650485436893204,0.6382978723404256
legacy_current_default__ni_k3_r4,2024-02-17_21-44-37,150,10,0.06666666666666667,47,7,0.14893617021276595,0.7,0.02912621359223301,2.234042553191489
legacy_current_default__ni_k3_r4,2024-02-17_22-33-45,300,26,0.08666666666666667,82,3,0.036585365853658534,0.11538461538461539,0.10550458715596331,0.42213883677298314
legacy_current_default__ni_k3_r4,2024-02-22_11-58-09,150,2,0.013333333333333334,13,1,0.07692307692307693,0.5,0.0072992700729927005,5.769230769230769
legacy_current_default__ni_k3_r4,2024-03-11_22-23-29,150,11,0.07333333333333333,21,3,0.14285714285714285,0.2727272727272727,0.06201550387596899,1.9480519480519478
legacy_current_default__ni_k3_r4,2024-04-08_22-49-18,150,6,0.04,32,1,0.03125,0.16666666666666666,0.0423728813559322,0.7812499999999999
legacy_current_default__ni_k3_r4,2024-09-02_14-10-41,150,6,0.04,25,1,0.04,0.16666666666666666,0.04,1.0
legacy_current_default__ni_k3_r4,2024-09-04_19-52-57,150,4,0.02666666666666667,32,0,0.0,0.0,0.03389830508474576,0.0
legacy_current_default__ni_k3_r4,2024-09-05_13-25-10,150,2,0.013333333333333334,14,0,0.0,0.0,0.014705882352941176,0.0
legacy_current_default__ni_k5_r1,2024-02-15_20-07-54,150,27,0.18,59,7,0.11864406779661017,0.25925925925925924,0.21978021978021978,0.6591337099811676
legacy_current_default__ni_k5_r1,2024-02-15_21-40-43,150,0,0.0,20,0,0.0,,0.0,
legacy_current_default__ni_k5_r1,2024-02-15_21-57-38,150,8,0.05333333333333334,47,3,0.06382978723404255,0.375,0.04854368932038835,1.1968085106382977
legacy_current_default__ni_k5_r1,2024-02-17_21-44-37,150,10,0.06666666666666667,47,7,0.14893617021276595,0.7,0.02912621359223301,2.234042553191489
legacy_current_default__ni_k5_r1,2024-02-17_22-33-45,300,14,0.04666666666666667,82,3,0.036585365853658534,0.21428571428571427,0.05045871559633028,0.7839721254355401
legacy_current_default__ni_k5_r1,2024-02-22_11-58-09,150,2,0.013333333333333334,13,1,0.07692307692307693,0.5,0.0072992700729927005,5.769230769230769
legacy_current_default__ni_k5_r1,2024-03-11_22-23-29,150,11,0.07333333333333333,21,3,0.14285714285714285,0.2727272727272727,0.06201550387596899,1.9480519480519478
legacy_current_default__ni_k5_r1,2024-04-08_22-49-18,150,6,0.04,32,1,0.03125,0.16666666666666666,0.0423728813559322,0.7812499999999999
legacy_current_default__ni_k5_r1,2024-09-02_14-10-41,150,6,0.04,25,1,0.04,0.16666666666666666,0.04,1.0
legacy_current_default__ni_k5_r1,2024-09-04_19-52-57,150,4,0.02666666666666667,32,0,0.0,0.0,0.03389830508474576,0.0
legacy_current_default__ni_k5_r1,2024-09-05_13-25-10,150,2,0.013333333333333334,14,0,0.0,0.0,0.014705882352941176,0.0
legacy_current_default__ni_k5_r2,2024-02-15_20-07-54,150,27,0.18,59,7,0.11864406779661017,0.25925925925925924,0.21978021978021978,0.6591337099811676
legacy_current_default__ni_k5_r2,2024-02-15_21-40-43,150,0,0.0,20,0,0.0,,0.0,
legacy_current_default__ni_k5_r2,2024-02-15_21-57-38,150,8,0.05333333333333334,47,3,0.06382978723404255,0.375,0.04854368932038835,1.1968085106382977
legacy_current_default__ni_k5_r2,2024-02-17_21-44-37,150,10,0.06666666666666667,47,7,0.14893617021276595,0.7,0.02912621359223301,2.234042553191489
legacy_current_default__ni_k5_r2,2024-02-17_22-33-45,300,14,0.04666666666666667,82,3,0.036585365853658534,0.21428571428571427,0.05045871559633028,0.7839721254355401
legacy_current_default__ni_k5_r2,2024-02-22_11-58-09,150,2,0.013333333333333334,13,1,0.07692307692307693,0.5,0.0072992700729927005,5.769230769230769
legacy_current_default__ni_k5_r2,2024-03-11_22-23-29,150,11,0.07333333333333333,21,3,0.14285714285714285,0.2727272727272727,0.06201550387596899,1.9480519480519478
legacy_current_default__ni_k5_r2,2024-04-08_22-49-18,150,6,0.04,32,1,0.03125,0.16666666666666666,0.0423728813559322,0.7812499999999999
legacy_current_default__ni_k5_r2,2024-09-02_14-10-41,150,6,0.04,25,1,0.04,0.16666666666666666,0.04,1.0
legacy_current_default__ni_k5_r2,2024-09-04_19-52-57,150,4,0.02666666666666667,32,0,0.0,0.0,0.03389830508474576,0.0
legacy_current_default__ni_k5_r2,2024-09-05_13-25-10,150,2,0.013333333333333334,14,0,0.0,0.0,0.014705882352941176,0.0
legacy_current_default__ni_k5_r4,2024-02-15_20-07-54,150,27,0.18,59,7,0.11864406779661017,0.25925925925925924,0.21978021978021978,0.6591337099811676
legacy_current_default__ni_k5_r4,2024-02-15_21-40-43,150,0,0.0,20,0,0.0,,0.0,
legacy_current_default__ni_k5_r4,2024-02-15_21-57-38,150,8,0.05333333333333334,47,3,0.06382978723404255,0.375,0.04854368932038835,1.1968085106382977
legacy_current_default__ni_k5_r4,2024-02-17_21-44-37,150,10,0.06666666666666667,47,7,0.14893617021276595,0.7,0.02912621359223301,2.234042553191489
legacy_current_default__ni_k5_r4,2024-02-17_22-33-45,300,14,0.04666666666666667,82,3,0.036585365853658534,0.21428571428571427,0.05045871559633028,0.7839721254355401
legacy_current_default__ni_k5_r4,2024-02-22_11-58-09,150,2,0.013333333333333334,13,1,0.07692307692307693,0.5,0.0072992700729927005,5.769230769230769
legacy_current_default__ni_k5_r4,2024-03-11_22-23-29,150,11,0.07333333333333333,21,3,0.14285714285714285,0.2727272727272727,0.06201550387596899,1.9480519480519478
legacy_current_default__ni_k5_r4,2024-04-08_22-49-18,150,6,0.04,32,1,0.03125,0.16666666666666666,0.0423728813559322,0.7812499999999999
legacy_current_default__ni_k5_r4,2024-09-02_14-10-41,150,6,0.04,25,1,0.04,0.16666666666666666,0.04,1.0
legacy_current_default__ni_k5_r4,2024-09-04_19-52-57,150,4,0.02666666666666667,32,0,0.0,0.0,0.03389830508474576,0.0
legacy_current_default__ni_k5_r4,2024-09-05_13-25-10,150,2,0.013333333333333334,14,0,0.0,0.0,0.014705882352941176,0.0
bl_span_practical__ni_k2_r1,2024-02-15_20-07-54,150,20,0.13333333333333333,59,0,0.0,0.0,0.21978021978021978,0.0
bl_span_practical__ni_k2_r1,2024-02-15_21-40-43,150,14,0.09333333333333334,20,2,0.1,0.14285714285714285,0.09230769230769231,1.0714285714285714
bl_span_practical__ni_k2_r1,2024-02-15_21-57-38,150,19,0.12666666666666668,47,1,0.02127659574468085,0.05263157894736842,0.17475728155339806,0.16797312430011196
bl_span_practical__ni_k2_r1,2024-02-17_21-44-37,150,18,0.12,47,5,0.10638297872340426,0.2777777777777778,0.1262135922330097,0.8865248226950354
bl_span_practical__ni_k2_r1,2024-02-17_22-33-45,300,39,0.13,82,4,0.04878048780487805,0.10256410256410256,0.16055045871559634,0.375234521575985
bl_span_practical__ni_k2_r1,2024-02-22_11-58-09,150,5,0.03333333333333333,13,1,0.07692307692307693,0.2,0.029197080291970802,2.307692307692308
bl_span_practical__ni_k2_r1,2024-03-11_22-23-29,150,20,0.13333333333333333,21,3,0.14285714285714285,0.15,0.13178294573643412,1.0714285714285714
bl_span_practical__ni_k2_r1,2024-04-08_22-49-18,150,6,0.04,32,1,0.03125,0.16666666666666666,0.0423728813559322,0.7812499999999999
bl_span_practical__ni_k2_r1,2024-09-02_14-10-41,150,9,0.06,25,0,0.0,0.0,0.072,0.0
bl_span_practical__ni_k2_r1,2024-09-04_19-52-57,150,7,0.04666666666666667,32,0,0.0,0.0,0.059322033898305086,0.0
bl_span_practical__ni_k2_r1,2024-09-05_13-25-10,150,37,0.24666666666666667,14,1,0.07142857142857142,0.02702702702702703,0.2647058823529412,0.28957528957528955
bl_span_practical__ni_k2_r2,2024-02-15_20-07-54,150,27,0.18,59,1,0.01694915254237288,0.037037037037037035,0.2857142857142857,0.09416195856873823
bl_span_practical__ni_k2_r2,2024-02-15_21-40-43,150,18,0.12,20,2,0.1,0.1111111111111111,0.12307692307692308,0.8333333333333333
bl_span_practical__ni_k2_r2,2024-02-15_21-57-38,150,33,0.22,47,3,0.06382978723404255,0.09090909090909091,0.2912621359223301,0.2901353965183752
bl_span_practical__ni_k2_r2,2024-02-17_21-44-37,150,22,0.14666666666666667,47,6,0.1276595744680851,0.2727272727272727,0.1553398058252427,0.8704061895551256
bl_span_practical__ni_k2_r2,2024-02-17_22-33-45,300,52,0.17333333333333334,82,4,0.04878048780487805,0.07692307692307693,0.22018348623853212,0.2814258911819888
bl_span_practical__ni_k2_r2,2024-02-22_11-58-09,150,7,0.04666666666666667,13,1,0.07692307692307693,0.14285714285714285,0.043795620437956206,1.6483516483516483
bl_span_practical__ni_k2_r2,2024-03-11_22-23-29,150,23,0.15333333333333332,21,4,0.19047619047619047,0.17391304347826086,0.14728682170542637,1.2422360248447204
bl_span_practical__ni_k2_r2,2024-04-08_22-49-18,150,8,0.05333333333333334,32,2,0.0625,0.25,0.05084745762711865,1.171875
bl_span_practical__ni_k2_r2,2024-09-02_14-10-41,150,9,0.06,25,0,0.0,0.0,0.072,0.0
bl_span_practical__ni_k2_r2,2024-09-04_19-52-57,150,7,0.04666666666666667,32,0,0.0,0.0,0.059322033898305086,0.0
bl_span_practical__ni_k2_r2,2024-09-05_13-25-10,150,37,0.24666666666666667,14,1,0.07142857142857142,0.02702702702702703,0.2647058823529412,0.28957528957528955
bl_span_practical__ni_k2_r4,2024-02-15_20-07-54,150,41,0.2733333333333333,59,5,0.0847457627118644,0.12195121951219512,0.3956043956043956,0.3100454733360893
bl_span_practical__ni_k2_r4,2024-02-15_21-40-43,150,23,0.15333333333333332,20,2,0.1,0.08695652173913043,0.16153846153846155,0.6521739130434783
bl_span_practical__ni_k2_r4,2024-02-15_21-57-38,150,55,0.36666666666666664,47,4,0.0851063829787234,0.07272727272727272,0.49514563106796117,0.23210831721470015
bl_span_practical__ni_k2_r4,2024-02-17_21-44-37,150,28,0.18666666666666668,47,6,0.1276595744680851,0.21428571428571427,0.21359223300970873,0.6838905775075987
bl_span_practical__ni_k2_r4,2024-02-17_22-33-45,300,75,0.25,82,5,0.06097560975609756,0.06666666666666667,0.3211009174311927,0.24390243902439027
bl_span_practical__ni_k2_r4,2024-02-22_11-58-09,150,11,0.07333333333333333,13,1,0.07692307692307693,0.09090909090909091,0.072992700729927,1.048951048951049
bl_span_practical__ni_k2_r4,2024-03-11_22-23-29,150,30,0.2,21,4,0.19047619047619047,0.13333333333333333,0.20155038759689922,0.9523809523809523
bl_span_practical__ni_k2_r4,2024-04-08_22-49-18,150,12,0.08,32,2,0.0625,0.16666666666666666,0.0847457627118644,0.7812499999999999
bl_span_practical__ni_k2_r4,2024-09-02_14-10-41,150,9,0.06,25,0,0.0,0.0,0.072,0.0
bl_span_practical__ni_k2_r4,2024-09-04_19-52-57,150,7,0.04666666666666667,32,0,0.0,0.0,0.059322033898305086,0.0
bl_span_practical__ni_k2_r4,2024-09-05_13-25-10,150,37,0.24666666666666667,14,1,0.07142857142857142,0.02702702702702703,0.2647058823529412,0.28957528957528955
bl_span_practical__ni_k3_r1,2024-02-15_20-07-54,150,15,0.1,59,0,0.0,0.0,0.16483516483516483,0.0
bl_span_practical__ni_k3_r1,2024-02-15_21-40-43,150,11,0.07333333333333333,20,1,0.05,0.09090909090909091,0.07692307692307693,0.6818181818181819
bl_span_practical__ni_k3_r1,2024-02-15_21-57-38,150,10,0.06666666666666667,47,1,0.02127659574468085,0.1,0.08737864077669903,0.3191489361702128
bl_span_practical__ni_k3_r1,2024-02-17_21-44-37,150,12,0.08,47,3,0.06382978723404255,0.25,0.08737864077669903,0.7978723404255319
bl_span_practical__ni_k3_r1,2024-02-17_22-33-45,300,22,0.07333333333333333,82,3,0.036585365853658534,0.13636363636363635,0.0871559633027523,0.49889135254988914
bl_span_practical__ni_k3_r1,2024-02-22_11-58-09,150,3,0.02,13,1,0.07692307692307693,0.3333333333333333,0.014598540145985401,3.846153846153846
bl_span_practical__ni_k3_r1,2024-03-11_22-23-29,150,16,0.10666666666666667,21,3,0.14285714285714285,0.1875,0.10077519379844961,1.3392857142857142
bl_span_practical__ni_k3_r1,2024-04-08_22-49-18,150,4,0.02666666666666667,32,1,0.03125,0.25,0.025423728813559324,1.171875
bl_span_practical__ni_k3_r1,2024-09-02_14-10-41,150,9,0.06,25,0,0.0,0.0,0.072,0.0
bl_span_practical__ni_k3_r1,2024-09-04_19-52-57,150,7,0.04666666666666667,32,0,0.0,0.0,0.059322033898305086,0.0
bl_span_practical__ni_k3_r1,2024-09-05_13-25-10,150,37,0.24666666666666667,14,1,0.07142857142857142,0.02702702702702703,0.2647058823529412,0.28957528957528955
bl_span_practical__ni_k3_r2,2024-02-15_20-07-54,150,21,0.14,59,0,0.0,0.0,0.23076923076923078,0.0
bl_span_practical__ni_k3_r2,2024-02-15_21-40-43,150,11,0.07333333333333333,20,1,0.05,0.09090909090909091,0.07692307692307693,0.6818181818181819
bl_span_practical__ni_k3_r2,2024-02-15_21-57-38,150,14,0.09333333333333334,47,3,0.06382978723404255,0.21428571428571427,0.10679611650485436,0.6838905775075987
bl_span_practical__ni_k3_r2,2024-02-17_21-44-37,150,12,0.08,47,3,0.06382978723404255,0.25,0.08737864077669903,0.7978723404255319
bl_span_practical__ni_k3_r2,2024-02-17_22-33-45,300,27,0.09,82,3,0.036585365853658534,0.1111111111111111,0.11009174311926606,0.4065040650406504
bl_span_practical__ni_k3_r2,2024-02-22_11-58-09,150,3,0.02,13,1,0.07692307692307693,0.3333333333333333,0.014598540145985401,3.846153846153846
bl_span_practical__ni_k3_r2,2024-03-11_22-23-29,150,16,0.10666666666666667,21,3,0.14285714285714285,0.1875,0.10077519379844961,1.3392857142857142
bl_span_practical__ni_k3_r2,2024-04-08_22-49-18,150,4,0.02666666666666667,32,1,0.03125,0.25,0.025423728813559324,1.171875
bl_span_practical__ni_k3_r2,2024-09-02_14-10-41,150,9,0.06,25,0,0.0,0.0,0.072,0.0
bl_span_practical__ni_k3_r2,2024-09-04_19-52-57,150,7,0.04666666666666667,32,0,0.0,0.0,0.059322033898305086,0.0
bl_span_practical__ni_k3_r2,2024-09-05_13-25-10,150,37,0.24666666666666667,14,1,0.07142857142857142,0.02702702702702703,0.2647058823529412,0.28957528957528955
bl_span_practical__ni_k3_r4,2024-02-15_20-07-54,150,33,0.22,59,4,0.06779661016949153,0.12121212121212122,0.31868131868131866,0.30816640986132515
bl_span_practical__ni_k3_r4,2024-02-15_21-40-43,150,11,0.07333333333333333,20,1,0.05,0.09090909090909091,0.07692307692307693,0.6818181818181819
bl_span_practical__ni_k3_r4,2024-02-15_21-57-38,150,21,0.14,47,3,0.06382978723404255,0.14285714285714285,0.17475728155339806,0.4559270516717325
bl_span_practical__ni_k3_r4,2024-02-17_21-44-37,150,12,0.08,47,3,0.06382978723404255,0.25,0.08737864077669903,0.7978723404255319
bl_span_practical__ni_k3_r4,2024-02-17_22-33-45,300,35,0.11666666666666667,82,3,0.036585365853658534,0.08571428571428572,0.14678899082568808,0.31358885017421606
bl_span_practical__ni_k3_r4,2024-02-22_11-58-09,150,3,0.02,13,1,0.07692307692307693,0.3333333333333333,0.014598540145985401,3.846153846153846
bl_span_practical__ni_k3_r4,2024-03-11_22-23-29,150,16,0.10666666666666667,21,3,0.14285714285714285,0.1875,0.10077519379844961,1.3392857142857142
bl_span_practical__ni_k3_r4,2024-04-08_22-49-18,150,4,0.02666666666666667,32,1,0.03125,0.25,0.025423728813559324,1.171875
bl_span_practical__ni_k3_r4,2024-09-02_14-10-41,150,9,0.06,25,0,0.0,0.0,0.072,0.0
bl_span_practical__ni_k3_r4,2024-09-04_19-52-57,150,7,0.04666666666666667,32,0,0.0,0.0,0.059322033898305086,0.0
bl_span_practical__ni_k3_r4,2024-09-05_13-25-10,150,37,0.24666666666666667,14,1,0.07142857142857142,0.02702702702702703,0.2647058823529412,0.28957528957528955
bl_span_practical__ni_k5_r1,2024-02-15_20-07-54,150,9,0.06,59,0,0.0,0.0,0.0989010989010989,0.0
bl_span_practical__ni_k5_r1,2024-02-15_21-40-43,150,11,0.07333333333333333,20,1,0.05,0.09090909090909091,0.07692307692307693,0.6818181818181819
bl_span_practical__ni_k5_r1,2024-02-15_21-57-38,150,6,0.04,47,0,0.0,0.0,0.05825242718446602,0.0
bl_span_practical__ni_k5_r1,2024-02-17_21-44-37,150,12,0.08,47,3,0.06382978723404255,0.25,0.08737864077669903,0.7978723404255319
bl_span_practical__ni_k5_r1,2024-02-17_22-33-45,300,17,0.056666666666666664,82,3,0.036585365853658534,0.17647058823529413,0.06422018348623854,0.6456241032998566
bl_span_practical__ni_k5_r1,2024-02-22_11-58-09,150,3,0.02,13,1,0.07692307692307693,0.3333333333333333,0.014598540145985401,3.846153846153846
bl_span_practical__ni_k5_r1,2024-03-11_22-23-29,150,16,0.10666666666666667,21,3,0.14285714285714285,0.1875,0.10077519379844961,1.3392857142857142
bl_span_practical__ni_k5_r1,2024-04-08_22-49-18,150,4,0.02666666666666667,32,1,0.03125,0.25,0.025423728813559324,1.171875
bl_span_practical__ni_k5_r1,2024-09-02_14-10-41,150,9,0.06,25,0,0.0,0.0,0.072,0.0
bl_span_practical__ni_k5_r1,2024-09-04_19-52-57,150,7,0.04666666666666667,32,0,0.0,0.0,0.059322033898305086,0.0
bl_span_practical__ni_k5_r1,2024-09-05_13-25-10,150,37,0.24666666666666667,14,1,0.07142857142857142,0.02702702702702703,0.2647058823529412,0.28957528957528955
bl_span_practical__ni_k5_r2,2024-02-15_20-07-54,150,9,0.06,59,0,0.0,0.0,0.0989010989010989,0.0
bl_span_practical__ni_k5_r2,2024-02-15_21-40-43,150,11,0.07333333333333333,20,1,0.05,0.09090909090909091,0.07692307692307693,0.6818181818181819
bl_span_practical__ni_k5_r2,2024-02-15_21-57-38,150,6,0.04,47,0,0.0,0.0,0.05825242718446602,0.0
bl_span_practical__ni_k5_r2,2024-02-17_21-44-37,150,12,0.08,47,3,0.06382978723404255,0.25,0.08737864077669903,0.7978723404255319
bl_span_practical__ni_k5_r2,2024-02-17_22-33-45,300,17,0.056666666666666664,82,3,0.036585365853658534,0.17647058823529413,0.06422018348623854,0.6456241032998566
bl_span_practical__ni_k5_r2,2024-02-22_11-58-09,150,3,0.02,13,1,0.07692307692307693,0.3333333333333333,0.014598540145985401,3.846153846153846
bl_span_practical__ni_k5_r2,2024-03-11_22-23-29,150,16,0.10666666666666667,21,3,0.14285714285714285,0.1875,0.10077519379844961,1.3392857142857142
bl_span_practical__ni_k5_r2,2024-04-08_22-49-18,150,4,0.02666666666666667,32,1,0.03125,0.25,0.025423728813559324,1.171875
bl_span_practical__ni_k5_r2,2024-09-02_14-10-41,150,9,0.06,25,0,0.0,0.0,0.072,0.0
bl_span_practical__ni_k5_r2,2024-09-04_19-52-57,150,7,0.04666666666666667,32,0,0.0,0.0,0.059322033898305086,0.0
bl_span_practical__ni_k5_r2,2024-09-05_13-25-10,150,37,0.24666666666666667,14,1,0.07142857142857142,0.02702702702702703,0.2647058823529412,0.28957528957528955
bl_span_practical__ni_k5_r4,2024-02-15_20-07-54,150,9,0.06,59,0,0.0,0.0,0.0989010989010989,0.0
bl_span_practical__ni_k5_r4,2024-02-15_21-40-43,150,11,0.07333333333333333,20,1,0.05,0.09090909090909091,0.07692307692307693,0.6818181818181819
bl_span_practical__ni_k5_r4,2024-02-15_21-57-38,150,6,0.04,47,0,0.0,0.0,0.05825242718446602,0.0
bl_span_practical__ni_k5_r4,2024-02-17_21-44-37,150,12,0.08,47,3,0.06382978723404255,0.25,0.08737864077669903,0.7978723404255319
bl_span_practical__ni_k5_r4,2024-02-17_22-33-45,300,17,0.056666666666666664,82,3,0.036585365853658534,0.17647058823529413,0.06422018348623854,0.6456241032998566
bl_span_practical__ni_k5_r4,2024-02-22_11-58-09,150,3,0.02,13,1,0.07692307692307693,0.3333333333333333,0.014598540145985401,3.846153846153846
bl_span_practical__ni_k5_r4,2024-03-11_22-23-29,150,16,0.10666666666666667,21,3,0.14285714285714285,0.1875,0.10077519379844961,1.3392857142857142
bl_span_practical__ni_k5_r4,2024-04-08_22-49-18,150,4,0.02666666666666667,32,1,0.03125,0.25,0.025423728813559324,1.171875
bl_span_practical__ni_k5_r4,2024-09-02_14-10-41,150,9,0.06,25,0,0.0,0.0,0.072,0.0
bl_span_practical__ni_k5_r4,2024-09-04_19-52-57,150,7,0.04666666666666667,32,0,0.0,0.0,0.059322033898305086,0.0
bl_span_practical__ni_k5_r4,2024-09-05_13-25-10,150,37,0.24666666666666667,14,1,0.07142857142857142,0.02702702702702703,0.2647058823529412,0.28957528957528955
bl_span_comfortable__ni_k2_r1,2024-02-15_20-07-54,150,22,0.14666666666666667,59,0,0.0,0.0,0.24175824175824176,0.0
bl_span_comfortable__ni_k2_r1,2024-02-15_21-40-43,150,18,0.12,20,2,0.1,0.1111111111111111,0.12307692307692308,0.8333333333333333
bl_span_comfortable__ni_k2_r1,2024-02-15_21-57-38,150,35,0.23333333333333334,47,2,0.0425531914893617,0.05714285714285714,0.32038834951456313,0.18237082066869298
bl_span_comfortable__ni_k2_r1,2024-02-17_21-44-37,150,26,0.17333333333333334,47,6,0.1276595744680851,0.23076923076923078,0.1941747572815534,0.7364975450081833
bl_span_comfortable__ni_k2_r1,2024-02-17_22-33-45,300,56,0.18666666666666668,82,6,0.07317073170731707,0.10714285714285714,0.22935779816513763,0.39198606271777003
bl_span_comfortable__ni_k2_r1,2024-02-22_11-58-09,150,14,0.09333333333333334,13,1,0.07692307692307693,0.07142857142857142,0.0948905109489051,0.8241758241758241
bl_span_comfortable__ni_k2_r1,2024-03-11_22-23-29,150,31,0.20666666666666667,21,4,0.19047619047619047,0.12903225806451613,0.20930232558139536,0.9216589861751151
bl_span_comfortable__ni_k2_r1,2024-04-08_22-49-18,150,15,0.1,32,3,0.09375,0.2,0.1016949152542373,0.9375
bl_span_comfortable__ni_k2_r1,2024-09-02_14-10-41,150,10,0.06666666666666667,25,0,0.0,0.0,0.08,0.0
bl_span_comfortable__ni_k2_r1,2024-09-04_19-52-57,150,26,0.17333333333333334,32,1,0.03125,0.038461538461538464,0.211864406779661,0.18028846153846154
bl_span_comfortable__ni_k2_r1,2024-09-05_13-25-10,150,39,0.26,14,1,0.07142857142857142,0.02564102564102564,0.27941176470588236,0.2747252747252747
bl_span_comfortable__ni_k2_r2,2024-02-15_20-07-54,150,29,0.19333333333333333,59,1,0.01694915254237288,0.034482758620689655,0.3076923076923077,0.08766803039158387
bl_span_comfortable__ni_k2_r2,2024-02-15_21-40-43,150,22,0.14666666666666667,20,2,0.1,0.09090909090909091,0.15384615384615385,0.6818181818181819
bl_span_comfortable__ni_k2_r2,2024-02-15_21-57-38,150,46,0.30666666666666664,47,4,0.0851063829787234,0.08695652173913043,0.4077669902912621,0.27752081406105455
bl_span_comfortable__ni_k2_r2,2024-02-17_21-44-37,150,30,0.2,47,7,0.14893617021276595,0.23333333333333334,0.22330097087378642,0.7446808510638298
bl_span_comfortable__ni_k2_r2,2024-02-17_22-33-45,300,69,0.23,82,6,0.07317073170731707,0.08695652173913043,0.2889908256880734,0.3181336161187699
bl_span_comfortable__ni_k2_r2,2024-02-22_11-58-09,150,16,0.10666666666666667,13,1,0.07692307692307693,0.0625,0.10948905109489052,0.7211538461538461
bl_span_comfortable__ni_k2_r2,2024-03-11_22-23-29,150,34,0.22666666666666666,21,5,0.23809523809523808,0.14705882352941177,0.2248062015503876,1.050420168067227
bl_span_comfortable__ni_k2_r2,2024-04-08_22-49-18,150,17,0.11333333333333333,32,4,0.125,0.23529411764705882,0.11016949152542373,1.102941176470588
bl_span_comfortable__ni_k2_r2,2024-09-02_14-10-41,150,10,0.06666666666666667,25,0,0.0,0.0,0.08,0.0
bl_span_comfortable__ni_k2_r2,2024-09-04_19-52-57,150,26,0.17333333333333334,32,1,0.03125,0.038461538461538464,0.211864406779661,0.18028846153846154
bl_span_comfortable__ni_k2_r2,2024-09-05_13-25-10,150,39,0.26,14,1,0.07142857142857142,0.02564102564102564,0.27941176470588236,0.2747252747252747
bl_span_comfortable__ni_k2_r4,2024-02-15_20-07-54,150,43,0.2866666666666667,59,5,0.0847457627118644,0.11627906976744186,0.4175824175824176,0.29562475364603863
bl_span_comfortable__ni_k2_r4,2024-02-15_21-40-43,150,26,0.17333333333333334,20,2,0.1,0.07692307692307693,0.18461538461538463,0.576923076923077
bl_span_comfortable__ni_k2_r4,2024-02-15_21-57-38,150,65,0.43333333333333335,47,5,0.10638297872340426,0.07692307692307693,0.5825242718446602,0.24549918166939444
bl_span_comfortable__ni_k2_r4,2024-02-17_21-44-37,150,35,0.23333333333333334,47,7,0.14893617021276595,0.2,0.27184466019417475,0.6382978723404256
bl_span_comfortable__ni_k2_r4,2024-02-17_22-33-45,300,91,0.30333333333333334,82,7,0.08536585365853659,0.07692307692307693,0.3853211009174312,0.2814258911819888
bl_span_comfortable__ni_k2_r4,2024-02-22_11-58-09,150,20,0.13333333333333333,13,1,0.07692307692307693,0.05,0.1386861313868613,0.576923076923077
bl_span_comfortable__ni_k2_r4,2024-03-11_22-23-29,150,40,0.26666666666666666,21,5,0.23809523809523808,0.125,0.2713178294573643,0.8928571428571428
bl_span_comfortable__ni_k2_r4,2024-04-08_22-49-18,150,20,0.13333333333333333,32,4,0.125,0.2,0.13559322033898305,0.9375
bl_span_comfortable__ni_k2_r4,2024-09-02_14-10-41,150,10,0.06666666666666667,25,0,0.0,0.0,0.08,0.0
bl_span_comfortable__ni_k2_r4,2024-09-04_19-52-57,150,26,0.17333333333333334,32,1,0.03125,0.038461538461538464,0.211864406779661,0.18028846153846154
bl_span_comfortable__ni_k2_r4,2024-09-05_13-25-10,150,39,0.26,14,1,0.07142857142857142,0.02564102564102564,0.27941176470588236,0.2747252747252747
bl_span_comfortable__ni_k3_r1,2024-02-15_20-07-54,150,17,0.11333333333333333,59,0,0.0,0.0,0.18681318681318682,0.0
bl_span_comfortable__ni_k3_r1,2024-02-15_21-40-43,150,16,0.10666666666666667,20,2,0.1,0.125,0.1076923076923077,0.9375
bl_span_comfortable__ni_k3_r1,2024-02-15_21-57-38,150,27,0.18,47,2,0.0425531914893617,0.07407407407407407,0.24271844660194175,0.23640661938534277
bl_span_comfortable__ni_k3_r1,2024-02-17_21-44-37,150,20,0.13333333333333333,47,4,0.0851063829787234,0.2,0.1553398058252427,0.6382978723404256
bl_span_comfortable__ni_k3_r1,2024-02-17_22-33-45,300,40,0.13333333333333333,82,5,0.06097560975609756,0.125,0.16055045871559634,0.4573170731707317
bl_span_comfortable__ni_k3_r1,2024-02-22_11-58-09,150,12,0.08,13,1,0.07692307692307693,0.08333333333333333,0.08029197080291971,0.9615384615384615
bl_span_comfortable__ni_k3_r1,2024-03-11_22-23-29,150,27,0.18,21,4,0.19047619047619047,0.14814814814814814,0.17829457364341086,1.0582010582010581
bl_span_comfortable__ni_k3_r1,2024-04-08_22-49-18,150,13,0.08666666666666667,32,3,0.09375,0.23076923076923078,0.0847457627118644,1.0817307692307692
bl_span_comfortable__ni_k3_r1,2024-09-02_14-10-41,150,10,0.06666666666666667,25,0,0.0,0.0,0.08,0.0
bl_span_comfortable__ni_k3_r1,2024-09-04_19-52-57,150,26,0.17333333333333334,32,1,0.03125,0.038461538461538464,0.211864406779661,0.18028846153846154
bl_span_comfortable__ni_k3_r1,2024-09-05_13-25-10,150,39,0.26,14,1,0.07142857142857142,0.02564102564102564,0.27941176470588236,0.2747252747252747
bl_span_comfortable__ni_k3_r2,2024-02-15_20-07-54,150,23,0.15333333333333332,59,0,0.0,0.0,0.25274725274725274,0.0
bl_span_comfortable__ni_k3_r2,2024-02-15_21-40-43,150,16,0.10666666666666667,20,2,0.1,0.125,0.1076923076923077,0.9375
bl_span_comfortable__ni_k3_r2,2024-02-15_21-57-38,150,30,0.2,47,4,0.0851063829787234,0.13333333333333333,0.2524271844660194,0.42553191489361697
bl_span_comfortable__ni_k3_r2,2024-02-17_21-44-37,150,20,0.13333333333333333,47,4,0.0851063829787234,0.2,0.1553398058252427,0.6382978723404256
bl_span_comfortable__ni_k3_r2,2024-02-17_22-33-45,300,45,0.15,82,5,0.06097560975609756,0.1111111111111111,0.1834862385321101,0.4065040650406504
bl_span_comfortable__ni_k3_r2,2024-02-22_11-58-09,150,12,0.08,13,1,0.07692307692307693,0.08333333333333333,0.08029197080291971,0.9615384615384615
bl_span_comfortable__ni_k3_r2,2024-03-11_22-23-29,150,27,0.18,21,4,0.19047619047619047,0.14814814814814814,0.17829457364341086,1.0582010582010581
bl_span_comfortable__ni_k3_r2,2024-04-08_22-49-18,150,13,0.08666666666666667,32,3,0.09375,0.23076923076923078,0.0847457627118644,1.0817307692307692
bl_span_comfortable__ni_k3_r2,2024-09-02_14-10-41,150,10,0.06666666666666667,25,0,0.0,0.0,0.08,0.0
bl_span_comfortable__ni_k3_r2,2024-09-04_19-52-57,150,26,0.17333333333333334,32,1,0.03125,0.038461538461538464,0.211864406779661,0.18028846153846154
bl_span_comfortable__ni_k3_r2,2024-09-05_13-25-10,150,39,0.26,14,1,0.07142857142857142,0.02564102564102564,0.27941176470588236,0.2747252747252747
bl_span_comfortable__ni_k3_r4,2024-02-15_20-07-54,150,35,0.23333333333333334,59,4,0.06779661016949153,0.11428571428571428,0.34065934065934067,0.29055690072639223
bl_span_comfortable__ni_k3_r4,2024-02-15_21-40-43,150,16,0.10666666666666667,20,2,0.1,0.125,0.1076923076923077,0.9375
bl_span_comfortable__ni_k3_r4,2024-02-15_21-57-38,150,35,0.23333333333333334,47,4,0.0851063829787234,0.11428571428571428,0.30097087378640774,0.36474164133738596
bl_span_comfortable__ni_k3_r4,2024-02-17_21-44-37,150,20,0.13333333333333333,47,4,0.0851063829787234,0.2,0.1553398058252427,0.6382978723404256
bl_span_comfortable__ni_k3_r4,2024-02-17_22-33-45,300,53,0.17666666666666667,82,5,0.06097560975609756,0.09433962264150944,0.22018348623853212,0.34514496088357116
bl_span_comfortable__ni_k3_r4,2024-02-22_11-58-09,150,12,0.08,13,1,0.07692307692307693,0.08333333333333333,0.08029197080291971,0.9615384615384615
bl_span_comfortable__ni_k3_r4,2024-03-11_22-23-29,150,27,0.18,21,4,0.19047619047619047,0.14814814814814814,0.17829457364341086,1.0582010582010581
bl_span_comfortable__ni_k3_r4,2024-04-08_22-49-18,150,13,0.08666666666666667,32,3,0.09375,0.23076923076923078,0.0847457627118644,1.0817307692307692
bl_span_comfortable__ni_k3_r4,2024-09-02_14-10-41,150,10,0.06666666666666667,25,0,0.0,0.0,0.08,0.0
bl_span_comfortable__ni_k3_r4,2024-09-04_19-52-57,150,26,0.17333333333333334,32,1,0.03125,0.038461538461538464,0.211864406779661,0.18028846153846154
bl_span_comfortable__ni_k3_r4,2024-09-05_13-25-10,150,39,0.26,14,1,0.07142857142857142,0.02564102564102564,0.27941176470588236,0.2747252747252747
bl_span_comfortable__ni_k5_r1,2024-02-15_20-07-54,150,11,0.07333333333333333,59,0,0.0,0.0,0.12087912087912088,0.0
bl_span_comfortable__ni_k5_r1,2024-02-15_21-40-43,150,16,0.10666666666666667,20,2,0.1,0.125,0.1076923076923077,0.9375
bl_span_comfortable__ni_k5_r1,2024-02-15_21-57-38,150,23,0.15333333333333332,47,1,0.02127659574468085,0.043478260869565216,0.21359223300970873,0.13876040703052728
bl_span_comfortable__ni_k5_r1,2024-02-17_21-44-37,150,20,0.13333333333333333,47,4,0.0851063829787234,0.2,0.1553398058252427,0.6382978723404256
bl_span_comfortable__ni_k5_r1,2024-02-17_22-33-45,300,36,0.12,82,5,0.06097560975609756,0.1388888888888889,0.14220183486238533,0.508130081300813
bl_span_comfortable__ni_k5_r1,2024-02-22_11-58-09,150,12,0.08,13,1,0.07692307692307693,0.08333333333333333,0.08029197080291971,0.9615384615384615
bl_span_comfortable__ni_k5_r1,2024-03-11_22-23-29,150,27,0.18,21,4,0.19047619047619047,0.14814814814814814,0.17829457364341086,1.0582010582010581
bl_span_comfortable__ni_k5_r1,2024-04-08_22-49-18,150,13,0.08666666666666667,32,3,0.09375,0.23076923076923078,0.0847457627118644,1.0817307692307692
bl_span_comfortable__ni_k5_r1,2024-09-02_14-10-41,150,10,0.06666666666666667,25,0,0.0,0.0,0.08,0.0
bl_span_comfortable__ni_k5_r1,2024-09-04_19-52-57,150,26,0.17333333333333334,32,1,0.03125,0.038461538461538464,0.211864406779661,0.18028846153846154
bl_span_comfortable__ni_k5_r1,2024-09-05_13-25-10,150,39,0.26,14,1,0.07142857142857142,0.02564102564102564,0.27941176470588236,0.2747252747252747
bl_span_comfortable__ni_k5_r2,2024-02-15_20-07-54,150,11,0.07333333333333333,59,0,0.0,0.0,0.12087912087912088,0.0
bl_span_comfortable__ni_k5_r2,2024-02-15_21-40-43,150,16,0.10666666666666667,20,2,0.1,0.125,0.1076923076923077,0.9375
bl_span_comfortable__ni_k5_r2,2024-02-15_21-57-38,150,23,0.15333333333333332,47,1,0.02127659574468085,0.043478260869565216,0.21359223300970873,0.13876040703052728
bl_span_comfortable__ni_k5_r2,2024-02-17_21-44-37,150,20,0.13333333333333333,47,4,0.0851063829787234,0.2,0.1553398058252427,0.6382978723404256
bl_span_comfortable__ni_k5_r2,2024-02-17_22-33-45,300,36,0.12,82,5,0.06097560975609756,0.1388888888888889,0.14220183486238533,0.508130081300813
bl_span_comfortable__ni_k5_r2,2024-02-22_11-58-09,150,12,0.08,13,1,0.07692307692307693,0.08333333333333333,0.08029197080291971,0.9615384615384615
bl_span_comfortable__ni_k5_r2,2024-03-11_22-23-29,150,27,0.18,21,4,0.19047619047619047,0.14814814814814814,0.17829457364341086,1.0582010582010581
bl_span_comfortable__ni_k5_r2,2024-04-08_22-49-18,150,13,0.08666666666666667,32,3,0.09375,0.23076923076923078,0.0847457627118644,1.0817307692307692
bl_span_comfortable__ni_k5_r2,2024-09-02_14-10-41,150,10,0.06666666666666667,25,0,0.0,0.0,0.08,0.0
bl_span_comfortable__ni_k5_r2,2024-09-04_19-52-57,150,26,0.17333333333333334,32,1,0.03125,0.038461538461538464,0.211864406779661,0.18028846153846154
bl_span_comfortable__ni_k5_r2,2024-09-05_13-25-10,150,39,0.26,14,1,0.07142857142857142,0.02564102564102564,0.27941176470588236,0.2747252747252747
bl_span_comfortable__ni_k5_r4,2024-02-15_20-07-54,150,11,0.07333333333333333,59,0,0.0,0.0,0.12087912087912088,0.0
bl_span_comfortable__ni_k5_r4,2024-02-15_21-40-43,150,16,0.10666666666666667,20,2,0.1,0.125,0.1076923076923077,0.9375
bl_span_comfortable__ni_k5_r4,2024-02-15_21-57-38,150,23,0.15333333333333332,47,1,0.02127659574468085,0.043478260869565216,0.21359223300970873,0.13876040703052728
bl_span_comfortable__ni_k5_r4,2024-02-17_21-44-37,150,20,0.13333333333333333,47,4,0.0851063829787234,0.2,0.1553398058252427,0.6382978723404256
bl_span_comfortable__ni_k5_r4,2024-02-17_22-33-45,300,36,0.12,82,5,0.06097560975609756,0.1388888888888889,0.14220183486238533,0.508130081300813
bl_span_comfortable__ni_k5_r4,2024-02-22_11-58-09,150,12,0.08,13,1,0.07692307692307693,0.08333333333333333,0.08029197080291971,0.9615384615384615
bl_span_comfortable__ni_k5_r4,2024-03-11_22-23-29,150,27,0.18,21,4,0.19047619047619047,0.14814814814814814,0.17829457364341086,1.0582010582010581
bl_span_comfortable__ni_k5_r4,2024-04-08_22-49-18,150,13,0.08666666666666667,32,3,0.09375,0.23076923076923078,0.0847457627118644,1.0817307692307692
bl_span_comfortable__ni_k5_r4,2024-09-02_14-10-41,150,10,0.06666666666666667,25,0,0.0,0.0,0.08,0.0
bl_span_comfortable__ni_k5_r4,2024-09-04_19-52-57,150,26,0.17333333333333334,32,1,0.03125,0.038461538461538464,0.211864406779661,0.18028846153846154
bl_span_comfortable__ni_k5_r4,2024-09-05_13-25-10,150,39,0.26,14,1,0.07142857142857142,0.02564102564102564,0.27941176470588236,0.2747252747252747
bl_span_relative__ni_k2_r1,2024-02-15_20-07-54,150,51,0.34,59,9,0.15254237288135594,0.17647058823529413,0.46153846153846156,0.448654037886341
bl_span_relative__ni_k2_r1,2024-02-15_21-40-43,150,38,0.25333333333333335,20,3,0.15,0.07894736842105263,0.2692307692307692,0.5921052631578947
bl_span_relative__ni_k2_r1,2024-02-15_21-57-38,150,53,0.35333333333333333,47,5,0.10638297872340426,0.09433962264150944,0.46601941747572817,0.3010839020473705
bl_span_relative__ni_k2_r1,2024-02-17_21-44-37,150,54,0.36,47,9,0.19148936170212766,0.16666666666666666,0.4368932038834951,0.5319148936170213
bl_span_relative__ni_k2_r1,2024-02-17_22-33-45,300,113,0.37666666666666665,82,9,0.10975609756097561,0.07964601769911504,0.47706422018348627,0.29138786963090874
bl_span_relative__ni_k2_r1,2024-02-22_11-58-09,150,65,0.43333333333333335,13,4,0.3076923076923077,0.06153846153846154,0.44525547445255476,0.7100591715976331
bl_span_relative__ni_k2_r1,2024-03-11_22-23-29,150,64,0.4266666666666667,21,5,0.23809523809523808,0.078125,0.4573643410852713,0.5580357142857142
bl_span_relative__ni_k2_r1,2024-04-08_22-49-18,150,59,0.3933333333333333,32,9,0.28125,0.15254237288135594,0.423728813559322,0.715042372881356
bl_span_relative__ni_k2_r1,2024-09-02_14-10-41,150,41,0.2733333333333333,25,6,0.24,0.14634146341463414,0.28,0.8780487804878049
bl_span_relative__ni_k2_r1,2024-09-04_19-52-57,150,78,0.52,32,3,0.09375,0.038461538461538464,0.635593220338983,0.18028846153846154
bl_span_relative__ni_k2_r1,2024-09-05_13-25-10,150,44,0.29333333333333333,14,1,0.07142857142857142,0.022727272727272728,0.3161764705882353,0.2435064935064935
bl_span_relative__ni_k2_r2,2024-02-15_20-07-54,150,54,0.36,59,10,0.1694915254237288,0.18518518518518517,0.4835164835164835,0.4708097928436911
bl_span_relative__ni_k2_r2,2024-02-15_21-40-43,150,41,0.2733333333333333,20,3,0.15,0.07317073170731707,0.2923076923076923,0.548780487804878
bl_span_relative__ni_k2_r2,2024-02-15_21-57-38,150,60,0.4,47,6,0.1276595744680851,0.1,0.5242718446601942,0.3191489361702128
bl_span_relative__ni_k2_r2,2024-02-17_21-44-37,150,57,0.38,47,10,0.2127659574468085,0.17543859649122806,0.4563106796116505,0.5599104143337066
bl_span_relative__ni_k2_r2,2024-02-17_22-33-45,300,122,0.4066666666666667,82,9,0.10975609756097561,0.07377049180327869,0.518348623853211,0.2698920431827269
bl_span_relative__ni_k2_r2,2024-02-22_11-58-09,150,66,0.44,13,4,0.3076923076923077,0.06060606060606061,0.45255474452554745,0.6993006993006993
bl_span_relative__ni_k2_r2,2024-03-11_22-23-29,150,65,0.43333333333333335,21,5,0.23809523809523808,0.07692307692307693,0.46511627906976744,0.5494505494505494
bl_span_relative__ni_k2_r2,2024-04-08_22-49-18,150,60,0.4,32,10,0.3125,0.16666666666666666,0.423728813559322,0.7812499999999999
bl_span_relative__ni_k2_r2,2024-09-02_14-10-41,150,41,0.2733333333333333,25,6,0.24,0.14634146341463414,0.28,0.8780487804878049
bl_span_relative__ni_k2_r2,2024-09-04_19-52-57,150,78,0.52,32,3,0.09375,0.038461538461538464,0.635593220338983,0.18028846153846154
bl_span_relative__ni_k2_r2,2024-09-05_13-25-10,150,44,0.29333333333333333,14,1,0.07142857142857142,0.022727272727272728,0.3161764705882353,0.2435064935064935
bl_span_relative__ni_k2_r4,2024-02-15_20-07-54,150,64,0.4266666666666667,59,13,0.22033898305084745,0.203125,0.5604395604395604,0.5164194915254238
bl_span_relative__ni_k2_r4,2024-02-15_21-40-43,150,45,0.3,20,3,0.15,0.06666666666666667,0.3230769230769231,0.5
bl_span_relative__ni_k2_r4,2024-02-15_21-57-38,150,75,0.5,47,6,0.1276595744680851,0.08,0.6699029126213593,0.2553191489361702
bl_span_relative__ni_k2_r4,2024-02-17_21-44-37,150,60,0.4,47,10,0.2127659574468085,0.16666666666666666,0.4854368932038835,0.5319148936170213
bl_span_relative__ni_k2_r4,2024-02-17_22-33-45,300,139,0.4633333333333333,82,10,0.12195121951219512,0.07194244604316546,0.591743119266055,0.26320407088962977
bl_span_relative__ni_k2_r4,2024-02-22_11-58-09,150,67,0.44666666666666666,13,4,0.3076923076923077,0.05970149253731343,0.45985401459854014,0.6888633754305395
bl_span_relative__ni_k2_r4,2024-03-11_22-23-29,150,70,0.4666666666666667,21,5,0.23809523809523808,0.07142857142857142,0.5038759689922481,0.510204081632653
bl_span_relative__ni_k2_r4,2024-04-08_22-49-18,150,62,0.41333333333333333,32,10,0.3125,0.16129032258064516,0.4406779661016949,0.7560483870967741
bl_span_relative__ni_k2_r4,2024-09-02_14-10-41,150,41,0.2733333333333333,25,6,0.24,0.14634146341463414,0.28,0.8780487804878049
bl_span_relative__ni_k2_r4,2024-09-04_19-52-57,150,78,0.52,32,3,0.09375,0.038461538461538464,0.635593220338983,0.18028846153846154
bl_span_relative__ni_k2_r4,2024-09-05_13-25-10,150,44,0.29333333333333333,14,1,0.07142857142857142,0.022727272727272728,0.3161764705882353,0.2435064935064935
bl_span_relative__ni_k3_r1,2024-02-15_20-07-54,150,47,0.31333333333333335,59,9,0.15254237288135594,0.19148936170212766,0.4175824175824176,0.48683736025964663
bl_span_relative__ni_k3_r1,2024-02-15_21-40-43,150,37,0.24666666666666667,20,3,0.15,0.08108108108108109,0.26153846153846155,0.6081081081081081
bl_span_relative__ni_k3_r1,2024-02-15_21-57-38,150,46,0.30666666666666664,47,5,0.10638297872340426,0.10869565217391304,0.39805825242718446,0.3469010175763182
bl_span_relative__ni_k3_r1,2024-02-17_21-44-37,150,48,0.32,47,7,0.14893617021276595,0.14583333333333334,0.39805825242718446,0.4654255319148936
bl_span_relative__ni_k3_r1,2024-02-17_22-33-45,300,106,0.35333333333333333,82,9,0.10975609756097561,0.08490566037735849,0.44495412844036697,0.310630464795214
bl_span_relative__ni_k3_r1,2024-02-22_11-58-09,150,64,0.4266666666666667,13,4,0.3076923076923077,0.0625,0.43795620437956206,0.7211538461538461
bl_span_relative__ni_k3_r1,2024-03-11_22-23-29,150,62,0.41333333333333333,21,5,0.23809523809523808,0.08064516129032258,0.4418604651162791,0.576036866359447
bl_span_relative__ni_k3_r1,2024-04-08_22-49-18,150,58,0.38666666666666666,32,9,0.28125,0.15517241379310345,0.4152542372881356,0.7273706896551724
bl_span_relative__ni_k3_r1,2024-09-02_14-10-41,150,41,0.2733333333333333,25,6,0.24,0.14634146341463414,0.28,0.8780487804878049
bl_span_relative__ni_k3_r1,2024-09-04_19-52-57,150,78,0.52,32,3,0.09375,0.038461538461538464,0.635593220338983,0.18028846153846154
bl_span_relative__ni_k3_r1,2024-09-05_13-25-10,150,44,0.29333333333333333,14,1,0.07142857142857142,0.022727272727272728,0.3161764705882353,0.2435064935064935
bl_span_relative__ni_k3_r2,2024-02-15_20-07-54,150,50,0.3333333333333333,59,9,0.15254237288135594,0.18,0.45054945054945056,0.4576271186440678
bl_span_relative__ni_k3_r2,2024-02-15_21-40-43,150,37,0.24666666666666667,20,3,0.15,0.08108108108108109,0.26153846153846155,0.6081081081081081
bl_span_relative__ni_k3_r2,2024-02-15_21-57-38,150,47,0.31333333333333335,47,6,0.1276595744680851,0.1276595744680851,0.39805825242718446,0.4074241738343141
bl_span_relative__ni_k3_r2,2024-02-17_21-44-37,150,48,0.32,47,7,0.14893617021276595,0.14583333333333334,0.39805825242718446,0.4654255319148936
bl_span_relative__ni_k3_r2,2024-02-17_22-33-45,300,108,0.36,82,9,0.10975609756097561,0.08333333333333333,0.4541284403669725,0.3048780487804878
bl_span_relative__ni_k3_r2,2024-02-22_11-58-09,150,64,0.4266666666666667,13,4,0.3076923076923077,0.0625,0.43795620437956206,0.7211538461538461
bl_span_relative__ni_k3_r2,2024-03-11_22-23-29,150,62,0.41333333333333333,21,5,0.23809523809523808,0.08064516129032258,0.4418604651162791,0.576036866359447
bl_span_relative__ni_k3_r2,2024-04-08_22-49-18,150,58,0.38666666666666666,32,9,0.28125,0.15517241379310345,0.4152542372881356,0.7273706896551724
bl_span_relative__ni_k3_r2,2024-09-02_14-10-41,150,41,0.2733333333333333,25,6,0.24,0.14634146341463414,0.28,0.8780487804878049
bl_span_relative__ni_k3_r2,2024-09-04_19-52-57,150,78,0.52,32,3,0.09375,0.038461538461538464,0.635593220338983,0.18028846153846154
bl_span_relative__ni_k3_r2,2024-09-05_13-25-10,150,44,0.29333333333333333,14,1,0.07142857142857142,0.022727272727272728,0.3161764705882353,0.2435064935064935
bl_span_relative__ni_k3_r4,2024-02-15_20-07-54,150,59,0.3933333333333333,59,12,0.2033898305084746,0.2033898305084746,0.5164835164835165,0.5170927894283253
bl_span_relative__ni_k3_r4,2024-02-15_21-40-43,150,37,0.24666666666666667,20,3,0.15,0.08108108108108109,0.26153846153846155,0.6081081081081081
bl_span_relative__ni_k3_r4,2024-02-15_21-57-38,150,51,0.34,47,6,0.1276595744680851,0.11764705882352941,0.4368932038834951,0.37546933667083854
bl_span_relative__ni_k3_r4,2024-02-17_21-44-37,150,48,0.32,47,7,0.14893617021276595,0.14583333333333334,0.39805825242718446,0.4654255319148936
bl_span_relative__ni_k3_r4,2024-02-17_22-33-45,300,111,0.37,82,9,0.10975609756097561,0.08108108108108109,0.46788990825688076,0.29663810151615033
bl_span_relative__ni_k3_r4,2024-02-22_11-58-09,150,64,0.4266666666666667,13,4,0.3076923076923077,0.0625,0.43795620437956206,0.7211538461538461
bl_span_relative__ni_k3_r4,2024-03-11_22-23-29,150,62,0.41333333333333333,21,5,0.23809523809523808,0.08064516129032258,0.4418604651162791,0.576036866359447
bl_span_relative__ni_k3_r4,2024-04-08_22-49-18,150,58,0.38666666666666666,32,9,0.28125,0.15517241379310345,0.4152542372881356,0.7273706896551724
bl_span_relative__ni_k3_r4,2024-09-02_14-10-41,150,41,0.2733333333333333,25,6,0.24,0.14634146341463414,0.28,0.8780487804878049
bl_span_relative__ni_k3_r4,2024-09-04_19-52-57,150,78,0.52,32,3,0.09375,0.038461538461538464,0.635593220338983,0.18028846153846154
bl_span_relative__ni_k3_r4,2024-09-05_13-25-10,150,44,0.29333333333333333,14,1,0.07142857142857142,0.022727272727272728,0.3161764705882353,0.2435064935064935
bl_span_relative__ni_k5_r1,2024-02-15_20-07-54,150,43,0.2866666666666667,59,9,0.15254237288135594,0.20930232558139536,0.37362637362637363,0.5321245565628696
bl_span_relative__ni_k5_r1,2024-02-15_21-40-43,150,37,0.24666666666666667,20,3,0.15,0.08108108108108109,0.26153846153846155,0.6081081081081081
bl_span_relative__ni_k5_r1,2024-02-15_21-57-38,150,44,0.29333333333333333,47,4,0.0851063829787234,0.09090909090909091,0.3883495145631068,0.2901353965183752
bl_span_relative__ni_k5_r1,2024-02-17_21-44-37,150,48,0.32,47,7,0.14893617021276595,0.14583333333333334,0.39805825242718446,0.4654255319148936
bl_span_relative__ni_k5_r1,2024-02-17_22-33-45,300,105,0.35,82,9,0.10975609756097561,0.08571428571428572,0.44036697247706424,0.31358885017421606
bl_span_relative__ni_k5_r1,2024-02-22_11-58-09,150,64,0.4266666666666667,13,4,0.3076923076923077,0.0625,0.43795620437956206,0.7211538461538461
bl_span_relative__ni_k5_r1,2024-03-11_22-23-29,150,62,0.41333333333333333,21,5,0.23809523809523808,0.08064516129032258,0.4418604651162791,0.576036866359447
bl_span_relative__ni_k5_r1,2024-04-08_22-49-18,150,58,0.38666666666666666,32,9,0.28125,0.15517241379310345,0.4152542372881356,0.7273706896551724
bl_span_relative__ni_k5_r1,2024-09-02_14-10-41,150,41,0.2733333333333333,25,6,0.24,0.14634146341463414,0.28,0.8780487804878049
bl_span_relative__ni_k5_r1,2024-09-04_19-52-57,150,78,0.52,32,3,0.09375,0.038461538461538464,0.635593220338983,0.18028846153846154
bl_span_relative__ni_k5_r1,2024-09-05_13-25-10,150,44,0.29333333333333333,14,1,0.07142857142857142,0.022727272727272728,0.3161764705882353,0.2435064935064935
bl_span_relative__ni_k5_r2,2024-02-15_20-07-54,150,43,0.2866666666666667,59,9,0.15254237288135594,0.20930232558139536,0.37362637362637363,0.5321245565628696
bl_span_relative__ni_k5_r2,2024-02-15_21-40-43,150,37,0.24666666666666667,20,3,0.15,0.08108108108108109,0.26153846153846155,0.6081081081081081
bl_span_relative__ni_k5_r2,2024-02-15_21-57-38,150,44,0.29333333333333333,47,4,0.0851063829787234,0.09090909090909091,0.3883495145631068,0.2901353965183752
bl_span_relative__ni_k5_r2,2024-02-17_21-44-37,150,48,0.32,47,7,0.14893617021276595,0.14583333333333334,0.39805825242718446,0.4654255319148936
bl_span_relative__ni_k5_r2,2024-02-17_22-33-45,300,105,0.35,82,9,0.10975609756097561,0.08571428571428572,0.44036697247706424,0.31358885017421606
bl_span_relative__ni_k5_r2,2024-02-22_11-58-09,150,64,0.4266666666666667,13,4,0.3076923076923077,0.0625,0.43795620437956206,0.7211538461538461
bl_span_relative__ni_k5_r2,2024-03-11_22-23-29,150,62,0.41333333333333333,21,5,0.23809523809523808,0.08064516129032258,0.4418604651162791,0.576036866359447
bl_span_relative__ni_k5_r2,2024-04-08_22-49-18,150,58,0.38666666666666666,32,9,0.28125,0.15517241379310345,0.4152542372881356,0.7273706896551724
bl_span_relative__ni_k5_r2,2024-09-02_14-10-41,150,41,0.2733333333333333,25,6,0.24,0.14634146341463414,0.28,0.8780487804878049
bl_span_relative__ni_k5_r2,2024-09-04_19-52-57,150,78,0.52,32,3,0.09375,0.038461538461538464,0.635593220338983,0.18028846153846154
bl_span_relative__ni_k5_r2,2024-09-05_13-25-10,150,44,0.29333333333333333,14,1,0.07142857142857142,0.022727272727272728,0.3161764705882353,0.2435064935064935
bl_span_relative__ni_k5_r4,2024-02-15_20-07-54,150,43,0.2866666666666667,59,9,0.15254237288135594,0.20930232558139536,0.37362637362637363,0.5321245565628696
bl_span_relative__ni_k5_r4,2024-02-15_21-40-43,150,37,0.24666666666666667,20,3,0.15,0.08108108108108109,0.26153846153846155,0.6081081081081081
bl_span_relative__ni_k5_r4,2024-02-15_21-57-38,150,44,0.29333333333333333,47,4,0.0851063829787234,0.09090909090909091,0.3883495145631068,0.2901353965183752
bl_span_relative__ni_k5_r4,2024-02-17_21-44-37,150,48,0.32,47,7,0.14893617021276595,0.14583333333333334,0.39805825242718446,0.4654255319148936
bl_span_relative__ni_k5_r4,2024-02-17_22-33-45,300,105,0.35,82,9,0.10975609756097561,0.08571428571428572,0.44036697247706424,0.31358885017421606
bl_span_relative__ni_k5_r4,2024-02-22_11-58-09,150,64,0.4266666666666667,13,4,0.3076923076923077,0.0625,0.43795620437956206,0.7211538461538461
bl_span_relative__ni_k5_r4,2024-03-11_22-23-29,150,62,0.41333333333333333,21,5,0.23809523809523808,0.08064516129032258,0.4418604651162791,0.576036866359447
bl_span_relative__ni_k5_r4,2024-04-08_22-49-18,150,58,0.38666666666666666,32,9,0.28125,0.15517241379310345,0.4152542372881356,0.7273706896551724
bl_span_relative__ni_k5_r4,2024-09-02_14-10-41,150,41,0.2733333333333333,25,6,0.24,0.14634146341463414,0.28,0.8780487804878049
bl_span_relative__ni_k5_r4,2024-09-04_19-52-57,150,78,0.52,32,3,0.09375,0.038461538461538464,0.635593220338983,0.18028846153846154
bl_span_relative__ni_k5_r4,2024-09-05_13-25-10,150,44,0.29333333333333333,14,1,0.07142857142857142,0.022727272727272728,0.3161764705882353,0.2435064935064935
bl_crossing__ni_k2_r1,2024-02-15_20-07-54,150,13,0.08666666666666667,59,0,0.0,0.0,0.14285714285714285,0.0
bl_crossing__ni_k2_r1,2024-02-15_21-40-43,150,4,0.02666666666666667,20,1,0.05,0.25,0.023076923076923078,1.875
bl_crossing__ni_k2_r1,2024-02-15_21-57-38,150,15,0.1,47,1,0.02127659574468085,0.06666666666666667,0.13592233009708737,0.21276595744680848
bl_crossing__ni_k2_r1,2024-02-17_21-44-37,150,10,0.06666666666666667,47,4,0.0851063829787234,0.4,0.05825242718446602,1.2765957446808511
bl_crossing__ni_k2_r1,2024-02-17_22-33-45,300,26,0.08666666666666667,82,3,0.036585365853658534,0.11538461538461539,0.10550458715596331,0.42213883677298314
bl_crossing__ni_k2_r1,2024-02-22_11-58-09,150,2,0.013333333333333334,13,0,0.0,0.0,0.014598540145985401,0.0
bl_crossing__ni_k2_r1,2024-03-11_22-23-29,150,10,0.06666666666666667,21,2,0.09523809523809523,0.2,0.06201550387596899,1.4285714285714286
bl_crossing__ni_k2_r1,2024-04-08_22-49-18,150,4,0.02666666666666667,32,1,0.03125,0.25,0.025423728813559324,1.171875
bl_crossing__ni_k2_r1,2024-09-02_14-10-41,150,3,0.02,25,0,0.0,0.0,0.024,0.0
bl_crossing__ni_k2_r1,2024-09-04_19-52-57,150,0,0.0,32,0,0.0,,0.0,
bl_crossing__ni_k2_r1,2024-09-05_13-25-10,150,1,0.006666666666666667,14,0,0.0,0.0,0.007352941176470588,0.0
bl_crossing__ni_k2_r2,2024-02-15_20-07-54,150,21,0.14,59,1,0.01694915254237288,0.047619047619047616,0.21978021978021978,0.12106537530266344
bl_crossing__ni_k2_r2,2024-02-15_21-40-43,150,8,0.05333333333333334,20,1,0.05,0.125,0.05384615384615385,0.9375
bl_crossing__ni_k2_r2,2024-02-15_21-57-38,150,29,0.19333333333333333,47,3,0.06382978723404255,0.10344827586206896,0.2524271844660194,0.33015407190022006
bl_crossing__ni_k2_r2,2024-02-17_21-44-37,150,15,0.1,47,5,0.10638297872340426,0.3333333333333333,0.0970873786407767,1.0638297872340425
bl_crossing__ni_k2_r2,2024-02-17_22-33-45,300,43,0.14333333333333334,82,3,0.036585365853658534,0.06976744186046512,0.1834862385321101,0.2552467385138968
bl_crossing__ni_k2_r2,2024-02-22_11-58-09,150,4,0.02666666666666667,13,0,0.0,0.0,0.029197080291970802,0.0
bl_crossing__ni_k2_r2,2024-03-11_22-23-29,150,14,0.09333333333333334,21,4,0.19047619047619047,0.2857142857142857,0.07751937984496124,2.040816326530612
bl_crossing__ni_k2_r2,2024-04-08_22-49-18,150,6,0.04,32,2,0.0625,0.3333333333333333,0.03389830508474576,1.5624999999999998
bl_crossing__ni_k2_r2,2024-09-02_14-10-41,150,3,0.02,25,0,0.0,0.0,0.024,0.0
bl_crossing__ni_k2_r2,2024-09-04_19-52-57,150,0,0.0,32,0,0.0,,0.0,
bl_crossing__ni_k2_r2,2024-09-05_13-25-10,150,1,0.006666666666666667,14,0,0.0,0.0,0.007352941176470588,0.0
bl_crossing__ni_k2_r4,2024-02-15_20-07-54,150,37,0.24666666666666667,59,5,0.0847457627118644,0.13513513513513514,0.3516483516483517,0.3435639028859368
bl_crossing__ni_k2_r4,2024-02-15_21-40-43,150,16,0.10666666666666667,20,1,0.05,0.0625,0.11538461538461539,0.46875
bl_crossing__ni_k2_r4,2024-02-15_21-57-38,150,51,0.34,47,4,0.0851063829787234,0.0784313725490196,0.4563106796116505,0.2503128911138923
bl_crossing__ni_k2_r4,2024-02-17_21-44-37,150,23,0.15333333333333332,47,6,0.1276595744680851,0.2608695652173913,0.1650485436893204,0.8325624421831637
bl_crossing__ni_k2_r4,2024-02-17_22-33-45,300,70,0.23333333333333334,82,4,0.04878048780487805,0.05714285714285714,0.30275229357798167,0.20905923344947736
bl_crossing__ni_k2_r4,2024-02-22_11-58-09,150,8,0.05333333333333334,13,0,0.0,0.0,0.058394160583941604,0.0
bl_crossing__ni_k2_r4,2024-03-11_22-23-29,150,21,0.14,21,4,0.19047619047619047,0.19047619047619047,0.13178294573643412,1.3605442176870746
bl_crossing__ni_k2_r4,2024-04-08_22-49-18,150,10,0.06666666666666667,32,2,0.0625,0.2,0.06779661016949153,0.9375
bl_crossing__ni_k2_r4,2024-09-02_14-10-41,150,3,0.02,25,0,0.0,0.0,0.024,0.0
bl_crossing__ni_k2_r4,2024-09-04_19-52-57,150,0,0.0,32,0,0.0,,0.0,
bl_crossing__ni_k2_r4,2024-09-05_13-25-10,150,1,0.006666666666666667,14,0,0.0,0.0,0.007352941176470588,0.0
bl_crossing__ni_k3_r1,2024-02-15_20-07-54,150,7,0.04666666666666667,59,0,0.0,0.0,0.07692307692307693,0.0
bl_crossing__ni_k3_r1,2024-02-15_21-40-43,150,1,0.006666666666666667,20,0,0.0,0.0,0.007692307692307693,0.0
bl_crossing__ni_k3_r1,2024-02-15_21-57-38,150,4,0.02666666666666667,47,1,0.02127659574468085,0.25,0.02912621359223301,0.7978723404255319
bl_crossing__ni_k3_r1,2024-02-17_21-44-37,150,4,0.02666666666666667,47,2,0.0425531914893617,0.5,0.019417475728155338,1.5957446808510638
bl_crossing__ni_k3_r1,2024-02-17_22-33-45,300,7,0.023333333333333334,82,2,0.024390243902439025,0.2857142857142857,0.022935779816513763,1.0452961672473868
bl_crossing__ni_k3_r1,2024-02-22_11-58-09,150,0,0.0,13,0,0.0,,0.0,
bl_crossing__ni_k3_r1,2024-03-11_22-23-29,150,6,0.04,21,2,0.09523809523809523,0.3333333333333333,0.031007751937984496,2.3809523809523805
bl_crossing__ni_k3_r1,2024-04-08_22-49-18,150,2,0.013333333333333334,32,1,0.03125,0.5,0.00847457627118644,2.34375
bl_crossing__ni_k3_r1,2024-09-02_14-10-41,150,3,0.02,25,0,0.0,0.0,0.024,0.0
bl_crossing__ni_k3_r1,2024-09-04_19-52-57,150,0,0.0,32,0,0.0,,0.0,
bl_crossing__ni_k3_r1,2024-09-05_13-25-10,150,1,0.006666666666666667,14,0,0.0,0.0,0.007352941176470588,0.0
bl_crossing__ni_k3_r2,2024-02-15_20-07-54,150,13,0.08666666666666667,59,0,0.0,0.0,0.14285714285714285,0.0
bl_crossing__ni_k3_r2,2024-02-15_21-40-43,150,1,0.006666666666666667,20,0,0.0,0.0,0.007692307692307693,0.0
bl_crossing__ni_k3_r2,2024-02-15_21-57-38,150,8,0.05333333333333334,47,3,0.06382978723404255,0.375,0.04854368932038835,1.1968085106382977
bl_crossing__ni_k3_r2,2024-02-17_21-44-37,150,4,0.02666666666666667,47,2,0.0425531914893617,0.5,0.019417475728155338,1.5957446808510638
bl_crossing__ni_k3_r2,2024-02-17_22-33-45,300,12,0.04,82,2,0.024390243902439025,0.16666666666666666,0.045871559633027525,0.6097560975609756
bl_crossing__ni_k3_r2,2024-02-22_11-58-09,150,0,0.0,13,0,0.0,,0.0,
bl_crossing__ni_k3_r2,2024-03-11_22-23-29,150,6,0.04,21,2,0.09523809523809523,0.3333333333333333,0.031007751937984496,2.3809523809523805
bl_crossing__ni_k3_r2,2024-04-08_22-49-18,150,2,0.013333333333333334,32,1,0.03125,0.5,0.00847457627118644,2.34375
bl_crossing__ni_k3_r2,2024-09-02_14-10-41,150,3,0.02,25,0,0.0,0.0,0.024,0.0
bl_crossing__ni_k3_r2,2024-09-04_19-52-57,150,0,0.0,32,0,0.0,,0.0,
bl_crossing__ni_k3_r2,2024-09-05_13-25-10,150,1,0.006666666666666667,14,0,0.0,0.0,0.007352941176470588,0.0
bl_crossing__ni_k3_r4,2024-02-15_20-07-54,150,25,0.16666666666666666,59,4,0.06779661016949153,0.16,0.23076923076923078,0.4067796610169492
bl_crossing__ni_k3_r4,2024-02-15_21-40-43,150,1,0.006666666666666667,20,0,0.0,0.0,0.007692307692307693,0.0
bl_crossing__ni_k3_r4,2024-02-15_21-57-38,150,15,0.1,47,3,0.06382978723404255,0.2,0.11650485436893204,0.6382978723404256
bl_crossing__ni_k3_r4,2024-02-17_21-44-37,150,4,0.02666666666666667,47,2,0.0425531914893617,0.5,0.019417475728155338,1.5957446808510638
bl_crossing__ni_k3_r4,2024-02-17_22-33-45,300,24,0.08,82,2,0.024390243902439025,0.08333333333333333,0.10091743119266056,0.3048780487804878
bl_crossing__ni_k3_r4,2024-02-22_11-58-09,150,0,0.0,13,0,0.0,,0.0,
bl_crossing__ni_k3_r4,2024-03-11_22-23-29,150,6,0.04,21,2,0.09523809523809523,0.3333333333333333,0.031007751937984496,2.3809523809523805
bl_crossing__ni_k3_r4,2024-04-08_22-49-18,150,2,0.013333333333333334,32,1,0.03125,0.5,0.00847457627118644,2.34375
bl_crossing__ni_k3_r4,2024-09-02_14-10-41,150,3,0.02,25,0,0.0,0.0,0.024,0.0
bl_crossing__ni_k3_r4,2024-09-04_19-52-57,150,0,0.0,32,0,0.0,,0.0,
bl_crossing__ni_k3_r4,2024-09-05_13-25-10,150,1,0.006666666666666667,14,0,0.0,0.0,0.007352941176470588,0.0
bl_crossing__ni_k5_r1,2024-02-15_20-07-54,150,1,0.006666666666666667,59,0,0.0,0.0,0.01098901098901099,0.0
bl_crossing__ni_k5_r1,2024-02-15_21-40-43,150,1,0.006666666666666667,20,0,0.0,0.0,0.007692307692307693,0.0
bl_crossing__ni_k5_r1,2024-02-15_21-57-38,150,0,0.0,47,0,0.0,,0.0,
bl_crossing__ni_k5_r1,2024-02-17_21-44-37,150,4,0.02666666666666667,47,2,0.0425531914893617,0.5,0.019417475728155338,1.5957446808510638
bl_crossing__ni_k5_r1,2024-02-17_22-33-45,300,2,0.006666666666666667,82,2,0.024390243902439025,1.0,0.0,3.658536585365854
bl_crossing__ni_k5_r1,2024-02-22_11-58-09,150,0,0.0,13,0,0.0,,0.0,
bl_crossing__ni_k5_r1,2024-03-11_22-23-29,150,6,0.04,21,2,0.09523809523809523,0.3333333333333333,0.031007751937984496,2.3809523809523805
bl_crossing__ni_k5_r1,2024-04-08_22-49-18,150,2,0.013333333333333334,32,1,0.03125,0.5,0.00847457627118644,2.34375
bl_crossing__ni_k5_r1,2024-09-02_14-10-41,150,3,0.02,25,0,0.0,0.0,0.024,0.0
bl_crossing__ni_k5_r1,2024-09-04_19-52-57,150,0,0.0,32,0,0.0,,0.0,
bl_crossing__ni_k5_r1,2024-09-05_13-25-10,150,1,0.006666666666666667,14,0,0.0,0.0,0.007352941176470588,0.0
bl_crossing__ni_k5_r2,2024-02-15_20-07-54,150,1,0.006666666666666667,59,0,0.0,0.0,0.01098901098901099,0.0
bl_crossing__ni_k5_r2,2024-02-15_21-40-43,150,1,0.006666666666666667,20,0,0.0,0.0,0.007692307692307693,0.0
bl_crossing__ni_k5_r2,2024-02-15_21-57-38,150,0,0.0,47,0,0.0,,0.0,
bl_crossing__ni_k5_r2,2024-02-17_21-44-37,150,4,0.02666666666666667,47,2,0.0425531914893617,0.5,0.019417475728155338,1.5957446808510638
bl_crossing__ni_k5_r2,2024-02-17_22-33-45,300,2,0.006666666666666667,82,2,0.024390243902439025,1.0,0.0,3.658536585365854
bl_crossing__ni_k5_r2,2024-02-22_11-58-09,150,0,0.0,13,0,0.0,,0.0,
bl_crossing__ni_k5_r2,2024-03-11_22-23-29,150,6,0.04,21,2,0.09523809523809523,0.3333333333333333,0.031007751937984496,2.3809523809523805
bl_crossing__ni_k5_r2,2024-04-08_22-49-18,150,2,0.013333333333333334,32,1,0.03125,0.5,0.00847457627118644,2.34375
bl_crossing__ni_k5_r2,2024-09-02_14-10-41,150,3,0.02,25,0,0.0,0.0,0.024,0.0
bl_crossing__ni_k5_r2,2024-09-04_19-52-57,150,0,0.0,32,0,0.0,,0.0,
bl_crossing__ni_k5_r2,2024-09-05_13-25-10,150,1,0.006666666666666667,14,0,0.0,0.0,0.007352941176470588,0.0
bl_crossing__ni_k5_r4,2024-02-15_20-07-54,150,1,0.006666666666666667,59,0,0.0,0.0,0.01098901098901099,0.0
bl_crossing__ni_k5_r4,2024-02-15_21-40-43,150,1,0.006666666666666667,20,0,0.0,0.0,0.007692307692307693,0.0
bl_crossing__ni_k5_r4,2024-02-15_21-57-38,150,0,0.0,47,0,0.0,,0.0,
bl_crossing__ni_k5_r4,2024-02-17_21-44-37,150,4,0.02666666666666667,47,2,0.0425531914893617,0.5,0.019417475728155338,1.5957446808510638
bl_crossing__ni_k5_r4,2024-02-17_22-33-45,300,2,0.006666666666666667,82,2,0.024390243902439025,1.0,0.0,3.658536585365854
bl_crossing__ni_k5_r4,2024-02-22_11-58-09,150,0,0.0,13,0,0.0,,0.0,
bl_crossing__ni_k5_r4,2024-03-11_22-23-29,150,6,0.04,21,2,0.09523809523809523,0.3333333333333333,0.031007751937984496,2.3809523809523805
bl_crossing__ni_k5_r4,2024-04-08_22-49-18,150,2,0.013333333333333334,32,1,0.03125,0.5,0.00847457627118644,2.34375
bl_crossing__ni_k5_r4,2024-09-02_14-10-41,150,3,0.02,25,0,0.0,0.0,0.024,0.0
bl_crossing__ni_k5_r4,2024-09-04_19-52-57,150,0,0.0,32,0,0.0,,0.0,
bl_crossing__ni_k5_r4,2024-09-05_13-25-10,150,1,0.006666666666666667,14,0,0.0,0.0,0.007352941176470588,0.0
bl_step_crossing__ni_k2_r1,2024-02-15_20-07-54,150,13,0.08666666666666667,59,0,0.0,0.0,0.14285714285714285,0.0
bl_step_crossing__ni_k2_r1,2024-02-15_21-40-43,150,4,0.02666666666666667,20,1,0.05,0.25,0.023076923076923078,1.875
bl_step_crossing__ni_k2_r1,2024-02-15_21-57-38,150,15,0.1,47,1,0.02127659574468085,0.06666666666666667,0.13592233009708737,0.21276595744680848
bl_step_crossing__ni_k2_r1,2024-02-17_21-44-37,150,8,0.05333333333333334,47,3,0.06382978723404255,0.375,0.04854368932038835,1.1968085106382977
bl_step_crossing__ni_k2_r1,2024-02-17_22-33-45,300,26,0.08666666666666667,82,3,0.036585365853658534,0.11538461538461539,0.10550458715596331,0.42213883677298314
bl_step_crossing__ni_k2_r1,2024-02-22_11-58-09,150,2,0.013333333333333334,13,0,0.0,0.0,0.014598540145985401,0.0
bl_step_crossing__ni_k2_r1,2024-03-11_22-23-29,150,4,0.02666666666666667,21,0,0.0,0.0,0.031007751937984496,0.0
bl_step_crossing__ni_k2_r1,2024-04-08_22-49-18,150,2,0.013333333333333334,32,0,0.0,0.0,0.01694915254237288,0.0
bl_step_crossing__ni_k2_r1,2024-09-02_14-10-41,150,1,0.006666666666666667,25,0,0.0,0.0,0.008,0.0
bl_step_crossing__ni_k2_r1,2024-09-04_19-52-57,150,0,0.0,32,0,0.0,,0.0,
bl_step_crossing__ni_k2_r1,2024-09-05_13-25-10,150,0,0.0,14,0,0.0,,0.0,
bl_step_crossing__ni_k2_r2,2024-02-15_20-07-54,150,21,0.14,59,1,0.01694915254237288,0.047619047619047616,0.21978021978021978,0.12106537530266344
bl_step_crossing__ni_k2_r2,2024-02-15_21-40-43,150,8,0.05333333333333334,20,1,0.05,0.125,0.05384615384615385,0.9375
bl_step_crossing__ni_k2_r2,2024-02-15_21-57-38,150,29,0.19333333333333333,47,3,0.06382978723404255,0.10344827586206896,0.2524271844660194,0.33015407190022006
bl_step_crossing__ni_k2_r2,2024-02-17_21-44-37,150,13,0.08666666666666667,47,4,0.0851063829787234,0.3076923076923077,0.08737864077669903,0.9819967266775778
bl_step_crossing__ni_k2_r2,2024-02-17_22-33-45,300,43,0.14333333333333334,82,3,0.036585365853658534,0.06976744186046512,0.1834862385321101,0.2552467385138968
bl_step_crossing__ni_k2_r2,2024-02-22_11-58-09,150,4,0.02666666666666667,13,0,0.0,0.0,0.029197080291970802,0.0
bl_step_crossing__ni_k2_r2,2024-03-11_22-23-29,150,8,0.05333333333333334,21,2,0.09523809523809523,0.25,0.046511627906976744,1.7857142857142856
bl_step_crossing__ni_k2_r2,2024-04-08_22-49-18,150,4,0.02666666666666667,32,1,0.03125,0.25,0.025423728813559324,1.171875
bl_step_crossing__ni_k2_r2,2024-09-02_14-10-41,150,1,0.006666666666666667,25,0,0.0,0.0,0.008,0.0
bl_step_crossing__ni_k2_r2,2024-09-04_19-52-57,150,0,0.0,32,0,0.0,,0.0,
bl_step_crossing__ni_k2_r2,2024-09-05_13-25-10,150,0,0.0,14,0,0.0,,0.0,
bl_step_crossing__ni_k2_r4,2024-02-15_20-07-54,150,37,0.24666666666666667,59,5,0.0847457627118644,0.13513513513513514,0.3516483516483517,0.3435639028859368
bl_step_crossing__ni_k2_r4,2024-02-15_21-40-43,150,16,0.10666666666666667,20,1,0.05,0.0625,0.11538461538461539,0.46875
bl_step_crossing__ni_k2_r4,2024-02-15_21-57-38,150,51,0.34,47,4,0.0851063829787234,0.0784313725490196,0.4563106796116505,0.2503128911138923
bl_step_crossing__ni_k2_r4,2024-02-17_21-44-37,150,21,0.14,47,5,0.10638297872340426,0.23809523809523808,0.1553398058252427,0.7598784194528875
bl_step_crossing__ni_k2_r4,2024-02-17_22-33-45,300,70,0.23333333333333334,82,4,0.04878048780487805,0.05714285714285714,0.30275229357798167,0.20905923344947736
bl_step_crossing__ni_k2_r4,2024-02-22_11-58-09,150,8,0.05333333333333334,13,0,0.0,0.0,0.058394160583941604,0.0
bl_step_crossing__ni_k2_r4,2024-03-11_22-23-29,150,15,0.1,21,2,0.09523809523809523,0.13333333333333333,0.10077519379844961,0.9523809523809523
bl_step_crossing__ni_k2_r4,2024-04-08_22-49-18,150,8,0.05333333333333334,32,1,0.03125,0.125,0.059322033898305086,0.5859375
bl_step_crossing__ni_k2_r4,2024-09-02_14-10-41,150,1,0.006666666666666667,25,0,0.0,0.0,0.008,0.0
bl_step_crossing__ni_k2_r4,2024-09-04_19-52-57,150,0,0.0,32,0,0.0,,0.0,
bl_step_crossing__ni_k2_r4,2024-09-05_13-25-10,150,0,0.0,14,0,0.0,,0.0,
bl_step_crossing__ni_k3_r1,2024-02-15_20-07-54,150,7,0.04666666666666667,59,0,0.0,0.0,0.07692307692307693,0.0
bl_step_crossing__ni_k3_r1,2024-02-15_21-40-43,150,1,0.006666666666666667,20,0,0.0,0.0,0.007692307692307693,0.0
bl_step_crossing__ni_k3_r1,2024-02-15_21-57-38,150,4,0.02666666666666667,47,1,0.02127659574468085,0.25,0.02912621359223301,0.7978723404255319
bl_step_crossing__ni_k3_r1,2024-02-17_21-44-37,150,2,0.013333333333333334,47,1,0.02127659574468085,0.5,0.009708737864077669,1.5957446808510638
bl_step_crossing__ni_k3_r1,2024-02-17_22-33-45,300,7,0.023333333333333334,82,2,0.024390243902439025,0.2857142857142857,0.022935779816513763,1.0452961672473868
bl_step_crossing__ni_k3_r1,2024-02-22_11-58-09,150,0,0.0,13,0,0.0,,0.0,
bl_step_crossing__ni_k3_r1,2024-03-11_22-23-29,150,0,0.0,21,0,0.0,,0.0,
bl_step_crossing__ni_k3_r1,2024-04-08_22-49-18,150,0,0.0,32,0,0.0,,0.0,
bl_step_crossing__ni_k3_r1,2024-09-02_14-10-41,150,1,0.006666666666666667,25,0,0.0,0.0,0.008,0.0
bl_step_crossing__ni_k3_r1,2024-09-04_19-52-57,150,0,0.0,32,0,0.0,,0.0,
bl_step_crossing__ni_k3_r1,2024-09-05_13-25-10,150,0,0.0,14,0,0.0,,0.0,
bl_step_crossing__ni_k3_r2,2024-02-15_20-07-54,150,13,0.08666666666666667,59,0,0.0,0.0,0.14285714285714285,0.0
bl_step_crossing__ni_k3_r2,2024-02-15_21-40-43,150,1,0.006666666666666667,20,0,0.0,0.0,0.007692307692307693,0.0
bl_step_crossing__ni_k3_r2,2024-02-15_21-57-38,150,8,0.05333333333333334,47,3,0.06382978723404255,0.375,0.04854368932038835,1.1968085106382977
bl_step_crossing__ni_k3_r2,2024-02-17_21-44-37,150,2,0.013333333333333334,47,1,0.02127659574468085,0.5,0.009708737864077669,1.5957446808510638
bl_step_crossing__ni_k3_r2,2024-02-17_22-33-45,300,12,0.04,82,2,0.024390243902439025,0.16666666666666666,0.045871559633027525,0.6097560975609756
bl_step_crossing__ni_k3_r2,2024-02-22_11-58-09,150,0,0.0,13,0,0.0,,0.0,
bl_step_crossing__ni_k3_r2,2024-03-11_22-23-29,150,0,0.0,21,0,0.0,,0.0,
bl_step_crossing__ni_k3_r2,2024-04-08_22-49-18,150,0,0.0,32,0,0.0,,0.0,
bl_step_crossing__ni_k3_r2,2024-09-02_14-10-41,150,1,0.006666666666666667,25,0,0.0,0.0,0.008,0.0
bl_step_crossing__ni_k3_r2,2024-09-04_19-52-57,150,0,0.0,32,0,0.0,,0.0,
bl_step_crossing__ni_k3_r2,2024-09-05_13-25-10,150,0,0.0,14,0,0.0,,0.0,
bl_step_crossing__ni_k3_r4,2024-02-15_20-07-54,150,25,0.16666666666666666,59,4,0.06779661016949153,0.16,0.23076923076923078,0.4067796610169492
bl_step_crossing__ni_k3_r4,2024-02-15_21-40-43,150,1,0.006666666666666667,20,0,0.0,0.0,0.007692307692307693,0.0
bl_step_crossing__ni_k3_r4,2024-02-15_21-57-38,150,15,0.1,47,3,0.06382978723404255,0.2,0.11650485436893204,0.6382978723404256
bl_step_crossing__ni_k3_r4,2024-02-17_21-44-37,150,2,0.013333333333333334,47,1,0.02127659574468085,0.5,0.009708737864077669,1.5957446808510638
bl_step_crossing__ni_k3_r4,2024-02-17_22-33-45,300,24,0.08,82,2,0.024390243902439025,0.08333333333333333,0.10091743119266056,0.3048780487804878
bl_step_crossing__ni_k3_r4,2024-02-22_11-58-09,150,0,0.0,13,0,0.0,,0.0,
bl_step_crossing__ni_k3_r4,2024-03-11_22-23-29,150,0,0.0,21,0,0.0,,0.0,
bl_step_crossing__ni_k3_r4,2024-04-08_22-49-18,150,0,0.0,32,0,0.0,,0.0,
bl_step_crossing__ni_k3_r4,2024-09-02_14-10-41,150,1,0.006666666666666667,25,0,0.0,0.0,0.008,0.0
bl_step_crossing__ni_k3_r4,2024-09-04_19-52-57,150,0,0.0,32,0,0.0,,0.0,
bl_step_crossing__ni_k3_r4,2024-09-05_13-25-10,150,0,0.0,14,0,0.0,,0.0,
bl_step_crossing__ni_k5_r1,2024-02-15_20-07-54,150,1,0.006666666666666667,59,0,0.0,0.0,0.01098901098901099,0.0
bl_step_crossing__ni_k5_r1,2024-02-15_21-40-43,150,1,0.006666666666666667,20,0,0.0,0.0,0.007692307692307693,0.0
bl_step_crossing__ni_k5_r1,2024-02-15_21-57-38,150,0,0.0,47,0,0.0,,0.0,
bl_step_crossing__ni_k5_r1,2024-02-17_21-44-37,150,2,0.013333333333333334,47,1,0.02127659574468085,0.5,0.009708737864077669,1.5957446808510638
bl_step_crossing__ni_k5_r1,2024-02-17_22-33-45,300,2,0.006666666666666667,82,2,0.024390243902439025,1.0,0.0,3.658536585365854
bl_step_crossing__ni_k5_r1,2024-02-22_11-58-09,150,0,0.0,13,0,0.0,,0.0,
bl_step_crossing__ni_k5_r1,2024-03-11_22-23-29,150,0,0.0,21,0,0.0,,0.0,
bl_step_crossing__ni_k5_r1,2024-04-08_22-49-18,150,0,0.0,32,0,0.0,,0.0,
bl_step_crossing__ni_k5_r1,2024-09-02_14-10-41,150,1,0.006666666666666667,25,0,0.0,0.0,0.008,0.0
bl_step_crossing__ni_k5_r1,2024-09-04_19-52-57,150,0,0.0,32,0,0.0,,0.0,
bl_step_crossing__ni_k5_r1,2024-09-05_13-25-10,150,0,0.0,14,0,0.0,,0.0,
bl_step_crossing__ni_k5_r2,2024-02-15_20-07-54,150,1,0.006666666666666667,59,0,0.0,0.0,0.01098901098901099,0.0
bl_step_crossing__ni_k5_r2,2024-02-15_21-40-43,150,1,0.006666666666666667,20,0,0.0,0.0,0.007692307692307693,0.0
bl_step_crossing__ni_k5_r2,2024-02-15_21-57-38,150,0,0.0,47,0,0.0,,0.0,
bl_step_crossing__ni_k5_r2,2024-02-17_21-44-37,150,2,0.013333333333333334,47,1,0.02127659574468085,0.5,0.009708737864077669,1.5957446808510638
bl_step_crossing__ni_k5_r2,2024-02-17_22-33-45,300,2,0.006666666666666667,82,2,0.024390243902439025,1.0,0.0,3.658536585365854
bl_step_crossing__ni_k5_r2,2024-02-22_11-58-09,150,0,0.0,13,0,0.0,,0.0,
bl_step_crossing__ni_k5_r2,2024-03-11_22-23-29,150,0,0.0,21,0,0.0,,0.0,
bl_step_crossing__ni_k5_r2,2024-04-08_22-49-18,150,0,0.0,32,0,0.0,,0.0,
bl_step_crossing__ni_k5_r2,2024-09-02_14-10-41,150,1,0.006666666666666667,25,0,0.0,0.0,0.008,0.0
bl_step_crossing__ni_k5_r2,2024-09-04_19-52-57,150,0,0.0,32,0,0.0,,0.0,
bl_step_crossing__ni_k5_r2,2024-09-05_13-25-10,150,0,0.0,14,0,0.0,,0.0,
bl_step_crossing__ni_k5_r4,2024-02-15_20-07-54,150,1,0.006666666666666667,59,0,0.0,0.0,0.01098901098901099,0.0
bl_step_crossing__ni_k5_r4,2024-02-15_21-40-43,150,1,0.006666666666666667,20,0,0.0,0.0,0.007692307692307693,0.0
bl_step_crossing__ni_k5_r4,2024-02-15_21-57-38,150,0,0.0,47,0,0.0,,0.0,
bl_step_crossing__ni_k5_r4,2024-02-17_21-44-37,150,2,0.013333333333333334,47,1,0.02127659574468085,0.5,0.009708737864077669,1.5957446808510638
bl_step_crossing__ni_k5_r4,2024-02-17_22-33-45,300,2,0.006666666666666667,82,2,0.024390243902439025,1.0,0.0,3.658536585365854
bl_step_crossing__ni_k5_r4,2024-02-22_11-58-09,150,0,0.0,13,0,0.0,,0.0,
bl_step_crossing__ni_k5_r4,2024-03-11_22-23-29,150,0,0.0,21,0,0.0,,0.0,
bl_step_crossing__ni_k5_r4,2024-04-08_22-49-18,150,0,0.0,32,0,0.0,,0.0,
bl_step_crossing__ni_k5_r4,2024-09-02_14-10-41,150,1,0.006666666666666667,25,0,0.0,0.0,0.008,0.0
bl_step_crossing__ni_k5_r4,2024-09-04_19-52-57,150,0,0.0,32,0,0.0,,0.0,
bl_step_crossing__ni_k5_r4,2024-09-05_13-25-10,150,0,0.0,14,0,0.0,,0.0,
bl_rate_q995__ni_k2_r1,2024-02-15_20-07-54,150,13,0.08666666666666667,59,0,0.0,0.0,0.14285714285714285,0.0
bl_rate_q995__ni_k2_r1,2024-02-15_21-40-43,150,4,0.02666666666666667,20,1,0.05,0.25,0.023076923076923078,1.875
bl_rate_q995__ni_k2_r1,2024-02-15_21-57-38,150,15,0.1,47,1,0.02127659574468085,0.06666666666666667,0.13592233009708737,0.21276595744680848
bl_rate_q995__ni_k2_r1,2024-02-17_21-44-37,150,7,0.04666666666666667,47,3,0.06382978723404255,0.42857142857142855,0.038834951456310676,1.3677811550151975
bl_rate_q995__ni_k2_r1,2024-02-17_22-33-45,300,26,0.08666666666666667,82,3,0.036585365853658534,0.11538461538461539,0.10550458715596331,0.42213883677298314
bl_rate_q995__ni_k2_r1,2024-02-22_11-58-09,150,4,0.02666666666666667,13,0,0.0,0.0,0.029197080291970802,0.0
bl_rate_q995__ni_k2_r1,2024-03-11_22-23-29,150,4,0.02666666666666667,21,0,0.0,0.0,0.031007751937984496,0.0
bl_rate_q995__ni_k2_r1,2024-04-08_22-49-18,150,2,0.013333333333333334,32,0,0.0,0.0,0.01694915254237288,0.0
bl_rate_q995__ni_k2_r1,2024-09-02_14-10-41,150,1,0.006666666666666667,25,0,0.0,0.0,0.008,0.0
bl_rate_q995__ni_k2_r1,2024-09-04_19-52-57,150,0,0.0,32,0,0.0,,0.0,
bl_rate_q995__ni_k2_r1,2024-09-05_13-25-10,150,3,0.02,14,0,0.0,0.0,0.022058823529411766,0.0
bl_rate_q995__ni_k2_r2,2024-02-15_20-07-54,150,21,0.14,59,1,0.01694915254237288,0.047619047619047616,0.21978021978021978,0.12106537530266344
bl_rate_q995__ni_k2_r2,2024-02-15_21-40-43,150,8,0.05333333333333334,20,1,0.05,0.125,0.05384615384615385,0.9375
bl_rate_q995__ni_k2_r2,2024-02-15_21-57-38,150,29,0.19333333333333333,47,3,0.06382978723404255,0.10344827586206896,0.2524271844660194,0.33015407190022006
bl_rate_q995__ni_k2_r2,2024-02-17_21-44-37,150,11,0.07333333333333333,47,3,0.06382978723404255,0.2727272727272727,0.07766990291262135,0.8704061895551256
bl_rate_q995__ni_k2_r2,2024-02-17_22-33-45,300,44,0.14666666666666667,82,4,0.04878048780487805,0.09090909090909091,0.1834862385321101,0.33259423503325947
bl_rate_q995__ni_k2_r2,2024-02-22_11-58-09,150,6,0.04,13,0,0.0,0.0,0.043795620437956206,0.0
bl_rate_q995__ni_k2_r2,2024-03-11_22-23-29,150,8,0.05333333333333334,21,2,0.09523809523809523,0.25,0.046511627906976744,1.7857142857142856
bl_rate_q995__ni_k2_r2,2024-04-08_22-49-18,150,4,0.02666666666666667,32,1,0.03125,0.25,0.025423728813559324,1.171875
bl_rate_q995__ni_k2_r2,2024-09-02_14-10-41,150,1,0.006666666666666667,25,0,0.0,0.0,0.008,0.0
bl_rate_q995__ni_k2_r2,2024-09-04_19-52-57,150,0,0.0,32,0,0.0,,0.0,
bl_rate_q995__ni_k2_r2,2024-09-05_13-25-10,150,3,0.02,14,0,0.0,0.0,0.022058823529411766,0.0
bl_rate_q995__ni_k2_r4,2024-02-15_20-07-54,150,37,0.24666666666666667,59,5,0.0847457627118644,0.13513513513513514,0.3516483516483517,0.3435639028859368
bl_rate_q995__ni_k2_r4,2024-02-15_21-40-43,150,16,0.10666666666666667,20,1,0.05,0.0625,0.11538461538461539,0.46875
bl_rate_q995__ni_k2_r4,2024-02-15_21-57-38,150,51,0.34,47,4,0.0851063829787234,0.0784313725490196,0.4563106796116505,0.2503128911138923
bl_rate_q995__ni_k2_r4,2024-02-17_21-44-37,150,19,0.12666666666666668,47,4,0.0851063829787234,0.21052631578947367,0.14563106796116504,0.6718924972004479
bl_rate_q995__ni_k2_r4,2024-02-17_22-33-45,300,71,0.23666666666666666,82,5,0.06097560975609756,0.07042253521126761,0.30275229357798167,0.2576434215046376
bl_rate_q995__ni_k2_r4,2024-02-22_11-58-09,150,10,0.06666666666666667,13,0,0.0,0.0,0.072992700729927,0.0
bl_rate_q995__ni_k2_r4,2024-03-11_22-23-29,150,15,0.1,21,2,0.09523809523809523,0.13333333333333333,0.10077519379844961,0.9523809523809523
bl_rate_q995__ni_k2_r4,2024-04-08_22-49-18,150,8,0.05333333333333334,32,1,0.03125,0.125,0.059322033898305086,0.5859375
bl_rate_q995__ni_k2_r4,2024-09-02_14-10-41,150,1,0.006666666666666667,25,0,0.0,0.0,0.008,0.0
bl_rate_q995__ni_k2_r4,2024-09-04_19-52-57,150,0,0.0,32,0,0.0,,0.0,
bl_rate_q995__ni_k2_r4,2024-09-05_13-25-10,150,3,0.02,14,0,0.0,0.0,0.022058823529411766,0.0
bl_rate_q995__ni_k3_r1,2024-02-15_20-07-54,150,7,0.04666666666666667,59,0,0.0,0.0,0.07692307692307693,0.0
bl_rate_q995__ni_k3_r1,2024-02-15_21-40-43,150,0,0.0,20,0,0.0,,0.0,
bl_rate_q995__ni_k3_r1,2024-02-15_21-57-38,150,4,0.02666666666666667,47,1,0.02127659574468085,0.25,0.02912621359223301,0.7978723404255319
bl_rate_q995__ni_k3_r1,2024-02-17_21-44-37,150,1,0.006666666666666667,47,1,0.02127659574468085,1.0,0.0,3.1914893617021276
bl_rate_q995__ni_k3_r1,2024-02-17_22-33-45,300,7,0.023333333333333334,82,2,0.024390243902439025,0.2857142857142857,0.022935779816513763,1.0452961672473868
bl_rate_q995__ni_k3_r1,2024-02-22_11-58-09,150,2,0.013333333333333334,13,0,0.0,0.0,0.014598540145985401,0.0
bl_rate_q995__ni_k3_r1,2024-03-11_22-23-29,150,0,0.0,21,0,0.0,,0.0,
bl_rate_q995__ni_k3_r1,2024-04-08_22-49-18,150,0,0.0,32,0,0.0,,0.0,
bl_rate_q995__ni_k3_r1,2024-09-02_14-10-41,150,1,0.006666666666666667,25,0,0.0,0.0,0.008,0.0
bl_rate_q995__ni_k3_r1,2024-09-04_19-52-57,150,0,0.0,32,0,0.0,,0.0,
bl_rate_q995__ni_k3_r1,2024-09-05_13-25-10,150,3,0.02,14,0,0.0,0.0,0.022058823529411766,0.0
bl_rate_q995__ni_k3_r2,2024-02-15_20-07-54,150,13,0.08666666666666667,59,0,0.0,0.0,0.14285714285714285,0.0
bl_rate_q995__ni_k3_r2,2024-02-15_21-40-43,150,0,0.0,20,0,0.0,,0.0,
bl_rate_q995__ni_k3_r2,2024-02-15_21-57-38,150,8,0.05333333333333334,47,3,0.06382978723404255,0.375,0.04854368932038835,1.1968085106382977
bl_rate_q995__ni_k3_r2,2024-02-17_21-44-37,150,1,0.006666666666666667,47,1,0.02127659574468085,1.0,0.0,3.1914893617021276
bl_rate_q995__ni_k3_r2,2024-02-17_22-33-45,300,13,0.043333333333333335,82,3,0.036585365853658534,0.23076923076923078,0.045871559633027525,0.8442776735459663
bl_rate_q995__ni_k3_r2,2024-02-22_11-58-09,150,2,0.013333333333333334,13,0,0.0,0.0,0.014598540145985401,0.0
bl_rate_q995__ni_k3_r2,2024-03-11_22-23-29,150,0,0.0,21,0,0.0,,0.0,
bl_rate_q995__ni_k3_r2,2024-04-08_22-49-18,150,0,0.0,32,0,0.0,,0.0,
bl_rate_q995__ni_k3_r2,2024-09-02_14-10-41,150,1,0.006666666666666667,25,0,0.0,0.0,0.008,0.0
bl_rate_q995__ni_k3_r2,2024-09-04_19-52-57,150,0,0.0,32,0,0.0,,0.0,
bl_rate_q995__ni_k3_r2,2024-09-05_13-25-10,150,3,0.02,14,0,0.0,0.0,0.022058823529411766,0.0
bl_rate_q995__ni_k3_r4,2024-02-15_20-07-54,150,25,0.16666666666666666,59,4,0.06779661016949153,0.16,0.23076923076923078,0.4067796610169492
bl_rate_q995__ni_k3_r4,2024-02-15_21-40-43,150,0,0.0,20,0,0.0,,0.0,
bl_rate_q995__ni_k3_r4,2024-02-15_21-57-38,150,15,0.1,47,3,0.06382978723404255,0.2,0.11650485436893204,0.6382978723404256
bl_rate_q995__ni_k3_r4,2024-02-17_21-44-37,150,1,0.006666666666666667,47,1,0.02127659574468085,1.0,0.0,3.1914893617021276
bl_rate_q995__ni_k3_r4,2024-02-17_22-33-45,300,25,0.08333333333333333,82,3,0.036585365853658534,0.12,0.10091743119266056,0.43902439024390244
bl_rate_q995__ni_k3_r4,2024-02-22_11-58-09,150,2,0.013333333333333334,13,0,0.0,0.0,0.014598540145985401,0.0
bl_rate_q995__ni_k3_r4,2024-03-11_22-23-29,150,0,0.0,21,0,0.0,,0.0,
bl_rate_q995__ni_k3_r4,2024-04-08_22-49-18,150,0,0.0,32,0,0.0,,0.0,
bl_rate_q995__ni_k3_r4,2024-09-02_14-10-41,150,1,0.006666666666666667,25,0,0.0,0.0,0.008,0.0
bl_rate_q995__ni_k3_r4,2024-09-04_19-52-57,150,0,0.0,32,0,0.0,,0.0,
bl_rate_q995__ni_k3_r4,2024-09-05_13-25-10,150,3,0.02,14,0,0.0,0.0,0.022058823529411766,0.0
bl_rate_q995__ni_k5_r1,2024-02-15_20-07-54,150,0,0.0,59,0,0.0,,0.0,
bl_rate_q995__ni_k5_r1,2024-02-15_21-40-43,150,0,0.0,20,0,0.0,,0.0,
bl_rate_q995__ni_k5_r1,2024-02-15_21-57-38,150,0,0.0,47,0,0.0,,0.0,
bl_rate_q995__ni_k5_r1,2024-02-17_21-44-37,150,1,0.006666666666666667,47,1,0.02127659574468085,1.0,0.0,3.1914893617021276
bl_rate_q995__ni_k5_r1,2024-02-17_22-33-45,300,1,0.0033333333333333335,82,1,0.012195121951219513,1.0,0.0,3.658536585365854
bl_rate_q995__ni_k5_r1,2024-02-22_11-58-09,150,2,0.013333333333333334,13,0,0.0,0.0,0.014598540145985401,0.0
bl_rate_q995__ni_k5_r1,2024-03-11_22-23-29,150,0,0.0,21,0,0.0,,0.0,
bl_rate_q995__ni_k5_r1,2024-04-08_22-49-18,150,0,0.0,32,0,0.0,,0.0,
bl_rate_q995__ni_k5_r1,2024-09-02_14-10-41,150,1,0.006666666666666667,25,0,0.0,0.0,0.008,0.0
bl_rate_q995__ni_k5_r1,2024-09-04_19-52-57,150,0,0.0,32,0,0.0,,0.0,
bl_rate_q995__ni_k5_r1,2024-09-05_13-25-10,150,3,0.02,14,0,0.0,0.0,0.022058823529411766,0.0
bl_rate_q995__ni_k5_r2,2024-02-15_20-07-54,150,0,0.0,59,0,0.0,,0.0,
bl_rate_q995__ni_k5_r2,2024-02-15_21-40-43,150,0,0.0,20,0,0.0,,0.0,
bl_rate_q995__ni_k5_r2,2024-02-15_21-57-38,150,0,0.0,47,0,0.0,,0.0,
bl_rate_q995__ni_k5_r2,2024-02-17_21-44-37,150,1,0.006666666666666667,47,1,0.02127659574468085,1.0,0.0,3.1914893617021276
bl_rate_q995__ni_k5_r2,2024-02-17_22-33-45,300,1,0.0033333333333333335,82,1,0.012195121951219513,1.0,0.0,3.658536585365854
bl_rate_q995__ni_k5_r2,2024-02-22_11-58-09,150,2,0.013333333333333334,13,0,0.0,0.0,0.014598540145985401,0.0
bl_rate_q995__ni_k5_r2,2024-03-11_22-23-29,150,0,0.0,21,0,0.0,,0.0,
bl_rate_q995__ni_k5_r2,2024-04-08_22-49-18,150,0,0.0,32,0,0.0,,0.0,
bl_rate_q995__ni_k5_r2,2024-09-02_14-10-41,150,1,0.006666666666666667,25,0,0.0,0.0,0.008,0.0
bl_rate_q995__ni_k5_r2,2024-09-04_19-52-57,150,0,0.0,32,0,0.0,,0.0,
bl_rate_q995__ni_k5_r2,2024-09-05_13-25-10,150,3,0.02,14,0,0.0,0.0,0.022058823529411766,0.0
bl_rate_q995__ni_k5_r4,2024-02-15_20-07-54,150,0,0.0,59,0,0.0,,0.0,
bl_rate_q995__ni_k5_r4,2024-02-15_21-40-43,150,0,0.0,20,0,0.0,,0.0,
bl_rate_q995__ni_k5_r4,2024-02-15_21-57-38,150,0,0.0,47,0,0.0,,0.0,
bl_rate_q995__ni_k5_r4,2024-02-17_21-44-37,150,1,0.006666666666666667,47,1,0.02127659574468085,1.0,0.0,3.1914893617021276
bl_rate_q995__ni_k5_r4,2024-02-17_22-33-45,300,1,0.0033333333333333335,82,1,0.012195121951219513,1.0,0.0,3.658536585365854
bl_rate_q995__ni_k5_r4,2024-02-22_11-58-09,150,2,0.013333333333333334,13,0,0.0,0.0,0.014598540145985401,0.0
bl_rate_q995__ni_k5_r4,2024-03-11_22-23-29,150,0,0.0,21,0,0.0,,0.0,
bl_rate_q995__ni_k5_r4,2024-04-08_22-49-18,150,0,0.0,32,0,0.0,,0.0,
bl_rate_q995__ni_k5_r4,2024-09-02_14-10-41,150,1,0.006666666666666667,25,0,0.0,0.0,0.008,0.0
bl_rate_q995__ni_k5_r4,2024-09-04_19-52-57,150,0,0.0,32,0,0.0,,0.0,
bl_rate_q995__ni_k5_r4,2024-09-05_13-25-10,150,3,0.02,14,0,0.0,0.0,0.022058823529411766,0.0
bl_rate_q990__ni_k2_r1,2024-02-15_20-07-54,150,14,0.09333333333333334,59,0,0.0,0.0,0.15384615384615385,0.0
bl_rate_q990__ni_k2_r1,2024-02-15_21-40-43,150,4,0.02666666666666667,20,1,0.05,0.25,0.023076923076923078,1.875
bl_rate_q990__ni_k2_r1,2024-02-15_21-57-38,150,15,0.1,47,1,0.02127659574468085,0.06666666666666667,0.13592233009708737,0.21276595744680848
bl_rate_q990__ni_k2_r1,2024-02-17_21-44-37,150,7,0.04666666666666667,47,3,0.06382978723404255,0.42857142857142855,0.038834951456310676,1.3677811550151975
bl_rate_q990__ni_k2_r1,2024-02-17_22-33-45,300,29,0.09666666666666666,82,4,0.04878048780487805,0.13793103448275862,0.11467889908256881,0.5046257359125316
bl_rate_q990__ni_k2_r1,2024-02-22_11-58-09,150,4,0.02666666666666667,13,0,0.0,0.0,0.029197080291970802,0.0
bl_rate_q990__ni_k2_r1,2024-03-11_22-23-29,150,4,0.02666666666666667,21,0,0.0,0.0,0.031007751937984496,0.0
bl_rate_q990__ni_k2_r1,2024-04-08_22-49-18,150,5,0.03333333333333333,32,1,0.03125,0.2,0.03389830508474576,0.9375
bl_rate_q990__ni_k2_r1,2024-09-02_14-10-41,150,1,0.006666666666666667,25,0,0.0,0.0,0.008,0.0
bl_rate_q990__ni_k2_r1,2024-09-04_19-52-57,150,0,0.0,32,0,0.0,,0.0,
bl_rate_q990__ni_k2_r1,2024-09-05_13-25-10,150,4,0.02666666666666667,14,0,0.0,0.0,0.029411764705882353,0.0
bl_rate_q990__ni_k2_r2,2024-02-15_20-07-54,150,22,0.14666666666666667,59,1,0.01694915254237288,0.045454545454545456,0.23076923076923078,0.11556240369799693
bl_rate_q990__ni_k2_r2,2024-02-15_21-40-43,150,8,0.05333333333333334,20,1,0.05,0.125,0.05384615384615385,0.9375
bl_rate_q990__ni_k2_r2,2024-02-15_21-57-38,150,29,0.19333333333333333,47,3,0.06382978723404255,0.10344827586206896,0.2524271844660194,0.33015407190022006
bl_rate_q990__ni_k2_r2,2024-02-17_21-44-37,150,11,0.07333333333333333,47,3,0.06382978723404255,0.2727272727272727,0.07766990291262135,0.8704061895551256
bl_rate_q990__ni_k2_r2,2024-02-17_22-33-45,300,47,0.15666666666666668,82,5,0.06097560975609756,0.10638297872340426,0.1926605504587156,0.3892060197197717
bl_rate_q990__ni_k2_r2,2024-02-22_11-58-09,150,6,0.04,13,0,0.0,0.0,0.043795620437956206,0.0
bl_rate_q990__ni_k2_r2,2024-03-11_22-23-29,150,8,0.05333333333333334,21,2,0.09523809523809523,0.25,0.046511627906976744,1.7857142857142856
bl_rate_q990__ni_k2_r2,2024-04-08_22-49-18,150,7,0.04666666666666667,32,2,0.0625,0.2857142857142857,0.0423728813559322,1.3392857142857142
bl_rate_q990__ni_k2_r2,2024-09-02_14-10-41,150,1,0.006666666666666667,25,0,0.0,0.0,0.008,0.0
bl_rate_q990__ni_k2_r2,2024-09-04_19-52-57,150,0,0.0,32,0,0.0,,0.0,
bl_rate_q990__ni_k2_r2,2024-09-05_13-25-10,150,4,0.02666666666666667,14,0,0.0,0.0,0.029411764705882353,0.0
bl_rate_q990__ni_k2_r4,2024-02-15_20-07-54,150,38,0.25333333333333335,59,5,0.0847457627118644,0.13157894736842105,0.3626373626373626,0.3345227475468332
bl_rate_q990__ni_k2_r4,2024-02-15_21-40-43,150,16,0.10666666666666667,20,1,0.05,0.0625,0.11538461538461539,0.46875
bl_rate_q990__ni_k2_r4,2024-02-15_21-57-38,150,51,0.34,47,4,0.0851063829787234,0.0784313725490196,0.4563106796116505,0.2503128911138923
bl_rate_q990__ni_k2_r4,2024-02-17_21-44-37,150,19,0.12666666666666668,47,4,0.0851063829787234,0.21052631578947367,0.14563106796116504,0.6718924972004479
bl_rate_q990__ni_k2_r4,2024-02-17_22-33-45,300,72,0.24,82,6,0.07317073170731707,0.08333333333333333,0.30275229357798167,0.3048780487804878
bl_rate_q990__ni_k2_r4,2024-02-22_11-58-09,150,10,0.06666666666666667,13,0,0.0,0.0,0.072992700729927,0.0
bl_rate_q990__ni_k2_r4,2024-03-11_22-23-29,150,15,0.1,21,2,0.09523809523809523,0.13333333333333333,0.10077519379844961,0.9523809523809523
bl_rate_q990__ni_k2_r4,2024-04-08_22-49-18,150,11,0.07333333333333333,32,2,0.0625,0.18181818181818182,0.07627118644067797,0.8522727272727273
bl_rate_q990__ni_k2_r4,2024-09-02_14-10-41,150,1,0.006666666666666667,25,0,0.0,0.0,0.008,0.0
bl_rate_q990__ni_k2_r4,2024-09-04_19-52-57,150,0,0.0,32,0,0.0,,0.0,
bl_rate_q990__ni_k2_r4,2024-09-05_13-25-10,150,4,0.02666666666666667,14,0,0.0,0.0,0.029411764705882353,0.0
bl_rate_q990__ni_k3_r1,2024-02-15_20-07-54,150,8,0.05333333333333334,59,0,0.0,0.0,0.08791208791208792,0.0
bl_rate_q990__ni_k3_r1,2024-02-15_21-40-43,150,0,0.0,20,0,0.0,,0.0,
bl_rate_q990__ni_k3_r1,2024-02-15_21-57-38,150,4,0.02666666666666667,47,1,0.02127659574468085,0.25,0.02912621359223301,0.7978723404255319
bl_rate_q990__ni_k3_r1,2024-02-17_21-44-37,150,1,0.006666666666666667,47,1,0.02127659574468085,1.0,0.0,3.1914893617021276
bl_rate_q990__ni_k3_r1,2024-02-17_22-33-45,300,10,0.03333333333333333,82,3,0.036585365853658534,0.3,0.03211009174311927,1.0975609756097562
bl_rate_q990__ni_k3_r1,2024-02-22_11-58-09,150,2,0.013333333333333334,13,0,0.0,0.0,0.014598540145985401,0.0
bl_rate_q990__ni_k3_r1,2024-03-11_22-23-29,150,0,0.0,21,0,0.0,,0.0,
bl_rate_q990__ni_k3_r1,2024-04-08_22-49-18,150,3,0.02,32,1,0.03125,0.3333333333333333,0.01694915254237288,1.5624999999999998
bl_rate_q990__ni_k3_r1,2024-09-02_14-10-41,150,1,0.006666666666666667,25,0,0.0,0.0,0.008,0.0
bl_rate_q990__ni_k3_r1,2024-09-04_19-52-57,150,0,0.0,32,0,0.0,,0.0,
bl_rate_q990__ni_k3_r1,2024-09-05_13-25-10,150,4,0.02666666666666667,14,0,0.0,0.0,0.029411764705882353,0.0
bl_rate_q990__ni_k3_r2,2024-02-15_20-07-54,150,14,0.09333333333333334,59,0,0.0,0.0,0.15384615384615385,0.0
bl_rate_q990__ni_k3_r2,2024-02-15_21-40-43,150,0,0.0,20,0,0.0,,0.0,
bl_rate_q990__ni_k3_r2,2024-02-15_21-57-38,150,8,0.05333333333333334,47,3,0.06382978723404255,0.375,0.04854368932038835,1.1968085106382977
bl_rate_q990__ni_k3_r2,2024-02-17_21-44-37,150,1,0.006666666666666667,47,1,0.02127659574468085,1.0,0.0,3.1914893617021276
bl_rate_q990__ni_k3_r2,2024-02-17_22-33-45,300,16,0.05333333333333334,82,4,0.04878048780487805,0.25,0.05504587155963303,0.9146341463414634
bl_rate_q990__ni_k3_r2,2024-02-22_11-58-09,150,2,0.013333333333333334,13,0,0.0,0.0,0.014598540145985401,0.0
bl_rate_q990__ni_k3_r2,2024-03-11_22-23-29,150,0,0.0,21,0,0.0,,0.0,
bl_rate_q990__ni_k3_r2,2024-04-08_22-49-18,150,3,0.02,32,1,0.03125,0.3333333333333333,0.01694915254237288,1.5624999999999998
bl_rate_q990__ni_k3_r2,2024-09-02_14-10-41,150,1,0.006666666666666667,25,0,0.0,0.0,0.008,0.0
bl_rate_q990__ni_k3_r2,2024-09-04_19-52-57,150,0,0.0,32,0,0.0,,0.0,
bl_rate_q990__ni_k3_r2,2024-09-05_13-25-10,150,4,0.02666666666666667,14,0,0.0,0.0,0.029411764705882353,0.0
bl_rate_q990__ni_k3_r4,2024-02-15_20-07-54,150,26,0.17333333333333334,59,4,0.06779661016949153,0.15384615384615385,0.24175824175824176,0.3911342894393742
bl_rate_q990__ni_k3_r4,2024-02-15_21-40-43,150,0,0.0,20,0,0.0,,0.0,
bl_rate_q990__ni_k3_r4,2024-02-15_21-57-38,150,15,0.1,47,3,0.06382978723404255,0.2,0.11650485436893204,0.6382978723404256
bl_rate_q990__ni_k3_r4,2024-02-17_21-44-37,150,1,0.006666666666666667,47,1,0.02127659574468085,1.0,0.0,3.1914893617021276
bl_rate_q990__ni_k3_r4,2024-02-17_22-33-45,300,28,0.09333333333333334,82,4,0.04878048780487805,0.14285714285714285,0.11009174311926606,0.5226480836236934
bl_rate_q990__ni_k3_r4,2024-02-22_11-58-09,150,2,0.013333333333333334,13,0,0.0,0.0,0.014598540145985401,0.0
bl_rate_q990__ni_k3_r4,2024-03-11_22-23-29,150,0,0.0,21,0,0.0,,0.0,
bl_rate_q990__ni_k3_r4,2024-04-08_22-49-18,150,3,0.02,32,1,0.03125,0.3333333333333333,0.01694915254237288,1.5624999999999998
bl_rate_q990__ni_k3_r4,2024-09-02_14-10-41,150,1,0.006666666666666667,25,0,0.0,0.0,0.008,0.0
bl_rate_q990__ni_k3_r4,2024-09-04_19-52-57,150,0,0.0,32,0,0.0,,0.0,
bl_rate_q990__ni_k3_r4,2024-09-05_13-25-10,150,4,0.02666666666666667,14,0,0.0,0.0,0.029411764705882353,0.0
bl_rate_q990__ni_k5_r1,2024-02-15_20-07-54,150,1,0.006666666666666667,59,0,0.0,0.0,0.01098901098901099,0.0
bl_rate_q990__ni_k5_r1,2024-02-15_21-40-43,150,0,0.0,20,0,0.0,,0.0,
bl_rate_q990__ni_k5_r1,2024-02-15_21-57-38,150,0,0.0,47,0,0.0,,0.0,
bl_rate_q990__ni_k5_r1,2024-02-17_21-44-37,150,1,0.006666666666666667,47,1,0.02127659574468085,1.0,0.0,3.1914893617021276
bl_rate_q990__ni_k5_r1,2024-02-17_22-33-45,300,5,0.016666666666666666,82,2,0.024390243902439025,0.4,0.013761467889908258,1.4634146341463417
bl_rate_q990__ni_k5_r1,2024-02-22_11-58-09,150,2,0.013333333333333334,13,0,0.0,0.0,0.014598540145985401,0.0
bl_rate_q990__ni_k5_r1,2024-03-11_22-23-29,150,0,0.0,21,0,0.0,,0.0,
bl_rate_q990__ni_k5_r1,2024-04-08_22-49-18,150,3,0.02,32,1,0.03125,0.3333333333333333,0.01694915254237288,1.5624999999999998
bl_rate_q990__ni_k5_r1,2024-09-02_14-10-41,150,1,0.006666666666666667,25,0,0.0,0.0,0.008,0.0
bl_rate_q990__ni_k5_r1,2024-09-04_19-52-57,150,0,0.0,32,0,0.0,,0.0,
bl_rate_q990__ni_k5_r1,2024-09-05_13-25-10,150,4,0.02666666666666667,14,0,0.0,0.0,0.029411764705882353,0.0
bl_rate_q990__ni_k5_r2,2024-02-15_20-07-54,150,1,0.006666666666666667,59,0,0.0,0.0,0.01098901098901099,0.0
bl_rate_q990__ni_k5_r2,2024-02-15_21-40-43,150,0,0.0,20,0,0.0,,0.0,
bl_rate_q990__ni_k5_r2,2024-02-15_21-57-38,150,0,0.0,47,0,0.0,,0.0,
bl_rate_q990__ni_k5_r2,2024-02-17_21-44-37,150,1,0.006666666666666667,47,1,0.02127659574468085,1.0,0.0,3.1914893617021276
bl_rate_q990__ni_k5_r2,2024-02-17_22-33-45,300,5,0.016666666666666666,82,2,0.024390243902439025,0.4,0.013761467889908258,1.4634146341463417
bl_rate_q990__ni_k5_r2,2024-02-22_11-58-09,150,2,0.013333333333333334,13,0,0.0,0.0,0.014598540145985401,0.0
bl_rate_q990__ni_k5_r2,2024-03-11_22-23-29,150,0,0.0,21,0,0.0,,0.0,
bl_rate_q990__ni_k5_r2,2024-04-08_22-49-18,150,3,0.02,32,1,0.03125,0.3333333333333333,0.01694915254237288,1.5624999999999998
bl_rate_q990__ni_k5_r2,2024-09-02_14-10-41,150,1,0.006666666666666667,25,0,0.0,0.0,0.008,0.0
bl_rate_q990__ni_k5_r2,2024-09-04_19-52-57,150,0,0.0,32,0,0.0,,0.0,
bl_rate_q990__ni_k5_r2,2024-09-05_13-25-10,150,4,0.02666666666666667,14,0,0.0,0.0,0.029411764705882353,0.0
bl_rate_q990__ni_k5_r4,2024-02-15_20-07-54,150,1,0.006666666666666667,59,0,0.0,0.0,0.01098901098901099,0.0
bl_rate_q990__ni_k5_r4,2024-02-15_21-40-43,150,0,0.0,20,0,0.0,,0.0,
bl_rate_q990__ni_k5_r4,2024-02-15_21-57-38,150,0,0.0,47,0,0.0,,0.0,
bl_rate_q990__ni_k5_r4,2024-02-17_21-44-37,150,1,0.006666666666666667,47,1,0.02127659574468085,1.0,0.0,3.1914893617021276
bl_rate_q990__ni_k5_r4,2024-02-17_22-33-45,300,5,0.016666666666666666,82,2,0.024390243902439025,0.4,0.013761467889908258,1.4634146341463417
bl_rate_q990__ni_k5_r4,2024-02-22_11-58-09,150,2,0.013333333333333334,13,0,0.0,0.0,0.014598540145985401,0.0
bl_rate_q990__ni_k5_r4,2024-03-11_22-23-29,150,0,0.0,21,0,0.0,,0.0,
bl_rate_q990__ni_k5_r4,2024-04-08_22-49-18,150,3,0.02,32,1,0.03125,0.3333333333333333,0.01694915254237288,1.5624999999999998
bl_rate_q990__ni_k5_r4,2024-09-02_14-10-41,150,1,0.006666666666666667,25,0,0.0,0.0,0.008,0.0
bl_rate_q990__ni_k5_r4,2024-09-04_19-52-57,150,0,0.0,32,0,0.0,,0.0,
bl_rate_q990__ni_k5_r4,2024-09-05_13-25-10,150,4,0.02666666666666667,14,0,0.0,0.0,0.029411764705882353,0.0
bl_rate_q975__ni_k2_r1,2024-02-15_20-07-54,150,15,0.1,59,0,0.0,0.0,0.16483516483516483,0.0
bl_rate_q975__ni_k2_r1,2024-02-15_21-40-43,150,5,0.03333333333333333,20,1,0.05,0.2,0.03076923076923077,1.5
bl_rate_q975__ni_k2_r1,2024-02-15_21-57-38,150,15,0.1,47,1,0.02127659574468085,0.06666666666666667,0.13592233009708737,0.21276595744680848
bl_rate_q975__ni_k2_r1,2024-02-17_21-44-37,150,7,0.04666666666666667,47,3,0.06382978723404255,0.42857142857142855,0.038834951456310676,1.3677811550151975
bl_rate_q975__ni_k2_r1,2024-02-17_22-33-45,300,34,0.11333333333333333,82,4,0.04878048780487805,0.11764705882352941,0.13761467889908258,0.430416068866571
bl_rate_q975__ni_k2_r1,2024-02-22_11-58-09,150,7,0.04666666666666667,13,0,0.0,0.0,0.051094890510948905,0.0
bl_rate_q975__ni_k2_r1,2024-03-11_22-23-29,150,4,0.02666666666666667,21,0,0.0,0.0,0.031007751937984496,0.0
bl_rate_q975__ni_k2_r1,2024-04-08_22-49-18,150,16,0.10666666666666667,32,2,0.0625,0.125,0.11864406779661017,0.5859375
bl_rate_q975__ni_k2_r1,2024-09-02_14-10-41,150,3,0.02,25,0,0.0,0.0,0.024,0.0
bl_rate_q975__ni_k2_r1,2024-09-04_19-52-57,150,1,0.006666666666666667,32,1,0.03125,1.0,0.0,4.6875
bl_rate_q975__ni_k2_r1,2024-09-05_13-25-10,150,5,0.03333333333333333,14,0,0.0,0.0,0.03676470588235294,0.0
bl_rate_q975__ni_k2_r2,2024-02-15_20-07-54,150,23,0.15333333333333332,59,1,0.01694915254237288,0.043478260869565216,0.24175824175824176,0.1105379513633014
bl_rate_q975__ni_k2_r2,2024-02-15_21-40-43,150,9,0.06,20,1,0.05,0.1111111111111111,0.06153846153846154,0.8333333333333333
bl_rate_q975__ni_k2_r2,2024-02-15_21-57-38,150,29,0.19333333333333333,47,3,0.06382978723404255,0.10344827586206896,0.2524271844660194,0.33015407190022006
bl_rate_q975__ni_k2_r2,2024-02-17_21-44-37,150,11,0.07333333333333333,47,3,0.06382978723404255,0.2727272727272727,0.07766990291262135,0.8704061895551256
bl_rate_q975__ni_k2_r2,2024-02-17_22-33-45,300,51,0.17,82,5,0.06097560975609756,0.09803921568627451,0.21100917431192662,0.3586800573888092
bl_rate_q975__ni_k2_r2,2024-02-22_11-58-09,150,9,0.06,13,0,0.0,0.0,0.06569343065693431,0.0
bl_rate_q975__ni_k2_r2,2024-03-11_22-23-29,150,8,0.05333333333333334,21,2,0.09523809523809523,0.25,0.046511627906976744,1.7857142857142856
bl_rate_q975__ni_k2_r2,2024-04-08_22-49-18,150,18,0.12,32,3,0.09375,0.16666666666666666,0.1271186440677966,0.7812499999999999
bl_rate_q975__ni_k2_r2,2024-09-02_14-10-41,150,3,0.02,25,0,0.0,0.0,0.024,0.0
bl_rate_q975__ni_k2_r2,2024-09-04_19-52-57,150,1,0.006666666666666667,32,1,0.03125,1.0,0.0,4.6875
bl_rate_q975__ni_k2_r2,2024-09-05_13-25-10,150,5,0.03333333333333333,14,0,0.0,0.0,0.03676470588235294,0.0
bl_rate_q975__ni_k2_r4,2024-02-15_20-07-54,150,39,0.26,59,5,0.0847457627118644,0.1282051282051282,0.37362637362637363,0.3259452411994785
bl_rate_q975__ni_k2_r4,2024-02-15_21-40-43,150,16,0.10666666666666667,20,1,0.05,0.0625,0.11538461538461539,0.46875
bl_rate_q975__ni_k2_r4,2024-02-15_21-57-38,150,51,0.34,47,4,0.0851063829787234,0.0784313725490196,0.4563106796116505,0.2503128911138923
bl_rate_q975__ni_k2_r4,2024-02-17_21-44-37,150,19,0.12666666666666668,47,4,0.0851063829787234,0.21052631578947367,0.14563106796116504,0.6718924972004479
bl_rate_q975__ni_k2_r4,2024-02-17_22-33-45,300,75,0.25,82,6,0.07317073170731707,0.08,0.3165137614678899,0.29268292682926833
bl_rate_q975__ni_k2_r4,2024-02-22_11-58-09,150,13,0.08666666666666667,13,0,0.0,0.0,0.0948905109489051,0.0
bl_rate_q975__ni_k2_r4,2024-03-11_22-23-29,150,15,0.1,21,2,0.09523809523809523,0.13333333333333333,0.10077519379844961,0.9523809523809523
bl_rate_q975__ni_k2_r4,2024-04-08_22-49-18,150,22,0.14666666666666667,32,3,0.09375,0.13636363636363635,0.16101694915254236,0.6392045454545454
bl_rate_q975__ni_k2_r4,2024-09-02_14-10-41,150,3,0.02,25,0,0.0,0.0,0.024,0.0
bl_rate_q975__ni_k2_r4,2024-09-04_19-52-57,150,1,0.006666666666666667,32,1,0.03125,1.0,0.0,4.6875
bl_rate_q975__ni_k2_r4,2024-09-05_13-25-10,150,5,0.03333333333333333,14,0,0.0,0.0,0.03676470588235294,0.0
bl_rate_q975__ni_k3_r1,2024-02-15_20-07-54,150,9,0.06,59,0,0.0,0.0,0.0989010989010989,0.0
bl_rate_q975__ni_k3_r1,2024-02-15_21-40-43,150,1,0.006666666666666667,20,0,0.0,0.0,0.007692307692307693,0.0
bl_rate_q975__ni_k3_r1,2024-02-15_21-57-38,150,4,0.02666666666666667,47,1,0.02127659574468085,0.25,0.02912621359223301,0.7978723404255319
bl_rate_q975__ni_k3_r1,2024-02-17_21-44-37,150,1,0.006666666666666667,47,1,0.02127659574468085,1.0,0.0,3.1914893617021276
bl_rate_q975__ni_k3_r1,2024-02-17_22-33-45,300,15,0.05,82,3,0.036585365853658534,0.2,0.05504587155963303,0.7317073170731708
bl_rate_q975__ni_k3_r1,2024-02-22_11-58-09,150,5,0.03333333333333333,13,0,0.0,0.0,0.0364963503649635,0.0
bl_rate_q975__ni_k3_r1,2024-03-11_22-23-29,150,0,0.0,21,0,0.0,,0.0,
bl_rate_q975__ni_k3_r1,2024-04-08_22-49-18,150,14,0.09333333333333334,32,2,0.0625,0.14285714285714285,0.1016949152542373,0.6696428571428571
bl_rate_q975__ni_k3_r1,2024-09-02_14-10-41,150,3,0.02,25,0,0.0,0.0,0.024,0.0
bl_rate_q975__ni_k3_r1,2024-09-04_19-52-57,150,1,0.006666666666666667,32,1,0.03125,1.0,0.0,4.6875
bl_rate_q975__ni_k3_r1,2024-09-05_13-25-10,150,5,0.03333333333333333,14,0,0.0,0.0,0.03676470588235294,0.0
bl_rate_q975__ni_k3_r2,2024-02-15_20-07-54,150,15,0.1,59,0,0.0,0.0,0.16483516483516483,0.0
bl_rate_q975__ni_k3_r2,2024-02-15_21-40-43,150,1,0.006666666666666667,20,0,0.0,0.0,0.007692307692307693,0.0
bl_rate_q975__ni_k3_r2,2024-02-15_21-57-38,150,8,0.05333333333333334,47,3,0.06382978723404255,0.375,0.04854368932038835,1.1968085106382977
bl_rate_q975__ni_k3_r2,2024-02-17_21-44-37,150,1,0.006666666666666667,47,1,0.02127659574468085,1.0,0.0,3.1914893617021276
bl_rate_q975__ni_k3_r2,2024-02-17_22-33-45,300,21,0.07,82,4,0.04878048780487805,0.19047619047619047,0.0779816513761468,0.6968641114982579
bl_rate_q975__ni_k3_r2,2024-02-22_11-58-09,150,5,0.03333333333333333,13,0,0.0,0.0,0.0364963503649635,0.0
bl_rate_q975__ni_k3_r2,2024-03-11_22-23-29,150,0,0.0,21,0,0.0,,0.0,
bl_rate_q975__ni_k3_r2,2024-04-08_22-49-18,150,14,0.09333333333333334,32,2,0.0625,0.14285714285714285,0.1016949152542373,0.6696428571428571
bl_rate_q975__ni_k3_r2,2024-09-02_14-10-41,150,3,0.02,25,0,0.0,0.0,0.024,0.0
bl_rate_q975__ni_k3_r2,2024-09-04_19-52-57,150,1,0.006666666666666667,32,1,0.03125,1.0,0.0,4.6875
bl_rate_q975__ni_k3_r2,2024-09-05_13-25-10,150,5,0.03333333333333333,14,0,0.0,0.0,0.03676470588235294,0.0
bl_rate_q975__ni_k3_r4,2024-02-15_20-07-54,150,27,0.18,59,4,0.06779661016949153,0.14814814814814814,0.25274725274725274,0.3766478342749529
bl_rate_q975__ni_k3_r4,2024-02-15_21-40-43,150,1,0.006666666666666667,20,0,0.0,0.0,0.007692307692307693,0.0
bl_rate_q975__ni_k3_r4,2024-02-15_21-57-38,150,15,0.1,47,3,0.06382978723404255,0.2,0.11650485436893204,0.6382978723404256
bl_rate_q975__ni_k3_r4,2024-02-17_21-44-37,150,1,0.006666666666666667,47,1,0.02127659574468085,1.0,0.0,3.1914893617021276
bl_rate_q975__ni_k3_r4,2024-02-17_22-33-45,300,31,0.10333333333333333,82,4,0.04878048780487805,0.12903225806451613,0.12385321100917432,0.4720692368214005
bl_rate_q975__ni_k3_r4,2024-02-22_11-58-09,150,5,0.03333333333333333,13,0,0.0,0.0,0.0364963503649635,0.0
bl_rate_q975__ni_k3_r4,2024-03-11_22-23-29,150,0,0.0,21,0,0.0,,0.0,
bl_rate_q975__ni_k3_r4,2024-04-08_22-49-18,150,14,0.09333333333333334,32,2,0.0625,0.14285714285714285,0.1016949152542373,0.6696428571428571
bl_rate_q975__ni_k3_r4,2024-09-02_14-10-41,150,3,0.02,25,0,0.0,0.0,0.024,0.0
bl_rate_q975__ni_k3_r4,2024-09-04_19-52-57,150,1,0.006666666666666667,32,1,0.03125,1.0,0.0,4.6875
bl_rate_q975__ni_k3_r4,2024-09-05_13-25-10,150,5,0.03333333333333333,14,0,0.0,0.0,0.03676470588235294,0.0
bl_rate_q975__ni_k5_r1,2024-02-15_20-07-54,150,2,0.013333333333333334,59,0,0.0,0.0,0.02197802197802198,0.0
bl_rate_q975__ni_k5_r1,2024-02-15_21-40-43,150,1,0.006666666666666667,20,0,0.0,0.0,0.007692307692307693,0.0
bl_rate_q975__ni_k5_r1,2024-02-15_21-57-38,150,0,0.0,47,0,0.0,,0.0,
bl_rate_q975__ni_k5_r1,2024-02-17_21-44-37,150,1,0.006666666666666667,47,1,0.02127659574468085,1.0,0.0,3.1914893617021276
bl_rate_q975__ni_k5_r1,2024-02-17_22-33-45,300,10,0.03333333333333333,82,2,0.024390243902439025,0.2,0.03669724770642202,0.7317073170731708
bl_rate_q975__ni_k5_r1,2024-02-22_11-58-09,150,5,0.03333333333333333,13,0,0.0,0.0,0.0364963503649635,0.0
bl_rate_q975__ni_k5_r1,2024-03-11_22-23-29,150,0,0.0,21,0,0.0,,0.0,
bl_rate_q975__ni_k5_r1,2024-04-08_22-49-18,150,14,0.09333333333333334,32,2,0.0625,0.14285714285714285,0.1016949152542373,0.6696428571428571
bl_rate_q975__ni_k5_r1,2024-09-02_14-10-41,150,3,0.02,25,0,0.0,0.0,0.024,0.0
bl_rate_q975__ni_k5_r1,2024-09-04_19-52-57,150,1,0.006666666666666667,32,1,0.03125,1.0,0.0,4.6875
bl_rate_q975__ni_k5_r1,2024-09-05_13-25-10,150,5,0.03333333333333333,14,0,0.0,0.0,0.03676470588235294,0.0
bl_rate_q975__ni_k5_r2,2024-02-15_20-07-54,150,2,0.013333333333333334,59,0,0.0,0.0,0.02197802197802198,0.0
bl_rate_q975__ni_k5_r2,2024-02-15_21-40-43,150,1,0.006666666666666667,20,0,0.0,0.0,0.007692307692307693,0.0
bl_rate_q975__ni_k5_r2,2024-02-15_21-57-38,150,0,0.0,47,0,0.0,,0.0,
bl_rate_q975__ni_k5_r2,2024-02-17_21-44-37,150,1,0.006666666666666667,47,1,0.02127659574468085,1.0,0.0,3.1914893617021276
bl_rate_q975__ni_k5_r2,2024-02-17_22-33-45,300,10,0.03333333333333333,82,2,0.024390243902439025,0.2,0.03669724770642202,0.7317073170731708
bl_rate_q975__ni_k5_r2,2024-02-22_11-58-09,150,5,0.03333333333333333,13,0,0.0,0.0,0.0364963503649635,0.0
bl_rate_q975__ni_k5_r2,2024-03-11_22-23-29,150,0,0.0,21,0,0.0,,0.0,
bl_rate_q975__ni_k5_r2,2024-04-08_22-49-18,150,14,0.09333333333333334,32,2,0.0625,0.14285714285714285,0.1016949152542373,0.6696428571428571
bl_rate_q975__ni_k5_r2,2024-09-02_14-10-41,150,3,0.02,25,0,0.0,0.0,0.024,0.0
bl_rate_q975__ni_k5_r2,2024-09-04_19-52-57,150,1,0.006666666666666667,32,1,0.03125,1.0,0.0,4.6875
bl_rate_q975__ni_k5_r2,2024-09-05_13-25-10,150,5,0.03333333333333333,14,0,0.0,0.0,0.03676470588235294,0.0
bl_rate_q975__ni_k5_r4,2024-02-15_20-07-54,150,2,0.013333333333333334,59,0,0.0,0.0,0.02197802197802198,0.0
bl_rate_q975__ni_k5_r4,2024-02-15_21-40-43,150,1,0.006666666666666667,20,0,0.0,0.0,0.007692307692307693,0.0
bl_rate_q975__ni_k5_r4,2024-02-15_21-57-38,150,0,0.0,47,0,0.0,,0.0,
bl_rate_q975__ni_k5_r4,2024-02-17_21-44-37,150,1,0.006666666666666667,47,1,0.02127659574468085,1.0,0.0,3.1914893617021276
bl_rate_q975__ni_k5_r4,2024-02-17_22-33-45,300,10,0.03333333333333333,82,2,0.024390243902439025,0.2,0.03669724770642202,0.7317073170731708
bl_rate_q975__ni_k5_r4,2024-02-22_11-58-09,150,5,0.03333333333333333,13,0,0.0,0.0,0.0364963503649635,0.0
bl_rate_q975__ni_k5_r4,2024-03-11_22-23-29,150,0,0.0,21,0,0.0,,0.0,
bl_rate_q975__ni_k5_r4,2024-04-08_22-49-18,150,14,0.09333333333333334,32,2,0.0625,0.14285714285714285,0.1016949152542373,0.6696428571428571
bl_rate_q975__ni_k5_r4,2024-09-02_14-10-41,150,3,0.02,25,0,0.0,0.0,0.024,0.0
bl_rate_q975__ni_k5_r4,2024-09-04_19-52-57,150,1,0.006666666666666667,32,1,0.03125,1.0,0.0,4.6875
bl_rate_q975__ni_k5_r4,2024-09-05_13-25-10,150,5,0.03333333333333333,14,0,0.0,0.0,0.03676470588235294,0.0
bl_hmm_disagreement__ni_k2_r1,2024-02-15_20-07-54,150,76,0.5066666666666667,59,16,0.2711864406779661,0.21052631578947367,0.6593406593406593,0.5352363960749331
bl_hmm_disagreement__ni_k2_r1,2024-02-15_21-40-43,150,98,0.6533333333333333,20,2,0.1,0.02040816326530612,0.7384615384615385,0.15306122448979592
bl_hmm_disagreement__ni_k2_r1,2024-02-15_21-57-38,150,92,0.6133333333333333,47,5,0.10638297872340426,0.05434782608695652,0.8446601941747572,0.1734505087881591
bl_hmm_disagreement__ni_k2_r1,2024-02-17_21-44-37,150,85,0.5666666666666667,47,19,0.40425531914893614,0.2235294117647059,0.6407766990291263,0.7133917396745932
bl_hmm_disagreement__ni_k2_r1,2024-02-17_22-33-45,300,143,0.4766666666666667,82,7,0.08536585365853659,0.04895104895104895,0.6238532110091743,0.1790892034794474
bl_hmm_disagreement__ni_k2_r1,2024-02-22_11-58-09,150,117,0.78,13,7,0.5384615384615384,0.05982905982905983,0.8029197080291971,0.6903353057199211
bl_hmm_disagreement__ni_k2_r1,2024-03-11_22-23-29,150,99,0.66,21,11,0.5238095238095238,0.1111111111111111,0.6821705426356589,0.7936507936507935
bl_hmm_disagreement__ni_k2_r1,2024-04-08_22-49-18,150,82,0.5466666666666666,32,15,0.46875,0.18292682926829268,0.5677966101694916,0.8574695121951219
bl_hmm_disagreement__ni_k2_r1,2024-09-02_14-10-41,150,89,0.5933333333333334,25,6,0.24,0.06741573033707865,0.664,0.4044943820224719
bl_hmm_disagreement__ni_k2_r1,2024-09-04_19-52-57,150,75,0.5,32,4,0.125,0.05333333333333334,0.6016949152542372,0.25
bl_hmm_disagreement__ni_k2_r1,2024-09-05_13-25-10,150,77,0.5133333333333333,14,4,0.2857142857142857,0.05194805194805195,0.5367647058823529,0.5565862708719852
bl_hmm_disagreement__ni_k2_r2,2024-02-15_20-07-54,150,77,0.5133333333333333,59,16,0.2711864406779661,0.2077922077922078,0.6703296703296703,0.528285274047986
bl_hmm_disagreement__ni_k2_r2,2024-02-15_21-40-43,150,99,0.66,20,2,0.1,0.020202020202020204,0.7461538461538462,0.15151515151515152
bl_hmm_disagreement__ni_k2_r2,2024-02-15_21-57-38,150,95,0.6333333333333333,47,7,0.14893617021276595,0.07368421052631578,0.8543689320388349,0.23516237402015674
bl_hmm_disagreement__ni_k2_r2,2024-02-17_21-44-37,150,85,0.5666666666666667,47,19,0.40425531914893614,0.2235294117647059,0.6407766990291263,0.7133917396745932
bl_hmm_disagreement__ni_k2_r2,2024-02-17_22-33-45,300,149,0.49666666666666665,82,7,0.08536585365853659,0.04697986577181208,0.6513761467889908,0.17187755770175153
bl_hmm_disagreement__ni_k2_r2,2024-02-22_11-58-09,150,117,0.78,13,7,0.5384615384615384,0.05982905982905983,0.8029197080291971,0.6903353057199211
bl_hmm_disagreement__ni_k2_r2,2024-03-11_22-23-29,150,99,0.66,21,11,0.5238095238095238,0.1111111111111111,0.6821705426356589,0.7936507936507935
bl_hmm_disagreement__ni_k2_r2,2024-04-08_22-49-18,150,83,0.5533333333333333,32,15,0.46875,0.18072289156626506,0.576271186440678,0.8471385542168675
bl_hmm_disagreement__ni_k2_r2,2024-09-02_14-10-41,150,89,0.5933333333333334,25,6,0.24,0.06741573033707865,0.664,0.4044943820224719
bl_hmm_disagreement__ni_k2_r2,2024-09-04_19-52-57,150,75,0.5,32,4,0.125,0.05333333333333334,0.6016949152542372,0.25
bl_hmm_disagreement__ni_k2_r2,2024-09-05_13-25-10,150,77,0.5133333333333333,14,4,0.2857142857142857,0.05194805194805195,0.5367647058823529,0.5565862708719852
bl_hmm_disagreement__ni_k2_r4,2024-02-15_20-07-54,150,82,0.5466666666666666,59,16,0.2711864406779661,0.1951219512195122,0.7252747252747253,0.4960727573377429
bl_hmm_disagreement__ni_k2_r4,2024-02-15_21-40-43,150,101,0.6733333333333333,20,2,0.1,0.019801980198019802,0.7615384615384615,0.1485148514851485
bl_hmm_disagreement__ni_k2_r4,2024-02-15_21-57-38,150,97,0.6466666666666666,47,7,0.14893617021276595,0.07216494845360824,0.8737864077669902,0.2303136652774731
bl_hmm_disagreement__ni_k2_r4,2024-02-17_21-44-37,150,88,0.5866666666666667,47,19,0.40425531914893614,0.2159090909090909,0.6699029126213593,0.6890715667311411
bl_hmm_disagreement__ni_k2_r4,2024-02-17_22-33-45,300,158,0.5266666666666666,82,7,0.08536585365853659,0.04430379746835443,0.6926605504587156,0.16208706390861377
bl_hmm_disagreement__ni_k2_r4,2024-02-22_11-58-09,150,118,0.7866666666666666,13,7,0.5384615384615384,0.059322033898305086,0.8102189781021898,0.6844850065189049
bl_hmm_disagreement__ni_k2_r4,2024-03-11_22-23-29,150,101,0.6733333333333333,21,11,0.5238095238095238,0.10891089108910891,0.6976744186046512,0.7779349363507778
bl_hmm_disagreement__ni_k2_r4,2024-04-08_22-49-18,150,85,0.5666666666666667,32,15,0.46875,0.17647058823529413,0.5932203389830508,0.8272058823529411
bl_hmm_disagreement__ni_k2_r4,2024-09-02_14-10-41,150,89,0.5933333333333334,25,6,0.24,0.06741573033707865,0.664,0.4044943820224719
bl_hmm_disagreement__ni_k2_r4,2024-09-04_19-52-57,150,75,0.5,32,4,0.125,0.05333333333333334,0.6016949152542372,0.25
bl_hmm_disagreement__ni_k2_r4,2024-09-05_13-25-10,150,77,0.5133333333333333,14,4,0.2857142857142857,0.05194805194805195,0.5367647058823529,0.5565862708719852
bl_hmm_disagreement__ni_k3_r1,2024-02-15_20-07-54,150,76,0.5066666666666667,59,16,0.2711864406779661,0.21052631578947367,0.6593406593406593,0.5352363960749331
bl_hmm_disagreement__ni_k3_r1,2024-02-15_21-40-43,150,97,0.6466666666666666,20,2,0.1,0.020618556701030927,0.7307692307692307,0.15463917525773196
bl_hmm_disagreement__ni_k3_r1,2024-02-15_21-57-38,150,89,0.5933333333333334,47,5,0.10638297872340426,0.056179775280898875,0.8155339805825242,0.17929715515180492
bl_hmm_disagreement__ni_k3_r1,2024-02-17_21-44-37,150,82,0.5466666666666666,47,19,0.40425531914893614,0.23170731707317074,0.6116504854368932,0.7394914374675662
bl_hmm_disagreement__ni_k3_r1,2024-02-17_22-33-45,300,131,0.43666666666666665,82,6,0.07317073170731707,0.04580152671755725,0.573394495412844,0.16756656116179483
bl_hmm_disagreement__ni_k3_r1,2024-02-22_11-58-09,150,117,0.78,13,7,0.5384615384615384,0.05982905982905983,0.8029197080291971,0.6903353057199211
bl_hmm_disagreement__ni_k3_r1,2024-03-11_22-23-29,150,98,0.6533333333333333,21,11,0.5238095238095238,0.11224489795918367,0.6744186046511628,0.8017492711370262
bl_hmm_disagreement__ni_k3_r1,2024-04-08_22-49-18,150,82,0.5466666666666666,32,15,0.46875,0.18292682926829268,0.5677966101694916,0.8574695121951219
bl_hmm_disagreement__ni_k3_r1,2024-09-02_14-10-41,150,89,0.5933333333333334,25,6,0.24,0.06741573033707865,0.664,0.4044943820224719
bl_hmm_disagreement__ni_k3_r1,2024-09-04_19-52-57,150,75,0.5,32,4,0.125,0.05333333333333334,0.6016949152542372,0.25
bl_hmm_disagreement__ni_k3_r1,2024-09-05_13-25-10,150,77,0.5133333333333333,14,4,0.2857142857142857,0.05194805194805195,0.5367647058823529,0.5565862708719852
bl_hmm_disagreement__ni_k3_r2,2024-02-15_20-07-54,150,77,0.5133333333333333,59,16,0.2711864406779661,0.2077922077922078,0.6703296703296703,0.528285274047986
bl_hmm_disagreement__ni_k3_r2,2024-02-15_21-40-43,150,97,0.6466666666666666,20,2,0.1,0.020618556701030927,0.7307692307692307,0.15463917525773196
bl_hmm_disagreement__ni_k3_r2,2024-02-15_21-57-38,150,91,0.6066666666666667,47,7,0.14893617021276595,0.07692307692307693,0.8155339805825242,0.24549918166939444
bl_hmm_disagreement__ni_k3_r2,2024-02-17_21-44-37,150,82,0.5466666666666666,47,19,0.40425531914893614,0.23170731707317074,0.6116504854368932,0.7394914374675662
bl_hmm_disagreement__ni_k3_r2,2024-02-17_22-33-45,300,134,0.44666666666666666,82,6,0.07317073170731707,0.04477611940298507,0.5871559633027523,0.16381507098653075
bl_hmm_disagreement__ni_k3_r2,2024-02-22_11-58-09,150,117,0.78,13,7,0.5384615384615384,0.05982905982905983,0.8029197080291971,0.6903353057199211
bl_hmm_disagreement__ni_k3_r2,2024-03-11_22-23-29,150,98,0.6533333333333333,21,11,0.5238095238095238,0.11224489795918367,0.6744186046511628,0.8017492711370262
bl_hmm_disagreement__ni_k3_r2,2024-04-08_22-49-18,150,82,0.5466666666666666,32,15,0.46875,0.18292682926829268,0.5677966101694916,0.8574695121951219
bl_hmm_disagreement__ni_k3_r2,2024-09-02_14-10-41,150,89,0.5933333333333334,25,6,0.24,0.06741573033707865,0.664,0.4044943820224719
bl_hmm_disagreement__ni_k3_r2,2024-09-04_19-52-57,150,75,0.5,32,4,0.125,0.05333333333333334,0.6016949152542372,0.25
bl_hmm_disagreement__ni_k3_r2,2024-09-05_13-25-10,150,77,0.5133333333333333,14,4,0.2857142857142857,0.05194805194805195,0.5367647058823529,0.5565862708719852
bl_hmm_disagreement__ni_k3_r4,2024-02-15_20-07-54,150,79,0.5266666666666666,59,16,0.2711864406779661,0.20253164556962025,0.6923076923076923,0.5149109633125939
bl_hmm_disagreement__ni_k3_r4,2024-02-15_21-40-43,150,97,0.6466666666666666,20,2,0.1,0.020618556701030927,0.7307692307692307,0.15463917525773196
bl_hmm_disagreement__ni_k3_r4,2024-02-15_21-57-38,150,91,0.6066666666666667,47,7,0.14893617021276595,0.07692307692307693,0.8155339805825242,0.24549918166939444
bl_hmm_disagreement__ni_k3_r4,2024-02-17_21-44-37,150,82,0.5466666666666666,47,19,0.40425531914893614,0.23170731707317074,0.6116504854368932,0.7394914374675662
bl_hmm_disagreement__ni_k3_r4,2024-02-17_22-33-45,300,138,0.46,82,6,0.07317073170731707,0.043478260869565216,0.6055045871559633,0.15906680805938495
bl_hmm_disagreement__ni_k3_r4,2024-02-22_11-58-09,150,117,0.78,13,7,0.5384615384615384,0.05982905982905983,0.8029197080291971,0.6903353057199211
bl_hmm_disagreement__ni_k3_r4,2024-03-11_22-23-29,150,98,0.6533333333333333,21,11,0.5238095238095238,0.11224489795918367,0.6744186046511628,0.8017492711370262
bl_hmm_disagreement__ni_k3_r4,2024-04-08_22-49-18,150,82,0.5466666666666666,32,15,0.46875,0.18292682926829268,0.5677966101694916,0.8574695121951219
bl_hmm_disagreement__ni_k3_r4,2024-09-02_14-10-41,150,89,0.5933333333333334,25,6,0.24,0.06741573033707865,0.664,0.4044943820224719
bl_hmm_disagreement__ni_k3_r4,2024-09-04_19-52-57,150,75,0.5,32,4,0.125,0.05333333333333334,0.6016949152542372,0.25
bl_hmm_disagreement__ni_k3_r4,2024-09-05_13-25-10,150,77,0.5133333333333333,14,4,0.2857142857142857,0.05194805194805195,0.5367647058823529,0.5565862708719852
bl_hmm_disagreement__ni_k5_r1,2024-02-15_20-07-54,150,74,0.49333333333333335,59,16,0.2711864406779661,0.21621621621621623,0.6373626373626373,0.549702244617499
bl_hmm_disagreement__ni_k5_r1,2024-02-15_21-40-43,150,97,0.6466666666666666,20,2,0.1,0.020618556701030927,0.7307692307692307,0.15463917525773196
bl_hmm_disagreement__ni_k5_r1,2024-02-15_21-57-38,150,88,0.5866666666666667,47,5,0.10638297872340426,0.056818181818181816,0.8058252427184466,0.18133462282398452
bl_hmm_disagreement__ni_k5_r1,2024-02-17_21-44-37,150,82,0.5466666666666666,47,19,0.40425531914893614,0.23170731707317074,0.6116504854368932,0.7394914374675662
bl_hmm_disagreement__ni_k5_r1,2024-02-17_22-33-45,300,130,0.43333333333333335,82,6,0.07317073170731707,0.046153846153846156,0.5688073394495413,0.16885553470919326
bl_hmm_disagreement__ni_k5_r1,2024-02-22_11-58-09,150,117,0.78,13,7,0.5384615384615384,0.05982905982905983,0.8029197080291971,0.6903353057199211
bl_hmm_disagreement__ni_k5_r1,2024-03-11_22-23-29,150,98,0.6533333333333333,21,11,0.5238095238095238,0.11224489795918367,0.6744186046511628,0.8017492711370262
bl_hmm_disagreement__ni_k5_r1,2024-04-08_22-49-18,150,82,0.5466666666666666,32,15,0.46875,0.18292682926829268,0.5677966101694916,0.8574695121951219
bl_hmm_disagreement__ni_k5_r1,2024-09-02_14-10-41,150,89,0.5933333333333334,25,6,0.24,0.06741573033707865,0.664,0.4044943820224719
bl_hmm_disagreement__ni_k5_r1,2024-09-04_19-52-57,150,75,0.5,32,4,0.125,0.05333333333333334,0.6016949152542372,0.25
bl_hmm_disagreement__ni_k5_r1,2024-09-05_13-25-10,150,77,0.5133333333333333,14,4,0.2857142857142857,0.05194805194805195,0.5367647058823529,0.5565862708719852
bl_hmm_disagreement__ni_k5_r2,2024-02-15_20-07-54,150,74,0.49333333333333335,59,16,0.2711864406779661,0.21621621621621623,0.6373626373626373,0.549702244617499
bl_hmm_disagreement__ni_k5_r2,2024-02-15_21-40-43,150,97,0.6466666666666666,20,2,0.1,0.020618556701030927,0.7307692307692307,0.15463917525773196
bl_hmm_disagreement__ni_k5_r2,2024-02-15_21-57-38,150,88,0.5866666666666667,47,5,0.10638297872340426,0.056818181818181816,0.8058252427184466,0.18133462282398452
bl_hmm_disagreement__ni_k5_r2,2024-02-17_21-44-37,150,82,0.5466666666666666,47,19,0.40425531914893614,0.23170731707317074,0.6116504854368932,0.7394914374675662
bl_hmm_disagreement__ni_k5_r2,2024-02-17_22-33-45,300,130,0.43333333333333335,82,6,0.07317073170731707,0.046153846153846156,0.5688073394495413,0.16885553470919326
bl_hmm_disagreement__ni_k5_r2,2024-02-22_11-58-09,150,117,0.78,13,7,0.5384615384615384,0.05982905982905983,0.8029197080291971,0.6903353057199211
bl_hmm_disagreement__ni_k5_r2,2024-03-11_22-23-29,150,98,0.6533333333333333,21,11,0.5238095238095238,0.11224489795918367,0.6744186046511628,0.8017492711370262
bl_hmm_disagreement__ni_k5_r2,2024-04-08_22-49-18,150,82,0.5466666666666666,32,15,0.46875,0.18292682926829268,0.5677966101694916,0.8574695121951219
bl_hmm_disagreement__ni_k5_r2,2024-09-02_14-10-41,150,89,0.5933333333333334,25,6,0.24,0.06741573033707865,0.664,0.4044943820224719
bl_hmm_disagreement__ni_k5_r2,2024-09-04_19-52-57,150,75,0.5,32,4,0.125,0.05333333333333334,0.6016949152542372,0.25
bl_hmm_disagreement__ni_k5_r2,2024-09-05_13-25-10,150,77,0.5133333333333333,14,4,0.2857142857142857,0.05194805194805195,0.5367647058823529,0.5565862708719852
bl_hmm_disagreement__ni_k5_r4,2024-02-15_20-07-54,150,74,0.49333333333333335,59,16,0.2711864406779661,0.21621621621621623,0.6373626373626373,0.549702244617499
bl_hmm_disagreement__ni_k5_r4,2024-02-15_21-40-43,150,97,0.6466666666666666,20,2,0.1,0.020618556701030927,0.7307692307692307,0.15463917525773196
bl_hmm_disagreement__ni_k5_r4,2024-02-15_21-57-38,150,88,0.5866666666666667,47,5,0.10638297872340426,0.056818181818181816,0.8058252427184466,0.18133462282398452
bl_hmm_disagreement__ni_k5_r4,2024-02-17_21-44-37,150,82,0.5466666666666666,47,19,0.40425531914893614,0.23170731707317074,0.6116504854368932,0.7394914374675662
bl_hmm_disagreement__ni_k5_r4,2024-02-17_22-33-45,300,130,0.43333333333333335,82,6,0.07317073170731707,0.046153846153846156,0.5688073394495413,0.16885553470919326
bl_hmm_disagreement__ni_k5_r4,2024-02-22_11-58-09,150,117,0.78,13,7,0.5384615384615384,0.05982905982905983,0.8029197080291971,0.6903353057199211
bl_hmm_disagreement__ni_k5_r4,2024-03-11_22-23-29,150,98,0.6533333333333333,21,11,0.5238095238095238,0.11224489795918367,0.6744186046511628,0.8017492711370262
bl_hmm_disagreement__ni_k5_r4,2024-04-08_22-49-18,150,82,0.5466666666666666,32,15,0.46875,0.18292682926829268,0.5677966101694916,0.8574695121951219
bl_hmm_disagreement__ni_k5_r4,2024-09-02_14-10-41,150,89,0.5933333333333334,25,6,0.24,0.06741573033707865,0.664,0.4044943820224719
bl_hmm_disagreement__ni_k5_r4,2024-09-04_19-52-57,150,75,0.5,32,4,0.125,0.05333333333333334,0.6016949152542372,0.25
bl_hmm_disagreement__ni_k5_r4,2024-09-05_13-25-10,150,77,0.5133333333333333,14,4,0.2857142857142857,0.05194805194805195,0.5367647058823529,0.5565862708719852
bl_practical_or_rate995__ni_k2_r1,2024-02-15_20-07-54,150,20,0.13333333333333333,59,0,0.0,0.0,0.21978021978021978,0.0
bl_practical_or_rate995__ni_k2_r1,2024-02-15_21-40-43,150,14,0.09333333333333334,20,2,0.1,0.14285714285714285,0.09230769230769231,1.0714285714285714
bl_practical_or_rate995__ni_k2_r1,2024-02-15_21-57-38,150,19,0.12666666666666668,47,1,0.02127659574468085,0.05263157894736842,0.17475728155339806,0.16797312430011196
bl_practical_or_rate995__ni_k2_r1,2024-02-17_21-44-37,150,19,0.12666666666666668,47,6,0.1276595744680851,0.3157894736842105,0.1262135922330097,1.0078387458006717
bl_practical_or_rate995__ni_k2_r1,2024-02-17_22-33-45,300,40,0.13333333333333333,82,5,0.06097560975609756,0.125,0.16055045871559634,0.4573170731707317
bl_practical_or_rate995__ni_k2_r1,2024-02-22_11-58-09,150,7,0.04666666666666667,13,1,0.07692307692307693,0.14285714285714285,0.043795620437956206,1.6483516483516483
bl_practical_or_rate995__ni_k2_r1,2024-03-11_22-23-29,150,20,0.13333333333333333,21,3,0.14285714285714285,0.15,0.13178294573643412,1.0714285714285714
bl_practical_or_rate995__ni_k2_r1,2024-04-08_22-49-18,150,6,0.04,32,1,0.03125,0.16666666666666666,0.0423728813559322,0.7812499999999999
bl_practical_or_rate995__ni_k2_r1,2024-09-02_14-10-41,150,10,0.06666666666666667,25,0,0.0,0.0,0.08,0.0
bl_practical_or_rate995__ni_k2_r1,2024-09-04_19-52-57,150,7,0.04666666666666667,32,0,0.0,0.0,0.059322033898305086,0.0
bl_practical_or_rate995__ni_k2_r1,2024-09-05_13-25-10,150,40,0.26666666666666666,14,1,0.07142857142857142,0.025,0.2867647058823529,0.26785714285714285
bl_practical_or_rate995__ni_k2_r2,2024-02-15_20-07-54,150,27,0.18,59,1,0.01694915254237288,0.037037037037037035,0.2857142857142857,0.09416195856873823
bl_practical_or_rate995__ni_k2_r2,2024-02-15_21-40-43,150,18,0.12,20,2,0.1,0.1111111111111111,0.12307692307692308,0.8333333333333333
bl_practical_or_rate995__ni_k2_r2,2024-02-15_21-57-38,150,33,0.22,47,3,0.06382978723404255,0.09090909090909091,0.2912621359223301,0.2901353965183752
bl_practical_or_rate995__ni_k2_r2,2024-02-17_21-44-37,150,22,0.14666666666666667,47,6,0.1276595744680851,0.2727272727272727,0.1553398058252427,0.8704061895551256
bl_practical_or_rate995__ni_k2_r2,2024-02-17_22-33-45,300,53,0.17666666666666667,82,5,0.06097560975609756,0.09433962264150944,0.22018348623853212,0.34514496088357116
bl_practical_or_rate995__ni_k2_r2,2024-02-22_11-58-09,150,9,0.06,13,1,0.07692307692307693,0.1111111111111111,0.058394160583941604,1.282051282051282
bl_practical_or_rate995__ni_k2_r2,2024-03-11_22-23-29,150,23,0.15333333333333332,21,4,0.19047619047619047,0.17391304347826086,0.14728682170542637,1.2422360248447204
bl_practical_or_rate995__ni_k2_r2,2024-04-08_22-49-18,150,8,0.05333333333333334,32,2,0.0625,0.25,0.05084745762711865,1.171875
bl_practical_or_rate995__ni_k2_r2,2024-09-02_14-10-41,150,10,0.06666666666666667,25,0,0.0,0.0,0.08,0.0
bl_practical_or_rate995__ni_k2_r2,2024-09-04_19-52-57,150,7,0.04666666666666667,32,0,0.0,0.0,0.059322033898305086,0.0
bl_practical_or_rate995__ni_k2_r2,2024-09-05_13-25-10,150,40,0.26666666666666666,14,1,0.07142857142857142,0.025,0.2867647058823529,0.26785714285714285
bl_practical_or_rate995__ni_k2_r4,2024-02-15_20-07-54,150,41,0.2733333333333333,59,5,0.0847457627118644,0.12195121951219512,0.3956043956043956,0.3100454733360893
bl_practical_or_rate995__ni_k2_r4,2024-02-15_21-40-43,150,23,0.15333333333333332,20,2,0.1,0.08695652173913043,0.16153846153846155,0.6521739130434783
bl_practical_or_rate995__ni_k2_r4,2024-02-15_21-57-38,150,55,0.36666666666666664,47,4,0.0851063829787234,0.07272727272727272,0.49514563106796117,0.23210831721470015
bl_practical_or_rate995__ni_k2_r4,2024-02-17_21-44-37,150,28,0.18666666666666668,47,6,0.1276595744680851,0.21428571428571427,0.21359223300970873,0.6838905775075987
bl_practical_or_rate995__ni_k2_r4,2024-02-17_22-33-45,300,76,0.25333333333333335,82,6,0.07317073170731707,0.07894736842105263,0.3211009174311927,0.28883183568677795
bl_practical_or_rate995__ni_k2_r4,2024-02-22_11-58-09,150,13,0.08666666666666667,13,1,0.07692307692307693,0.07692307692307693,0.08759124087591241,0.8875739644970414
bl_practical_or_rate995__ni_k2_r4,2024-03-11_22-23-29,150,30,0.2,21,4,0.19047619047619047,0.13333333333333333,0.20155038759689922,0.9523809523809523
bl_practical_or_rate995__ni_k2_r4,2024-04-08_22-49-18,150,12,0.08,32,2,0.0625,0.16666666666666666,0.0847457627118644,0.7812499999999999
bl_practical_or_rate995__ni_k2_r4,2024-09-02_14-10-41,150,10,0.06666666666666667,25,0,0.0,0.0,0.08,0.0
bl_practical_or_rate995__ni_k2_r4,2024-09-04_19-52-57,150,7,0.04666666666666667,32,0,0.0,0.0,0.059322033898305086,0.0
bl_practical_or_rate995__ni_k2_r4,2024-09-05_13-25-10,150,40,0.26666666666666666,14,1,0.07142857142857142,0.025,0.2867647058823529,0.26785714285714285
bl_practical_or_rate995__ni_k3_r1,2024-02-15_20-07-54,150,15,0.1,59,0,0.0,0.0,0.16483516483516483,0.0
bl_practical_or_rate995__ni_k3_r1,2024-02-15_21-40-43,150,11,0.07333333333333333,20,1,0.05,0.09090909090909091,0.07692307692307693,0.6818181818181819
bl_practical_or_rate995__ni_k3_r1,2024-02-15_21-57-38,150,10,0.06666666666666667,47,1,0.02127659574468085,0.1,0.08737864077669903,0.3191489361702128
bl_practical_or_rate995__ni_k3_r1,2024-02-17_21-44-37,150,13,0.08666666666666667,47,4,0.0851063829787234,0.3076923076923077,0.08737864077669903,0.9819967266775778
bl_practical_or_rate995__ni_k3_r1,2024-02-17_22-33-45,300,23,0.07666666666666666,82,4,0.04878048780487805,0.17391304347826086,0.0871559633027523,0.6362672322375398
bl_practical_or_rate995__ni_k3_r1,2024-02-22_11-58-09,150,5,0.03333333333333333,13,1,0.07692307692307693,0.2,0.029197080291970802,2.307692307692308
bl_practical_or_rate995__ni_k3_r1,2024-03-11_22-23-29,150,16,0.10666666666666667,21,3,0.14285714285714285,0.1875,0.10077519379844961,1.3392857142857142
bl_practical_or_rate995__ni_k3_r1,2024-04-08_22-49-18,150,4,0.02666666666666667,32,1,0.03125,0.25,0.025423728813559324,1.171875
bl_practical_or_rate995__ni_k3_r1,2024-09-02_14-10-41,150,10,0.06666666666666667,25,0,0.0,0.0,0.08,0.0
bl_practical_or_rate995__ni_k3_r1,2024-09-04_19-52-57,150,7,0.04666666666666667,32,0,0.0,0.0,0.059322033898305086,0.0
bl_practical_or_rate995__ni_k3_r1,2024-09-05_13-25-10,150,40,0.26666666666666666,14,1,0.07142857142857142,0.025,0.2867647058823529,0.26785714285714285
bl_practical_or_rate995__ni_k3_r2,2024-02-15_20-07-54,150,21,0.14,59,0,0.0,0.0,0.23076923076923078,0.0
bl_practical_or_rate995__ni_k3_r2,2024-02-15_21-40-43,150,11,0.07333333333333333,20,1,0.05,0.09090909090909091,0.07692307692307693,0.6818181818181819
bl_practical_or_rate995__ni_k3_r2,2024-02-15_21-57-38,150,14,0.09333333333333334,47,3,0.06382978723404255,0.21428571428571427,0.10679611650485436,0.6838905775075987
bl_practical_or_rate995__ni_k3_r2,2024-02-17_21-44-37,150,13,0.08666666666666667,47,4,0.0851063829787234,0.3076923076923077,0.08737864077669903,0.9819967266775778
bl_practical_or_rate995__ni_k3_r2,2024-02-17_22-33-45,300,28,0.09333333333333334,82,4,0.04878048780487805,0.14285714285714285,0.11009174311926606,0.5226480836236934
bl_practical_or_rate995__ni_k3_r2,2024-02-22_11-58-09,150,5,0.03333333333333333,13,1,0.07692307692307693,0.2,0.029197080291970802,2.307692307692308
bl_practical_or_rate995__ni_k3_r2,2024-03-11_22-23-29,150,16,0.10666666666666667,21,3,0.14285714285714285,0.1875,0.10077519379844961,1.3392857142857142
bl_practical_or_rate995__ni_k3_r2,2024-04-08_22-49-18,150,4,0.02666666666666667,32,1,0.03125,0.25,0.025423728813559324,1.171875
bl_practical_or_rate995__ni_k3_r2,2024-09-02_14-10-41,150,10,0.06666666666666667,25,0,0.0,0.0,0.08,0.0
bl_practical_or_rate995__ni_k3_r2,2024-09-04_19-52-57,150,7,0.04666666666666667,32,0,0.0,0.0,0.059322033898305086,0.0
bl_practical_or_rate995__ni_k3_r2,2024-09-05_13-25-10,150,40,0.26666666666666666,14,1,0.07142857142857142,0.025,0.2867647058823529,0.26785714285714285
bl_practical_or_rate995__ni_k3_r4,2024-02-15_20-07-54,150,33,0.22,59,4,0.06779661016949153,0.12121212121212122,0.31868131868131866,0.30816640986132515
bl_practical_or_rate995__ni_k3_r4,2024-02-15_21-40-43,150,11,0.07333333333333333,20,1,0.05,0.09090909090909091,0.07692307692307693,0.6818181818181819
bl_practical_or_rate995__ni_k3_r4,2024-02-15_21-57-38,150,21,0.14,47,3,0.06382978723404255,0.14285714285714285,0.17475728155339806,0.4559270516717325
bl_practical_or_rate995__ni_k3_r4,2024-02-17_21-44-37,150,13,0.08666666666666667,47,4,0.0851063829787234,0.3076923076923077,0.08737864077669903,0.9819967266775778
bl_practical_or_rate995__ni_k3_r4,2024-02-17_22-33-45,300,36,0.12,82,4,0.04878048780487805,0.1111111111111111,0.14678899082568808,0.4065040650406504
bl_practical_or_rate995__ni_k3_r4,2024-02-22_11-58-09,150,5,0.03333333333333333,13,1,0.07692307692307693,0.2,0.029197080291970802,2.307692307692308
bl_practical_or_rate995__ni_k3_r4,2024-03-11_22-23-29,150,16,0.10666666666666667,21,3,0.14285714285714285,0.1875,0.10077519379844961,1.3392857142857142
bl_practical_or_rate995__ni_k3_r4,2024-04-08_22-49-18,150,4,0.02666666666666667,32,1,0.03125,0.25,0.025423728813559324,1.171875
bl_practical_or_rate995__ni_k3_r4,2024-09-02_14-10-41,150,10,0.06666666666666667,25,0,0.0,0.0,0.08,0.0
bl_practical_or_rate995__ni_k3_r4,2024-09-04_19-52-57,150,7,0.04666666666666667,32,0,0.0,0.0,0.059322033898305086,0.0
bl_practical_or_rate995__ni_k3_r4,2024-09-05_13-25-10,150,40,0.26666666666666666,14,1,0.07142857142857142,0.025,0.2867647058823529,0.26785714285714285
bl_practical_or_rate995__ni_k5_r1,2024-02-15_20-07-54,150,9,0.06,59,0,0.0,0.0,0.0989010989010989,0.0
bl_practical_or_rate995__ni_k5_r1,2024-02-15_21-40-43,150,11,0.07333333333333333,20,1,0.05,0.09090909090909091,0.07692307692307693,0.6818181818181819
bl_practical_or_rate995__ni_k5_r1,2024-02-15_21-57-38,150,6,0.04,47,0,0.0,0.0,0.05825242718446602,0.0
bl_practical_or_rate995__ni_k5_r1,2024-02-17_21-44-37,150,13,0.08666666666666667,47,4,0.0851063829787234,0.3076923076923077,0.08737864077669903,0.9819967266775778
bl_practical_or_rate995__ni_k5_r1,2024-02-17_22-33-45,300,18,0.06,82,4,0.04878048780487805,0.2222222222222222,0.06422018348623854,0.8130081300813008
bl_practical_or_rate995__ni_k5_r1,2024-02-22_11-58-09,150,5,0.03333333333333333,13,1,0.07692307692307693,0.2,0.029197080291970802,2.307692307692308
bl_practical_or_rate995__ni_k5_r1,2024-03-11_22-23-29,150,16,0.10666666666666667,21,3,0.14285714285714285,0.1875,0.10077519379844961,1.3392857142857142
bl_practical_or_rate995__ni_k5_r1,2024-04-08_22-49-18,150,4,0.02666666666666667,32,1,0.03125,0.25,0.025423728813559324,1.171875
bl_practical_or_rate995__ni_k5_r1,2024-09-02_14-10-41,150,10,0.06666666666666667,25,0,0.0,0.0,0.08,0.0
bl_practical_or_rate995__ni_k5_r1,2024-09-04_19-52-57,150,7,0.04666666666666667,32,0,0.0,0.0,0.059322033898305086,0.0
bl_practical_or_rate995__ni_k5_r1,2024-09-05_13-25-10,150,40,0.26666666666666666,14,1,0.07142857142857142,0.025,0.2867647058823529,0.26785714285714285
bl_practical_or_rate995__ni_k5_r2,2024-02-15_20-07-54,150,9,0.06,59,0,0.0,0.0,0.0989010989010989,0.0
bl_practical_or_rate995__ni_k5_r2,2024-02-15_21-40-43,150,11,0.07333333333333333,20,1,0.05,0.09090909090909091,0.07692307692307693,0.6818181818181819
bl_practical_or_rate995__ni_k5_r2,2024-02-15_21-57-38,150,6,0.04,47,0,0.0,0.0,0.05825242718446602,0.0
bl_practical_or_rate995__ni_k5_r2,2024-02-17_21-44-37,150,13,0.08666666666666667,47,4,0.0851063829787234,0.3076923076923077,0.08737864077669903,0.9819967266775778
bl_practical_or_rate995__ni_k5_r2,2024-02-17_22-33-45,300,18,0.06,82,4,0.04878048780487805,0.2222222222222222,0.06422018348623854,0.8130081300813008
bl_practical_or_rate995__ni_k5_r2,2024-02-22_11-58-09,150,5,0.03333333333333333,13,1,0.07692307692307693,0.2,0.029197080291970802,2.307692307692308
bl_practical_or_rate995__ni_k5_r2,2024-03-11_22-23-29,150,16,0.10666666666666667,21,3,0.14285714285714285,0.1875,0.10077519379844961,1.3392857142857142
bl_practical_or_rate995__ni_k5_r2,2024-04-08_22-49-18,150,4,0.02666666666666667,32,1,0.03125,0.25,0.025423728813559324,1.171875
bl_practical_or_rate995__ni_k5_r2,2024-09-02_14-10-41,150,10,0.06666666666666667,25,0,0.0,0.0,0.08,0.0
bl_practical_or_rate995__ni_k5_r2,2024-09-04_19-52-57,150,7,0.04666666666666667,32,0,0.0,0.0,0.059322033898305086,0.0
bl_practical_or_rate995__ni_k5_r2,2024-09-05_13-25-10,150,40,0.26666666666666666,14,1,0.07142857142857142,0.025,0.2867647058823529,0.26785714285714285
bl_practical_or_rate995__ni_k5_r4,2024-02-15_20-07-54,150,9,0.06,59,0,0.0,0.0,0.0989010989010989,0.0
bl_practical_or_rate995__ni_k5_r4,2024-02-15_21-40-43,150,11,0.07333333333333333,20,1,0.05,0.09090909090909091,0.07692307692307693,0.6818181818181819
bl_practical_or_rate995__ni_k5_r4,2024-02-15_21-57-38,150,6,0.04,47,0,0.0,0.0,0.05825242718446602,0.0
bl_practical_or_rate995__ni_k5_r4,2024-02-17_21-44-37,150,13,0.08666666666666667,47,4,0.0851063829787234,0.3076923076923077,0.08737864077669903,0.9819967266775778
bl_practical_or_rate995__ni_k5_r4,2024-02-17_22-33-45,300,18,0.06,82,4,0.04878048780487805,0.2222222222222222,0.06422018348623854,0.8130081300813008
bl_practical_or_rate995__ni_k5_r4,2024-02-22_11-58-09,150,5,0.03333333333333333,13,1,0.07692307692307693,0.2,0.029197080291970802,2.307692307692308
bl_practical_or_rate995__ni_k5_r4,2024-03-11_22-23-29,150,16,0.10666666666666667,21,3,0.14285714285714285,0.1875,0.10077519379844961,1.3392857142857142
bl_practical_or_rate995__ni_k5_r4,2024-04-08_22-49-18,150,4,0.02666666666666667,32,1,0.03125,0.25,0.025423728813559324,1.171875
bl_practical_or_rate995__ni_k5_r4,2024-09-02_14-10-41,150,10,0.06666666666666667,25,0,0.0,0.0,0.08,0.0
bl_practical_or_rate995__ni_k5_r4,2024-09-04_19-52-57,150,7,0.04666666666666667,32,0,0.0,0.0,0.059322033898305086,0.0
bl_practical_or_rate995__ni_k5_r4,2024-09-05_13-25-10,150,40,0.26666666666666666,14,1,0.07142857142857142,0.025,0.2867647058823529,0.26785714285714285
bl_practical_or_crossing__ni_k2_r1,2024-02-15_20-07-54,150,20,0.13333333333333333,59,0,0.0,0.0,0.21978021978021978,0.0
bl_practical_or_crossing__ni_k2_r1,2024-02-15_21-40-43,150,14,0.09333333333333334,20,2,0.1,0.14285714285714285,0.09230769230769231,1.0714285714285714
bl_practical_or_crossing__ni_k2_r1,2024-02-15_21-57-38,150,19,0.12666666666666668,47,1,0.02127659574468085,0.05263157894736842,0.17475728155339806,0.16797312430011196
bl_practical_or_crossing__ni_k2_r1,2024-02-17_21-44-37,150,18,0.12,47,5,0.10638297872340426,0.2777777777777778,0.1262135922330097,0.8865248226950354
bl_practical_or_crossing__ni_k2_r1,2024-02-17_22-33-45,300,39,0.13,82,4,0.04878048780487805,0.10256410256410256,0.16055045871559634,0.375234521575985
bl_practical_or_crossing__ni_k2_r1,2024-02-22_11-58-09,150,5,0.03333333333333333,13,1,0.07692307692307693,0.2,0.029197080291970802,2.307692307692308
bl_practical_or_crossing__ni_k2_r1,2024-03-11_22-23-29,150,20,0.13333333333333333,21,3,0.14285714285714285,0.15,0.13178294573643412,1.0714285714285714
bl_practical_or_crossing__ni_k2_r1,2024-04-08_22-49-18,150,6,0.04,32,1,0.03125,0.16666666666666666,0.0423728813559322,0.7812499999999999
bl_practical_or_crossing__ni_k2_r1,2024-09-02_14-10-41,150,9,0.06,25,0,0.0,0.0,0.072,0.0
bl_practical_or_crossing__ni_k2_r1,2024-09-04_19-52-57,150,7,0.04666666666666667,32,0,0.0,0.0,0.059322033898305086,0.0
bl_practical_or_crossing__ni_k2_r1,2024-09-05_13-25-10,150,37,0.24666666666666667,14,1,0.07142857142857142,0.02702702702702703,0.2647058823529412,0.28957528957528955
bl_practical_or_crossing__ni_k2_r2,2024-02-15_20-07-54,150,27,0.18,59,1,0.01694915254237288,0.037037037037037035,0.2857142857142857,0.09416195856873823
bl_practical_or_crossing__ni_k2_r2,2024-02-15_21-40-43,150,18,0.12,20,2,0.1,0.1111111111111111,0.12307692307692308,0.8333333333333333
bl_practical_or_crossing__ni_k2_r2,2024-02-15_21-57-38,150,33,0.22,47,3,0.06382978723404255,0.09090909090909091,0.2912621359223301,0.2901353965183752
bl_practical_or_crossing__ni_k2_r2,2024-02-17_21-44-37,150,22,0.14666666666666667,47,6,0.1276595744680851,0.2727272727272727,0.1553398058252427,0.8704061895551256
bl_practical_or_crossing__ni_k2_r2,2024-02-17_22-33-45,300,52,0.17333333333333334,82,4,0.04878048780487805,0.07692307692307693,0.22018348623853212,0.2814258911819888
bl_practical_or_crossing__ni_k2_r2,2024-02-22_11-58-09,150,7,0.04666666666666667,13,1,0.07692307692307693,0.14285714285714285,0.043795620437956206,1.6483516483516483
bl_practical_or_crossing__ni_k2_r2,2024-03-11_22-23-29,150,23,0.15333333333333332,21,4,0.19047619047619047,0.17391304347826086,0.14728682170542637,1.2422360248447204
bl_practical_or_crossing__ni_k2_r2,2024-04-08_22-49-18,150,8,0.05333333333333334,32,2,0.0625,0.25,0.05084745762711865,1.171875
bl_practical_or_crossing__ni_k2_r2,2024-09-02_14-10-41,150,9,0.06,25,0,0.0,0.0,0.072,0.0
bl_practical_or_crossing__ni_k2_r2,2024-09-04_19-52-57,150,7,0.04666666666666667,32,0,0.0,0.0,0.059322033898305086,0.0
bl_practical_or_crossing__ni_k2_r2,2024-09-05_13-25-10,150,37,0.24666666666666667,14,1,0.07142857142857142,0.02702702702702703,0.2647058823529412,0.28957528957528955
bl_practical_or_crossing__ni_k2_r4,2024-02-15_20-07-54,150,41,0.2733333333333333,59,5,0.0847457627118644,0.12195121951219512,0.3956043956043956,0.3100454733360893
bl_practical_or_crossing__ni_k2_r4,2024-02-15_21-40-43,150,23,0.15333333333333332,20,2,0.1,0.08695652173913043,0.16153846153846155,0.6521739130434783
bl_practical_or_crossing__ni_k2_r4,2024-02-15_21-57-38,150,55,0.36666666666666664,47,4,0.0851063829787234,0.07272727272727272,0.49514563106796117,0.23210831721470015
bl_practical_or_crossing__ni_k2_r4,2024-02-17_21-44-37,150,28,0.18666666666666668,47,6,0.1276595744680851,0.21428571428571427,0.21359223300970873,0.6838905775075987
bl_practical_or_crossing__ni_k2_r4,2024-02-17_22-33-45,300,75,0.25,82,5,0.06097560975609756,0.06666666666666667,0.3211009174311927,0.24390243902439027
bl_practical_or_crossing__ni_k2_r4,2024-02-22_11-58-09,150,11,0.07333333333333333,13,1,0.07692307692307693,0.09090909090909091,0.072992700729927,1.048951048951049
bl_practical_or_crossing__ni_k2_r4,2024-03-11_22-23-29,150,30,0.2,21,4,0.19047619047619047,0.13333333333333333,0.20155038759689922,0.9523809523809523
bl_practical_or_crossing__ni_k2_r4,2024-04-08_22-49-18,150,12,0.08,32,2,0.0625,0.16666666666666666,0.0847457627118644,0.7812499999999999
bl_practical_or_crossing__ni_k2_r4,2024-09-02_14-10-41,150,9,0.06,25,0,0.0,0.0,0.072,0.0
bl_practical_or_crossing__ni_k2_r4,2024-09-04_19-52-57,150,7,0.04666666666666667,32,0,0.0,0.0,0.059322033898305086,0.0
bl_practical_or_crossing__ni_k2_r4,2024-09-05_13-25-10,150,37,0.24666666666666667,14,1,0.07142857142857142,0.02702702702702703,0.2647058823529412,0.28957528957528955
bl_practical_or_crossing__ni_k3_r1,2024-02-15_20-07-54,150,15,0.1,59,0,0.0,0.0,0.16483516483516483,0.0
bl_practical_or_crossing__ni_k3_r1,2024-02-15_21-40-43,150,11,0.07333333333333333,20,1,0.05,0.09090909090909091,0.07692307692307693,0.6818181818181819
bl_practical_or_crossing__ni_k3_r1,2024-02-15_21-57-38,150,10,0.06666666666666667,47,1,0.02127659574468085,0.1,0.08737864077669903,0.3191489361702128
bl_practical_or_crossing__ni_k3_r1,2024-02-17_21-44-37,150,12,0.08,47,3,0.06382978723404255,0.25,0.08737864077669903,0.7978723404255319
bl_practical_or_crossing__ni_k3_r1,2024-02-17_22-33-45,300,22,0.07333333333333333,82,3,0.036585365853658534,0.13636363636363635,0.0871559633027523,0.49889135254988914
bl_practical_or_crossing__ni_k3_r1,2024-02-22_11-58-09,150,3,0.02,13,1,0.07692307692307693,0.3333333333333333,0.014598540145985401,3.846153846153846
bl_practical_or_crossing__ni_k3_r1,2024-03-11_22-23-29,150,16,0.10666666666666667,21,3,0.14285714285714285,0.1875,0.10077519379844961,1.3392857142857142
bl_practical_or_crossing__ni_k3_r1,2024-04-08_22-49-18,150,4,0.02666666666666667,32,1,0.03125,0.25,0.025423728813559324,1.171875
bl_practical_or_crossing__ni_k3_r1,2024-09-02_14-10-41,150,9,0.06,25,0,0.0,0.0,0.072,0.0
bl_practical_or_crossing__ni_k3_r1,2024-09-04_19-52-57,150,7,0.04666666666666667,32,0,0.0,0.0,0.059322033898305086,0.0
bl_practical_or_crossing__ni_k3_r1,2024-09-05_13-25-10,150,37,0.24666666666666667,14,1,0.07142857142857142,0.02702702702702703,0.2647058823529412,0.28957528957528955
bl_practical_or_crossing__ni_k3_r2,2024-02-15_20-07-54,150,21,0.14,59,0,0.0,0.0,0.23076923076923078,0.0
bl_practical_or_crossing__ni_k3_r2,2024-02-15_21-40-43,150,11,0.07333333333333333,20,1,0.05,0.09090909090909091,0.07692307692307693,0.6818181818181819
bl_practical_or_crossing__ni_k3_r2,2024-02-15_21-57-38,150,14,0.09333333333333334,47,3,0.06382978723404255,0.21428571428571427,0.10679611650485436,0.6838905775075987
bl_practical_or_crossing__ni_k3_r2,2024-02-17_21-44-37,150,12,0.08,47,3,0.06382978723404255,0.25,0.08737864077669903,0.7978723404255319
bl_practical_or_crossing__ni_k3_r2,2024-02-17_22-33-45,300,27,0.09,82,3,0.036585365853658534,0.1111111111111111,0.11009174311926606,0.4065040650406504
bl_practical_or_crossing__ni_k3_r2,2024-02-22_11-58-09,150,3,0.02,13,1,0.07692307692307693,0.3333333333333333,0.014598540145985401,3.846153846153846
bl_practical_or_crossing__ni_k3_r2,2024-03-11_22-23-29,150,16,0.10666666666666667,21,3,0.14285714285714285,0.1875,0.10077519379844961,1.3392857142857142
bl_practical_or_crossing__ni_k3_r2,2024-04-08_22-49-18,150,4,0.02666666666666667,32,1,0.03125,0.25,0.025423728813559324,1.171875
bl_practical_or_crossing__ni_k3_r2,2024-09-02_14-10-41,150,9,0.06,25,0,0.0,0.0,0.072,0.0
bl_practical_or_crossing__ni_k3_r2,2024-09-04_19-52-57,150,7,0.04666666666666667,32,0,0.0,0.0,0.059322033898305086,0.0
bl_practical_or_crossing__ni_k3_r2,2024-09-05_13-25-10,150,37,0.24666666666666667,14,1,0.07142857142857142,0.02702702702702703,0.2647058823529412,0.28957528957528955
bl_practical_or_crossing__ni_k3_r4,2024-02-15_20-07-54,150,33,0.22,59,4,0.06779661016949153,0.12121212121212122,0.31868131868131866,0.30816640986132515
bl_practical_or_crossing__ni_k3_r4,2024-02-15_21-40-43,150,11,0.07333333333333333,20,1,0.05,0.09090909090909091,0.07692307692307693,0.6818181818181819
bl_practical_or_crossing__ni_k3_r4,2024-02-15_21-57-38,150,21,0.14,47,3,0.06382978723404255,0.14285714285714285,0.17475728155339806,0.4559270516717325
bl_practical_or_crossing__ni_k3_r4,2024-02-17_21-44-37,150,12,0.08,47,3,0.06382978723404255,0.25,0.08737864077669903,0.7978723404255319
bl_practical_or_crossing__ni_k3_r4,2024-02-17_22-33-45,300,35,0.11666666666666667,82,3,0.036585365853658534,0.08571428571428572,0.14678899082568808,0.31358885017421606
bl_practical_or_crossing__ni_k3_r4,2024-02-22_11-58-09,150,3,0.02,13,1,0.07692307692307693,0.3333333333333333,0.014598540145985401,3.846153846153846
bl_practical_or_crossing__ni_k3_r4,2024-03-11_22-23-29,150,16,0.10666666666666667,21,3,0.14285714285714285,0.1875,0.10077519379844961,1.3392857142857142
bl_practical_or_crossing__ni_k3_r4,2024-04-08_22-49-18,150,4,0.02666666666666667,32,1,0.03125,0.25,0.025423728813559324,1.171875
bl_practical_or_crossing__ni_k3_r4,2024-09-02_14-10-41,150,9,0.06,25,0,0.0,0.0,0.072,0.0
bl_practical_or_crossing__ni_k3_r4,2024-09-04_19-52-57,150,7,0.04666666666666667,32,0,0.0,0.0,0.059322033898305086,0.0
bl_practical_or_crossing__ni_k3_r4,2024-09-05_13-25-10,150,37,0.24666666666666667,14,1,0.07142857142857142,0.02702702702702703,0.2647058823529412,0.28957528957528955
bl_practical_or_crossing__ni_k5_r1,2024-02-15_20-07-54,150,9,0.06,59,0,0.0,0.0,0.0989010989010989,0.0
bl_practical_or_crossing__ni_k5_r1,2024-02-15_21-40-43,150,11,0.07333333333333333,20,1,0.05,0.09090909090909091,0.07692307692307693,0.6818181818181819
bl_practical_or_crossing__ni_k5_r1,2024-02-15_21-57-38,150,6,0.04,47,0,0.0,0.0,0.05825242718446602,0.0
bl_practical_or_crossing__ni_k5_r1,2024-02-17_21-44-37,150,12,0.08,47,3,0.06382978723404255,0.25,0.08737864077669903,0.7978723404255319
bl_practical_or_crossing__ni_k5_r1,2024-02-17_22-33-45,300,17,0.056666666666666664,82,3,0.036585365853658534,0.17647058823529413,0.06422018348623854,0.6456241032998566
bl_practical_or_crossing__ni_k5_r1,2024-02-22_11-58-09,150,3,0.02,13,1,0.07692307692307693,0.3333333333333333,0.014598540145985401,3.846153846153846
bl_practical_or_crossing__ni_k5_r1,2024-03-11_22-23-29,150,16,0.10666666666666667,21,3,0.14285714285714285,0.1875,0.10077519379844961,1.3392857142857142
bl_practical_or_crossing__ni_k5_r1,2024-04-08_22-49-18,150,4,0.02666666666666667,32,1,0.03125,0.25,0.025423728813559324,1.171875
bl_practical_or_crossing__ni_k5_r1,2024-09-02_14-10-41,150,9,0.06,25,0,0.0,0.0,0.072,0.0
bl_practical_or_crossing__ni_k5_r1,2024-09-04_19-52-57,150,7,0.04666666666666667,32,0,0.0,0.0,0.059322033898305086,0.0
bl_practical_or_crossing__ni_k5_r1,2024-09-05_13-25-10,150,37,0.24666666666666667,14,1,0.07142857142857142,0.02702702702702703,0.2647058823529412,0.28957528957528955
bl_practical_or_crossing__ni_k5_r2,2024-02-15_20-07-54,150,9,0.06,59,0,0.0,0.0,0.0989010989010989,0.0
bl_practical_or_crossing__ni_k5_r2,2024-02-15_21-40-43,150,11,0.07333333333333333,20,1,0.05,0.09090909090909091,0.07692307692307693,0.6818181818181819
bl_practical_or_crossing__ni_k5_r2,2024-02-15_21-57-38,150,6,0.04,47,0,0.0,0.0,0.05825242718446602,0.0
bl_practical_or_crossing__ni_k5_r2,2024-02-17_21-44-37,150,12,0.08,47,3,0.06382978723404255,0.25,0.08737864077669903,0.7978723404255319
bl_practical_or_crossing__ni_k5_r2,2024-02-17_22-33-45,300,17,0.056666666666666664,82,3,0.036585365853658534,0.17647058823529413,0.06422018348623854,0.6456241032998566
bl_practical_or_crossing__ni_k5_r2,2024-02-22_11-58-09,150,3,0.02,13,1,0.07692307692307693,0.3333333333333333,0.014598540145985401,3.846153846153846
bl_practical_or_crossing__ni_k5_r2,2024-03-11_22-23-29,150,16,0.10666666666666667,21,3,0.14285714285714285,0.1875,0.10077519379844961,1.3392857142857142
bl_practical_or_crossing__ni_k5_r2,2024-04-08_22-49-18,150,4,0.02666666666666667,32,1,0.03125,0.25,0.025423728813559324,1.171875
bl_practical_or_crossing__ni_k5_r2,2024-09-02_14-10-41,150,9,0.06,25,0,0.0,0.0,0.072,0.0
bl_practical_or_crossing__ni_k5_r2,2024-09-04_19-52-57,150,7,0.04666666666666667,32,0,0.0,0.0,0.059322033898305086,0.0
bl_practical_or_crossing__ni_k5_r2,2024-09-05_13-25-10,150,37,0.24666666666666667,14,1,0.07142857142857142,0.02702702702702703,0.2647058823529412,0.28957528957528955
bl_practical_or_crossing__ni_k5_r4,2024-02-15_20-07-54,150,9,0.06,59,0,0.0,0.0,0.0989010989010989,0.0
bl_practical_or_crossing__ni_k5_r4,2024-02-15_21-40-43,150,11,0.07333333333333333,20,1,0.05,0.09090909090909091,0.07692307692307693,0.6818181818181819
bl_practical_or_crossing__ni_k5_r4,2024-02-15_21-57-38,150,6,0.04,47,0,0.0,0.0,0.05825242718446602,0.0
bl_practical_or_crossing__ni_k5_r4,2024-02-17_21-44-37,150,12,0.08,47,3,0.06382978723404255,0.25,0.08737864077669903,0.7978723404255319
bl_practical_or_crossing__ni_k5_r4,2024-02-17_22-33-45,300,17,0.056666666666666664,82,3,0.036585365853658534,0.17647058823529413,0.06422018348623854,0.6456241032998566
bl_practical_or_crossing__ni_k5_r4,2024-02-22_11-58-09,150,3,0.02,13,1,0.07692307692307693,0.3333333333333333,0.014598540145985401,3.846153846153846
bl_practical_or_crossing__ni_k5_r4,2024-03-11_22-23-29,150,16,0.10666666666666667,21,3,0.14285714285714285,0.1875,0.10077519379844961,1.3392857142857142
bl_practical_or_crossing__ni_k5_r4,2024-04-08_22-49-18,150,4,0.02666666666666667,32,1,0.03125,0.25,0.025423728813559324,1.171875
bl_practical_or_crossing__ni_k5_r4,2024-09-02_14-10-41,150,9,0.06,25,0,0.0,0.0,0.072,0.0
bl_practical_or_crossing__ni_k5_r4,2024-09-04_19-52-57,150,7,0.04666666666666667,32,0,0.0,0.0,0.059322033898305086,0.0
bl_practical_or_crossing__ni_k5_r4,2024-09-05_13-25-10,150,37,0.24666666666666667,14,1,0.07142857142857142,0.02702702702702703,0.2647058823529412,0.28957528957528955
bl_two_signal_strict__ni_k2_r1,2024-02-15_20-07-54,150,18,0.12,59,0,0.0,0.0,0.1978021978021978,0.0
bl_two_signal_strict__ni_k2_r1,2024-02-15_21-40-43,150,11,0.07333333333333333,20,2,0.1,0.18181818181818182,0.06923076923076923,1.3636363636363638
bl_two_signal_strict__ni_k2_r1,2024-02-15_21-57-38,150,16,0.10666666666666667,47,1,0.02127659574468085,0.0625,0.14563106796116504,0.19946808510638298
bl_two_signal_strict__ni_k2_r1,2024-02-17_21-44-37,150,19,0.12666666666666668,47,6,0.1276595744680851,0.3157894736842105,0.1262135922330097,1.0078387458006717
bl_two_signal_strict__ni_k2_r1,2024-02-17_22-33-45,300,36,0.12,82,5,0.06097560975609756,0.1388888888888889,0.14220183486238533,0.508130081300813
bl_two_signal_strict__ni_k2_r1,2024-02-22_11-58-09,150,5,0.03333333333333333,13,1,0.07692307692307693,0.2,0.029197080291970802,2.307692307692308
bl_two_signal_strict__ni_k2_r1,2024-03-11_22-23-29,150,17,0.11333333333333333,21,3,0.14285714285714285,0.17647058823529413,0.10852713178294573,1.2605042016806722
bl_two_signal_strict__ni_k2_r1,2024-04-08_22-49-18,150,8,0.05333333333333334,32,2,0.0625,0.25,0.05084745762711865,1.171875
bl_two_signal_strict__ni_k2_r1,2024-09-02_14-10-41,150,8,0.05333333333333334,25,0,0.0,0.0,0.064,0.0
bl_two_signal_strict__ni_k2_r1,2024-09-04_19-52-57,150,1,0.006666666666666667,32,0,0.0,0.0,0.00847457627118644,0.0
bl_two_signal_strict__ni_k2_r1,2024-09-05_13-25-10,150,10,0.06666666666666667,14,1,0.07142857142857142,0.1,0.0661764705882353,1.0714285714285714
bl_two_signal_strict__ni_k2_r2,2024-02-15_20-07-54,150,25,0.16666666666666666,59,1,0.01694915254237288,0.04,0.26373626373626374,0.1016949152542373
bl_two_signal_strict__ni_k2_r2,2024-02-15_21-40-43,150,15,0.1,20,2,0.1,0.13333333333333333,0.1,1.0
bl_two_signal_strict__ni_k2_r2,2024-02-15_21-57-38,150,30,0.2,47,3,0.06382978723404255,0.1,0.2621359223300971,0.3191489361702128
bl_two_signal_strict__ni_k2_r2,2024-02-17_21-44-37,150,22,0.14666666666666667,47,6,0.1276595744680851,0.2727272727272727,0.1553398058252427,0.8704061895551256
bl_two_signal_strict__ni_k2_r2,2024-02-17_22-33-45,300,51,0.17,82,5,0.06097560975609756,0.09803921568627451,0.21100917431192662,0.3586800573888092
bl_two_signal_strict__ni_k2_r2,2024-02-22_11-58-09,150,7,0.04666666666666667,13,1,0.07692307692307693,0.14285714285714285,0.043795620437956206,1.6483516483516483
bl_two_signal_strict__ni_k2_r2,2024-03-11_22-23-29,150,20,0.13333333333333333,21,4,0.19047619047619047,0.2,0.12403100775193798,1.4285714285714286
bl_two_signal_strict__ni_k2_r2,2024-04-08_22-49-18,150,10,0.06666666666666667,32,3,0.09375,0.3,0.059322033898305086,1.4062499999999998
bl_two_signal_strict__ni_k2_r2,2024-09-02_14-10-41,150,8,0.05333333333333334,25,0,0.0,0.0,0.064,0.0
bl_two_signal_strict__ni_k2_r2,2024-09-04_19-52-57,150,1,0.006666666666666667,32,0,0.0,0.0,0.00847457627118644,0.0
bl_two_signal_strict__ni_k2_r2,2024-09-05_13-25-10,150,10,0.06666666666666667,14,1,0.07142857142857142,0.1,0.0661764705882353,1.0714285714285714
bl_two_signal_strict__ni_k2_r4,2024-02-15_20-07-54,150,40,0.26666666666666666,59,5,0.0847457627118644,0.125,0.38461538461538464,0.31779661016949157
bl_two_signal_strict__ni_k2_r4,2024-02-15_21-40-43,150,21,0.14,20,2,0.1,0.09523809523809523,0.14615384615384616,0.7142857142857143
bl_two_signal_strict__ni_k2_r4,2024-02-15_21-57-38,150,52,0.3466666666666667,47,4,0.0851063829787234,0.07692307692307693,0.46601941747572817,0.24549918166939444
bl_two_signal_strict__ni_k2_r4,2024-02-17_21-44-37,150,28,0.18666666666666668,47,6,0.1276595744680851,0.21428571428571427,0.21359223300970873,0.6838905775075987
bl_two_signal_strict__ni_k2_r4,2024-02-17_22-33-45,300,74,0.24666666666666667,82,6,0.07317073170731707,0.08108108108108109,0.3119266055045872,0.29663810151615033
bl_two_signal_strict__ni_k2_r4,2024-02-22_11-58-09,150,11,0.07333333333333333,13,1,0.07692307692307693,0.09090909090909091,0.072992700729927,1.048951048951049
bl_two_signal_strict__ni_k2_r4,2024-03-11_22-23-29,150,27,0.18,21,4,0.19047619047619047,0.14814814814814814,0.17829457364341086,1.0582010582010581
bl_two_signal_strict__ni_k2_r4,2024-04-08_22-49-18,150,14,0.09333333333333334,32,3,0.09375,0.21428571428571427,0.09322033898305085,1.0044642857142856
bl_two_signal_strict__ni_k2_r4,2024-09-02_14-10-41,150,8,0.05333333333333334,25,0,0.0,0.0,0.064,0.0
bl_two_signal_strict__ni_k2_r4,2024-09-04_19-52-57,150,1,0.006666666666666667,32,0,0.0,0.0,0.00847457627118644,0.0
bl_two_signal_strict__ni_k2_r4,2024-09-05_13-25-10,150,10,0.06666666666666667,14,1,0.07142857142857142,0.1,0.0661764705882353,1.0714285714285714
bl_two_signal_strict__ni_k3_r1,2024-02-15_20-07-54,150,13,0.08666666666666667,59,0,0.0,0.0,0.14285714285714285,0.0
bl_two_signal_strict__ni_k3_r1,2024-02-15_21-40-43,150,8,0.05333333333333334,20,1,0.05,0.125,0.05384615384615385,0.9375
bl_two_signal_strict__ni_k3_r1,2024-02-15_21-57-38,150,7,0.04666666666666667,47,1,0.02127659574468085,0.14285714285714285,0.05825242718446602,0.4559270516717325
bl_two_signal_strict__ni_k3_r1,2024-02-17_21-44-37,150,13,0.08666666666666667,47,4,0.0851063829787234,0.3076923076923077,0.08737864077669903,0.9819967266775778
bl_two_signal_strict__ni_k3_r1,2024-02-17_22-33-45,300,18,0.06,82,4,0.04878048780487805,0.2222222222222222,0.06422018348623854,0.8130081300813008
bl_two_signal_strict__ni_k3_r1,2024-02-22_11-58-09,150,3,0.02,13,1,0.07692307692307693,0.3333333333333333,0.014598540145985401,3.846153846153846
bl_two_signal_strict__ni_k3_r1,2024-03-11_22-23-29,150,13,0.08666666666666667,21,3,0.14285714285714285,0.23076923076923078,0.07751937984496124,1.6483516483516483
bl_two_signal_strict__ni_k3_r1,2024-04-08_22-49-18,150,6,0.04,32,2,0.0625,0.3333333333333333,0.03389830508474576,1.5624999999999998
bl_two_signal_strict__ni_k3_r1,2024-09-02_14-10-41,150,8,0.05333333333333334,25,0,0.0,0.0,0.064,0.0
bl_two_signal_strict__ni_k3_r1,2024-09-04_19-52-57,150,1,0.006666666666666667,32,0,0.0,0.0,0.00847457627118644,0.0
bl_two_signal_strict__ni_k3_r1,2024-09-05_13-25-10,150,10,0.06666666666666667,14,1,0.07142857142857142,0.1,0.0661764705882353,1.0714285714285714
bl_two_signal_strict__ni_k3_r2,2024-02-15_20-07-54,150,19,0.12666666666666668,59,0,0.0,0.0,0.2087912087912088,0.0
bl_two_signal_strict__ni_k3_r2,2024-02-15_21-40-43,150,8,0.05333333333333334,20,1,0.05,0.125,0.05384615384615385,0.9375
bl_two_signal_strict__ni_k3_r2,2024-02-15_21-57-38,150,11,0.07333333333333333,47,3,0.06382978723404255,0.2727272727272727,0.07766990291262135,0.8704061895551256
bl_two_signal_strict__ni_k3_r2,2024-02-17_21-44-37,150,13,0.08666666666666667,47,4,0.0851063829787234,0.3076923076923077,0.08737864077669903,0.9819967266775778
bl_two_signal_strict__ni_k3_r2,2024-02-17_22-33-45,300,23,0.07666666666666666,82,4,0.04878048780487805,0.17391304347826086,0.0871559633027523,0.6362672322375398
bl_two_signal_strict__ni_k3_r2,2024-02-22_11-58-09,150,3,0.02,13,1,0.07692307692307693,0.3333333333333333,0.014598540145985401,3.846153846153846
bl_two_signal_strict__ni_k3_r2,2024-03-11_22-23-29,150,13,0.08666666666666667,21,3,0.14285714285714285,0.23076923076923078,0.07751937984496124,1.6483516483516483
bl_two_signal_strict__ni_k3_r2,2024-04-08_22-49-18,150,6,0.04,32,2,0.0625,0.3333333333333333,0.03389830508474576,1.5624999999999998
bl_two_signal_strict__ni_k3_r2,2024-09-02_14-10-41,150,8,0.05333333333333334,25,0,0.0,0.0,0.064,0.0
bl_two_signal_strict__ni_k3_r2,2024-09-04_19-52-57,150,1,0.006666666666666667,32,0,0.0,0.0,0.00847457627118644,0.0
bl_two_signal_strict__ni_k3_r2,2024-09-05_13-25-10,150,10,0.06666666666666667,14,1,0.07142857142857142,0.1,0.0661764705882353,1.0714285714285714
bl_two_signal_strict__ni_k3_r4,2024-02-15_20-07-54,150,31,0.20666666666666667,59,4,0.06779661016949153,0.12903225806451613,0.2967032967032967,0.3280481137233461
bl_two_signal_strict__ni_k3_r4,2024-02-15_21-40-43,150,8,0.05333333333333334,20,1,0.05,0.125,0.05384615384615385,0.9375
bl_two_signal_strict__ni_k3_r4,2024-02-15_21-57-38,150,18,0.12,47,3,0.06382978723404255,0.16666666666666666,0.14563106796116504,0.5319148936170213
bl_two_signal_strict__ni_k3_r4,2024-02-17_21-44-37,150,13,0.08666666666666667,47,4,0.0851063829787234,0.3076923076923077,0.08737864077669903,0.9819967266775778
bl_two_signal_strict__ni_k3_r4,2024-02-17_22-33-45,300,33,0.11,82,4,0.04878048780487805,0.12121212121212122,0.13302752293577982,0.4434589800443459
bl_two_signal_strict__ni_k3_r4,2024-02-22_11-58-09,150,3,0.02,13,1,0.07692307692307693,0.3333333333333333,0.014598540145985401,3.846153846153846
bl_two_signal_strict__ni_k3_r4,2024-03-11_22-23-29,150,13,0.08666666666666667,21,3,0.14285714285714285,0.23076923076923078,0.07751937984496124,1.6483516483516483
bl_two_signal_strict__ni_k3_r4,2024-04-08_22-49-18,150,6,0.04,32,2,0.0625,0.3333333333333333,0.03389830508474576,1.5624999999999998
bl_two_signal_strict__ni_k3_r4,2024-09-02_14-10-41,150,8,0.05333333333333334,25,0,0.0,0.0,0.064,0.0
bl_two_signal_strict__ni_k3_r4,2024-09-04_19-52-57,150,1,0.006666666666666667,32,0,0.0,0.0,0.00847457627118644,0.0
bl_two_signal_strict__ni_k3_r4,2024-09-05_13-25-10,150,10,0.06666666666666667,14,1,0.07142857142857142,0.1,0.0661764705882353,1.0714285714285714
bl_two_signal_strict__ni_k5_r1,2024-02-15_20-07-54,150,7,0.04666666666666667,59,0,0.0,0.0,0.07692307692307693,0.0
bl_two_signal_strict__ni_k5_r1,2024-02-15_21-40-43,150,8,0.05333333333333334,20,1,0.05,0.125,0.05384615384615385,0.9375
bl_two_signal_strict__ni_k5_r1,2024-02-15_21-57-38,150,3,0.02,47,0,0.0,0.0,0.02912621359223301,0.0
bl_two_signal_strict__ni_k5_r1,2024-02-17_21-44-37,150,13,0.08666666666666667,47,4,0.0851063829787234,0.3076923076923077,0.08737864077669903,0.9819967266775778
bl_two_signal_strict__ni_k5_r1,2024-02-17_22-33-45,300,14,0.04666666666666667,82,4,0.04878048780487805,0.2857142857142857,0.045871559633027525,1.0452961672473868
bl_two_signal_strict__ni_k5_r1,2024-02-22_11-58-09,150,3,0.02,13,1,0.07692307692307693,0.3333333333333333,0.014598540145985401,3.846153846153846
bl_two_signal_strict__ni_k5_r1,2024-03-11_22-23-29,150,13,0.08666666666666667,21,3,0.14285714285714285,0.23076923076923078,0.07751937984496124,1.6483516483516483
bl_two_signal_strict__ni_k5_r1,2024-04-08_22-49-18,150,6,0.04,32,2,0.0625,0.3333333333333333,0.03389830508474576,1.5624999999999998
bl_two_signal_strict__ni_k5_r1,2024-09-02_14-10-41,150,8,0.05333333333333334,25,0,0.0,0.0,0.064,0.0
bl_two_signal_strict__ni_k5_r1,2024-09-04_19-52-57,150,1,0.006666666666666667,32,0,0.0,0.0,0.00847457627118644,0.0
bl_two_signal_strict__ni_k5_r1,2024-09-05_13-25-10,150,10,0.06666666666666667,14,1,0.07142857142857142,0.1,0.0661764705882353,1.0714285714285714
bl_two_signal_strict__ni_k5_r2,2024-02-15_20-07-54,150,7,0.04666666666666667,59,0,0.0,0.0,0.07692307692307693,0.0
bl_two_signal_strict__ni_k5_r2,2024-02-15_21-40-43,150,8,0.05333333333333334,20,1,0.05,0.125,0.05384615384615385,0.9375
bl_two_signal_strict__ni_k5_r2,2024-02-15_21-57-38,150,3,0.02,47,0,0.0,0.0,0.02912621359223301,0.0
bl_two_signal_strict__ni_k5_r2,2024-02-17_21-44-37,150,13,0.08666666666666667,47,4,0.0851063829787234,0.3076923076923077,0.08737864077669903,0.9819967266775778
bl_two_signal_strict__ni_k5_r2,2024-02-17_22-33-45,300,14,0.04666666666666667,82,4,0.04878048780487805,0.2857142857142857,0.045871559633027525,1.0452961672473868
bl_two_signal_strict__ni_k5_r2,2024-02-22_11-58-09,150,3,0.02,13,1,0.07692307692307693,0.3333333333333333,0.014598540145985401,3.846153846153846
bl_two_signal_strict__ni_k5_r2,2024-03-11_22-23-29,150,13,0.08666666666666667,21,3,0.14285714285714285,0.23076923076923078,0.07751937984496124,1.6483516483516483
bl_two_signal_strict__ni_k5_r2,2024-04-08_22-49-18,150,6,0.04,32,2,0.0625,0.3333333333333333,0.03389830508474576,1.5624999999999998
bl_two_signal_strict__ni_k5_r2,2024-09-02_14-10-41,150,8,0.05333333333333334,25,0,0.0,0.0,0.064,0.0
bl_two_signal_strict__ni_k5_r2,2024-09-04_19-52-57,150,1,0.006666666666666667,32,0,0.0,0.0,0.00847457627118644,0.0
bl_two_signal_strict__ni_k5_r2,2024-09-05_13-25-10,150,10,0.06666666666666667,14,1,0.07142857142857142,0.1,0.0661764705882353,1.0714285714285714
bl_two_signal_strict__ni_k5_r4,2024-02-15_20-07-54,150,7,0.04666666666666667,59,0,0.0,0.0,0.07692307692307693,0.0
bl_two_signal_strict__ni_k5_r4,2024-02-15_21-40-43,150,8,0.05333333333333334,20,1,0.05,0.125,0.05384615384615385,0.9375
bl_two_signal_strict__ni_k5_r4,2024-02-15_21-57-38,150,3,0.02,47,0,0.0,0.0,0.02912621359223301,0.0
bl_two_signal_strict__ni_k5_r4,2024-02-17_21-44-37,150,13,0.08666666666666667,47,4,0.0851063829787234,0.3076923076923077,0.08737864077669903,0.9819967266775778
bl_two_signal_strict__ni_k5_r4,2024-02-17_22-33-45,300,14,0.04666666666666667,82,4,0.04878048780487805,0.2857142857142857,0.045871559633027525,1.0452961672473868
bl_two_signal_strict__ni_k5_r4,2024-02-22_11-58-09,150,3,0.02,13,1,0.07692307692307693,0.3333333333333333,0.014598540145985401,3.846153846153846
bl_two_signal_strict__ni_k5_r4,2024-03-11_22-23-29,150,13,0.08666666666666667,21,3,0.14285714285714285,0.23076923076923078,0.07751937984496124,1.6483516483516483
bl_two_signal_strict__ni_k5_r4,2024-04-08_22-49-18,150,6,0.04,32,2,0.0625,0.3333333333333333,0.03389830508474576,1.5624999999999998
bl_two_signal_strict__ni_k5_r4,2024-09-02_14-10-41,150,8,0.05333333333333334,25,0,0.0,0.0,0.064,0.0
bl_two_signal_strict__ni_k5_r4,2024-09-04_19-52-57,150,1,0.006666666666666667,32,0,0.0,0.0,0.00847457627118644,0.0
bl_two_signal_strict__ni_k5_r4,2024-09-05_13-25-10,150,10,0.06666666666666667,14,1,0.07142857142857142,0.1,0.0661764705882353,1.0714285714285714
wl_model_agreement__ni_k2_r1,2024-02-15_20-07-54,150,76,0.5066666666666667,59,16,0.2711864406779661,0.21052631578947367,0.6593406593406593,0.5352363960749331
wl_model_agreement__ni_k2_r1,2024-02-15_21-40-43,150,98,0.6533333333333333,20,2,0.1,0.02040816326530612,0.7384615384615385,0.15306122448979592
wl_model_agreement__ni_k2_r1,2024-02-15_21-57-38,150,92,0.6133333333333333,47,5,0.10638297872340426,0.05434782608695652,0.8446601941747572,0.1734505087881591
wl_model_agreement__ni_k2_r1,2024-02-17_21-44-37,150,85,0.5666666666666667,47,19,0.40425531914893614,0.2235294117647059,0.6407766990291263,0.7133917396745932
wl_model_agreement__ni_k2_r1,2024-02-17_22-33-45,300,143,0.4766666666666667,82,7,0.08536585365853659,0.04895104895104895,0.6238532110091743,0.1790892034794474
wl_model_agreement__ni_k2_r1,2024-02-22_11-58-09,150,117,0.78,13,7,0.5384615384615384,0.05982905982905983,0.8029197080291971,0.6903353057199211
wl_model_agreement__ni_k2_r1,2024-03-11_22-23-29,150,99,0.66,21,11,0.5238095238095238,0.1111111111111111,0.6821705426356589,0.7936507936507935
wl_model_agreement__ni_k2_r1,2024-04-08_22-49-18,150,82,0.5466666666666666,32,15,0.46875,0.18292682926829268,0.5677966101694916,0.8574695121951219
wl_model_agreement__ni_k2_r1,2024-09-02_14-10-41,150,89,0.5933333333333334,25,6,0.24,0.06741573033707865,0.664,0.4044943820224719
wl_model_agreement__ni_k2_r1,2024-09-04_19-52-57,150,75,0.5,32,4,0.125,0.05333333333333334,0.6016949152542372,0.25
wl_model_agreement__ni_k2_r1,2024-09-05_13-25-10,150,77,0.5133333333333333,14,4,0.2857142857142857,0.05194805194805195,0.5367647058823529,0.5565862708719852
wl_model_agreement__ni_k2_r2,2024-02-15_20-07-54,150,77,0.5133333333333333,59,16,0.2711864406779661,0.2077922077922078,0.6703296703296703,0.528285274047986
wl_model_agreement__ni_k2_r2,2024-02-15_21-40-43,150,99,0.66,20,2,0.1,0.020202020202020204,0.7461538461538462,0.15151515151515152
wl_model_agreement__ni_k2_r2,2024-02-15_21-57-38,150,95,0.6333333333333333,47,7,0.14893617021276595,0.07368421052631578,0.8543689320388349,0.23516237402015674
wl_model_agreement__ni_k2_r2,2024-02-17_21-44-37,150,85,0.5666666666666667,47,19,0.40425531914893614,0.2235294117647059,0.6407766990291263,0.7133917396745932
wl_model_agreement__ni_k2_r2,2024-02-17_22-33-45,300,149,0.49666666666666665,82,7,0.08536585365853659,0.04697986577181208,0.6513761467889908,0.17187755770175153
wl_model_agreement__ni_k2_r2,2024-02-22_11-58-09,150,117,0.78,13,7,0.5384615384615384,0.05982905982905983,0.8029197080291971,0.6903353057199211
wl_model_agreement__ni_k2_r2,2024-03-11_22-23-29,150,99,0.66,21,11,0.5238095238095238,0.1111111111111111,0.6821705426356589,0.7936507936507935
wl_model_agreement__ni_k2_r2,2024-04-08_22-49-18,150,83,0.5533333333333333,32,15,0.46875,0.18072289156626506,0.576271186440678,0.8471385542168675
wl_model_agreement__ni_k2_r2,2024-09-02_14-10-41,150,89,0.5933333333333334,25,6,0.24,0.06741573033707865,0.664,0.4044943820224719
wl_model_agreement__ni_k2_r2,2024-09-04_19-52-57,150,75,0.5,32,4,0.125,0.05333333333333334,0.6016949152542372,0.25
wl_model_agreement__ni_k2_r2,2024-09-05_13-25-10,150,77,0.5133333333333333,14,4,0.2857142857142857,0.05194805194805195,0.5367647058823529,0.5565862708719852
wl_model_agreement__ni_k2_r4,2024-02-15_20-07-54,150,82,0.5466666666666666,59,16,0.2711864406779661,0.1951219512195122,0.7252747252747253,0.4960727573377429
wl_model_agreement__ni_k2_r4,2024-02-15_21-40-43,150,101,0.6733333333333333,20,2,0.1,0.019801980198019802,0.7615384615384615,0.1485148514851485
wl_model_agreement__ni_k2_r4,2024-02-15_21-57-38,150,97,0.6466666666666666,47,7,0.14893617021276595,0.07216494845360824,0.8737864077669902,0.2303136652774731
wl_model_agreement__ni_k2_r4,2024-02-17_21-44-37,150,88,0.5866666666666667,47,19,0.40425531914893614,0.2159090909090909,0.6699029126213593,0.6890715667311411
wl_model_agreement__ni_k2_r4,2024-02-17_22-33-45,300,158,0.5266666666666666,82,7,0.08536585365853659,0.04430379746835443,0.6926605504587156,0.16208706390861377
wl_model_agreement__ni_k2_r4,2024-02-22_11-58-09,150,118,0.7866666666666666,13,7,0.5384615384615384,0.059322033898305086,0.8102189781021898,0.6844850065189049
wl_model_agreement__ni_k2_r4,2024-03-11_22-23-29,150,101,0.6733333333333333,21,11,0.5238095238095238,0.10891089108910891,0.6976744186046512,0.7779349363507778
wl_model_agreement__ni_k2_r4,2024-04-08_22-49-18,150,85,0.5666666666666667,32,15,0.46875,0.17647058823529413,0.5932203389830508,0.8272058823529411
wl_model_agreement__ni_k2_r4,2024-09-02_14-10-41,150,89,0.5933333333333334,25,6,0.24,0.06741573033707865,0.664,0.4044943820224719
wl_model_agreement__ni_k2_r4,2024-09-04_19-52-57,150,75,0.5,32,4,0.125,0.05333333333333334,0.6016949152542372,0.25
wl_model_agreement__ni_k2_r4,2024-09-05_13-25-10,150,77,0.5133333333333333,14,4,0.2857142857142857,0.05194805194805195,0.5367647058823529,0.5565862708719852
wl_model_agreement__ni_k3_r1,2024-02-15_20-07-54,150,76,0.5066666666666667,59,16,0.2711864406779661,0.21052631578947367,0.6593406593406593,0.5352363960749331
wl_model_agreement__ni_k3_r1,2024-02-15_21-40-43,150,97,0.6466666666666666,20,2,0.1,0.020618556701030927,0.7307692307692307,0.15463917525773196
wl_model_agreement__ni_k3_r1,2024-02-15_21-57-38,150,89,0.5933333333333334,47,5,0.10638297872340426,0.056179775280898875,0.8155339805825242,0.17929715515180492
wl_model_agreement__ni_k3_r1,2024-02-17_21-44-37,150,82,0.5466666666666666,47,19,0.40425531914893614,0.23170731707317074,0.6116504854368932,0.7394914374675662
wl_model_agreement__ni_k3_r1,2024-02-17_22-33-45,300,131,0.43666666666666665,82,6,0.07317073170731707,0.04580152671755725,0.573394495412844,0.16756656116179483
wl_model_agreement__ni_k3_r1,2024-02-22_11-58-09,150,117,0.78,13,7,0.5384615384615384,0.05982905982905983,0.8029197080291971,0.6903353057199211
wl_model_agreement__ni_k3_r1,2024-03-11_22-23-29,150,98,0.6533333333333333,21,11,0.5238095238095238,0.11224489795918367,0.6744186046511628,0.8017492711370262
wl_model_agreement__ni_k3_r1,2024-04-08_22-49-18,150,82,0.5466666666666666,32,15,0.46875,0.18292682926829268,0.5677966101694916,0.8574695121951219
wl_model_agreement__ni_k3_r1,2024-09-02_14-10-41,150,89,0.5933333333333334,25,6,0.24,0.06741573033707865,0.664,0.4044943820224719
wl_model_agreement__ni_k3_r1,2024-09-04_19-52-57,150,75,0.5,32,4,0.125,0.05333333333333334,0.6016949152542372,0.25
wl_model_agreement__ni_k3_r1,2024-09-05_13-25-10,150,77,0.5133333333333333,14,4,0.2857142857142857,0.05194805194805195,0.5367647058823529,0.5565862708719852
wl_model_agreement__ni_k3_r2,2024-02-15_20-07-54,150,77,0.5133333333333333,59,16,0.2711864406779661,0.2077922077922078,0.6703296703296703,0.528285274047986
wl_model_agreement__ni_k3_r2,2024-02-15_21-40-43,150,97,0.6466666666666666,20,2,0.1,0.020618556701030927,0.7307692307692307,0.15463917525773196
wl_model_agreement__ni_k3_r2,2024-02-15_21-57-38,150,91,0.6066666666666667,47,7,0.14893617021276595,0.07692307692307693,0.8155339805825242,0.24549918166939444
wl_model_agreement__ni_k3_r2,2024-02-17_21-44-37,150,82,0.5466666666666666,47,19,0.40425531914893614,0.23170731707317074,0.6116504854368932,0.7394914374675662
wl_model_agreement__ni_k3_r2,2024-02-17_22-33-45,300,134,0.44666666666666666,82,6,0.07317073170731707,0.04477611940298507,0.5871559633027523,0.16381507098653075
wl_model_agreement__ni_k3_r2,2024-02-22_11-58-09,150,117,0.78,13,7,0.5384615384615384,0.05982905982905983,0.8029197080291971,0.6903353057199211
wl_model_agreement__ni_k3_r2,2024-03-11_22-23-29,150,98,0.6533333333333333,21,11,0.5238095238095238,0.11224489795918367,0.6744186046511628,0.8017492711370262
wl_model_agreement__ni_k3_r2,2024-04-08_22-49-18,150,82,0.5466666666666666,32,15,0.46875,0.18292682926829268,0.5677966101694916,0.8574695121951219
wl_model_agreement__ni_k3_r2,2024-09-02_14-10-41,150,89,0.5933333333333334,25,6,0.24,0.06741573033707865,0.664,0.4044943820224719
wl_model_agreement__ni_k3_r2,2024-09-04_19-52-57,150,75,0.5,32,4,0.125,0.05333333333333334,0.6016949152542372,0.25
wl_model_agreement__ni_k3_r2,2024-09-05_13-25-10,150,77,0.5133333333333333,14,4,0.2857142857142857,0.05194805194805195,0.5367647058823529,0.5565862708719852
wl_model_agreement__ni_k3_r4,2024-02-15_20-07-54,150,79,0.5266666666666666,59,16,0.2711864406779661,0.20253164556962025,0.6923076923076923,0.5149109633125939
wl_model_agreement__ni_k3_r4,2024-02-15_21-40-43,150,97,0.6466666666666666,20,2,0.1,0.020618556701030927,0.7307692307692307,0.15463917525773196
wl_model_agreement__ni_k3_r4,2024-02-15_21-57-38,150,91,0.6066666666666667,47,7,0.14893617021276595,0.07692307692307693,0.8155339805825242,0.24549918166939444
wl_model_agreement__ni_k3_r4,2024-02-17_21-44-37,150,82,0.5466666666666666,47,19,0.40425531914893614,0.23170731707317074,0.6116504854368932,0.7394914374675662
wl_model_agreement__ni_k3_r4,2024-02-17_22-33-45,300,138,0.46,82,6,0.07317073170731707,0.043478260869565216,0.6055045871559633,0.15906680805938495
wl_model_agreement__ni_k3_r4,2024-02-22_11-58-09,150,117,0.78,13,7,0.5384615384615384,0.05982905982905983,0.8029197080291971,0.6903353057199211
wl_model_agreement__ni_k3_r4,2024-03-11_22-23-29,150,98,0.6533333333333333,21,11,0.5238095238095238,0.11224489795918367,0.6744186046511628,0.8017492711370262
wl_model_agreement__ni_k3_r4,2024-04-08_22-49-18,150,82,0.5466666666666666,32,15,0.46875,0.18292682926829268,0.5677966101694916,0.8574695121951219
wl_model_agreement__ni_k3_r4,2024-09-02_14-10-41,150,89,0.5933333333333334,25,6,0.24,0.06741573033707865,0.664,0.4044943820224719
wl_model_agreement__ni_k3_r4,2024-09-04_19-52-57,150,75,0.5,32,4,0.125,0.05333333333333334,0.6016949152542372,0.25
wl_model_agreement__ni_k3_r4,2024-09-05_13-25-10,150,77,0.5133333333333333,14,4,0.2857142857142857,0.05194805194805195,0.5367647058823529,0.5565862708719852
wl_model_agreement__ni_k5_r1,2024-02-15_20-07-54,150,74,0.49333333333333335,59,16,0.2711864406779661,0.21621621621621623,0.6373626373626373,0.549702244617499
wl_model_agreement__ni_k5_r1,2024-02-15_21-40-43,150,97,0.6466666666666666,20,2,0.1,0.020618556701030927,0.7307692307692307,0.15463917525773196
wl_model_agreement__ni_k5_r1,2024-02-15_21-57-38,150,88,0.5866666666666667,47,5,0.10638297872340426,0.056818181818181816,0.8058252427184466,0.18133462282398452
wl_model_agreement__ni_k5_r1,2024-02-17_21-44-37,150,82,0.5466666666666666,47,19,0.40425531914893614,0.23170731707317074,0.6116504854368932,0.7394914374675662
wl_model_agreement__ni_k5_r1,2024-02-17_22-33-45,300,130,0.43333333333333335,82,6,0.07317073170731707,0.046153846153846156,0.5688073394495413,0.16885553470919326
wl_model_agreement__ni_k5_r1,2024-02-22_11-58-09,150,117,0.78,13,7,0.5384615384615384,0.05982905982905983,0.8029197080291971,0.6903353057199211
wl_model_agreement__ni_k5_r1,2024-03-11_22-23-29,150,98,0.6533333333333333,21,11,0.5238095238095238,0.11224489795918367,0.6744186046511628,0.8017492711370262
wl_model_agreement__ni_k5_r1,2024-04-08_22-49-18,150,82,0.5466666666666666,32,15,0.46875,0.18292682926829268,0.5677966101694916,0.8574695121951219
wl_model_agreement__ni_k5_r1,2024-09-02_14-10-41,150,89,0.5933333333333334,25,6,0.24,0.06741573033707865,0.664,0.4044943820224719
wl_model_agreement__ni_k5_r1,2024-09-04_19-52-57,150,75,0.5,32,4,0.125,0.05333333333333334,0.6016949152542372,0.25
wl_model_agreement__ni_k5_r1,2024-09-05_13-25-10,150,77,0.5133333333333333,14,4,0.2857142857142857,0.05194805194805195,0.5367647058823529,0.5565862708719852
wl_model_agreement__ni_k5_r2,2024-02-15_20-07-54,150,74,0.49333333333333335,59,16,0.2711864406779661,0.21621621621621623,0.6373626373626373,0.549702244617499
wl_model_agreement__ni_k5_r2,2024-02-15_21-40-43,150,97,0.6466666666666666,20,2,0.1,0.020618556701030927,0.7307692307692307,0.15463917525773196
wl_model_agreement__ni_k5_r2,2024-02-15_21-57-38,150,88,0.5866666666666667,47,5,0.10638297872340426,0.056818181818181816,0.8058252427184466,0.18133462282398452
wl_model_agreement__ni_k5_r2,2024-02-17_21-44-37,150,82,0.5466666666666666,47,19,0.40425531914893614,0.23170731707317074,0.6116504854368932,0.7394914374675662
wl_model_agreement__ni_k5_r2,2024-02-17_22-33-45,300,130,0.43333333333333335,82,6,0.07317073170731707,0.046153846153846156,0.5688073394495413,0.16885553470919326
wl_model_agreement__ni_k5_r2,2024-02-22_11-58-09,150,117,0.78,13,7,0.5384615384615384,0.05982905982905983,0.8029197080291971,0.6903353057199211
wl_model_agreement__ni_k5_r2,2024-03-11_22-23-29,150,98,0.6533333333333333,21,11,0.5238095238095238,0.11224489795918367,0.6744186046511628,0.8017492711370262
wl_model_agreement__ni_k5_r2,2024-04-08_22-49-18,150,82,0.5466666666666666,32,15,0.46875,0.18292682926829268,0.5677966101694916,0.8574695121951219
wl_model_agreement__ni_k5_r2,2024-09-02_14-10-41,150,89,0.5933333333333334,25,6,0.24,0.06741573033707865,0.664,0.4044943820224719
wl_model_agreement__ni_k5_r2,2024-09-04_19-52-57,150,75,0.5,32,4,0.125,0.05333333333333334,0.6016949152542372,0.25
wl_model_agreement__ni_k5_r2,2024-09-05_13-25-10,150,77,0.5133333333333333,14,4,0.2857142857142857,0.05194805194805195,0.5367647058823529,0.5565862708719852
wl_model_agreement__ni_k5_r4,2024-02-15_20-07-54,150,74,0.49333333333333335,59,16,0.2711864406779661,0.21621621621621623,0.6373626373626373,0.549702244617499
wl_model_agreement__ni_k5_r4,2024-02-15_21-40-43,150,97,0.6466666666666666,20,2,0.1,0.020618556701030927,0.7307692307692307,0.15463917525773196
wl_model_agreement__ni_k5_r4,2024-02-15_21-57-38,150,88,0.5866666666666667,47,5,0.10638297872340426,0.056818181818181816,0.8058252427184466,0.18133462282398452
wl_model_agreement__ni_k5_r4,2024-02-17_21-44-37,150,82,0.5466666666666666,47,19,0.40425531914893614,0.23170731707317074,0.6116504854368932,0.7394914374675662
wl_model_agreement__ni_k5_r4,2024-02-17_22-33-45,300,130,0.43333333333333335,82,6,0.07317073170731707,0.046153846153846156,0.5688073394495413,0.16885553470919326
wl_model_agreement__ni_k5_r4,2024-02-22_11-58-09,150,117,0.78,13,7,0.5384615384615384,0.05982905982905983,0.8029197080291971,0.6903353057199211
wl_model_agreement__ni_k5_r4,2024-03-11_22-23-29,150,98,0.6533333333333333,21,11,0.5238095238095238,0.11224489795918367,0.6744186046511628,0.8017492711370262
wl_model_agreement__ni_k5_r4,2024-04-08_22-49-18,150,82,0.5466666666666666,32,15,0.46875,0.18292682926829268,0.5677966101694916,0.8574695121951219
wl_model_agreement__ni_k5_r4,2024-09-02_14-10-41,150,89,0.5933333333333334,25,6,0.24,0.06741573033707865,0.664,0.4044943820224719
wl_model_agreement__ni_k5_r4,2024-09-04_19-52-57,150,75,0.5,32,4,0.125,0.05333333333333334,0.6016949152542372,0.25
wl_model_agreement__ni_k5_r4,2024-09-05_13-25-10,150,77,0.5133333333333333,14,4,0.2857142857142857,0.05194805194805195,0.5367647058823529,0.5565862708719852
wl_strict_obvious__ni_k2_r1,2024-02-15_20-07-54,150,91,0.6066666666666667,59,20,0.3389830508474576,0.21978021978021978,0.7802197802197802,0.5587632706276774
wl_strict_obvious__ni_k2_r1,2024-02-15_21-40-43,150,108,0.72,20,3,0.15,0.027777777777777776,0.8076923076923077,0.20833333333333331
wl_strict_obvious__ni_k2_r1,2024-02-15_21-57-38,150,100,0.6666666666666666,47,6,0.1276595744680851,0.06,0.912621359223301,0.19148936170212763
wl_strict_obvious__ni_k2_r1,2024-02-17_21-44-37,150,92,0.6133333333333333,47,19,0.40425531914893614,0.20652173913043478,0.7087378640776699,0.6591119333950046
wl_strict_obvious__ni_k2_r1,2024-02-17_22-33-45,300,184,0.6133333333333333,82,11,0.13414634146341464,0.059782608695652176,0.7935779816513762,0.2187168610816543
wl_strict_obvious__ni_k2_r1,2024-02-22_11-58-09,150,138,0.92,13,7,0.5384615384615384,0.050724637681159424,0.9562043795620438,0.5852842809364549
wl_strict_obvious__ni_k2_r1,2024-03-11_22-23-29,150,112,0.7466666666666667,21,11,0.5238095238095238,0.09821428571428571,0.7829457364341085,0.7015306122448979
wl_strict_obvious__ni_k2_r1,2024-04-08_22-49-18,150,108,0.72,32,16,0.5,0.14814814814814814,0.7796610169491526,0.6944444444444443
wl_strict_obvious__ni_k2_r1,2024-09-02_14-10-41,150,104,0.6933333333333334,25,8,0.32,0.07692307692307693,0.768,0.46153846153846156
wl_strict_obvious__ni_k2_r1,2024-09-04_19-52-57,150,104,0.6933333333333334,32,4,0.125,0.038461538461538464,0.847457627118644,0.18028846153846154
wl_strict_obvious__ni_k2_r1,2024-09-05_13-25-10,150,110,0.7333333333333333,14,4,0.2857142857142857,0.03636363636363636,0.7794117647058824,0.3896103896103896
wl_strict_obvious__ni_k2_r2,2024-02-15_20-07-54,150,92,0.6133333333333333,59,20,0.3389830508474576,0.21739130434782608,0.7912087912087912,0.552689756816507
wl_strict_obvious__ni_k2_r2,2024-02-15_21-40-43,150,109,0.7266666666666667,20,3,0.15,0.027522935779816515,0.8153846153846154,0.20642201834862386
wl_strict_obvious__ni_k2_r2,2024-02-15_21-57-38,150,102,0.68,47,7,0.14893617021276595,0.06862745098039216,0.9223300970873787,0.21902377972465584
wl_strict_obvious__ni_k2_r2,2024-02-17_21-44-37,150,92,0.6133333333333333,47,19,0.40425531914893614,0.20652173913043478,0.7087378640776699,0.6591119333950046
wl_strict_obvious__ni_k2_r2,2024-02-17_22-33-45,300,187,0.6233333333333333,82,11,0.13414634146341464,0.058823529411764705,0.8073394495412844,0.2152080344332855
wl_strict_obvious__ni_k2_r2,2024-02-22_11-58-09,150,138,0.92,13,7,0.5384615384615384,0.050724637681159424,0.9562043795620438,0.5852842809364549
wl_strict_obvious__ni_k2_r2,2024-03-11_22-23-29,150,112,0.7466666666666667,21,11,0.5238095238095238,0.09821428571428571,0.7829457364341085,0.7015306122448979
wl_strict_obvious__ni_k2_r2,2024-04-08_22-49-18,150,108,0.72,32,16,0.5,0.14814814814814814,0.7796610169491526,0.6944444444444443
wl_strict_obvious__ni_k2_r2,2024-09-02_14-10-41,150,104,0.6933333333333334,25,8,0.32,0.07692307692307693,0.768,0.46153846153846156
wl_strict_obvious__ni_k2_r2,2024-09-04_19-52-57,150,104,0.6933333333333334,32,4,0.125,0.038461538461538464,0.847457627118644,0.18028846153846154
wl_strict_obvious__ni_k2_r2,2024-09-05_13-25-10,150,110,0.7333333333333333,14,4,0.2857142857142857,0.03636363636363636,0.7794117647058824,0.3896103896103896
wl_strict_obvious__ni_k2_r4,2024-02-15_20-07-54,150,95,0.6333333333333333,59,20,0.3389830508474576,0.21052631578947367,0.8241758241758241,0.5352363960749331
wl_strict_obvious__ni_k2_r4,2024-02-15_21-40-43,150,109,0.7266666666666667,20,3,0.15,0.027522935779816515,0.8153846153846154,0.20642201834862386
wl_strict_obvious__ni_k2_r4,2024-02-15_21-57-38,150,103,0.6866666666666666,47,7,0.14893617021276595,0.06796116504854369,0.9320388349514563,0.21689733526130964
wl_strict_obvious__ni_k2_r4,2024-02-17_21-44-37,150,94,0.6266666666666667,47,19,0.40425531914893614,0.20212765957446807,0.7281553398058253,0.645088275237664
wl_strict_obvious__ni_k2_r4,2024-02-17_22-33-45,300,193,0.6433333333333333,82,11,0.13414634146341464,0.05699481865284974,0.8348623853211009,0.20851762921774297
wl_strict_obvious__ni_k2_r4,2024-02-22_11-58-09,150,138,0.92,13,7,0.5384615384615384,0.050724637681159424,0.9562043795620438,0.5852842809364549
wl_strict_obvious__ni_k2_r4,2024-03-11_22-23-29,150,114,0.76,21,11,0.5238095238095238,0.09649122807017543,0.7984496124031008,0.6892230576441102
wl_strict_obvious__ni_k2_r4,2024-04-08_22-49-18,150,110,0.7333333333333333,32,16,0.5,0.14545454545454545,0.7966101694915254,0.6818181818181818
wl_strict_obvious__ni_k2_r4,2024-09-02_14-10-41,150,104,0.6933333333333334,25,8,0.32,0.07692307692307693,0.768,0.46153846153846156
wl_strict_obvious__ni_k2_r4,2024-09-04_19-52-57,150,104,0.6933333333333334,32,4,0.125,0.038461538461538464,0.847457627118644,0.18028846153846154
wl_strict_obvious__ni_k2_r4,2024-09-05_13-25-10,150,110,0.7333333333333333,14,4,0.2857142857142857,0.03636363636363636,0.7794117647058824,0.3896103896103896
wl_strict_obvious__ni_k3_r1,2024-02-15_20-07-54,150,91,0.6066666666666667,59,20,0.3389830508474576,0.21978021978021978,0.7802197802197802,0.5587632706276774
wl_strict_obvious__ni_k3_r1,2024-02-15_21-40-43,150,107,0.7133333333333334,20,3,0.15,0.028037383177570093,0.8,0.2102803738317757
wl_strict_obvious__ni_k3_r1,2024-02-15_21-57-38,150,98,0.6533333333333333,47,6,0.1276595744680851,0.061224489795918366,0.8932038834951457,0.19539730785931392
wl_strict_obvious__ni_k3_r1,2024-02-17_21-44-37,150,89,0.5933333333333334,47,19,0.40425531914893614,0.21348314606741572,0.6796116504854369,0.6813291895768586
wl_strict_obvious__ni_k3_r1,2024-02-17_22-33-45,300,180,0.6,82,11,0.13414634146341464,0.06111111111111111,0.7752293577981652,0.22357723577235772
wl_strict_obvious__ni_k3_r1,2024-02-22_11-58-09,150,138,0.92,13,7,0.5384615384615384,0.050724637681159424,0.9562043795620438,0.5852842809364549
wl_strict_obvious__ni_k3_r1,2024-03-11_22-23-29,150,112,0.7466666666666667,21,11,0.5238095238095238,0.09821428571428571,0.7829457364341085,0.7015306122448979
wl_strict_obvious__ni_k3_r1,2024-04-08_22-49-18,150,108,0.72,32,16,0.5,0.14814814814814814,0.7796610169491526,0.6944444444444443
wl_strict_obvious__ni_k3_r1,2024-09-02_14-10-41,150,104,0.6933333333333334,25,8,0.32,0.07692307692307693,0.768,0.46153846153846156
wl_strict_obvious__ni_k3_r1,2024-09-04_19-52-57,150,104,0.6933333333333334,32,4,0.125,0.038461538461538464,0.847457627118644,0.18028846153846154
wl_strict_obvious__ni_k3_r1,2024-09-05_13-25-10,150,110,0.7333333333333333,14,4,0.2857142857142857,0.03636363636363636,0.7794117647058824,0.3896103896103896
wl_strict_obvious__ni_k3_r2,2024-02-15_20-07-54,150,92,0.6133333333333333,59,20,0.3389830508474576,0.21739130434782608,0.7912087912087912,0.552689756816507
wl_strict_obvious__ni_k3_r2,2024-02-15_21-40-43,150,107,0.7133333333333334,20,3,0.15,0.028037383177570093,0.8,0.2102803738317757
wl_strict_obvious__ni_k3_r2,2024-02-15_21-57-38,150,99,0.66,47,7,0.14893617021276595,0.0707070707070707,0.8932038834951457,0.22566086395873627
wl_strict_obvious__ni_k3_r2,2024-02-17_21-44-37,150,89,0.5933333333333334,47,19,0.40425531914893614,0.21348314606741572,0.6796116504854369,0.6813291895768586
wl_strict_obvious__ni_k3_r2,2024-02-17_22-33-45,300,181,0.6033333333333334,82,11,0.13414634146341464,0.06077348066298342,0.7798165137614679,0.22234200242554913
wl_strict_obvious__ni_k3_r2,2024-02-22_11-58-09,150,138,0.92,13,7,0.5384615384615384,0.050724637681159424,0.9562043795620438,0.5852842809364549
wl_strict_obvious__ni_k3_r2,2024-03-11_22-23-29,150,112,0.7466666666666667,21,11,0.5238095238095238,0.09821428571428571,0.7829457364341085,0.7015306122448979
wl_strict_obvious__ni_k3_r2,2024-04-08_22-49-18,150,108,0.72,32,16,0.5,0.14814814814814814,0.7796610169491526,0.6944444444444443
wl_strict_obvious__ni_k3_r2,2024-09-02_14-10-41,150,104,0.6933333333333334,25,8,0.32,0.07692307692307693,0.768,0.46153846153846156
wl_strict_obvious__ni_k3_r2,2024-09-04_19-52-57,150,104,0.6933333333333334,32,4,0.125,0.038461538461538464,0.847457627118644,0.18028846153846154
wl_strict_obvious__ni_k3_r2,2024-09-05_13-25-10,150,110,0.7333333333333333,14,4,0.2857142857142857,0.03636363636363636,0.7794117647058824,0.3896103896103896
wl_strict_obvious__ni_k3_r4,2024-02-15_20-07-54,150,93,0.62,59,20,0.3389830508474576,0.21505376344086022,0.8021978021978022,0.5467468562055768
wl_strict_obvious__ni_k3_r4,2024-02-15_21-40-43,150,107,0.7133333333333334,20,3,0.15,0.028037383177570093,0.8,0.2102803738317757
wl_strict_obvious__ni_k3_r4,2024-02-15_21-57-38,150,99,0.66,47,7,0.14893617021276595,0.0707070707070707,0.8932038834951457,0.22566086395873627
wl_strict_obvious__ni_k3_r4,2024-02-17_21-44-37,150,89,0.5933333333333334,47,19,0.40425531914893614,0.21348314606741572,0.6796116504854369,0.6813291895768586
wl_strict_obvious__ni_k3_r4,2024-02-17_22-33-45,300,183,0.61,82,11,0.13414634146341464,0.060109289617486336,0.7889908256880734,0.21991203518592564
wl_strict_obvious__ni_k3_r4,2024-02-22_11-58-09,150,138,0.92,13,7,0.5384615384615384,0.050724637681159424,0.9562043795620438,0.5852842809364549
wl_strict_obvious__ni_k3_r4,2024-03-11_22-23-29,150,112,0.7466666666666667,21,11,0.5238095238095238,0.09821428571428571,0.7829457364341085,0.7015306122448979
wl_strict_obvious__ni_k3_r4,2024-04-08_22-49-18,150,108,0.72,32,16,0.5,0.14814814814814814,0.7796610169491526,0.6944444444444443
wl_strict_obvious__ni_k3_r4,2024-09-02_14-10-41,150,104,0.6933333333333334,25,8,0.32,0.07692307692307693,0.768,0.46153846153846156
wl_strict_obvious__ni_k3_r4,2024-09-04_19-52-57,150,104,0.6933333333333334,32,4,0.125,0.038461538461538464,0.847457627118644,0.18028846153846154
wl_strict_obvious__ni_k3_r4,2024-09-05_13-25-10,150,110,0.7333333333333333,14,4,0.2857142857142857,0.03636363636363636,0.7794117647058824,0.3896103896103896
wl_strict_obvious__ni_k5_r1,2024-02-15_20-07-54,150,89,0.5933333333333334,59,20,0.3389830508474576,0.2247191011235955,0.7582417582417582,0.5713197486193107
wl_strict_obvious__ni_k5_r1,2024-02-15_21-40-43,150,107,0.7133333333333334,20,3,0.15,0.028037383177570093,0.8,0.2102803738317757
wl_strict_obvious__ni_k5_r1,2024-02-15_21-57-38,150,98,0.6533333333333333,47,6,0.1276595744680851,0.061224489795918366,0.8932038834951457,0.19539730785931392
wl_strict_obvious__ni_k5_r1,2024-02-17_21-44-37,150,89,0.5933333333333334,47,19,0.40425531914893614,0.21348314606741572,0.6796116504854369,0.6813291895768586
wl_strict_obvious__ni_k5_r1,2024-02-17_22-33-45,300,180,0.6,82,11,0.13414634146341464,0.06111111111111111,0.7752293577981652,0.22357723577235772
wl_strict_obvious__ni_k5_r1,2024-02-22_11-58-09,150,138,0.92,13,7,0.5384615384615384,0.050724637681159424,0.9562043795620438,0.5852842809364549
wl_strict_obvious__ni_k5_r1,2024-03-11_22-23-29,150,112,0.7466666666666667,21,11,0.5238095238095238,0.09821428571428571,0.7829457364341085,0.7015306122448979
wl_strict_obvious__ni_k5_r1,2024-04-08_22-49-18,150,108,0.72,32,16,0.5,0.14814814814814814,0.7796610169491526,0.6944444444444443
wl_strict_obvious__ni_k5_r1,2024-09-02_14-10-41,150,104,0.6933333333333334,25,8,0.32,0.07692307692307693,0.768,0.46153846153846156
wl_strict_obvious__ni_k5_r1,2024-09-04_19-52-57,150,104,0.6933333333333334,32,4,0.125,0.038461538461538464,0.847457627118644,0.18028846153846154
wl_strict_obvious__ni_k5_r1,2024-09-05_13-25-10,150,110,0.7333333333333333,14,4,0.2857142857142857,0.03636363636363636,0.7794117647058824,0.3896103896103896
wl_strict_obvious__ni_k5_r2,2024-02-15_20-07-54,150,89,0.5933333333333334,59,20,0.3389830508474576,0.2247191011235955,0.7582417582417582,0.5713197486193107
wl_strict_obvious__ni_k5_r2,2024-02-15_21-40-43,150,107,0.7133333333333334,20,3,0.15,0.028037383177570093,0.8,0.2102803738317757
wl_strict_obvious__ni_k5_r2,2024-02-15_21-57-38,150,98,0.6533333333333333,47,6,0.1276595744680851,0.061224489795918366,0.8932038834951457,0.19539730785931392
wl_strict_obvious__ni_k5_r2,2024-02-17_21-44-37,150,89,0.5933333333333334,47,19,0.40425531914893614,0.21348314606741572,0.6796116504854369,0.6813291895768586
wl_strict_obvious__ni_k5_r2,2024-02-17_22-33-45,300,180,0.6,82,11,0.13414634146341464,0.06111111111111111,0.7752293577981652,0.22357723577235772
wl_strict_obvious__ni_k5_r2,2024-02-22_11-58-09,150,138,0.92,13,7,0.5384615384615384,0.050724637681159424,0.9562043795620438,0.5852842809364549
wl_strict_obvious__ni_k5_r2,2024-03-11_22-23-29,150,112,0.7466666666666667,21,11,0.5238095238095238,0.09821428571428571,0.7829457364341085,0.7015306122448979
wl_strict_obvious__ni_k5_r2,2024-04-08_22-49-18,150,108,0.72,32,16,0.5,0.14814814814814814,0.7796610169491526,0.6944444444444443
wl_strict_obvious__ni_k5_r2,2024-09-02_14-10-41,150,104,0.6933333333333334,25,8,0.32,0.07692307692307693,0.768,0.46153846153846156
wl_strict_obvious__ni_k5_r2,2024-09-04_19-52-57,150,104,0.6933333333333334,32,4,0.125,0.038461538461538464,0.847457627118644,0.18028846153846154
wl_strict_obvious__ni_k5_r2,2024-09-05_13-25-10,150,110,0.7333333333333333,14,4,0.2857142857142857,0.03636363636363636,0.7794117647058824,0.3896103896103896
wl_strict_obvious__ni_k5_r4,2024-02-15_20-07-54,150,89,0.5933333333333334,59,20,0.3389830508474576,0.2247191011235955,0.7582417582417582,0.5713197486193107
wl_strict_obvious__ni_k5_r4,2024-02-15_21-40-43,150,107,0.7133333333333334,20,3,0.15,0.028037383177570093,0.8,0.2102803738317757
wl_strict_obvious__ni_k5_r4,2024-02-15_21-57-38,150,98,0.6533333333333333,47,6,0.1276595744680851,0.061224489795918366,0.8932038834951457,0.19539730785931392
wl_strict_obvious__ni_k5_r4,2024-02-17_21-44-37,150,89,0.5933333333333334,47,19,0.40425531914893614,0.21348314606741572,0.6796116504854369,0.6813291895768586
wl_strict_obvious__ni_k5_r4,2024-02-17_22-33-45,300,180,0.6,82,11,0.13414634146341464,0.06111111111111111,0.7752293577981652,0.22357723577235772
wl_strict_obvious__ni_k5_r4,2024-02-22_11-58-09,150,138,0.92,13,7,0.5384615384615384,0.050724637681159424,0.9562043795620438,0.5852842809364549
wl_strict_obvious__ni_k5_r4,2024-03-11_22-23-29,150,112,0.7466666666666667,21,11,0.5238095238095238,0.09821428571428571,0.7829457364341085,0.7015306122448979
wl_strict_obvious__ni_k5_r4,2024-04-08_22-49-18,150,108,0.72,32,16,0.5,0.14814814814814814,0.7796610169491526,0.6944444444444443
wl_strict_obvious__ni_k5_r4,2024-09-02_14-10-41,150,104,0.6933333333333334,25,8,0.32,0.07692307692307693,0.768,0.46153846153846156
wl_strict_obvious__ni_k5_r4,2024-09-04_19-52-57,150,104,0.6933333333333334,32,4,0.125,0.038461538461538464,0.847457627118644,0.18028846153846154
wl_strict_obvious__ni_k5_r4,2024-09-05_13-25-10,150,110,0.7333333333333333,14,4,0.2857142857142857,0.03636363636363636,0.7794117647058824,0.3896103896103896
hy_direct_plus_corroborated__ni_k2_r1,2024-02-15_20-07-54,150,20,0.13333333333333333,59,0,0.0,0.0,0.21978021978021978,0.0
hy_direct_plus_corroborated__ni_k2_r1,2024-02-15_21-40-43,150,14,0.09333333333333334,20,2,0.1,0.14285714285714285,0.09230769230769231,1.0714285714285714
hy_direct_plus_corroborated__ni_k2_r1,2024-02-15_21-57-38,150,19,0.12666666666666668,47,1,0.02127659574468085,0.05263157894736842,0.17475728155339806,0.16797312430011196
hy_direct_plus_corroborated__ni_k2_r1,2024-02-17_21-44-37,150,19,0.12666666666666668,47,6,0.1276595744680851,0.3157894736842105,0.1262135922330097,1.0078387458006717
hy_direct_plus_corroborated__ni_k2_r1,2024-02-17_22-33-45,300,41,0.13666666666666666,82,5,0.06097560975609756,0.12195121951219512,0.1651376146788991,0.44616299821534805
hy_direct_plus_corroborated__ni_k2_r1,2024-02-22_11-58-09,150,6,0.04,13,1,0.07692307692307693,0.16666666666666666,0.0364963503649635,1.923076923076923
hy_direct_plus_corroborated__ni_k2_r1,2024-03-11_22-23-29,150,20,0.13333333333333333,21,3,0.14285714285714285,0.15,0.13178294573643412,1.0714285714285714
hy_direct_plus_corroborated__ni_k2_r1,2024-04-08_22-49-18,150,8,0.05333333333333334,32,2,0.0625,0.25,0.05084745762711865,1.171875
hy_direct_plus_corroborated__ni_k2_r1,2024-09-02_14-10-41,150,9,0.06,25,0,0.0,0.0,0.072,0.0
hy_direct_plus_corroborated__ni_k2_r1,2024-09-04_19-52-57,150,7,0.04666666666666667,32,0,0.0,0.0,0.059322033898305086,0.0
hy_direct_plus_corroborated__ni_k2_r1,2024-09-05_13-25-10,150,38,0.25333333333333335,14,1,0.07142857142857142,0.02631578947368421,0.27205882352941174,0.28195488721804507
hy_direct_plus_corroborated__ni_k2_r2,2024-02-15_20-07-54,150,27,0.18,59,1,0.01694915254237288,0.037037037037037035,0.2857142857142857,0.09416195856873823
hy_direct_plus_corroborated__ni_k2_r2,2024-02-15_21-40-43,150,18,0.12,20,2,0.1,0.1111111111111111,0.12307692307692308,0.8333333333333333
hy_direct_plus_corroborated__ni_k2_r2,2024-02-15_21-57-38,150,33,0.22,47,3,0.06382978723404255,0.09090909090909091,0.2912621359223301,0.2901353965183752
hy_direct_plus_corroborated__ni_k2_r2,2024-02-17_21-44-37,150,22,0.14666666666666667,47,6,0.1276595744680851,0.2727272727272727,0.1553398058252427,0.8704061895551256
hy_direct_plus_corroborated__ni_k2_r2,2024-02-17_22-33-45,300,54,0.18,82,5,0.06097560975609756,0.09259259259259259,0.22477064220183487,0.33875338753387535
hy_direct_plus_corroborated__ni_k2_r2,2024-02-22_11-58-09,150,8,0.05333333333333334,13,1,0.07692307692307693,0.125,0.051094890510948905,1.4423076923076923
hy_direct_plus_corroborated__ni_k2_r2,2024-03-11_22-23-29,150,23,0.15333333333333332,21,4,0.19047619047619047,0.17391304347826086,0.14728682170542637,1.2422360248447204
hy_direct_plus_corroborated__ni_k2_r2,2024-04-08_22-49-18,150,10,0.06666666666666667,32,3,0.09375,0.3,0.059322033898305086,1.4062499999999998
hy_direct_plus_corroborated__ni_k2_r2,2024-09-02_14-10-41,150,9,0.06,25,0,0.0,0.0,0.072,0.0
hy_direct_plus_corroborated__ni_k2_r2,2024-09-04_19-52-57,150,7,0.04666666666666667,32,0,0.0,0.0,0.059322033898305086,0.0
hy_direct_plus_corroborated__ni_k2_r2,2024-09-05_13-25-10,150,38,0.25333333333333335,14,1,0.07142857142857142,0.02631578947368421,0.27205882352941174,0.28195488721804507
hy_direct_plus_corroborated__ni_k2_r4,2024-02-15_20-07-54,150,41,0.2733333333333333,59,5,0.0847457627118644,0.12195121951219512,0.3956043956043956,0.3100454733360893
hy_direct_plus_corroborated__ni_k2_r4,2024-02-15_21-40-43,150,23,0.15333333333333332,20,2,0.1,0.08695652173913043,0.16153846153846155,0.6521739130434783
hy_direct_plus_corroborated__ni_k2_r4,2024-02-15_21-57-38,150,55,0.36666666666666664,47,4,0.0851063829787234,0.07272727272727272,0.49514563106796117,0.23210831721470015
hy_direct_plus_corroborated__ni_k2_r4,2024-02-17_21-44-37,150,28,0.18666666666666668,47,6,0.1276595744680851,0.21428571428571427,0.21359223300970873,0.6838905775075987
hy_direct_plus_corroborated__ni_k2_r4,2024-02-17_22-33-45,300,76,0.25333333333333335,82,6,0.07317073170731707,0.07894736842105263,0.3211009174311927,0.28883183568677795
hy_direct_plus_corroborated__ni_k2_r4,2024-02-22_11-58-09,150,12,0.08,13,1,0.07692307692307693,0.08333333333333333,0.08029197080291971,0.9615384615384615
hy_direct_plus_corroborated__ni_k2_r4,2024-03-11_22-23-29,150,30,0.2,21,4,0.19047619047619047,0.13333333333333333,0.20155038759689922,0.9523809523809523
hy_direct_plus_corroborated__ni_k2_r4,2024-04-08_22-49-18,150,14,0.09333333333333334,32,3,0.09375,0.21428571428571427,0.09322033898305085,1.0044642857142856
hy_direct_plus_corroborated__ni_k2_r4,2024-09-02_14-10-41,150,9,0.06,25,0,0.0,0.0,0.072,0.0
hy_direct_plus_corroborated__ni_k2_r4,2024-09-04_19-52-57,150,7,0.04666666666666667,32,0,0.0,0.0,0.059322033898305086,0.0
hy_direct_plus_corroborated__ni_k2_r4,2024-09-05_13-25-10,150,38,0.25333333333333335,14,1,0.07142857142857142,0.02631578947368421,0.27205882352941174,0.28195488721804507
hy_direct_plus_corroborated__ni_k3_r1,2024-02-15_20-07-54,150,15,0.1,59,0,0.0,0.0,0.16483516483516483,0.0
hy_direct_plus_corroborated__ni_k3_r1,2024-02-15_21-40-43,150,11,0.07333333333333333,20,1,0.05,0.09090909090909091,0.07692307692307693,0.6818181818181819
hy_direct_plus_corroborated__ni_k3_r1,2024-02-15_21-57-38,150,10,0.06666666666666667,47,1,0.02127659574468085,0.1,0.08737864077669903,0.3191489361702128
hy_direct_plus_corroborated__ni_k3_r1,2024-02-17_21-44-37,150,13,0.08666666666666667,47,4,0.0851063829787234,0.3076923076923077,0.08737864077669903,0.9819967266775778
hy_direct_plus_corroborated__ni_k3_r1,2024-02-17_22-33-45,300,24,0.08,82,4,0.04878048780487805,0.16666666666666666,0.09174311926605505,0.6097560975609756
hy_direct_plus_corroborated__ni_k3_r1,2024-02-22_11-58-09,150,4,0.02666666666666667,13,1,0.07692307692307693,0.25,0.021897810218978103,2.8846153846153846
hy_direct_plus_corroborated__ni_k3_r1,2024-03-11_22-23-29,150,16,0.10666666666666667,21,3,0.14285714285714285,0.1875,0.10077519379844961,1.3392857142857142
hy_direct_plus_corroborated__ni_k3_r1,2024-04-08_22-49-18,150,6,0.04,32,2,0.0625,0.3333333333333333,0.03389830508474576,1.5624999999999998
hy_direct_plus_corroborated__ni_k3_r1,2024-09-02_14-10-41,150,9,0.06,25,0,0.0,0.0,0.072,0.0
hy_direct_plus_corroborated__ni_k3_r1,2024-09-04_19-52-57,150,7,0.04666666666666667,32,0,0.0,0.0,0.059322033898305086,0.0
hy_direct_plus_corroborated__ni_k3_r1,2024-09-05_13-25-10,150,38,0.25333333333333335,14,1,0.07142857142857142,0.02631578947368421,0.27205882352941174,0.28195488721804507
hy_direct_plus_corroborated__ni_k3_r2,2024-02-15_20-07-54,150,21,0.14,59,0,0.0,0.0,0.23076923076923078,0.0
hy_direct_plus_corroborated__ni_k3_r2,2024-02-15_21-40-43,150,11,0.07333333333333333,20,1,0.05,0.09090909090909091,0.07692307692307693,0.6818181818181819
hy_direct_plus_corroborated__ni_k3_r2,2024-02-15_21-57-38,150,14,0.09333333333333334,47,3,0.06382978723404255,0.21428571428571427,0.10679611650485436,0.6838905775075987
hy_direct_plus_corroborated__ni_k3_r2,2024-02-17_21-44-37,150,13,0.08666666666666667,47,4,0.0851063829787234,0.3076923076923077,0.08737864077669903,0.9819967266775778
hy_direct_plus_corroborated__ni_k3_r2,2024-02-17_22-33-45,300,29,0.09666666666666666,82,4,0.04878048780487805,0.13793103448275862,0.11467889908256881,0.5046257359125316
hy_direct_plus_corroborated__ni_k3_r2,2024-02-22_11-58-09,150,4,0.02666666666666667,13,1,0.07692307692307693,0.25,0.021897810218978103,2.8846153846153846
hy_direct_plus_corroborated__ni_k3_r2,2024-03-11_22-23-29,150,16,0.10666666666666667,21,3,0.14285714285714285,0.1875,0.10077519379844961,1.3392857142857142
hy_direct_plus_corroborated__ni_k3_r2,2024-04-08_22-49-18,150,6,0.04,32,2,0.0625,0.3333333333333333,0.03389830508474576,1.5624999999999998
hy_direct_plus_corroborated__ni_k3_r2,2024-09-02_14-10-41,150,9,0.06,25,0,0.0,0.0,0.072,0.0
hy_direct_plus_corroborated__ni_k3_r2,2024-09-04_19-52-57,150,7,0.04666666666666667,32,0,0.0,0.0,0.059322033898305086,0.0
hy_direct_plus_corroborated__ni_k3_r2,2024-09-05_13-25-10,150,38,0.25333333333333335,14,1,0.07142857142857142,0.02631578947368421,0.27205882352941174,0.28195488721804507
hy_direct_plus_corroborated__ni_k3_r4,2024-02-15_20-07-54,150,33,0.22,59,4,0.06779661016949153,0.12121212121212122,0.31868131868131866,0.30816640986132515
hy_direct_plus_corroborated__ni_k3_r4,2024-02-15_21-40-43,150,11,0.07333333333333333,20,1,0.05,0.09090909090909091,0.07692307692307693,0.6818181818181819
hy_direct_plus_corroborated__ni_k3_r4,2024-02-15_21-57-38,150,21,0.14,47,3,0.06382978723404255,0.14285714285714285,0.17475728155339806,0.4559270516717325
hy_direct_plus_corroborated__ni_k3_r4,2024-02-17_21-44-37,150,13,0.08666666666666667,47,4,0.0851063829787234,0.3076923076923077,0.08737864077669903,0.9819967266775778
hy_direct_plus_corroborated__ni_k3_r4,2024-02-17_22-33-45,300,37,0.12333333333333334,82,4,0.04878048780487805,0.10810810810810811,0.15137614678899083,0.3955174686882004
hy_direct_plus_corroborated__ni_k3_r4,2024-02-22_11-58-09,150,4,0.02666666666666667,13,1,0.07692307692307693,0.25,0.021897810218978103,2.8846153846153846
hy_direct_plus_corroborated__ni_k3_r4,2024-03-11_22-23-29,150,16,0.10666666666666667,21,3,0.14285714285714285,0.1875,0.10077519379844961,1.3392857142857142
hy_direct_plus_corroborated__ni_k3_r4,2024-04-08_22-49-18,150,6,0.04,32,2,0.0625,0.3333333333333333,0.03389830508474576,1.5624999999999998
hy_direct_plus_corroborated__ni_k3_r4,2024-09-02_14-10-41,150,9,0.06,25,0,0.0,0.0,0.072,0.0
hy_direct_plus_corroborated__ni_k3_r4,2024-09-04_19-52-57,150,7,0.04666666666666667,32,0,0.0,0.0,0.059322033898305086,0.0
hy_direct_plus_corroborated__ni_k3_r4,2024-09-05_13-25-10,150,38,0.25333333333333335,14,1,0.07142857142857142,0.02631578947368421,0.27205882352941174,0.28195488721804507
hy_direct_plus_corroborated__ni_k5_r1,2024-02-15_20-07-54,150,9,0.06,59,0,0.0,0.0,0.0989010989010989,0.0
hy_direct_plus_corroborated__ni_k5_r1,2024-02-15_21-40-43,150,11,0.07333333333333333,20,1,0.05,0.09090909090909091,0.07692307692307693,0.6818181818181819
hy_direct_plus_corroborated__ni_k5_r1,2024-02-15_21-57-38,150,6,0.04,47,0,0.0,0.0,0.05825242718446602,0.0
hy_direct_plus_corroborated__ni_k5_r1,2024-02-17_21-44-37,150,13,0.08666666666666667,47,4,0.0851063829787234,0.3076923076923077,0.08737864077669903,0.9819967266775778
hy_direct_plus_corroborated__ni_k5_r1,2024-02-17_22-33-45,300,20,0.06666666666666667,82,4,0.04878048780487805,0.2,0.07339449541284404,0.7317073170731708
hy_direct_plus_corroborated__ni_k5_r1,2024-02-22_11-58-09,150,4,0.02666666666666667,13,1,0.07692307692307693,0.25,0.021897810218978103,2.8846153846153846
hy_direct_plus_corroborated__ni_k5_r1,2024-03-11_22-23-29,150,16,0.10666666666666667,21,3,0.14285714285714285,0.1875,0.10077519379844961,1.3392857142857142
hy_direct_plus_corroborated__ni_k5_r1,2024-04-08_22-49-18,150,6,0.04,32,2,0.0625,0.3333333333333333,0.03389830508474576,1.5624999999999998
hy_direct_plus_corroborated__ni_k5_r1,2024-09-02_14-10-41,150,9,0.06,25,0,0.0,0.0,0.072,0.0
hy_direct_plus_corroborated__ni_k5_r1,2024-09-04_19-52-57,150,7,0.04666666666666667,32,0,0.0,0.0,0.059322033898305086,0.0
hy_direct_plus_corroborated__ni_k5_r1,2024-09-05_13-25-10,150,38,0.25333333333333335,14,1,0.07142857142857142,0.02631578947368421,0.27205882352941174,0.28195488721804507
hy_direct_plus_corroborated__ni_k5_r2,2024-02-15_20-07-54,150,9,0.06,59,0,0.0,0.0,0.0989010989010989,0.0
hy_direct_plus_corroborated__ni_k5_r2,2024-02-15_21-40-43,150,11,0.07333333333333333,20,1,0.05,0.09090909090909091,0.07692307692307693,0.6818181818181819
hy_direct_plus_corroborated__ni_k5_r2,2024-02-15_21-57-38,150,6,0.04,47,0,0.0,0.0,0.05825242718446602,0.0
hy_direct_plus_corroborated__ni_k5_r2,2024-02-17_21-44-37,150,13,0.08666666666666667,47,4,0.0851063829787234,0.3076923076923077,0.08737864077669903,0.9819967266775778
hy_direct_plus_corroborated__ni_k5_r2,2024-02-17_22-33-45,300,20,0.06666666666666667,82,4,0.04878048780487805,0.2,0.07339449541284404,0.7317073170731708
hy_direct_plus_corroborated__ni_k5_r2,2024-02-22_11-58-09,150,4,0.02666666666666667,13,1,0.07692307692307693,0.25,0.021897810218978103,2.8846153846153846
hy_direct_plus_corroborated__ni_k5_r2,2024-03-11_22-23-29,150,16,0.10666666666666667,21,3,0.14285714285714285,0.1875,0.10077519379844961,1.3392857142857142
hy_direct_plus_corroborated__ni_k5_r2,2024-04-08_22-49-18,150,6,0.04,32,2,0.0625,0.3333333333333333,0.03389830508474576,1.5624999999999998
hy_direct_plus_corroborated__ni_k5_r2,2024-09-02_14-10-41,150,9,0.06,25,0,0.0,0.0,0.072,0.0
hy_direct_plus_corroborated__ni_k5_r2,2024-09-04_19-52-57,150,7,0.04666666666666667,32,0,0.0,0.0,0.059322033898305086,0.0
hy_direct_plus_corroborated__ni_k5_r2,2024-09-05_13-25-10,150,38,0.25333333333333335,14,1,0.07142857142857142,0.02631578947368421,0.27205882352941174,0.28195488721804507
hy_direct_plus_corroborated__ni_k5_r4,2024-02-15_20-07-54,150,9,0.06,59,0,0.0,0.0,0.0989010989010989,0.0
hy_direct_plus_corroborated__ni_k5_r4,2024-02-15_21-40-43,150,11,0.07333333333333333,20,1,0.05,0.09090909090909091,0.07692307692307693,0.6818181818181819
hy_direct_plus_corroborated__ni_k5_r4,2024-02-15_21-57-38,150,6,0.04,47,0,0.0,0.0,0.05825242718446602,0.0
hy_direct_plus_corroborated__ni_k5_r4,2024-02-17_21-44-37,150,13,0.08666666666666667,47,4,0.0851063829787234,0.3076923076923077,0.08737864077669903,0.9819967266775778
hy_direct_plus_corroborated__ni_k5_r4,2024-02-17_22-33-45,300,20,0.06666666666666667,82,4,0.04878048780487805,0.2,0.07339449541284404,0.7317073170731708
hy_direct_plus_corroborated__ni_k5_r4,2024-02-22_11-58-09,150,4,0.02666666666666667,13,1,0.07692307692307693,0.25,0.021897810218978103,2.8846153846153846
hy_direct_plus_corroborated__ni_k5_r4,2024-03-11_22-23-29,150,16,0.10666666666666667,21,3,0.14285714285714285,0.1875,0.10077519379844961,1.3392857142857142
hy_direct_plus_corroborated__ni_k5_r4,2024-04-08_22-49-18,150,6,0.04,32,2,0.0625,0.3333333333333333,0.03389830508474576,1.5624999999999998
hy_direct_plus_corroborated__ni_k5_r4,2024-09-02_14-10-41,150,9,0.06,25,0,0.0,0.0,0.072,0.0
hy_direct_plus_corroborated__ni_k5_r4,2024-09-04_19-52-57,150,7,0.04666666666666667,32,0,0.0,0.0,0.059322033898305086,0.0
hy_direct_plus_corroborated__ni_k5_r4,2024-09-05_13-25-10,150,38,0.25333333333333335,14,1,0.07142857142857142,0.02631578947368421,0.27205882352941174,0.28195488721804507
hy_two_of_three_families__ni_k2_r1,2024-02-15_20-07-54,150,20,0.13333333333333333,59,0,0.0,0.0,0.21978021978021978,0.0
hy_two_of_three_families__ni_k2_r1,2024-02-15_21-40-43,150,15,0.1,20,2,0.1,0.13333333333333333,0.1,1.0
hy_two_of_three_families__ni_k2_r1,2024-02-15_21-57-38,150,30,0.2,47,2,0.0425531914893617,0.06666666666666667,0.27184466019417475,0.21276595744680848
hy_two_of_three_families__ni_k2_r1,2024-02-17_21-44-37,150,23,0.15333333333333332,47,7,0.14893617021276595,0.30434782608695654,0.1553398058252427,0.971322849213691
hy_two_of_three_families__ni_k2_r1,2024-02-17_22-33-45,300,51,0.17,82,6,0.07317073170731707,0.11764705882352941,0.20642201834862386,0.430416068866571
hy_two_of_three_families__ni_k2_r1,2024-02-22_11-58-09,150,10,0.06666666666666667,13,1,0.07692307692307693,0.1,0.06569343065693431,1.153846153846154
hy_two_of_three_families__ni_k2_r1,2024-03-11_22-23-29,150,28,0.18666666666666668,21,4,0.19047619047619047,0.14285714285714285,0.18604651162790697,1.020408163265306
hy_two_of_three_families__ni_k2_r1,2024-04-08_22-49-18,150,14,0.09333333333333334,32,4,0.125,0.2857142857142857,0.0847457627118644,1.3392857142857142
hy_two_of_three_families__ni_k2_r1,2024-09-02_14-10-41,150,9,0.06,25,0,0.0,0.0,0.072,0.0
hy_two_of_three_families__ni_k2_r1,2024-09-04_19-52-57,150,17,0.11333333333333333,32,1,0.03125,0.058823529411764705,0.13559322033898305,0.275735294117647
hy_two_of_three_families__ni_k2_r1,2024-09-05_13-25-10,150,12,0.08,14,1,0.07142857142857142,0.08333333333333333,0.08088235294117647,0.8928571428571428
hy_two_of_three_families__ni_k2_r2,2024-02-15_20-07-54,150,27,0.18,59,1,0.01694915254237288,0.037037037037037035,0.2857142857142857,0.09416195856873823
hy_two_of_three_families__ni_k2_r2,2024-02-15_21-40-43,150,19,0.12666666666666668,20,2,0.1,0.10526315789473684,0.13076923076923078,0.7894736842105263
hy_two_of_three_families__ni_k2_r2,2024-02-15_21-57-38,150,41,0.2733333333333333,47,4,0.0851063829787234,0.0975609756097561,0.3592233009708738,0.3113648157758173
hy_two_of_three_families__ni_k2_r2,2024-02-17_21-44-37,150,26,0.17333333333333334,47,7,0.14893617021276595,0.2692307692307692,0.18446601941747573,0.8592471358428805
hy_two_of_three_families__ni_k2_r2,2024-02-17_22-33-45,300,66,0.22,82,6,0.07317073170731707,0.09090909090909091,0.27522935779816515,0.33259423503325947
hy_two_of_three_families__ni_k2_r2,2024-02-22_11-58-09,150,12,0.08,13,1,0.07692307692307693,0.08333333333333333,0.08029197080291971,0.9615384615384615
hy_two_of_three_families__ni_k2_r2,2024-03-11_22-23-29,150,31,0.20666666666666667,21,5,0.23809523809523808,0.16129032258064516,0.20155038759689922,1.152073732718894
hy_two_of_three_families__ni_k2_r2,2024-04-08_22-49-18,150,16,0.10666666666666667,32,5,0.15625,0.3125,0.09322033898305085,1.46484375
hy_two_of_three_families__ni_k2_r2,2024-09-02_14-10-41,150,9,0.06,25,0,0.0,0.0,0.072,0.0
hy_two_of_three_families__ni_k2_r2,2024-09-04_19-52-57,150,17,0.11333333333333333,32,1,0.03125,0.058823529411764705,0.13559322033898305,0.275735294117647
hy_two_of_three_families__ni_k2_r2,2024-09-05_13-25-10,150,12,0.08,14,1,0.07142857142857142,0.08333333333333333,0.08088235294117647,0.8928571428571428
hy_two_of_three_families__ni_k2_r4,2024-02-15_20-07-54,150,42,0.28,59,5,0.0847457627118644,0.11904761904761904,0.4065934065934066,0.3026634382566586
hy_two_of_three_families__ni_k2_r4,2024-02-15_21-40-43,150,24,0.16,20,2,0.1,0.08333333333333333,0.16923076923076924,0.625
hy_two_of_three_families__ni_k2_r4,2024-02-15_21-57-38,150,60,0.4,47,5,0.10638297872340426,0.08333333333333333,0.5339805825242718,0.26595744680851063
hy_two_of_three_families__ni_k2_r4,2024-02-17_21-44-37,150,32,0.21333333333333335,47,7,0.14893617021276595,0.21875,0.24271844660194175,0.6981382978723404
hy_two_of_three_families__ni_k2_r4,2024-02-17_22-33-45,300,88,0.29333333333333333,82,7,0.08536585365853659,0.07954545454545454,0.37155963302752293,0.291019955654102
hy_two_of_three_families__ni_k2_r4,2024-02-22_11-58-09,150,16,0.10666666666666667,13,1,0.07692307692307693,0.0625,0.10948905109489052,0.7211538461538461
hy_two_of_three_families__ni_k2_r4,2024-03-11_22-23-29,150,37,0.24666666666666667,21,5,0.23809523809523808,0.13513513513513514,0.24806201550387597,0.9652509652509652
hy_two_of_three_families__ni_k2_r4,2024-04-08_22-49-18,150,19,0.12666666666666668,32,5,0.15625,0.2631578947368421,0.11864406779661017,1.2335526315789471
hy_two_of_three_families__ni_k2_r4,2024-09-02_14-10-41,150,9,0.06,25,0,0.0,0.0,0.072,0.0
hy_two_of_three_families__ni_k2_r4,2024-09-04_19-52-57,150,17,0.11333333333333333,32,1,0.03125,0.058823529411764705,0.13559322033898305,0.275735294117647
hy_two_of_three_families__ni_k2_r4,2024-09-05_13-25-10,150,12,0.08,14,1,0.07142857142857142,0.08333333333333333,0.08088235294117647,0.8928571428571428
hy_two_of_three_families__ni_k3_r1,2024-02-15_20-07-54,150,15,0.1,59,0,0.0,0.0,0.16483516483516483,0.0
hy_two_of_three_families__ni_k3_r1,2024-02-15_21-40-43,150,13,0.08666666666666667,20,2,0.1,0.15384615384615385,0.08461538461538462,1.153846153846154
hy_two_of_three_families__ni_k3_r1,2024-02-15_21-57-38,150,22,0.14666666666666667,47,2,0.0425531914893617,0.09090909090909091,0.1941747572815534,0.2901353965183752
hy_two_of_three_families__ni_k3_r1,2024-02-17_21-44-37,150,17,0.11333333333333333,47,5,0.10638297872340426,0.29411764705882354,0.11650485436893204,0.9386733416770964
hy_two_of_three_families__ni_k3_r1,2024-02-17_22-33-45,300,33,0.11,82,5,0.06097560975609756,0.15151515151515152,0.12844036697247707,0.5543237250554324
hy_two_of_three_families__ni_k3_r1,2024-02-22_11-58-09,150,8,0.05333333333333334,13,1,0.07692307692307693,0.125,0.051094890510948905,1.4423076923076923
hy_two_of_three_families__ni_k3_r1,2024-03-11_22-23-29,150,24,0.16,21,4,0.19047619047619047,0.16666666666666666,0.15503875968992248,1.1904761904761902
hy_two_of_three_families__ni_k3_r1,2024-04-08_22-49-18,150,12,0.08,32,4,0.125,0.3333333333333333,0.06779661016949153,1.5624999999999998
hy_two_of_three_families__ni_k3_r1,2024-09-02_14-10-41,150,9,0.06,25,0,0.0,0.0,0.072,0.0
hy_two_of_three_families__ni_k3_r1,2024-09-04_19-52-57,150,17,0.11333333333333333,32,1,0.03125,0.058823529411764705,0.13559322033898305,0.275735294117647
hy_two_of_three_families__ni_k3_r1,2024-09-05_13-25-10,150,12,0.08,14,1,0.07142857142857142,0.08333333333333333,0.08088235294117647,0.8928571428571428
hy_two_of_three_families__ni_k3_r2,2024-02-15_20-07-54,150,21,0.14,59,0,0.0,0.0,0.23076923076923078,0.0
hy_two_of_three_families__ni_k3_r2,2024-02-15_21-40-43,150,13,0.08666666666666667,20,2,0.1,0.15384615384615385,0.08461538461538462,1.153846153846154
hy_two_of_three_families__ni_k3_r2,2024-02-15_21-57-38,150,25,0.16666666666666666,47,4,0.0851063829787234,0.16,0.20388349514563106,0.5106382978723404
hy_two_of_three_families__ni_k3_r2,2024-02-17_21-44-37,150,17,0.11333333333333333,47,5,0.10638297872340426,0.29411764705882354,0.11650485436893204,0.9386733416770964
hy_two_of_three_families__ni_k3_r2,2024-02-17_22-33-45,300,38,0.12666666666666668,82,5,0.06097560975609756,0.13157894736842105,0.15137614678899083,0.4813863928112965
hy_two_of_three_families__ni_k3_r2,2024-02-22_11-58-09,150,8,0.05333333333333334,13,1,0.07692307692307693,0.125,0.051094890510948905,1.4423076923076923
hy_two_of_three_families__ni_k3_r2,2024-03-11_22-23-29,150,24,0.16,21,4,0.19047619047619047,0.16666666666666666,0.15503875968992248,1.1904761904761902
hy_two_of_three_families__ni_k3_r2,2024-04-08_22-49-18,150,12,0.08,32,4,0.125,0.3333333333333333,0.06779661016949153,1.5624999999999998
hy_two_of_three_families__ni_k3_r2,2024-09-02_14-10-41,150,9,0.06,25,0,0.0,0.0,0.072,0.0
hy_two_of_three_families__ni_k3_r2,2024-09-04_19-52-57,150,17,0.11333333333333333,32,1,0.03125,0.058823529411764705,0.13559322033898305,0.275735294117647
hy_two_of_three_families__ni_k3_r2,2024-09-05_13-25-10,150,12,0.08,14,1,0.07142857142857142,0.08333333333333333,0.08088235294117647,0.8928571428571428
hy_two_of_three_families__ni_k3_r4,2024-02-15_20-07-54,150,33,0.22,59,4,0.06779661016949153,0.12121212121212122,0.31868131868131866,0.30816640986132515
hy_two_of_three_families__ni_k3_r4,2024-02-15_21-40-43,150,13,0.08666666666666667,20,2,0.1,0.15384615384615385,0.08461538461538462,1.153846153846154
hy_two_of_three_families__ni_k3_r4,2024-02-15_21-57-38,150,30,0.2,47,4,0.0851063829787234,0.13333333333333333,0.2524271844660194,0.42553191489361697
hy_two_of_three_families__ni_k3_r4,2024-02-17_21-44-37,150,17,0.11333333333333333,47,5,0.10638297872340426,0.29411764705882354,0.11650485436893204,0.9386733416770964
hy_two_of_three_families__ni_k3_r4,2024-02-17_22-33-45,300,48,0.16,82,5,0.06097560975609756,0.10416666666666667,0.19724770642201836,0.3810975609756098
hy_two_of_three_families__ni_k3_r4,2024-02-22_11-58-09,150,8,0.05333333333333334,13,1,0.07692307692307693,0.125,0.051094890510948905,1.4423076923076923
hy_two_of_three_families__ni_k3_r4,2024-03-11_22-23-29,150,24,0.16,21,4,0.19047619047619047,0.16666666666666666,0.15503875968992248,1.1904761904761902
hy_two_of_three_families__ni_k3_r4,2024-04-08_22-49-18,150,12,0.08,32,4,0.125,0.3333333333333333,0.06779661016949153,1.5624999999999998
hy_two_of_three_families__ni_k3_r4,2024-09-02_14-10-41,150,9,0.06,25,0,0.0,0.0,0.072,0.0
hy_two_of_three_families__ni_k3_r4,2024-09-04_19-52-57,150,17,0.11333333333333333,32,1,0.03125,0.058823529411764705,0.13559322033898305,0.275735294117647
hy_two_of_three_families__ni_k3_r4,2024-09-05_13-25-10,150,12,0.08,14,1,0.07142857142857142,0.08333333333333333,0.08088235294117647,0.8928571428571428
hy_two_of_three_families__ni_k5_r1,2024-02-15_20-07-54,150,9,0.06,59,0,0.0,0.0,0.0989010989010989,0.0
hy_two_of_three_families__ni_k5_r1,2024-02-15_21-40-43,150,13,0.08666666666666667,20,2,0.1,0.15384615384615385,0.08461538461538462,1.153846153846154
hy_two_of_three_families__ni_k5_r1,2024-02-15_21-57-38,150,18,0.12,47,1,0.02127659574468085,0.05555555555555555,0.1650485436893204,0.17730496453900707
hy_two_of_three_families__ni_k5_r1,2024-02-17_21-44-37,150,17,0.11333333333333333,47,5,0.10638297872340426,0.29411764705882354,0.11650485436893204,0.9386733416770964
hy_two_of_three_families__ni_k5_r1,2024-02-17_22-33-45,300,30,0.1,82,5,0.06097560975609756,0.16666666666666666,0.11467889908256881,0.6097560975609756
hy_two_of_three_families__ni_k5_r1,2024-02-22_11-58-09,150,8,0.05333333333333334,13,1,0.07692307692307693,0.125,0.051094890510948905,1.4423076923076923
hy_two_of_three_families__ni_k5_r1,2024-03-11_22-23-29,150,24,0.16,21,4,0.19047619047619047,0.16666666666666666,0.15503875968992248,1.1904761904761902
hy_two_of_three_families__ni_k5_r1,2024-04-08_22-49-18,150,12,0.08,32,4,0.125,0.3333333333333333,0.06779661016949153,1.5624999999999998
hy_two_of_three_families__ni_k5_r1,2024-09-02_14-10-41,150,9,0.06,25,0,0.0,0.0,0.072,0.0
hy_two_of_three_families__ni_k5_r1,2024-09-04_19-52-57,150,17,0.11333333333333333,32,1,0.03125,0.058823529411764705,0.13559322033898305,0.275735294117647
hy_two_of_three_families__ni_k5_r1,2024-09-05_13-25-10,150,12,0.08,14,1,0.07142857142857142,0.08333333333333333,0.08088235294117647,0.8928571428571428
hy_two_of_three_families__ni_k5_r2,2024-02-15_20-07-54,150,9,0.06,59,0,0.0,0.0,0.0989010989010989,0.0
hy_two_of_three_families__ni_k5_r2,2024-02-15_21-40-43,150,13,0.08666666666666667,20,2,0.1,0.15384615384615385,0.08461538461538462,1.153846153846154
hy_two_of_three_families__ni_k5_r2,2024-02-15_21-57-38,150,18,0.12,47,1,0.02127659574468085,0.05555555555555555,0.1650485436893204,0.17730496453900707
hy_two_of_three_families__ni_k5_r2,2024-02-17_21-44-37,150,17,0.11333333333333333,47,5,0.10638297872340426,0.29411764705882354,0.11650485436893204,0.9386733416770964
hy_two_of_three_families__ni_k5_r2,2024-02-17_22-33-45,300,30,0.1,82,5,0.06097560975609756,0.16666666666666666,0.11467889908256881,0.6097560975609756
hy_two_of_three_families__ni_k5_r2,2024-02-22_11-58-09,150,8,0.05333333333333334,13,1,0.07692307692307693,0.125,0.051094890510948905,1.4423076923076923
hy_two_of_three_families__ni_k5_r2,2024-03-11_22-23-29,150,24,0.16,21,4,0.19047619047619047,0.16666666666666666,0.15503875968992248,1.1904761904761902
hy_two_of_three_families__ni_k5_r2,2024-04-08_22-49-18,150,12,0.08,32,4,0.125,0.3333333333333333,0.06779661016949153,1.5624999999999998
hy_two_of_three_families__ni_k5_r2,2024-09-02_14-10-41,150,9,0.06,25,0,0.0,0.0,0.072,0.0
hy_two_of_three_families__ni_k5_r2,2024-09-04_19-52-57,150,17,0.11333333333333333,32,1,0.03125,0.058823529411764705,0.13559322033898305,0.275735294117647
hy_two_of_three_families__ni_k5_r2,2024-09-05_13-25-10,150,12,0.08,14,1,0.07142857142857142,0.08333333333333333,0.08088235294117647,0.8928571428571428
hy_two_of_three_families__ni_k5_r4,2024-02-15_20-07-54,150,9,0.06,59,0,0.0,0.0,0.0989010989010989,0.0
hy_two_of_three_families__ni_k5_r4,2024-02-15_21-40-43,150,13,0.08666666666666667,20,2,0.1,0.15384615384615385,0.08461538461538462,1.153846153846154
hy_two_of_three_families__ni_k5_r4,2024-02-15_21-57-38,150,18,0.12,47,1,0.02127659574468085,0.05555555555555555,0.1650485436893204,0.17730496453900707
hy_two_of_three_families__ni_k5_r4,2024-02-17_21-44-37,150,17,0.11333333333333333,47,5,0.10638297872340426,0.29411764705882354,0.11650485436893204,0.9386733416770964
hy_two_of_three_families__ni_k5_r4,2024-02-17_22-33-45,300,30,0.1,82,5,0.06097560975609756,0.16666666666666666,0.11467889908256881,0.6097560975609756
hy_two_of_three_families__ni_k5_r4,2024-02-22_11-58-09,150,8,0.05333333333333334,13,1,0.07692307692307693,0.125,0.051094890510948905,1.4423076923076923
hy_two_of_three_families__ni_k5_r4,2024-03-11_22-23-29,150,24,0.16,21,4,0.19047619047619047,0.16666666666666666,0.15503875968992248,1.1904761904761902
hy_two_of_three_families__ni_k5_r4,2024-04-08_22-49-18,150,12,0.08,32,4,0.125,0.3333333333333333,0.06779661016949153,1.5624999999999998
hy_two_of_three_families__ni_k5_r4,2024-09-02_14-10-41,150,9,0.06,25,0,0.0,0.0,0.072,0.0
hy_two_of_three_families__ni_k5_r4,2024-09-04_19-52-57,150,17,0.11333333333333333,32,1,0.03125,0.058823529411764705,0.13559322033898305,0.275735294117647
hy_two_of_three_families__ni_k5_r4,2024-09-05_13-25-10,150,12,0.08,14,1,0.07142857142857142,0.08333333333333333,0.08088235294117647,0.8928571428571428
hy_hierarchical__ni_k2_r1,2024-02-15_20-07-54,150,22,0.14666666666666667,59,0,0.0,0.0,0.24175824175824176,0.0
hy_hierarchical__ni_k2_r1,2024-02-15_21-40-43,150,18,0.12,20,2,0.1,0.1111111111111111,0.12307692307692308,0.8333333333333333
hy_hierarchical__ni_k2_r1,2024-02-15_21-57-38,150,33,0.22,47,2,0.0425531914893617,0.06060606060606061,0.30097087378640774,0.19342359767891681
hy_hierarchical__ni_k2_r1,2024-02-17_21-44-37,150,24,0.16,47,7,0.14893617021276595,0.2916666666666667,0.1650485436893204,0.9308510638297872
hy_hierarchical__ni_k2_r1,2024-02-17_22-33-45,300,55,0.18333333333333332,82,5,0.06097560975609756,0.09090909090909091,0.22935779816513763,0.33259423503325947
hy_hierarchical__ni_k2_r1,2024-02-22_11-58-09,150,11,0.07333333333333333,13,1,0.07692307692307693,0.09090909090909091,0.072992700729927,1.048951048951049
hy_hierarchical__ni_k2_r1,2024-03-11_22-23-29,150,31,0.20666666666666667,21,4,0.19047619047619047,0.12903225806451613,0.20930232558139536,0.9216589861751151
hy_hierarchical__ni_k2_r1,2024-04-08_22-49-18,150,14,0.09333333333333334,32,4,0.125,0.2857142857142857,0.0847457627118644,1.3392857142857142
hy_hierarchical__ni_k2_r1,2024-09-02_14-10-41,150,10,0.06666666666666667,25,0,0.0,0.0,0.08,0.0
hy_hierarchical__ni_k2_r1,2024-09-04_19-52-57,150,23,0.15333333333333332,32,1,0.03125,0.043478260869565216,0.1864406779661017,0.20380434782608695
hy_hierarchical__ni_k2_r1,2024-09-05_13-25-10,150,40,0.26666666666666666,14,1,0.07142857142857142,0.025,0.2867647058823529,0.26785714285714285
hy_hierarchical__ni_k2_r2,2024-02-15_20-07-54,150,29,0.19333333333333333,59,1,0.01694915254237288,0.034482758620689655,0.3076923076923077,0.08766803039158387
hy_hierarchical__ni_k2_r2,2024-02-15_21-40-43,150,22,0.14666666666666667,20,2,0.1,0.09090909090909091,0.15384615384615385,0.6818181818181819
hy_hierarchical__ni_k2_r2,2024-02-15_21-57-38,150,44,0.29333333333333333,47,4,0.0851063829787234,0.09090909090909091,0.3883495145631068,0.2901353965183752
hy_hierarchical__ni_k2_r2,2024-02-17_21-44-37,150,27,0.18,47,7,0.14893617021276595,0.25925925925925924,0.1941747572815534,0.8274231678486996
hy_hierarchical__ni_k2_r2,2024-02-17_22-33-45,300,68,0.22666666666666666,82,5,0.06097560975609756,0.07352941176470588,0.2889908256880734,0.2690100430416069
hy_hierarchical__ni_k2_r2,2024-02-22_11-58-09,150,13,0.08666666666666667,13,1,0.07692307692307693,0.07692307692307693,0.08759124087591241,0.8875739644970414
hy_hierarchical__ni_k2_r2,2024-03-11_22-23-29,150,34,0.22666666666666666,21,5,0.23809523809523808,0.14705882352941177,0.2248062015503876,1.050420168067227
hy_hierarchical__ni_k2_r2,2024-04-08_22-49-18,150,16,0.10666666666666667,32,5,0.15625,0.3125,0.09322033898305085,1.46484375
hy_hierarchical__ni_k2_r2,2024-09-02_14-10-41,150,10,0.06666666666666667,25,0,0.0,0.0,0.08,0.0
hy_hierarchical__ni_k2_r2,2024-09-04_19-52-57,150,23,0.15333333333333332,32,1,0.03125,0.043478260869565216,0.1864406779661017,0.20380434782608695
hy_hierarchical__ni_k2_r2,2024-09-05_13-25-10,150,40,0.26666666666666666,14,1,0.07142857142857142,0.025,0.2867647058823529,0.26785714285714285
hy_hierarchical__ni_k2_r4,2024-02-15_20-07-54,150,43,0.2866666666666667,59,5,0.0847457627118644,0.11627906976744186,0.4175824175824176,0.29562475364603863
hy_hierarchical__ni_k2_r4,2024-02-15_21-40-43,150,26,0.17333333333333334,20,2,0.1,0.07692307692307693,0.18461538461538463,0.576923076923077
hy_hierarchical__ni_k2_r4,2024-02-15_21-57-38,150,63,0.42,47,5,0.10638297872340426,0.07936507936507936,0.5631067961165048,0.2532928064842958
hy_hierarchical__ni_k2_r4,2024-02-17_21-44-37,150,33,0.22,47,7,0.14893617021276595,0.21212121212121213,0.2524271844660194,0.6769825918762089
hy_hierarchical__ni_k2_r4,2024-02-17_22-33-45,300,89,0.2966666666666667,82,6,0.07317073170731707,0.06741573033707865,0.38073394495412843,0.24664291586736092
hy_hierarchical__ni_k2_r4,2024-02-22_11-58-09,150,17,0.11333333333333333,13,1,0.07692307692307693,0.058823529411764705,0.11678832116788321,0.6787330316742081
hy_hierarchical__ni_k2_r4,2024-03-11_22-23-29,150,40,0.26666666666666666,21,5,0.23809523809523808,0.125,0.2713178294573643,0.8928571428571428
hy_hierarchical__ni_k2_r4,2024-04-08_22-49-18,150,19,0.12666666666666668,32,5,0.15625,0.2631578947368421,0.11864406779661017,1.2335526315789471
hy_hierarchical__ni_k2_r4,2024-09-02_14-10-41,150,10,0.06666666666666667,25,0,0.0,0.0,0.08,0.0
hy_hierarchical__ni_k2_r4,2024-09-04_19-52-57,150,23,0.15333333333333332,32,1,0.03125,0.043478260869565216,0.1864406779661017,0.20380434782608695
hy_hierarchical__ni_k2_r4,2024-09-05_13-25-10,150,40,0.26666666666666666,14,1,0.07142857142857142,0.025,0.2867647058823529,0.26785714285714285
hy_hierarchical__ni_k3_r1,2024-02-15_20-07-54,150,17,0.11333333333333333,59,0,0.0,0.0,0.18681318681318682,0.0
hy_hierarchical__ni_k3_r1,2024-02-15_21-40-43,150,16,0.10666666666666667,20,2,0.1,0.125,0.1076923076923077,0.9375
hy_hierarchical__ni_k3_r1,2024-02-15_21-57-38,150,25,0.16666666666666666,47,2,0.0425531914893617,0.08,0.22330097087378642,0.2553191489361702
hy_hierarchical__ni_k3_r1,2024-02-17_21-44-37,150,18,0.12,47,5,0.10638297872340426,0.2777777777777778,0.1262135922330097,0.8865248226950354
hy_hierarchical__ni_k3_r1,2024-02-17_22-33-45,300,38,0.12666666666666668,82,4,0.04878048780487805,0.10526315789473684,0.1559633027522936,0.3851091142490372
hy_hierarchical__ni_k3_r1,2024-02-22_11-58-09,150,9,0.06,13,1,0.07692307692307693,0.1111111111111111,0.058394160583941604,1.282051282051282
hy_hierarchical__ni_k3_r1,2024-03-11_22-23-29,150,27,0.18,21,4,0.19047619047619047,0.14814814814814814,0.17829457364341086,1.0582010582010581
hy_hierarchical__ni_k3_r1,2024-04-08_22-49-18,150,12,0.08,32,4,0.125,0.3333333333333333,0.06779661016949153,1.5624999999999998
hy_hierarchical__ni_k3_r1,2024-09-02_14-10-41,150,10,0.06666666666666667,25,0,0.0,0.0,0.08,0.0
hy_hierarchical__ni_k3_r1,2024-09-04_19-52-57,150,23,0.15333333333333332,32,1,0.03125,0.043478260869565216,0.1864406779661017,0.20380434782608695
hy_hierarchical__ni_k3_r1,2024-09-05_13-25-10,150,40,0.26666666666666666,14,1,0.07142857142857142,0.025,0.2867647058823529,0.26785714285714285
hy_hierarchical__ni_k3_r2,2024-02-15_20-07-54,150,23,0.15333333333333332,59,0,0.0,0.0,0.25274725274725274,0.0
hy_hierarchical__ni_k3_r2,2024-02-15_21-40-43,150,16,0.10666666666666667,20,2,0.1,0.125,0.1076923076923077,0.9375
hy_hierarchical__ni_k3_r2,2024-02-15_21-57-38,150,28,0.18666666666666668,47,4,0.0851063829787234,0.14285714285714285,0.23300970873786409,0.4559270516717325
hy_hierarchical__ni_k3_r2,2024-02-17_21-44-37,150,18,0.12,47,5,0.10638297872340426,0.2777777777777778,0.1262135922330097,0.8865248226950354
hy_hierarchical__ni_k3_r2,2024-02-17_22-33-45,300,43,0.14333333333333334,82,4,0.04878048780487805,0.09302325581395349,0.17889908256880735,0.3403289846851957
hy_hierarchical__ni_k3_r2,2024-02-22_11-58-09,150,9,0.06,13,1,0.07692307692307693,0.1111111111111111,0.058394160583941604,1.282051282051282
hy_hierarchical__ni_k3_r2,2024-03-11_22-23-29,150,27,0.18,21,4,0.19047619047619047,0.14814814814814814,0.17829457364341086,1.0582010582010581
hy_hierarchical__ni_k3_r2,2024-04-08_22-49-18,150,12,0.08,32,4,0.125,0.3333333333333333,0.06779661016949153,1.5624999999999998
hy_hierarchical__ni_k3_r2,2024-09-02_14-10-41,150,10,0.06666666666666667,25,0,0.0,0.0,0.08,0.0
hy_hierarchical__ni_k3_r2,2024-09-04_19-52-57,150,23,0.15333333333333332,32,1,0.03125,0.043478260869565216,0.1864406779661017,0.20380434782608695
hy_hierarchical__ni_k3_r2,2024-09-05_13-25-10,150,40,0.26666666666666666,14,1,0.07142857142857142,0.025,0.2867647058823529,0.26785714285714285
hy_hierarchical__ni_k3_r4,2024-02-15_20-07-54,150,35,0.23333333333333334,59,4,0.06779661016949153,0.11428571428571428,0.34065934065934067,0.29055690072639223
hy_hierarchical__ni_k3_r4,2024-02-15_21-40-43,150,16,0.10666666666666667,20,2,0.1,0.125,0.1076923076923077,0.9375
hy_hierarchical__ni_k3_r4,2024-02-15_21-57-38,150,33,0.22,47,4,0.0851063829787234,0.12121212121212122,0.2815533980582524,0.38684719535783363
hy_hierarchical__ni_k3_r4,2024-02-17_21-44-37,150,18,0.12,47,5,0.10638297872340426,0.2777777777777778,0.1262135922330097,0.8865248226950354
hy_hierarchical__ni_k3_r4,2024-02-17_22-33-45,300,51,0.17,82,4,0.04878048780487805,0.0784313725490196,0.21559633027522937,0.2869440459110474
hy_hierarchical__ni_k3_r4,2024-02-22_11-58-09,150,9,0.06,13,1,0.07692307692307693,0.1111111111111111,0.058394160583941604,1.282051282051282
hy_hierarchical__ni_k3_r4,2024-03-11_22-23-29,150,27,0.18,21,4,0.19047619047619047,0.14814814814814814,0.17829457364341086,1.0582010582010581
hy_hierarchical__ni_k3_r4,2024-04-08_22-49-18,150,12,0.08,32,4,0.125,0.3333333333333333,0.06779661016949153,1.5624999999999998
hy_hierarchical__ni_k3_r4,2024-09-02_14-10-41,150,10,0.06666666666666667,25,0,0.0,0.0,0.08,0.0
hy_hierarchical__ni_k3_r4,2024-09-04_19-52-57,150,23,0.15333333333333332,32,1,0.03125,0.043478260869565216,0.1864406779661017,0.20380434782608695
hy_hierarchical__ni_k3_r4,2024-09-05_13-25-10,150,40,0.26666666666666666,14,1,0.07142857142857142,0.025,0.2867647058823529,0.26785714285714285
hy_hierarchical__ni_k5_r1,2024-02-15_20-07-54,150,11,0.07333333333333333,59,0,0.0,0.0,0.12087912087912088,0.0
hy_hierarchical__ni_k5_r1,2024-02-15_21-40-43,150,16,0.10666666666666667,20,2,0.1,0.125,0.1076923076923077,0.9375
hy_hierarchical__ni_k5_r1,2024-02-15_21-57-38,150,21,0.14,47,1,0.02127659574468085,0.047619047619047616,0.1941747572815534,0.1519756838905775
hy_hierarchical__ni_k5_r1,2024-02-17_21-44-37,150,18,0.12,47,5,0.10638297872340426,0.2777777777777778,0.1262135922330097,0.8865248226950354
hy_hierarchical__ni_k5_r1,2024-02-17_22-33-45,300,35,0.11666666666666667,82,4,0.04878048780487805,0.11428571428571428,0.14220183486238533,0.4181184668989547
hy_hierarchical__ni_k5_r1,2024-02-22_11-58-09,150,9,0.06,13,1,0.07692307692307693,0.1111111111111111,0.058394160583941604,1.282051282051282
hy_hierarchical__ni_k5_r1,2024-03-11_22-23-29,150,27,0.18,21,4,0.19047619047619047,0.14814814814814814,0.17829457364341086,1.0582010582010581
hy_hierarchical__ni_k5_r1,2024-04-08_22-49-18,150,12,0.08,32,4,0.125,0.3333333333333333,0.06779661016949153,1.5624999999999998
hy_hierarchical__ni_k5_r1,2024-09-02_14-10-41,150,10,0.06666666666666667,25,0,0.0,0.0,0.08,0.0
hy_hierarchical__ni_k5_r1,2024-09-04_19-52-57,150,23,0.15333333333333332,32,1,0.03125,0.043478260869565216,0.1864406779661017,0.20380434782608695
hy_hierarchical__ni_k5_r1,2024-09-05_13-25-10,150,40,0.26666666666666666,14,1,0.07142857142857142,0.025,0.2867647058823529,0.26785714285714285
hy_hierarchical__ni_k5_r2,2024-02-15_20-07-54,150,11,0.07333333333333333,59,0,0.0,0.0,0.12087912087912088,0.0
hy_hierarchical__ni_k5_r2,2024-02-15_21-40-43,150,16,0.10666666666666667,20,2,0.1,0.125,0.1076923076923077,0.9375
hy_hierarchical__ni_k5_r2,2024-02-15_21-57-38,150,21,0.14,47,1,0.02127659574468085,0.047619047619047616,0.1941747572815534,0.1519756838905775
hy_hierarchical__ni_k5_r2,2024-02-17_21-44-37,150,18,0.12,47,5,0.10638297872340426,0.2777777777777778,0.1262135922330097,0.8865248226950354
hy_hierarchical__ni_k5_r2,2024-02-17_22-33-45,300,35,0.11666666666666667,82,4,0.04878048780487805,0.11428571428571428,0.14220183486238533,0.4181184668989547
hy_hierarchical__ni_k5_r2,2024-02-22_11-58-09,150,9,0.06,13,1,0.07692307692307693,0.1111111111111111,0.058394160583941604,1.282051282051282
hy_hierarchical__ni_k5_r2,2024-03-11_22-23-29,150,27,0.18,21,4,0.19047619047619047,0.14814814814814814,0.17829457364341086,1.0582010582010581
hy_hierarchical__ni_k5_r2,2024-04-08_22-49-18,150,12,0.08,32,4,0.125,0.3333333333333333,0.06779661016949153,1.5624999999999998
hy_hierarchical__ni_k5_r2,2024-09-02_14-10-41,150,10,0.06666666666666667,25,0,0.0,0.0,0.08,0.0
hy_hierarchical__ni_k5_r2,2024-09-04_19-52-57,150,23,0.15333333333333332,32,1,0.03125,0.043478260869565216,0.1864406779661017,0.20380434782608695
hy_hierarchical__ni_k5_r2,2024-09-05_13-25-10,150,40,0.26666666666666666,14,1,0.07142857142857142,0.025,0.2867647058823529,0.26785714285714285
hy_hierarchical__ni_k5_r4,2024-02-15_20-07-54,150,11,0.07333333333333333,59,0,0.0,0.0,0.12087912087912088,0.0
hy_hierarchical__ni_k5_r4,2024-02-15_21-40-43,150,16,0.10666666666666667,20,2,0.1,0.125,0.1076923076923077,0.9375
hy_hierarchical__ni_k5_r4,2024-02-15_21-57-38,150,21,0.14,47,1,0.02127659574468085,0.047619047619047616,0.1941747572815534,0.1519756838905775
hy_hierarchical__ni_k5_r4,2024-02-17_21-44-37,150,18,0.12,47,5,0.10638297872340426,0.2777777777777778,0.1262135922330097,0.8865248226950354
hy_hierarchical__ni_k5_r4,2024-02-17_22-33-45,300,35,0.11666666666666667,82,4,0.04878048780487805,0.11428571428571428,0.14220183486238533,0.4181184668989547
hy_hierarchical__ni_k5_r4,2024-02-22_11-58-09,150,9,0.06,13,1,0.07692307692307693,0.1111111111111111,0.058394160583941604,1.282051282051282
hy_hierarchical__ni_k5_r4,2024-03-11_22-23-29,150,27,0.18,21,4,0.19047619047619047,0.14814814814814814,0.17829457364341086,1.0582010582010581
hy_hierarchical__ni_k5_r4,2024-04-08_22-49-18,150,12,0.08,32,4,0.125,0.3333333333333333,0.06779661016949153,1.5624999999999998
hy_hierarchical__ni_k5_r4,2024-09-02_14-10-41,150,10,0.06666666666666667,25,0,0.0,0.0,0.08,0.0
hy_hierarchical__ni_k5_r4,2024-09-04_19-52-57,150,23,0.15333333333333332,32,1,0.03125,0.043478260869565216,0.1864406779661017,0.20380434782608695
hy_hierarchical__ni_k5_r4,2024-09-05_13-25-10,150,40,0.26666666666666666,14,1,0.07142857142857142,0.025,0.2867647058823529,0.26785714285714285
