set_id,finger_id,gt_notes,errors,selected_notes,selected_errors,error_recall,precision,scope
mandatory_missing,L1,252,45,35,35,0.7777777777777778,1.0,all_gt
mandatory_missing,L2,207,25,19,19,0.76,1.0,all_gt
mandatory_missing,L3,110,20,15,15,0.75,1.0,all_gt
mandatory_missing,L4,38,13,8,8,0.6153846153846154,1.0,all_gt
mandatory_missing,L5,279,72,54,54,0.75,1.0,all_gt
mandatory_missing,R1,252,71,62,62,0.8732394366197183,1.0,all_gt
mandatory_missing,R2,193,19,11,11,0.5789473684210527,1.0,all_gt
mandatory_missing,R3,160,21,14,14,0.6666666666666666,1.0,all_gt
mandatory_missing,R4,136,40,18,18,0.45,1.0,all_gt
mandatory_missing,R5,173,66,39,39,0.5909090909090909,1.0,all_gt
mandatory_missing,L1,217,10,0,0,0.0,,assigned_gt
mandatory_missing,L2,188,6,0,0,0.0,,assigned_gt
mandatory_missing,L3,95,5,0,0,0.0,,assigned_gt
mandatory_missing,L4,30,5,0,0,0.0,,assigned_gt
mandatory_missing,L5,225,18,0,0,0.0,,assigned_gt
mandatory_missing,R1,190,9,0,0,0.0,,assigned_gt
mandatory_missing,R2,182,8,0,0,0.0,,assigned_gt
mandatory_missing,R3,146,7,0,0,0.0,,assigned_gt
mandatory_missing,R4,118,22,0,0,0.0,,assigned_gt
mandatory_missing,R5,134,27,0,0,0.0,,assigned_gt
legacy_current_default,L1,252,45,5,1,0.022222222222222223,0.2,all_gt
legacy_current_default,L2,207,25,5,0,0.0,0.0,all_gt
legacy_current_default,L3,110,20,5,1,0.05,0.2,all_gt
legacy_current_default,L4,38,13,5,0,0.0,0.0,all_gt
legacy_current_default,L5,279,72,21,5,0.06944444444444445,0.23809523809523808,all_gt
legacy_current_default,R1,252,71,7,2,0.028169014084507043,0.2857142857142857,all_gt
legacy_current_default,R2,193,19,2,0,0.0,0.0,all_gt
legacy_current_default,R3,160,21,8,0,0.0,0.0,all_gt
legacy_current_default,R4,136,40,15,7,0.175,0.4666666666666667,all_gt
legacy_current_default,R5,173,66,17,10,0.15151515151515152,0.5882352941176471,all_gt
legacy_current_default,L1,217,10,5,1,0.1,0.2,assigned_gt
legacy_current_default,L2,188,6,5,0,0.0,0.0,assigned_gt
legacy_current_default,L3,95,5,5,1,0.2,0.2,assigned_gt
legacy_current_default,L4,30,5,5,0,0.0,0.0,assigned_gt
legacy_current_default,L5,225,18,21,5,0.2777777777777778,0.23809523809523808,assigned_gt
legacy_current_default,R1,190,9,7,2,0.2222222222222222,0.2857142857142857,assigned_gt
legacy_current_default,R2,182,8,2,0,0.0,0.0,assigned_gt
legacy_current_default,R3,146,7,8,0,0.0,0.0,assigned_gt
legacy_current_default,R4,118,22,15,7,0.3181818181818182,0.4666666666666667,assigned_gt
legacy_current_default,R5,134,27,17,10,0.37037037037037035,0.5882352941176471,assigned_gt
bl_span_practical,L1,252,45,13,0,0.0,0.0,all_gt
bl_span_practical,L2,207,25,10,0,0.0,0.0,all_gt
bl_span_practical,L3,110,20,7,0,0.0,0.0,all_gt
bl_span_practical,L4,38,13,4,0,0.0,0.0,all_gt
bl_span_practical,L5,279,72,56,6,0.08333333333333333,0.10714285714285714,all_gt
bl_span_practical,R1,252,71,4,0,0.0,0.0,all_gt
bl_span_practical,R2,193,19,11,1,0.05263157894736842,0.09090909090909091,all_gt
bl_span_practical,R3,160,21,4,0,0.0,0.0,all_gt
bl_span_practical,R4,136,40,9,0,0.0,0.0,all_gt
bl_span_practical,R5,173,66,13,6,0.09090909090909091,0.46153846153846156,all_gt
bl_span_practical,L1,217,10,13,0,0.0,0.0,assigned_gt
bl_span_practical,L2,188,6,10,0,0.0,0.0,assigned_gt
bl_span_practical,L3,95,5,7,0,0.0,0.0,assigned_gt
bl_span_practical,L4,30,5,4,0,0.0,0.0,assigned_gt
bl_span_practical,L5,225,18,56,6,0.3333333333333333,0.10714285714285714,assigned_gt
bl_span_practical,R1,190,9,4,0,0.0,0.0,assigned_gt
bl_span_practical,R2,182,8,11,1,0.125,0.09090909090909091,assigned_gt
bl_span_practical,R3,146,7,4,0,0.0,0.0,assigned_gt
bl_span_practical,R4,118,22,9,0,0.0,0.0,assigned_gt
bl_span_practical,R5,134,27,13,6,0.2222222222222222,0.46153846153846156,assigned_gt
bl_span_comfortable,L1,252,45,24,0,0.0,0.0,all_gt
bl_span_comfortable,L2,207,25,22,0,0.0,0.0,all_gt
bl_span_comfortable,L3,110,20,20,0,0.0,0.0,all_gt
bl_span_comfortable,L4,38,13,8,0,0.0,0.0,all_gt
bl_span_comfortable,L5,279,72,66,9,0.125,0.13636363636363635,all_gt
bl_span_comfortable,R1,252,71,5,0,0.0,0.0,all_gt
bl_span_comfortable,R2,193,19,24,1,0.05263157894736842,0.041666666666666664,all_gt
bl_span_comfortable,R3,160,21,17,1,0.047619047619047616,0.058823529411764705,all_gt
bl_span_comfortable,R4,136,40,21,2,0.05,0.09523809523809523,all_gt
bl_span_comfortable,R5,173,66,26,9,0.13636363636363635,0.34615384615384615,all_gt
bl_span_comfortable,L1,217,10,24,0,0.0,0.0,assigned_gt
bl_span_comfortable,L2,188,6,22,0,0.0,0.0,assigned_gt
bl_span_comfortable,L3,95,5,20,0,0.0,0.0,assigned_gt
bl_span_comfortable,L4,30,5,8,0,0.0,0.0,assigned_gt
bl_span_comfortable,L5,225,18,66,9,0.5,0.13636363636363635,assigned_gt
bl_span_comfortable,R1,190,9,5,0,0.0,0.0,assigned_gt
bl_span_comfortable,R2,182,8,24,1,0.125,0.041666666666666664,assigned_gt
bl_span_comfortable,R3,146,7,17,1,0.14285714285714285,0.058823529411764705,assigned_gt
bl_span_comfortable,R4,118,22,21,2,0.09090909090909091,0.09523809523809523,assigned_gt
bl_span_comfortable,R5,134,27,26,9,0.3333333333333333,0.34615384615384615,assigned_gt
bl_span_relative,L1,252,45,92,2,0.044444444444444446,0.021739130434782608,all_gt
bl_span_relative,L2,207,25,82,3,0.12,0.036585365853658534,all_gt
bl_span_relative,L3,110,20,33,3,0.15,0.09090909090909091,all_gt
bl_span_relative,L4,38,13,13,3,0.23076923076923078,0.23076923076923078,all_gt
bl_span_relative,L5,279,72,124,12,0.16666666666666666,0.0967741935483871,all_gt
bl_span_relative,R1,252,71,46,6,0.08450704225352113,0.13043478260869565,all_gt
bl_span_relative,R2,193,19,59,2,0.10526315789473684,0.03389830508474576,all_gt
bl_span_relative,R3,160,21,55,5,0.23809523809523808,0.09090909090909091,all_gt
bl_span_relative,R4,136,40,45,12,0.3,0.26666666666666666,all_gt
bl_span_relative,R5,173,66,75,12,0.18181818181818182,0.16,all_gt
bl_span_relative,L1,217,10,92,2,0.2,0.021739130434782608,assigned_gt
bl_span_relative,L2,188,6,82,3,0.5,0.036585365853658534,assigned_gt
bl_span_relative,L3,95,5,33,3,0.6,0.09090909090909091,assigned_gt
bl_span_relative,L4,30,5,13,3,0.6,0.23076923076923078,assigned_gt
bl_span_relative,L5,225,18,124,12,0.6666666666666666,0.0967741935483871,assigned_gt
bl_span_relative,R1,190,9,46,6,0.6666666666666666,0.13043478260869565,assigned_gt
bl_span_relative,R2,182,8,59,2,0.25,0.03389830508474576,assigned_gt
bl_span_relative,R3,146,7,55,5,0.7142857142857143,0.09090909090909091,assigned_gt
bl_span_relative,R4,118,22,45,12,0.5454545454545454,0.26666666666666666,assigned_gt
bl_span_relative,R5,134,27,75,12,0.4444444444444444,0.16,assigned_gt
bl_crossing,L1,252,45,0,0,0.0,,all_gt
bl_crossing,L2,207,25,1,0,0.0,0.0,all_gt
bl_crossing,L3,110,20,1,0,0.0,0.0,all_gt
bl_crossing,L4,38,13,1,0,0.0,0.0,all_gt
bl_crossing,L5,279,72,6,3,0.041666666666666664,0.5,all_gt
bl_crossing,R1,252,71,0,0,0.0,,all_gt
bl_crossing,R2,193,19,0,0,0.0,,all_gt
bl_crossing,R3,160,21,2,0,0.0,0.0,all_gt
bl_crossing,R4,136,40,3,0,0.0,0.0,all_gt
bl_crossing,R5,173,66,6,4,0.06060606060606061,0.6666666666666666,all_gt
bl_crossing,L1,217,10,0,0,0.0,,assigned_gt
bl_crossing,L2,188,6,1,0,0.0,0.0,assigned_gt
bl_crossing,L3,95,5,1,0,0.0,0.0,assigned_gt
bl_crossing,L4,30,5,1,0,0.0,0.0,assigned_gt
bl_crossing,L5,225,18,6,3,0.16666666666666666,0.5,assigned_gt
bl_crossing,R1,190,9,0,0,0.0,,assigned_gt
bl_crossing,R2,182,8,0,0,0.0,,assigned_gt
bl_crossing,R3,146,7,2,0,0.0,0.0,assigned_gt
bl_crossing,R4,118,22,3,0,0.0,0.0,assigned_gt
bl_crossing,R5,134,27,6,4,0.14814814814814814,0.6666666666666666,assigned_gt
bl_step_crossing,L1,252,45,0,0,0.0,,all_gt
bl_step_crossing,L2,207,25,0,0,0.0,,all_gt
bl_step_crossing,L3,110,20,1,0,0.0,0.0,all_gt
bl_step_crossing,L4,38,13,0,0,0.0,,all_gt
bl_step_crossing,L5,279,72,0,0,0.0,,all_gt
bl_step_crossing,R1,252,71,0,0,0.0,,all_gt
bl_step_crossing,R2,193,19,0,0,0.0,,all_gt
bl_step_crossing,R3,160,21,1,0,0.0,0.0,all_gt
bl_step_crossing,R4,136,40,1,0,0.0,0.0,all_gt
bl_step_crossing,R5,173,66,4,3,0.045454545454545456,0.75,all_gt
bl_step_crossing,L1,217,10,0,0,0.0,,assigned_gt
bl_step_crossing,L2,188,6,0,0,0.0,,assigned_gt
bl_step_crossing,L3,95,5,1,0,0.0,0.0,assigned_gt
bl_step_crossing,L4,30,5,0,0,0.0,,assigned_gt
bl_step_crossing,L5,225,18,0,0,0.0,,assigned_gt
bl_step_crossing,R1,190,9,0,0,0.0,,assigned_gt
bl_step_crossing,R2,182,8,0,0,0.0,,assigned_gt
bl_step_crossing,R3,146,7,1,0,0.0,0.0,assigned_gt
bl_step_crossing,R4,118,22,1,0,0.0,0.0,assigned_gt
bl_step_crossing,R5,134,27,4,3,0.1111111111111111,0.75,assigned_gt
bl_rate_q995,L1,252,45,2,0,0.0,0.0,all_gt
bl_rate_q995,L2,207,25,0,0,0.0,,all_gt
bl_rate_q995,L3,110,20,0,0,0.0,,all_gt
bl_rate_q995,L4,38,13,0,0,0.0,,all_gt
bl_rate_q995,L5,279,72,1,0,0.0,0.0,all_gt
bl_rate_q995,R1,252,71,3,0,0.0,0.0,all_gt
bl_rate_q995,R2,193,19,0,0,0.0,,all_gt
bl_rate_q995,R3,160,21,0,0,0.0,,all_gt
bl_rate_q995,R4,136,40,1,1,0.025,1.0,all_gt
bl_rate_q995,R5,173,66,1,1,0.015151515151515152,1.0,all_gt
bl_rate_q995,L1,217,10,2,0,0.0,0.0,assigned_gt
bl_rate_q995,L2,188,6,0,0,0.0,,assigned_gt
bl_rate_q995,L3,95,5,0,0,0.0,,assigned_gt
bl_rate_q995,L4,30,5,0,0,0.0,,assigned_gt
bl_rate_q995,L5,225,18,1,0,0.0,0.0,assigned_gt
bl_rate_q995,R1,190,9,3,0,0.0,0.0,assigned_gt
bl_rate_q995,R2,182,8,0,0,0.0,,assigned_gt
bl_rate_q995,R3,146,7,0,0,0.0,,assigned_gt
bl_rate_q995,R4,118,22,1,1,0.045454545454545456,1.0,assigned_gt
bl_rate_q995,R5,134,27,1,1,0.037037037037037035,1.0,assigned_gt
bl_rate_q990,L1,252,45,2,0,0.0,0.0,all_gt
bl_rate_q990,L2,207,25,2,0,0.0,0.0,all_gt
bl_rate_q990,L3,110,20,0,0,0.0,,all_gt
bl_rate_q990,L4,38,13,0,0,0.0,,all_gt
bl_rate_q990,L5,279,72,4,1,0.013888888888888888,0.25,all_gt
bl_rate_q990,R1,252,71,4,0,0.0,0.0,all_gt
bl_rate_q990,R2,193,19,0,0,0.0,,all_gt
bl_rate_q990,R3,160,21,1,1,0.047619047619047616,1.0,all_gt
bl_rate_q990,R4,136,40,1,1,0.025,1.0,all_gt
bl_rate_q990,R5,173,66,3,1,0.015151515151515152,0.3333333333333333,all_gt
bl_rate_q990,L1,217,10,2,0,0.0,0.0,assigned_gt
bl_rate_q990,L2,188,6,2,0,0.0,0.0,assigned_gt
bl_rate_q990,L3,95,5,0,0,0.0,,assigned_gt
bl_rate_q990,L4,30,5,0,0,0.0,,assigned_gt
bl_rate_q990,L5,225,18,4,1,0.05555555555555555,0.25,assigned_gt
bl_rate_q990,R1,190,9,4,0,0.0,0.0,assigned_gt
bl_rate_q990,R2,182,8,0,0,0.0,,assigned_gt
bl_rate_q990,R3,146,7,1,1,0.14285714285714285,1.0,assigned_gt
bl_rate_q990,R4,118,22,1,1,0.045454545454545456,1.0,assigned_gt
bl_rate_q990,R5,134,27,3,1,0.037037037037037035,0.3333333333333333,assigned_gt
bl_rate_q975,L1,252,45,6,0,0.0,0.0,all_gt
bl_rate_q975,L2,207,25,3,0,0.0,0.0,all_gt
bl_rate_q975,L3,110,20,0,0,0.0,,all_gt
bl_rate_q975,L4,38,13,1,1,0.07692307692307693,1.0,all_gt
bl_rate_q975,L5,279,72,8,1,0.013888888888888888,0.125,all_gt
bl_rate_q975,R1,252,71,11,0,0.0,0.0,all_gt
bl_rate_q975,R2,193,19,0,0,0.0,,all_gt
bl_rate_q975,R3,160,21,3,1,0.047619047619047616,0.3333333333333333,all_gt
bl_rate_q975,R4,136,40,3,2,0.05,0.6666666666666666,all_gt
bl_rate_q975,R5,173,66,7,1,0.015151515151515152,0.14285714285714285,all_gt
bl_rate_q975,L1,217,10,6,0,0.0,0.0,assigned_gt
bl_rate_q975,L2,188,6,3,0,0.0,0.0,assigned_gt
bl_rate_q975,L3,95,5,0,0,0.0,,assigned_gt
bl_rate_q975,L4,30,5,1,1,0.2,1.0,assigned_gt
bl_rate_q975,L5,225,18,8,1,0.05555555555555555,0.125,assigned_gt
bl_rate_q975,R1,190,9,11,0,0.0,0.0,assigned_gt
bl_rate_q975,R2,182,8,0,0,0.0,,assigned_gt
bl_rate_q975,R3,146,7,3,1,0.14285714285714285,0.3333333333333333,assigned_gt
bl_rate_q975,R4,118,22,3,2,0.09090909090909091,0.6666666666666666,assigned_gt
bl_rate_q975,R5,134,27,7,1,0.037037037037037035,0.14285714285714285,assigned_gt
bl_hmm_disagreement,L1,252,45,87,7,0.15555555555555556,0.08045977011494253,all_gt
bl_hmm_disagreement,L2,207,25,157,3,0.12,0.01910828025477707,all_gt
bl_hmm_disagreement,L3,110,20,90,4,0.2,0.044444444444444446,all_gt
bl_hmm_disagreement,L4,38,13,30,5,0.38461538461538464,0.16666666666666666,all_gt
bl_hmm_disagreement,L5,279,72,124,17,0.2361111111111111,0.13709677419354838,all_gt
bl_hmm_disagreement,R1,252,71,81,4,0.056338028169014086,0.04938271604938271,all_gt
bl_hmm_disagreement,R2,193,19,121,7,0.3684210526315789,0.05785123966942149,all_gt
bl_hmm_disagreement,R3,160,21,127,5,0.23809523809523808,0.03937007874015748,all_gt
bl_hmm_disagreement,R4,136,40,109,18,0.45,0.1651376146788991,all_gt
bl_hmm_disagreement,R5,173,66,83,25,0.3787878787878788,0.30120481927710846,all_gt
bl_hmm_disagreement,L1,217,10,87,7,0.7,0.08045977011494253,assigned_gt
bl_hmm_disagreement,L2,188,6,157,3,0.5,0.01910828025477707,assigned_gt
bl_hmm_disagreement,L3,95,5,90,4,0.8,0.044444444444444446,assigned_gt
bl_hmm_disagreement,L4,30,5,30,5,1.0,0.16666666666666666,assigned_gt
bl_hmm_disagreement,L5,225,18,124,17,0.9444444444444444,0.13709677419354838,assigned_gt
bl_hmm_disagreement,R1,190,9,81,4,0.4444444444444444,0.04938271604938271,assigned_gt
bl_hmm_disagreement,R2,182,8,121,7,0.875,0.05785123966942149,assigned_gt
bl_hmm_disagreement,R3,146,7,127,5,0.7142857142857143,0.03937007874015748,assigned_gt
bl_hmm_disagreement,R4,118,22,109,18,0.8181818181818182,0.1651376146788991,assigned_gt
bl_hmm_disagreement,R5,134,27,83,25,0.9259259259259259,0.30120481927710846,assigned_gt
bl_practical_or_rate995,L1,252,45,15,0,0.0,0.0,all_gt
bl_practical_or_rate995,L2,207,25,10,0,0.0,0.0,all_gt
bl_practical_or_rate995,L3,110,20,7,0,0.0,0.0,all_gt
bl_practical_or_rate995,L4,38,13,4,0,0.0,0.0,all_gt
bl_practical_or_rate995,L5,279,72,57,6,0.08333333333333333,0.10526315789473684,all_gt
bl_practical_or_rate995,R1,252,71,7,0,0.0,0.0,all_gt
bl_practical_or_rate995,R2,193,19,11,1,0.05263157894736842,0.09090909090909091,all_gt
bl_practical_or_rate995,R3,160,21,4,0,0.0,0.0,all_gt
bl_practical_or_rate995,R4,136,40,10,1,0.025,0.1,all_gt
bl_practical_or_rate995,R5,173,66,14,7,0.10606060606060606,0.5,all_gt
bl_practical_or_rate995,L1,217,10,15,0,0.0,0.0,assigned_gt
bl_practical_or_rate995,L2,188,6,10,0,0.0,0.0,assigned_gt
bl_practical_or_rate995,L3,95,5,7,0,0.0,0.0,assigned_gt
bl_practical_or_rate995,L4,30,5,4,0,0.0,0.0,assigned_gt
bl_practical_or_rate995,L5,225,18,57,6,0.3333333333333333,0.10526315789473684,assigned_gt
bl_practical_or_rate995,R1,190,9,7,0,0.0,0.0,assigned_gt
bl_practical_or_rate995,R2,182,8,11,1,0.125,0.09090909090909091,assigned_gt
bl_practical_or_rate995,R3,146,7,4,0,0.0,0.0,assigned_gt
bl_practical_or_rate995,R4,118,22,10,1,0.045454545454545456,0.1,assigned_gt
bl_practical_or_rate995,R5,134,27,14,7,0.25925925925925924,0.5,assigned_gt
bl_practical_or_crossing,L1,252,45,13,0,0.0,0.0,all_gt
bl_practical_or_crossing,L2,207,25,10,0,0.0,0.0,all_gt
bl_practical_or_crossing,L3,110,20,7,0,0.0,0.0,all_gt
bl_practical_or_crossing,L4,38,13,4,0,0.0,0.0,all_gt
bl_practical_or_crossing,L5,279,72,56,6,0.08333333333333333,0.10714285714285714,all_gt
bl_practical_or_crossing,R1,252,71,4,0,0.0,0.0,all_gt
bl_practical_or_crossing,R2,193,19,11,1,0.05263157894736842,0.09090909090909091,all_gt
bl_practical_or_crossing,R3,160,21,4,0,0.0,0.0,all_gt
bl_practical_or_crossing,R4,136,40,9,0,0.0,0.0,all_gt
bl_practical_or_crossing,R5,173,66,13,6,0.09090909090909091,0.46153846153846156,all_gt
bl_practical_or_crossing,L1,217,10,13,0,0.0,0.0,assigned_gt
bl_practical_or_crossing,L2,188,6,10,0,0.0,0.0,assigned_gt
bl_practical_or_crossing,L3,95,5,7,0,0.0,0.0,assigned_gt
bl_practical_or_crossing,L4,30,5,4,0,0.0,0.0,assigned_gt
bl_practical_or_crossing,L5,225,18,56,6,0.3333333333333333,0.10714285714285714,assigned_gt
bl_practical_or_crossing,R1,190,9,4,0,0.0,0.0,assigned_gt
bl_practical_or_crossing,R2,182,8,11,1,0.125,0.09090909090909091,assigned_gt
bl_practical_or_crossing,R3,146,7,4,0,0.0,0.0,assigned_gt
bl_practical_or_crossing,R4,118,22,9,0,0.0,0.0,assigned_gt
bl_practical_or_crossing,R5,134,27,13,6,0.2222222222222222,0.46153846153846156,assigned_gt
bl_two_signal_strict,L1,252,45,1,0,0.0,0.0,all_gt
bl_two_signal_strict,L2,207,25,9,0,0.0,0.0,all_gt
bl_two_signal_strict,L3,110,20,7,0,0.0,0.0,all_gt
bl_two_signal_strict,L4,38,13,4,0,0.0,0.0,all_gt
bl_two_signal_strict,L5,279,72,28,7,0.09722222222222222,0.25,all_gt
bl_two_signal_strict,R1,252,71,2,0,0.0,0.0,all_gt
bl_two_signal_strict,R2,193,19,7,1,0.05263157894736842,0.14285714285714285,all_gt
bl_two_signal_strict,R3,160,21,5,1,0.047619047619047616,0.2,all_gt
bl_two_signal_strict,R4,136,40,9,0,0.0,0.0,all_gt
bl_two_signal_strict,R5,173,66,14,7,0.10606060606060606,0.5,all_gt
bl_two_signal_strict,L1,217,10,1,0,0.0,0.0,assigned_gt
bl_two_signal_strict,L2,188,6,9,0,0.0,0.0,assigned_gt
bl_two_signal_strict,L3,95,5,7,0,0.0,0.0,assigned_gt
bl_two_signal_strict,L4,30,5,4,0,0.0,0.0,assigned_gt
bl_two_signal_strict,L5,225,18,28,7,0.3888888888888889,0.25,assigned_gt
bl_two_signal_strict,R1,190,9,2,0,0.0,0.0,assigned_gt
bl_two_signal_strict,R2,182,8,7,1,0.125,0.14285714285714285,assigned_gt
bl_two_signal_strict,R3,146,7,5,1,0.14285714285714285,0.2,assigned_gt
bl_two_signal_strict,R4,118,22,9,0,0.0,0.0,assigned_gt
bl_two_signal_strict,R5,134,27,14,7,0.25925925925925924,0.5,assigned_gt
wl_model_agreement,L1,252,45,87,7,0.15555555555555556,0.08045977011494253,all_gt
wl_model_agreement,L2,207,25,157,3,0.12,0.01910828025477707,all_gt
wl_model_agreement,L3,110,20,90,4,0.2,0.044444444444444446,all_gt
wl_model_agreement,L4,38,13,30,5,0.38461538461538464,0.16666666666666666,all_gt
wl_model_agreement,L5,279,72,124,17,0.2361111111111111,0.13709677419354838,all_gt
wl_model_agreement,R1,252,71,81,4,0.056338028169014086,0.04938271604938271,all_gt
wl_model_agreement,R2,193,19,121,7,0.3684210526315789,0.05785123966942149,all_gt
wl_model_agreement,R3,160,21,127,5,0.23809523809523808,0.03937007874015748,all_gt
wl_model_agreement,R4,136,40,109,18,0.45,0.1651376146788991,all_gt
wl_model_agreement,R5,173,66,83,25,0.3787878787878788,0.30120481927710846,all_gt
wl_model_agreement,L1,217,10,87,7,0.7,0.08045977011494253,assigned_gt
wl_model_agreement,L2,188,6,157,3,0.5,0.01910828025477707,assigned_gt
wl_model_agreement,L3,95,5,90,4,0.8,0.044444444444444446,assigned_gt
wl_model_agreement,L4,30,5,30,5,1.0,0.16666666666666666,assigned_gt
wl_model_agreement,L5,225,18,124,17,0.9444444444444444,0.13709677419354838,assigned_gt
wl_model_agreement,R1,190,9,81,4,0.4444444444444444,0.04938271604938271,assigned_gt
wl_model_agreement,R2,182,8,121,7,0.875,0.05785123966942149,assigned_gt
wl_model_agreement,R3,146,7,127,5,0.7142857142857143,0.03937007874015748,assigned_gt
wl_model_agreement,R4,118,22,109,18,0.8181818181818182,0.1651376146788991,assigned_gt
wl_model_agreement,R5,134,27,83,25,0.9259259259259259,0.30120481927710846,assigned_gt
wl_strict_obvious,L1,252,45,150,7,0.15555555555555556,0.04666666666666667,all_gt
wl_strict_obvious,L2,207,25,170,5,0.2,0.029411764705882353,all_gt
wl_strict_obvious,L3,110,20,92,5,0.25,0.05434782608695652,all_gt
wl_strict_obvious,L4,38,13,30,5,0.38461538461538464,0.16666666666666666,all_gt
wl_strict_obvious,L5,279,72,188,17,0.2361111111111111,0.09042553191489362,all_gt
wl_strict_obvious,R1,252,71,114,8,0.11267605633802817,0.07017543859649122,all_gt
wl_strict_obvious,R2,193,19,137,8,0.42105263157894735,0.058394160583941604,all_gt
wl_strict_obvious,R3,160,21,130,7,0.3333333333333333,0.05384615384615385,all_gt
wl_strict_obvious,R4,136,40,113,20,0.5,0.17699115044247787,all_gt
wl_strict_obvious,R5,173,66,115,27,0.4090909090909091,0.23478260869565218,all_gt
wl_strict_obvious,L1,217,10,150,7,0.7,0.04666666666666667,assigned_gt
wl_strict_obvious,L2,188,6,170,5,0.8333333333333334,0.029411764705882353,assigned_gt
wl_strict_obvious,L3,95,5,92,5,1.0,0.05434782608695652,assigned_gt
wl_strict_obvious,L4,30,5,30,5,1.0,0.16666666666666666,assigned_gt
wl_strict_obvious,L5,225,18,188,17,0.9444444444444444,0.09042553191489362,assigned_gt
wl_strict_obvious,R1,190,9,114,8,0.8888888888888888,0.07017543859649122,assigned_gt
wl_strict_obvious,R2,182,8,137,8,1.0,0.058394160583941604,assigned_gt
wl_strict_obvious,R3,146,7,130,7,1.0,0.05384615384615385,assigned_gt
wl_strict_obvious,R4,118,22,113,20,0.9090909090909091,0.17699115044247787,assigned_gt
wl_strict_obvious,R5,134,27,115,27,1.0,0.23478260869565218,assigned_gt
hy_direct_plus_corroborated,L1,252,45,14,0,0.0,0.0,all_gt
hy_direct_plus_corroborated,L2,207,25,10,0,0.0,0.0,all_gt
hy_direct_plus_corroborated,L3,110,20,7,0,0.0,0.0,all_gt
hy_direct_plus_corroborated,L4,38,13,4,0,0.0,0.0,all_gt
hy_direct_plus_corroborated,L5,279,72,57,7,0.09722222222222222,0.12280701754385964,all_gt
hy_direct_plus_corroborated,R1,252,71,6,0,0.0,0.0,all_gt
hy_direct_plus_corroborated,R2,193,19,11,1,0.05263157894736842,0.09090909090909091,all_gt
hy_direct_plus_corroborated,R3,160,21,5,1,0.047619047619047616,0.2,all_gt
hy_direct_plus_corroborated,R4,136,40,9,0,0.0,0.0,all_gt
hy_direct_plus_corroborated,R5,173,66,16,7,0.10606060606060606,0.4375,all_gt
hy_direct_plus_corroborated,L1,217,10,14,0,0.0,0.0,assigned_gt
hy_direct_plus_corroborated,L2,188,6,10,0,0.0,0.0,assigned_gt
hy_direct_plus_corroborated,L3,95,5,7,0,0.0,0.0,assigned_gt
hy_direct_plus_corroborated,L4,30,5,4,0,0.0,0.0,assigned_gt
hy_direct_plus_corroborated,L5,225,18,57,7,0.3888888888888889,0.12280701754385964,assigned_gt
hy_direct_plus_corroborated,R1,190,9,6,0,0.0,0.0,assigned_gt
hy_direct_plus_corroborated,R2,182,8,11,1,0.125,0.09090909090909091,assigned_gt
hy_direct_plus_corroborated,R3,146,7,5,1,0.14285714285714285,0.2,assigned_gt
hy_direct_plus_corroborated,R4,118,22,9,0,0.0,0.0,assigned_gt
hy_direct_plus_corroborated,R5,134,27,16,7,0.25925925925925924,0.4375,assigned_gt
hy_two_of_three_families,L1,252,45,5,0,0.0,0.0,all_gt
hy_two_of_three_families,L2,207,25,20,0,0.0,0.0,all_gt
hy_two_of_three_families,L3,110,20,20,0,0.0,0.0,all_gt
hy_two_of_three_families,L4,38,13,8,0,0.0,0.0,all_gt
hy_two_of_three_families,L5,279,72,36,10,0.1388888888888889,0.2777777777777778,all_gt
hy_two_of_three_families,R1,252,71,3,0,0.0,0.0,all_gt
hy_two_of_three_families,R2,193,19,20,1,0.05263157894736842,0.05,all_gt
hy_two_of_three_families,R3,160,21,17,2,0.09523809523809523,0.11764705882352941,all_gt
hy_two_of_three_families,R4,136,40,19,2,0.05,0.10526315789473684,all_gt
hy_two_of_three_families,R5,173,66,21,9,0.13636363636363635,0.42857142857142855,all_gt
hy_two_of_three_families,L1,217,10,5,0,0.0,0.0,assigned_gt
hy_two_of_three_families,L2,188,6,20,0,0.0,0.0,assigned_gt
hy_two_of_three_families,L3,95,5,20,0,0.0,0.0,assigned_gt
hy_two_of_three_families,L4,30,5,8,0,0.0,0.0,assigned_gt
hy_two_of_three_families,L5,225,18,36,10,0.5555555555555556,0.2777777777777778,assigned_gt
hy_two_of_three_families,R1,190,9,3,0,0.0,0.0,assigned_gt
hy_two_of_three_families,R2,182,8,20,1,0.125,0.05,assigned_gt
hy_two_of_three_families,R3,146,7,17,2,0.2857142857142857,0.11764705882352941,assigned_gt
hy_two_of_three_families,R4,118,22,19,2,0.09090909090909091,0.10526315789473684,assigned_gt
hy_two_of_three_families,R5,134,27,21,9,0.3333333333333333,0.42857142857142855,assigned_gt
hy_hierarchical,L1,252,45,18,0,0.0,0.0,all_gt
hy_hierarchical,L2,207,25,21,0,0.0,0.0,all_gt
hy_hierarchical,L3,110,20,20,0,0.0,0.0,all_gt
hy_hierarchical,L4,38,13,8,0,0.0,0.0,all_gt
hy_hierarchical,L5,279,72,65,10,0.1388888888888889,0.15384615384615385,all_gt
hy_hierarchical,R1,252,71,7,0,0.0,0.0,all_gt
hy_hierarchical,R2,193,19,24,1,0.05263157894736842,0.041666666666666664,all_gt
hy_hierarchical,R3,160,21,17,2,0.09523809523809523,0.11764705882352941,all_gt
hy_hierarchical,R4,136,40,18,1,0.025,0.05555555555555555,all_gt
hy_hierarchical,R5,173,66,24,9,0.13636363636363635,0.375,all_gt
hy_hierarchical,L1,217,10,18,0,0.0,0.0,assigned_gt
hy_hierarchical,L2,188,6,21,0,0.0,0.0,assigned_gt
hy_hierarchical,L3,95,5,20,0,0.0,0.0,assigned_gt
hy_hierarchical,L4,30,5,8,0,0.0,0.0,assigned_gt
hy_hierarchical,L5,225,18,65,10,0.5555555555555556,0.15384615384615385,assigned_gt
hy_hierarchical,R1,190,9,7,0,0.0,0.0,assigned_gt
hy_hierarchical,R2,182,8,24,1,0.125,0.041666666666666664,assigned_gt
hy_hierarchical,R3,146,7,17,2,0.2857142857142857,0.11764705882352941,assigned_gt
hy_hierarchical,R4,118,22,18,1,0.045454545454545456,0.05555555555555555,assigned_gt
hy_hierarchical,R5,134,27,24,9,0.3333333333333333,0.375,assigned_gt
ni_k2_r1,L1,252,45,10,0,0.0,0.0,all_gt
ni_k2_r1,L2,207,25,6,1,0.04,0.16666666666666666,all_gt
ni_k2_r1,L3,110,20,2,0,0.0,0.0,all_gt
ni_k2_r1,L4,38,13,0,0,0.0,,all_gt
ni_k2_r1,L5,279,72,7,0,0.0,0.0,all_gt
ni_k2_r1,R1,252,71,14,1,0.014084507042253521,0.07142857142857142,all_gt
ni_k2_r1,R2,193,19,6,0,0.0,0.0,all_gt
ni_k2_r1,R3,160,21,10,0,0.0,0.0,all_gt
ni_k2_r1,R4,136,40,6,0,0.0,0.0,all_gt
ni_k2_r1,R5,173,66,10,4,0.06060606060606061,0.4,all_gt
ni_k2_r1,L1,217,10,10,0,0.0,0.0,assigned_gt
ni_k2_r1,L2,188,6,6,1,0.16666666666666666,0.16666666666666666,assigned_gt
ni_k2_r1,L3,95,5,2,0,0.0,0.0,assigned_gt
ni_k2_r1,L4,30,5,0,0,0.0,,assigned_gt
ni_k2_r1,L5,225,18,7,0,0.0,0.0,assigned_gt
ni_k2_r1,R1,190,9,14,1,0.1111111111111111,0.07142857142857142,assigned_gt
ni_k2_r1,R2,182,8,6,0,0.0,0.0,assigned_gt
ni_k2_r1,R3,146,7,10,0,0.0,0.0,assigned_gt
ni_k2_r1,R4,118,22,6,0,0.0,0.0,assigned_gt
ni_k2_r1,R5,134,27,10,4,0.14814814814814814,0.4,assigned_gt
ni_k2_r2,L1,252,45,14,0,0.0,0.0,all_gt
ni_k2_r2,L2,207,25,14,1,0.04,0.07142857142857142,all_gt
ni_k2_r2,L3,110,20,7,0,0.0,0.0,all_gt
ni_k2_r2,L4,38,13,1,0,0.0,0.0,all_gt
ni_k2_r2,L5,279,72,13,2,0.027777777777777776,0.15384615384615385,all_gt
ni_k2_r2,R1,252,71,21,3,0.04225352112676056,0.14285714285714285,all_gt
ni_k2_r2,R2,193,19,13,0,0.0,0.0,all_gt
ni_k2_r2,R3,160,21,16,0,0.0,0.0,all_gt
ni_k2_r2,R4,136,40,13,2,0.05,0.15384615384615385,all_gt
ni_k2_r2,R5,173,66,16,6,0.09090909090909091,0.375,all_gt
ni_k2_r2,L1,217,10,14,0,0.0,0.0,assigned_gt
ni_k2_r2,L2,188,6,14,1,0.16666666666666666,0.07142857142857142,assigned_gt
ni_k2_r2,L3,95,5,7,0,0.0,0.0,assigned_gt
ni_k2_r2,L4,30,5,1,0,0.0,0.0,assigned_gt
ni_k2_r2,L5,225,18,13,2,0.1111111111111111,0.15384615384615385,assigned_gt
ni_k2_r2,R1,190,9,21,3,0.3333333333333333,0.14285714285714285,assigned_gt
ni_k2_r2,R2,182,8,13,0,0.0,0.0,assigned_gt
ni_k2_r2,R3,146,7,16,0,0.0,0.0,assigned_gt
ni_k2_r2,R4,118,22,13,2,0.09090909090909091,0.15384615384615385,assigned_gt
ni_k2_r2,R5,134,27,16,6,0.2222222222222222,0.375,assigned_gt
ni_k2_r4,L1,252,45,29,0,0.0,0.0,all_gt
ni_k2_r4,L2,207,25,28,1,0.04,0.03571428571428571,all_gt
ni_k2_r4,L3,110,20,10,0,0.0,0.0,all_gt
ni_k2_r4,L4,38,13,2,0,0.0,0.0,all_gt
ni_k2_r4,L5,279,72,25,3,0.041666666666666664,0.12,all_gt
ni_k2_r4,R1,252,71,28,3,0.04225352112676056,0.10714285714285714,all_gt
ni_k2_r4,R2,193,19,20,0,0.0,0.0,all_gt
ni_k2_r4,R3,160,21,27,0,0.0,0.0,all_gt
ni_k2_r4,R4,136,40,28,6,0.15,0.21428571428571427,all_gt
ni_k2_r4,R5,173,66,27,8,0.12121212121212122,0.2962962962962963,all_gt
ni_k2_r4,L1,217,10,29,0,0.0,0.0,assigned_gt
ni_k2_r4,L2,188,6,28,1,0.16666666666666666,0.03571428571428571,assigned_gt
ni_k2_r4,L3,95,5,10,0,0.0,0.0,assigned_gt
ni_k2_r4,L4,30,5,2,0,0.0,0.0,assigned_gt
ni_k2_r4,L5,225,18,25,3,0.16666666666666666,0.12,assigned_gt
ni_k2_r4,R1,190,9,28,3,0.3333333333333333,0.10714285714285714,assigned_gt
ni_k2_r4,R2,182,8,20,0,0.0,0.0,assigned_gt
ni_k2_r4,R3,146,7,27,0,0.0,0.0,assigned_gt
ni_k2_r4,R4,118,22,28,6,0.2727272727272727,0.21428571428571427,assigned_gt
ni_k2_r4,R5,134,27,27,8,0.2962962962962963,0.2962962962962963,assigned_gt
ni_k3_r1,L1,252,45,1,0,0.0,0.0,all_gt
ni_k3_r1,L2,207,25,0,0,0.0,,all_gt
ni_k3_r1,L3,110,20,0,0,0.0,,all_gt
ni_k3_r1,L4,38,13,0,0,0.0,,all_gt
ni_k3_r1,L5,279,72,2,0,0.0,0.0,all_gt
ni_k3_r1,R1,252,71,4,1,0.014084507042253521,0.25,all_gt
ni_k3_r1,R2,193,19,1,0,0.0,0.0,all_gt
ni_k3_r1,R3,160,21,3,0,0.0,0.0,all_gt
ni_k3_r1,R4,136,40,3,0,0.0,0.0,all_gt
ni_k3_r1,R5,173,66,3,1,0.015151515151515152,0.3333333333333333,all_gt
ni_k3_r1,L1,217,10,1,0,0.0,0.0,assigned_gt
ni_k3_r1,L2,188,6,0,0,0.0,,assigned_gt
ni_k3_r1,L3,95,5,0,0,0.0,,assigned_gt
ni_k3_r1,L4,30,5,0,0,0.0,,assigned_gt
ni_k3_r1,L5,225,18,2,0,0.0,0.0,assigned_gt
ni_k3_r1,R1,190,9,4,1,0.1111111111111111,0.25,assigned_gt
ni_k3_r1,R2,182,8,1,0,0.0,0.0,assigned_gt
ni_k3_r1,R3,146,7,3,0,0.0,0.0,assigned_gt
ni_k3_r1,R4,118,22,3,0,0.0,0.0,assigned_gt
ni_k3_r1,R5,134,27,3,1,0.037037037037037035,0.3333333333333333,assigned_gt
ni_k3_r2,L1,252,45,4,0,0.0,0.0,all_gt
ni_k3_r2,L2,207,25,1,0,0.0,0.0,all_gt
ni_k3_r2,L3,110,20,3,0,0.0,0.0,all_gt
ni_k3_r2,L4,38,13,0,0,0.0,,all_gt
ni_k3_r2,L5,279,72,2,0,0.0,0.0,all_gt
ni_k3_r2,R1,252,71,7,2,0.028169014084507043,0.2857142857142857,all_gt
ni_k3_r2,R2,193,19,2,0,0.0,0.0,all_gt
ni_k3_r2,R3,160,21,3,0,0.0,0.0,all_gt
ni_k3_r2,R4,136,40,4,1,0.025,0.25,all_gt
ni_k3_r2,R5,173,66,7,2,0.030303030303030304,0.2857142857142857,all_gt
ni_k3_r2,L1,217,10,4,0,0.0,0.0,assigned_gt
ni_k3_r2,L2,188,6,1,0,0.0,0.0,assigned_gt
ni_k3_r2,L3,95,5,3,0,0.0,0.0,assigned_gt
ni_k3_r2,L4,30,5,0,0,0.0,,assigned_gt
ni_k3_r2,L5,225,18,2,0,0.0,0.0,assigned_gt
ni_k3_r2,R1,190,9,7,2,0.2222222222222222,0.2857142857142857,assigned_gt
ni_k3_r2,R2,182,8,2,0,0.0,0.0,assigned_gt
ni_k3_r2,R3,146,7,3,0,0.0,0.0,assigned_gt
ni_k3_r2,R4,118,22,4,1,0.045454545454545456,0.25,assigned_gt
ni_k3_r2,R5,134,27,7,2,0.07407407407407407,0.2857142857142857,assigned_gt
ni_k3_r4,L1,252,45,9,0,0.0,0.0,all_gt
ni_k3_r4,L2,207,25,6,0,0.0,0.0,all_gt
ni_k3_r4,L3,110,20,3,0,0.0,0.0,all_gt
ni_k3_r4,L4,38,13,1,0,0.0,0.0,all_gt
ni_k3_r4,L5,279,72,6,0,0.0,0.0,all_gt
ni_k3_r4,R1,252,71,8,2,0.028169014084507043,0.25,all_gt
ni_k3_r4,R2,193,19,4,0,0.0,0.0,all_gt
ni_k3_r4,R3,160,21,6,0,0.0,0.0,all_gt
ni_k3_r4,R4,136,40,11,4,0.1,0.36363636363636365,all_gt
ni_k3_r4,R5,173,66,10,3,0.045454545454545456,0.3,all_gt
ni_k3_r4,L1,217,10,9,0,0.0,0.0,assigned_gt
ni_k3_r4,L2,188,6,6,0,0.0,0.0,assigned_gt
ni_k3_r4,L3,95,5,3,0,0.0,0.0,assigned_gt
ni_k3_r4,L4,30,5,1,0,0.0,0.0,assigned_gt
ni_k3_r4,L5,225,18,6,0,0.0,0.0,assigned_gt
ni_k3_r4,R1,190,9,8,2,0.2222222222222222,0.25,assigned_gt
ni_k3_r4,R2,182,8,4,0,0.0,0.0,assigned_gt
ni_k3_r4,R3,146,7,6,0,0.0,0.0,assigned_gt
ni_k3_r4,R4,118,22,11,4,0.18181818181818182,0.36363636363636365,assigned_gt
ni_k3_r4,R5,134,27,10,3,0.1111111111111111,0.3,assigned_gt
ni_k5_r1,L1,252,45,0,0,0.0,,all_gt
ni_k5_r1,L2,207,25,0,0,0.0,,all_gt
ni_k5_r1,L3,110,20,0,0,0.0,,all_gt
ni_k5_r1,L4,38,13,0,0,0.0,,all_gt
ni_k5_r1,L5,279,72,0,0,0.0,,all_gt
ni_k5_r1,R1,252,71,0,0,0.0,,all_gt
ni_k5_r1,R2,193,19,0,0,0.0,,all_gt
ni_k5_r1,R3,160,21,0,0,0.0,,all_gt
ni_k5_r1,R4,136,40,0,0,0.0,,all_gt
ni_k5_r1,R5,173,66,0,0,0.0,,all_gt
ni_k5_r1,L1,217,10,0,0,0.0,,assigned_gt
ni_k5_r1,L2,188,6,0,0,0.0,,assigned_gt
ni_k5_r1,L3,95,5,0,0,0.0,,assigned_gt
ni_k5_r1,L4,30,5,0,0,0.0,,assigned_gt
ni_k5_r1,L5,225,18,0,0,0.0,,assigned_gt
ni_k5_r1,R1,190,9,0,0,0.0,,assigned_gt
ni_k5_r1,R2,182,8,0,0,0.0,,assigned_gt
ni_k5_r1,R3,146,7,0,0,0.0,,assigned_gt
ni_k5_r1,R4,118,22,0,0,0.0,,assigned_gt
ni_k5_r1,R5,134,27,0,0,0.0,,assigned_gt
ni_k5_r2,L1,252,45,0,0,0.0,,all_gt
ni_k5_r2,L2,207,25,0,0,0.0,,all_gt
ni_k5_r2,L3,110,20,0,0,0.0,,all_gt
ni_k5_r2,L4,38,13,0,0,0.0,,all_gt
ni_k5_r2,L5,279,72,0,0,0.0,,all_gt
ni_k5_r2,R1,252,71,0,0,0.0,,all_gt
ni_k5_r2,R2,193,19,0,0,0.0,,all_gt
ni_k5_r2,R3,160,21,0,0,0.0,,all_gt
ni_k5_r2,R4,136,40,0,0,0.0,,all_gt
ni_k5_r2,R5,173,66,0,0,0.0,,all_gt
ni_k5_r2,L1,217,10,0,0,0.0,,assigned_gt
ni_k5_r2,L2,188,6,0,0,0.0,,assigned_gt
ni_k5_r2,L3,95,5,0,0,0.0,,assigned_gt
ni_k5_r2,L4,30,5,0,0,0.0,,assigned_gt
ni_k5_r2,L5,225,18,0,0,0.0,,assigned_gt
ni_k5_r2,R1,190,9,0,0,0.0,,assigned_gt
ni_k5_r2,R2,182,8,0,0,0.0,,assigned_gt
ni_k5_r2,R3,146,7,0,0,0.0,,assigned_gt
ni_k5_r2,R4,118,22,0,0,0.0,,assigned_gt
ni_k5_r2,R5,134,27,0,0,0.0,,assigned_gt
ni_k5_r4,L1,252,45,0,0,0.0,,all_gt
ni_k5_r4,L2,207,25,0,0,0.0,,all_gt
ni_k5_r4,L3,110,20,0,0,0.0,,all_gt
ni_k5_r4,L4,38,13,0,0,0.0,,all_gt
ni_k5_r4,L5,279,72,0,0,0.0,,all_gt
ni_k5_r4,R1,252,71,0,0,0.0,,all_gt
ni_k5_r4,R2,193,19,0,0,0.0,,all_gt
ni_k5_r4,R3,160,21,0,0,0.0,,all_gt
ni_k5_r4,R4,136,40,0,0,0.0,,all_gt
ni_k5_r4,R5,173,66,0,0,0.0,,all_gt
ni_k5_r4,L1,217,10,0,0,0.0,,assigned_gt
ni_k5_r4,L2,188,6,0,0,0.0,,assigned_gt
ni_k5_r4,L3,95,5,0,0,0.0,,assigned_gt
ni_k5_r4,L4,30,5,0,0,0.0,,assigned_gt
ni_k5_r4,L5,225,18,0,0,0.0,,assigned_gt
ni_k5_r4,R1,190,9,0,0,0.0,,assigned_gt
ni_k5_r4,R2,182,8,0,0,0.0,,assigned_gt
ni_k5_r4,R3,146,7,0,0,0.0,,assigned_gt
ni_k5_r4,R4,118,22,0,0,0.0,,assigned_gt
ni_k5_r4,R5,134,27,0,0,0.0,,assigned_gt
ni_w5_q995,L1,252,45,1,0,0.0,0.0,all_gt
ni_w5_q995,L2,207,25,0,0,0.0,,all_gt
ni_w5_q995,L3,110,20,0,0,0.0,,all_gt
ni_w5_q995,L4,38,13,0,0,0.0,,all_gt
ni_w5_q995,L5,279,72,0,0,0.0,,all_gt
ni_w5_q995,R1,252,71,0,0,0.0,,all_gt
ni_w5_q995,R2,193,19,0,0,0.0,,all_gt
ni_w5_q995,R3,160,21,1,0,0.0,0.0,all_gt
ni_w5_q995,R4,136,40,1,0,0.0,0.0,all_gt
ni_w5_q995,R5,173,66,0,0,0.0,,all_gt
ni_w5_q995,L1,217,10,1,0,0.0,0.0,assigned_gt
ni_w5_q995,L2,188,6,0,0,0.0,,assigned_gt
ni_w5_q995,L3,95,5,0,0,0.0,,assigned_gt
ni_w5_q995,L4,30,5,0,0,0.0,,assigned_gt
ni_w5_q995,L5,225,18,0,0,0.0,,assigned_gt
ni_w5_q995,R1,190,9,0,0,0.0,,assigned_gt
ni_w5_q995,R2,182,8,0,0,0.0,,assigned_gt
ni_w5_q995,R3,146,7,1,0,0.0,0.0,assigned_gt
ni_w5_q995,R4,118,22,1,0,0.0,0.0,assigned_gt
ni_w5_q995,R5,134,27,0,0,0.0,,assigned_gt
ni_w5_q990,L1,252,45,2,0,0.0,0.0,all_gt
ni_w5_q990,L2,207,25,0,0,0.0,,all_gt
ni_w5_q990,L3,110,20,0,0,0.0,,all_gt
ni_w5_q990,L4,38,13,0,0,0.0,,all_gt
ni_w5_q990,L5,279,72,0,0,0.0,,all_gt
ni_w5_q990,R1,252,71,1,0,0.0,0.0,all_gt
ni_w5_q990,R2,193,19,0,0,0.0,,all_gt
ni_w5_q990,R3,160,21,1,0,0.0,0.0,all_gt
ni_w5_q990,R4,136,40,4,0,0.0,0.0,all_gt
ni_w5_q990,R5,173,66,2,0,0.0,0.0,all_gt
ni_w5_q990,L1,217,10,2,0,0.0,0.0,assigned_gt
ni_w5_q990,L2,188,6,0,0,0.0,,assigned_gt
ni_w5_q990,L3,95,5,0,0,0.0,,assigned_gt
ni_w5_q990,L4,30,5,0,0,0.0,,assigned_gt
ni_w5_q990,L5,225,18,0,0,0.0,,assigned_gt
ni_w5_q990,R1,190,9,1,0,0.0,0.0,assigned_gt
ni_w5_q990,R2,182,8,0,0,0.0,,assigned_gt
ni_w5_q990,R3,146,7,1,0,0.0,0.0,assigned_gt
ni_w5_q990,R4,118,22,4,0,0.0,0.0,assigned_gt
ni_w5_q990,R5,134,27,2,0,0.0,0.0,assigned_gt
ni_w5_q975,L1,252,45,6,0,0.0,0.0,all_gt
ni_w5_q975,L2,207,25,2,1,0.04,0.5,all_gt
ni_w5_q975,L3,110,20,1,0,0.0,0.0,all_gt
ni_w5_q975,L4,38,13,0,0,0.0,,all_gt
ni_w5_q975,L5,279,72,2,0,0.0,0.0,all_gt
ni_w5_q975,R1,252,71,5,1,0.014084507042253521,0.2,all_gt
ni_w5_q975,R2,193,19,2,0,0.0,0.0,all_gt
ni_w5_q975,R3,160,21,3,0,0.0,0.0,all_gt
ni_w5_q975,R4,136,40,5,0,0.0,0.0,all_gt
ni_w5_q975,R5,173,66,7,3,0.045454545454545456,0.42857142857142855,all_gt
ni_w5_q975,L1,217,10,6,0,0.0,0.0,assigned_gt
ni_w5_q975,L2,188,6,2,1,0.16666666666666666,0.5,assigned_gt
ni_w5_q975,L3,95,5,1,0,0.0,0.0,assigned_gt
ni_w5_q975,L4,30,5,0,0,0.0,,assigned_gt
ni_w5_q975,L5,225,18,2,0,0.0,0.0,assigned_gt
ni_w5_q975,R1,190,9,5,1,0.1111111111111111,0.2,assigned_gt
ni_w5_q975,R2,182,8,2,0,0.0,0.0,assigned_gt
ni_w5_q975,R3,146,7,3,0,0.0,0.0,assigned_gt
ni_w5_q975,R4,118,22,5,0,0.0,0.0,assigned_gt
ni_w5_q975,R5,134,27,7,3,0.1111111111111111,0.42857142857142855,assigned_gt
ni_w9_q995,L1,252,45,2,0,0.0,0.0,all_gt
ni_w9_q995,L2,207,25,0,0,0.0,,all_gt
ni_w9_q995,L3,110,20,0,0,0.0,,all_gt
ni_w9_q995,L4,38,13,0,0,0.0,,all_gt
ni_w9_q995,L5,279,72,0,0,0.0,,all_gt
ni_w9_q995,R1,252,71,0,0,0.0,,all_gt
ni_w9_q995,R2,193,19,0,0,0.0,,all_gt
ni_w9_q995,R3,160,21,1,0,0.0,0.0,all_gt
ni_w9_q995,R4,136,40,3,0,0.0,0.0,all_gt
ni_w9_q995,R5,173,66,2,0,0.0,0.0,all_gt
ni_w9_q995,L1,217,10,2,0,0.0,0.0,assigned_gt
ni_w9_q995,L2,188,6,0,0,0.0,,assigned_gt
ni_w9_q995,L3,95,5,0,0,0.0,,assigned_gt
ni_w9_q995,L4,30,5,0,0,0.0,,assigned_gt
ni_w9_q995,L5,225,18,0,0,0.0,,assigned_gt
ni_w9_q995,R1,190,9,0,0,0.0,,assigned_gt
ni_w9_q995,R2,182,8,0,0,0.0,,assigned_gt
ni_w9_q995,R3,146,7,1,0,0.0,0.0,assigned_gt
ni_w9_q995,R4,118,22,3,0,0.0,0.0,assigned_gt
ni_w9_q995,R5,134,27,2,0,0.0,0.0,assigned_gt
ni_w9_q990,L1,252,45,6,0,0.0,0.0,all_gt
ni_w9_q990,L2,207,25,0,0,0.0,,all_gt
ni_w9_q990,L3,110,20,0,0,0.0,,all_gt
ni_w9_q990,L4,38,13,0,0,0.0,,all_gt
ni_w9_q990,L5,279,72,2,0,0.0,0.0,all_gt
ni_w9_q990,R1,252,71,1,0,0.0,0.0,all_gt
ni_w9_q990,R2,193,19,5,0,0.0,0.0,all_gt
ni_w9_q990,R3,160,21,2,0,0.0,0.0,all_gt
ni_w9_q990,R4,136,40,3,0,0.0,0.0,all_gt
ni_w9_q990,R5,173,66,4,1,0.015151515151515152,0.25,all_gt
ni_w9_q990,L1,217,10,6,0,0.0,0.0,assigned_gt
ni_w9_q990,L2,188,6,0,0,0.0,,assigned_gt
ni_w9_q990,L3,95,5,0,0,0.0,,assigned_gt
ni_w9_q990,L4,30,5,0,0,0.0,,assigned_gt
ni_w9_q990,L5,225,18,2,0,0.0,0.0,assigned_gt
ni_w9_q990,R1,190,9,1,0,0.0,0.0,assigned_gt
ni_w9_q990,R2,182,8,5,0,0.0,0.0,assigned_gt
ni_w9_q990,R3,146,7,2,0,0.0,0.0,assigned_gt
ni_w9_q990,R4,118,22,3,0,0.0,0.0,assigned_gt
ni_w9_q990,R5,134,27,4,1,0.037037037037037035,0.25,assigned_gt
ni_w9_q975,L1,252,45,8,0,0.0,0.0,all_gt
ni_w9_q975,L2,207,25,3,1,0.04,0.3333333333333333,all_gt
ni_w9_q975,L3,110,20,0,0,0.0,,all_gt
ni_w9_q975,L4,38,13,0,0,0.0,,all_gt
ni_w9_q975,L5,279,72,3,0,0.0,0.0,all_gt
ni_w9_q975,R1,252,71,4,0,0.0,0.0,all_gt
ni_w9_q975,R2,193,19,6,0,0.0,0.0,all_gt
ni_w9_q975,R3,160,21,4,0,0.0,0.0,all_gt
ni_w9_q975,R4,136,40,4,0,0.0,0.0,all_gt
ni_w9_q975,R5,173,66,11,3,0.045454545454545456,0.2727272727272727,all_gt
ni_w9_q975,L1,217,10,8,0,0.0,0.0,assigned_gt
ni_w9_q975,L2,188,6,3,1,0.16666666666666666,0.3333333333333333,assigned_gt
ni_w9_q975,L3,95,5,0,0,0.0,,assigned_gt
ni_w9_q975,L4,30,5,0,0,0.0,,assigned_gt
ni_w9_q975,L5,225,18,3,0,0.0,0.0,assigned_gt
ni_w9_q975,R1,190,9,4,0,0.0,0.0,assigned_gt
ni_w9_q975,R2,182,8,6,0,0.0,0.0,assigned_gt
ni_w9_q975,R3,146,7,4,0,0.0,0.0,assigned_gt
ni_w9_q975,R4,118,22,4,0,0.0,0.0,assigned_gt
ni_w9_q975,R5,134,27,11,3,0.1111111111111111,0.2727272727272727,assigned_gt
ni_w17_q995,L1,252,45,5,0,0.0,0.0,all_gt
ni_w17_q995,L2,207,25,1,0,0.0,0.0,all_gt
ni_w17_q995,L3,110,20,0,0,0.0,,all_gt
ni_w17_q995,L4,38,13,0,0,0.0,,all_gt
ni_w17_q995,L5,279,72,3,0,0.0,0.0,all_gt
ni_w17_q995,R1,252,71,0,0,0.0,,all_gt
ni_w17_q995,R2,193,19,3,0,0.0,0.0,all_gt
ni_w17_q995,R3,160,21,1,0,0.0,0.0,all_gt
ni_w17_q995,R4,136,40,0,0,0.0,,all_gt
ni_w17_q995,R5,173,66,4,1,0.015151515151515152,0.25,all_gt
ni_w17_q995,L1,217,10,5,0,0.0,0.0,assigned_gt
ni_w17_q995,L2,188,6,1,0,0.0,0.0,assigned_gt
ni_w17_q995,L3,95,5,0,0,0.0,,assigned_gt
ni_w17_q995,L4,30,5,0,0,0.0,,assigned_gt
ni_w17_q995,L5,225,18,3,0,0.0,0.0,assigned_gt
ni_w17_q995,R1,190,9,0,0,0.0,,assigned_gt
ni_w17_q995,R2,182,8,3,0,0.0,0.0,assigned_gt
ni_w17_q995,R3,146,7,1,0,0.0,0.0,assigned_gt
ni_w17_q995,R4,118,22,0,0,0.0,,assigned_gt
ni_w17_q995,R5,134,27,4,1,0.037037037037037035,0.25,assigned_gt
ni_w17_q990,L1,252,45,6,0,0.0,0.0,all_gt
ni_w17_q990,L2,207,25,1,0,0.0,0.0,all_gt
ni_w17_q990,L3,110,20,0,0,0.0,,all_gt
ni_w17_q990,L4,38,13,0,0,0.0,,all_gt
ni_w17_q990,L5,279,72,3,0,0.0,0.0,all_gt
ni_w17_q990,R1,252,71,0,0,0.0,,all_gt
ni_w17_q990,R2,193,19,3,0,0.0,0.0,all_gt
ni_w17_q990,R3,160,21,1,0,0.0,0.0,all_gt
ni_w17_q990,R4,136,40,1,0,0.0,0.0,all_gt
ni_w17_q990,R5,173,66,4,1,0.015151515151515152,0.25,all_gt
ni_w17_q990,L1,217,10,6,0,0.0,0.0,assigned_gt
ni_w17_q990,L2,188,6,1,0,0.0,0.0,assigned_gt
ni_w17_q990,L3,95,5,0,0,0.0,,assigned_gt
ni_w17_q990,L4,30,5,0,0,0.0,,assigned_gt
ni_w17_q990,L5,225,18,3,0,0.0,0.0,assigned_gt
ni_w17_q990,R1,190,9,0,0,0.0,,assigned_gt
ni_w17_q990,R2,182,8,3,0,0.0,0.0,assigned_gt
ni_w17_q990,R3,146,7,1,0,0.0,0.0,assigned_gt
ni_w17_q990,R4,118,22,1,0,0.0,0.0,assigned_gt
ni_w17_q990,R5,134,27,4,1,0.037037037037037035,0.25,assigned_gt
ni_w17_q975,L1,252,45,6,0,0.0,0.0,all_gt
ni_w17_q975,L2,207,25,1,0,0.0,0.0,all_gt
ni_w17_q975,L3,110,20,0,0,0.0,,all_gt
ni_w17_q975,L4,38,13,1,0,0.0,0.0,all_gt
ni_w17_q975,L5,279,72,3,0,0.0,0.0,all_gt
ni_w17_q975,R1,252,71,3,0,0.0,0.0,all_gt
ni_w17_q975,R2,193,19,4,0,0.0,0.0,all_gt
ni_w17_q975,R3,160,21,1,0,0.0,0.0,all_gt
ni_w17_q975,R4,136,40,4,0,0.0,0.0,all_gt
ni_w17_q975,R5,173,66,7,1,0.015151515151515152,0.14285714285714285,all_gt
ni_w17_q975,L1,217,10,6,0,0.0,0.0,assigned_gt
ni_w17_q975,L2,188,6,1,0,0.0,0.0,assigned_gt
ni_w17_q975,L3,95,5,0,0,0.0,,assigned_gt
ni_w17_q975,L4,30,5,1,0,0.0,0.0,assigned_gt
ni_w17_q975,L5,225,18,3,0,0.0,0.0,assigned_gt
ni_w17_q975,R1,190,9,3,0,0.0,0.0,assigned_gt
ni_w17_q975,R2,182,8,4,0,0.0,0.0,assigned_gt
ni_w17_q975,R3,146,7,1,0,0.0,0.0,assigned_gt
ni_w17_q975,R4,118,22,4,0,0.0,0.0,assigned_gt
ni_w17_q975,R5,134,27,7,1,0.037037037037037035,0.14285714285714285,assigned_gt
mandatory_missing__ni_k2_r1,L1,252,45,10,0,0.0,0.0,all_gt
mandatory_missing__ni_k2_r1,L2,207,25,6,1,0.04,0.16666666666666666,all_gt
mandatory_missing__ni_k2_r1,L3,110,20,2,0,0.0,0.0,all_gt
mandatory_missing__ni_k2_r1,L4,38,13,0,0,0.0,,all_gt
mandatory_missing__ni_k2_r1,L5,279,72,7,0,0.0,0.0,all_gt
mandatory_missing__ni_k2_r1,R1,252,71,14,1,0.014084507042253521,0.07142857142857142,all_gt
mandatory_missing__ni_k2_r1,R2,193,19,6,0,0.0,0.0,all_gt
mandatory_missing__ni_k2_r1,R3,160,21,10,0,0.0,0.0,all_gt
mandatory_missing__ni_k2_r1,R4,136,40,6,0,0.0,0.0,all_gt
mandatory_missing__ni_k2_r1,R5,173,66,10,4,0.06060606060606061,0.4,all_gt
mandatory_missing__ni_k2_r1,L1,217,10,10,0,0.0,0.0,assigned_gt
mandatory_missing__ni_k2_r1,L2,188,6,6,1,0.16666666666666666,0.16666666666666666,assigned_gt
mandatory_missing__ni_k2_r1,L3,95,5,2,0,0.0,0.0,assigned_gt
mandatory_missing__ni_k2_r1,L4,30,5,0,0,0.0,,assigned_gt
mandatory_missing__ni_k2_r1,L5,225,18,7,0,0.0,0.0,assigned_gt
mandatory_missing__ni_k2_r1,R1,190,9,14,1,0.1111111111111111,0.07142857142857142,assigned_gt
mandatory_missing__ni_k2_r1,R2,182,8,6,0,0.0,0.0,assigned_gt
mandatory_missing__ni_k2_r1,R3,146,7,10,0,0.0,0.0,assigned_gt
mandatory_missing__ni_k2_r1,R4,118,22,6,0,0.0,0.0,assigned_gt
mandatory_missing__ni_k2_r1,R5,134,27,10,4,0.14814814814814814,0.4,assigned_gt
mandatory_missing__ni_k2_r2,L1,252,45,14,0,0.0,0.0,all_gt
mandatory_missing__ni_k2_r2,L2,207,25,14,1,0.04,0.07142857142857142,all_gt
mandatory_missing__ni_k2_r2,L3,110,20,7,0,0.0,0.0,all_gt
mandatory_missing__ni_k2_r2,L4,38,13,1,0,0.0,0.0,all_gt
mandatory_missing__ni_k2_r2,L5,279,72,13,2,0.027777777777777776,0.15384615384615385,all_gt
mandatory_missing__ni_k2_r2,R1,252,71,21,3,0.04225352112676056,0.14285714285714285,all_gt
mandatory_missing__ni_k2_r2,R2,193,19,13,0,0.0,0.0,all_gt
mandatory_missing__ni_k2_r2,R3,160,21,16,0,0.0,0.0,all_gt
mandatory_missing__ni_k2_r2,R4,136,40,13,2,0.05,0.15384615384615385,all_gt
mandatory_missing__ni_k2_r2,R5,173,66,16,6,0.09090909090909091,0.375,all_gt
mandatory_missing__ni_k2_r2,L1,217,10,14,0,0.0,0.0,assigned_gt
mandatory_missing__ni_k2_r2,L2,188,6,14,1,0.16666666666666666,0.07142857142857142,assigned_gt
mandatory_missing__ni_k2_r2,L3,95,5,7,0,0.0,0.0,assigned_gt
mandatory_missing__ni_k2_r2,L4,30,5,1,0,0.0,0.0,assigned_gt
mandatory_missing__ni_k2_r2,L5,225,18,13,2,0.1111111111111111,0.15384615384615385,assigned_gt
mandatory_missing__ni_k2_r2,R1,190,9,21,3,0.3333333333333333,0.14285714285714285,assigned_gt
mandatory_missing__ni_k2_r2,R2,182,8,13,0,0.0,0.0,assigned_gt
mandatory_missing__ni_k2_r2,R3,146,7,16,0,0.0,0.0,assigned_gt
mandatory_missing__ni_k2_r2,R4,118,22,13,2,0.09090909090909091,0.15384615384615385,assigned_gt
mandatory_missing__ni_k2_r2,R5,134,27,16,6,0.2222222222222222,0.375,assigned_gt
mandatory_missing__ni_k2_r4,L1,252,45,29,0,0.0,0.0,all_gt
mandatory_missing__ni_k2_r4,L2,207,25,28,1,0.04,0.03571428571428571,all_gt
mandatory_missing__ni_k2_r4,L3,110,20,10,0,0.0,0.0,all_gt
mandatory_missing__ni_k2_r4,L4,38,13,2,0,0.0,0.0,all_gt
mandatory_missing__ni_k2_r4,L5,279,72,25,3,0.041666666666666664,0.12,all_gt
mandatory_missing__ni_k2_r4,R1,252,71,28,3,0.04225352112676056,0.10714285714285714,all_gt
mandatory_missing__ni_k2_r4,R2,193,19,20,0,0.0,0.0,all_gt
mandatory_missing__ni_k2_r4,R3,160,21,27,0,0.0,0.0,all_gt
mandatory_missing__ni_k2_r4,R4,136,40,28,6,0.15,0.21428571428571427,all_gt
mandatory_missing__ni_k2_r4,R5,173,66,27,8,0.12121212121212122,0.2962962962962963,all_gt
mandatory_missing__ni_k2_r4,L1,217,10,29,0,0.0,0.0,assigned_gt
mandatory_missing__ni_k2_r4,L2,188,6,28,1,0.16666666666666666,0.03571428571428571,assigned_gt
mandatory_missing__ni_k2_r4,L3,95,5,10,0,0.0,0.0,assigned_gt
mandatory_missing__ni_k2_r4,L4,30,5,2,0,0.0,0.0,assigned_gt
mandatory_missing__ni_k2_r4,L5,225,18,25,3,0.16666666666666666,0.12,assigned_gt
mandatory_missing__ni_k2_r4,R1,190,9,28,3,0.3333333333333333,0.10714285714285714,assigned_gt
mandatory_missing__ni_k2_r4,R2,182,8,20,0,0.0,0.0,assigned_gt
mandatory_missing__ni_k2_r4,R3,146,7,27,0,0.0,0.0,assigned_gt
mandatory_missing__ni_k2_r4,R4,118,22,28,6,0.2727272727272727,0.21428571428571427,assigned_gt
mandatory_missing__ni_k2_r4,R5,134,27,27,8,0.2962962962962963,0.2962962962962963,assigned_gt
mandatory_missing__ni_k3_r1,L1,252,45,1,0,0.0,0.0,all_gt
mandatory_missing__ni_k3_r1,L2,207,25,0,0,0.0,,all_gt
mandatory_missing__ni_k3_r1,L3,110,20,0,0,0.0,,all_gt
mandatory_missing__ni_k3_r1,L4,38,13,0,0,0.0,,all_gt
mandatory_missing__ni_k3_r1,L5,279,72,2,0,0.0,0.0,all_gt
mandatory_missing__ni_k3_r1,R1,252,71,4,1,0.014084507042253521,0.25,all_gt
mandatory_missing__ni_k3_r1,R2,193,19,1,0,0.0,0.0,all_gt
mandatory_missing__ni_k3_r1,R3,160,21,3,0,0.0,0.0,all_gt
mandatory_missing__ni_k3_r1,R4,136,40,3,0,0.0,0.0,all_gt
mandatory_missing__ni_k3_r1,R5,173,66,3,1,0.015151515151515152,0.3333333333333333,all_gt
mandatory_missing__ni_k3_r1,L1,217,10,1,0,0.0,0.0,assigned_gt
mandatory_missing__ni_k3_r1,L2,188,6,0,0,0.0,,assigned_gt
mandatory_missing__ni_k3_r1,L3,95,5,0,0,0.0,,assigned_gt
mandatory_missing__ni_k3_r1,L4,30,5,0,0,0.0,,assigned_gt
mandatory_missing__ni_k3_r1,L5,225,18,2,0,0.0,0.0,assigned_gt
mandatory_missing__ni_k3_r1,R1,190,9,4,1,0.1111111111111111,0.25,assigned_gt
mandatory_missing__ni_k3_r1,R2,182,8,1,0,0.0,0.0,assigned_gt
mandatory_missing__ni_k3_r1,R3,146,7,3,0,0.0,0.0,assigned_gt
mandatory_missing__ni_k3_r1,R4,118,22,3,0,0.0,0.0,assigned_gt
mandatory_missing__ni_k3_r1,R5,134,27,3,1,0.037037037037037035,0.3333333333333333,assigned_gt
mandatory_missing__ni_k3_r2,L1,252,45,4,0,0.0,0.0,all_gt
mandatory_missing__ni_k3_r2,L2,207,25,1,0,0.0,0.0,all_gt
mandatory_missing__ni_k3_r2,L3,110,20,3,0,0.0,0.0,all_gt
mandatory_missing__ni_k3_r2,L4,38,13,0,0,0.0,,all_gt
mandatory_missing__ni_k3_r2,L5,279,72,2,0,0.0,0.0,all_gt
mandatory_missing__ni_k3_r2,R1,252,71,7,2,0.028169014084507043,0.2857142857142857,all_gt
mandatory_missing__ni_k3_r2,R2,193,19,2,0,0.0,0.0,all_gt
mandatory_missing__ni_k3_r2,R3,160,21,3,0,0.0,0.0,all_gt
mandatory_missing__ni_k3_r2,R4,136,40,4,1,0.025,0.25,all_gt
mandatory_missing__ni_k3_r2,R5,173,66,7,2,0.030303030303030304,0.2857142857142857,all_gt
mandatory_missing__ni_k3_r2,L1,217,10,4,0,0.0,0.0,assigned_gt
mandatory_missing__ni_k3_r2,L2,188,6,1,0,0.0,0.0,assigned_gt
mandatory_missing__ni_k3_r2,L3,95,5,3,0,0.0,0.0,assigned_gt
mandatory_missing__ni_k3_r2,L4,30,5,0,0,0.0,,assigned_gt
mandatory_missing__ni_k3_r2,L5,225,18,2,0,0.0,0.0,assigned_gt
mandatory_missing__ni_k3_r2,R1,190,9,7,2,0.2222222222222222,0.2857142857142857,assigned_gt
mandatory_missing__ni_k3_r2,R2,182,8,2,0,0.0,0.0,assigned_gt
mandatory_missing__ni_k3_r2,R3,146,7,3,0,0.0,0.0,assigned_gt
mandatory_missing__ni_k3_r2,R4,118,22,4,1,0.045454545454545456,0.25,assigned_gt
mandatory_missing__ni_k3_r2,R5,134,27,7,2,0.07407407407407407,0.2857142857142857,assigned_gt
mandatory_missing__ni_k3_r4,L1,252,45,9,0,0.0,0.0,all_gt
mandatory_missing__ni_k3_r4,L2,207,25,6,0,0.0,0.0,all_gt
mandatory_missing__ni_k3_r4,L3,110,20,3,0,0.0,0.0,all_gt
mandatory_missing__ni_k3_r4,L4,38,13,1,0,0.0,0.0,all_gt
mandatory_missing__ni_k3_r4,L5,279,72,6,0,0.0,0.0,all_gt
mandatory_missing__ni_k3_r4,R1,252,71,8,2,0.028169014084507043,0.25,all_gt
mandatory_missing__ni_k3_r4,R2,193,19,4,0,0.0,0.0,all_gt
mandatory_missing__ni_k3_r4,R3,160,21,6,0,0.0,0.0,all_gt
mandatory_missing__ni_k3_r4,R4,136,40,11,4,0.1,0.36363636363636365,all_gt
mandatory_missing__ni_k3_r4,R5,173,66,10,3,0.045454545454545456,0.3,all_gt
mandatory_missing__ni_k3_r4,L1,217,10,9,0,0.0,0.0,assigned_gt
mandatory_missing__ni_k3_r4,L2,188,6,6,0,0.0,0.0,assigned_gt
mandatory_missing__ni_k3_r4,L3,95,5,3,0,0.0,0.0,assigned_gt
mandatory_missing__ni_k3_r4,L4,30,5,1,0,0.0,0.0,assigned_gt
mandatory_missing__ni_k3_r4,L5,225,18,6,0,0.0,0.0,assigned_gt
mandatory_missing__ni_k3_r4,R1,190,9,8,2,0.2222222222222222,0.25,assigned_gt
mandatory_missing__ni_k3_r4,R2,182,8,4,0,0.0,0.0,assigned_gt
mandatory_missing__ni_k3_r4,R3,146,7,6,0,0.0,0.0,assigned_gt
mandatory_missing__ni_k3_r4,R4,118,22,11,4,0.18181818181818182,0.36363636363636365,assigned_gt
mandatory_missing__ni_k3_r4,R5,134,27,10,3,0.1111111111111111,0.3,assigned_gt
mandatory_missing__ni_k5_r1,L1,252,45,0,0,0.0,,all_gt
mandatory_missing__ni_k5_r1,L2,207,25,0,0,0.0,,all_gt
mandatory_missing__ni_k5_r1,L3,110,20,0,0,0.0,,all_gt
mandatory_missing__ni_k5_r1,L4,38,13,0,0,0.0,,all_gt
mandatory_missing__ni_k5_r1,L5,279,72,0,0,0.0,,all_gt
mandatory_missing__ni_k5_r1,R1,252,71,0,0,0.0,,all_gt
mandatory_missing__ni_k5_r1,R2,193,19,0,0,0.0,,all_gt
mandatory_missing__ni_k5_r1,R3,160,21,0,0,0.0,,all_gt
mandatory_missing__ni_k5_r1,R4,136,40,0,0,0.0,,all_gt
mandatory_missing__ni_k5_r1,R5,173,66,0,0,0.0,,all_gt
mandatory_missing__ni_k5_r1,L1,217,10,0,0,0.0,,assigned_gt
mandatory_missing__ni_k5_r1,L2,188,6,0,0,0.0,,assigned_gt
mandatory_missing__ni_k5_r1,L3,95,5,0,0,0.0,,assigned_gt
mandatory_missing__ni_k5_r1,L4,30,5,0,0,0.0,,assigned_gt
mandatory_missing__ni_k5_r1,L5,225,18,0,0,0.0,,assigned_gt
mandatory_missing__ni_k5_r1,R1,190,9,0,0,0.0,,assigned_gt
mandatory_missing__ni_k5_r1,R2,182,8,0,0,0.0,,assigned_gt
mandatory_missing__ni_k5_r1,R3,146,7,0,0,0.0,,assigned_gt
mandatory_missing__ni_k5_r1,R4,118,22,0,0,0.0,,assigned_gt
mandatory_missing__ni_k5_r1,R5,134,27,0,0,0.0,,assigned_gt
mandatory_missing__ni_k5_r2,L1,252,45,0,0,0.0,,all_gt
mandatory_missing__ni_k5_r2,L2,207,25,0,0,0.0,,all_gt
mandatory_missing__ni_k5_r2,L3,110,20,0,0,0.0,,all_gt
mandatory_missing__ni_k5_r2,L4,38,13,0,0,0.0,,all_gt
mandatory_missing__ni_k5_r2,L5,279,72,0,0,0.0,,all_gt
mandatory_missing__ni_k5_r2,R1,252,71,0,0,0.0,,all_gt
mandatory_missing__ni_k5_r2,R2,193,19,0,0,0.0,,all_gt
mandatory_missing__ni_k5_r2,R3,160,21,0,0,0.0,,all_gt
mandatory_missing__ni_k5_r2,R4,136,40,0,0,0.0,,all_gt
mandatory_missing__ni_k5_r2,R5,173,66,0,0,0.0,,all_gt
mandatory_missing__ni_k5_r2,L1,217,10,0,0,0.0,,assigned_gt
mandatory_missing__ni_k5_r2,L2,188,6,0,0,0.0,,assigned_gt
mandatory_missing__ni_k5_r2,L3,95,5,0,0,0.0,,assigned_gt
mandatory_missing__ni_k5_r2,L4,30,5,0,0,0.0,,assigned_gt
mandatory_missing__ni_k5_r2,L5,225,18,0,0,0.0,,assigned_gt
mandatory_missing__ni_k5_r2,R1,190,9,0,0,0.0,,assigned_gt
mandatory_missing__ni_k5_r2,R2,182,8,0,0,0.0,,assigned_gt
mandatory_missing__ni_k5_r2,R3,146,7,0,0,0.0,,assigned_gt
mandatory_missing__ni_k5_r2,R4,118,22,0,0,0.0,,assigned_gt
mandatory_missing__ni_k5_r2,R5,134,27,0,0,0.0,,assigned_gt
mandatory_missing__ni_k5_r4,L1,252,45,0,0,0.0,,all_gt
mandatory_missing__ni_k5_r4,L2,207,25,0,0,0.0,,all_gt
mandatory_missing__ni_k5_r4,L3,110,20,0,0,0.0,,all_gt
mandatory_missing__ni_k5_r4,L4,38,13,0,0,0.0,,all_gt
mandatory_missing__ni_k5_r4,L5,279,72,0,0,0.0,,all_gt
mandatory_missing__ni_k5_r4,R1,252,71,0,0,0.0,,all_gt
mandatory_missing__ni_k5_r4,R2,193,19,0,0,0.0,,all_gt
mandatory_missing__ni_k5_r4,R3,160,21,0,0,0.0,,all_gt
mandatory_missing__ni_k5_r4,R4,136,40,0,0,0.0,,all_gt
mandatory_missing__ni_k5_r4,R5,173,66,0,0,0.0,,all_gt
mandatory_missing__ni_k5_r4,L1,217,10,0,0,0.0,,assigned_gt
mandatory_missing__ni_k5_r4,L2,188,6,0,0,0.0,,assigned_gt
mandatory_missing__ni_k5_r4,L3,95,5,0,0,0.0,,assigned_gt
mandatory_missing__ni_k5_r4,L4,30,5,0,0,0.0,,assigned_gt
mandatory_missing__ni_k5_r4,L5,225,18,0,0,0.0,,assigned_gt
mandatory_missing__ni_k5_r4,R1,190,9,0,0,0.0,,assigned_gt
mandatory_missing__ni_k5_r4,R2,182,8,0,0,0.0,,assigned_gt
mandatory_missing__ni_k5_r4,R3,146,7,0,0,0.0,,assigned_gt
mandatory_missing__ni_k5_r4,R4,118,22,0,0,0.0,,assigned_gt
mandatory_missing__ni_k5_r4,R5,134,27,0,0,0.0,,assigned_gt
legacy_current_default__ni_k2_r1,L1,252,45,12,1,0.022222222222222223,0.08333333333333333,all_gt
legacy_current_default__ni_k2_r1,L2,207,25,11,1,0.04,0.09090909090909091,all_gt
legacy_current_default__ni_k2_r1,L3,110,20,7,1,0.05,0.14285714285714285,all_gt
legacy_current_default__ni_k2_r1,L4,38,13,5,0,0.0,0.0,all_gt
legacy_current_default__ni_k2_r1,L5,279,72,26,5,0.06944444444444445,0.19230769230769232,all_gt
legacy_current_default__ni_k2_r1,R1,252,71,17,2,0.028169014084507043,0.11764705882352941,all_gt
legacy_current_default__ni_k2_r1,R2,193,19,7,0,0.0,0.0,all_gt
legacy_current_default__ni_k2_r1,R3,160,21,14,0,0.0,0.0,all_gt
legacy_current_default__ni_k2_r1,R4,136,40,18,7,0.175,0.3888888888888889,all_gt
legacy_current_default__ni_k2_r1,R5,173,66,22,12,0.18181818181818182,0.5454545454545454,all_gt
legacy_current_default__ni_k2_r1,L1,217,10,12,1,0.1,0.08333333333333333,assigned_gt
legacy_current_default__ni_k2_r1,L2,188,6,11,1,0.16666666666666666,0.09090909090909091,assigned_gt
legacy_current_default__ni_k2_r1,L3,95,5,7,1,0.2,0.14285714285714285,assigned_gt
legacy_current_default__ni_k2_r1,L4,30,5,5,0,0.0,0.0,assigned_gt
legacy_current_default__ni_k2_r1,L5,225,18,26,5,0.2777777777777778,0.19230769230769232,assigned_gt
legacy_current_default__ni_k2_r1,R1,190,9,17,2,0.2222222222222222,0.11764705882352941,assigned_gt
legacy_current_default__ni_k2_r1,R2,182,8,7,0,0.0,0.0,assigned_gt
legacy_current_default__ni_k2_r1,R3,146,7,14,0,0.0,0.0,assigned_gt
legacy_current_default__ni_k2_r1,R4,118,22,18,7,0.3181818181818182,0.3888888888888889,assigned_gt
legacy_current_default__ni_k2_r1,R5,134,27,22,12,0.4444444444444444,0.5454545454545454,assigned_gt
legacy_current_default__ni_k2_r2,L1,252,45,15,1,0.022222222222222223,0.06666666666666667,all_gt
legacy_current_default__ni_k2_r2,L2,207,25,18,1,0.04,0.05555555555555555,all_gt
legacy_current_default__ni_k2_r2,L3,110,20,9,1,0.05,0.1111111111111111,all_gt
legacy_current_default__ni_k2_r2,L4,38,13,6,0,0.0,0.0,all_gt
legacy_current_default__ni_k2_r2,L5,279,72,31,7,0.09722222222222222,0.22580645161290322,all_gt
legacy_current_default__ni_k2_r2,R1,252,71,21,3,0.04225352112676056,0.14285714285714285,all_gt
legacy_current_default__ni_k2_r2,R2,193,19,13,0,0.0,0.0,all_gt
legacy_current_default__ni_k2_r2,R3,160,21,20,0,0.0,0.0,all_gt
legacy_current_default__ni_k2_r2,R4,136,40,22,7,0.175,0.3181818181818182,all_gt
legacy_current_default__ni_k2_r2,R5,173,66,25,13,0.19696969696969696,0.52,all_gt
legacy_current_default__ni_k2_r2,L1,217,10,15,1,0.1,0.06666666666666667,assigned_gt
legacy_current_default__ni_k2_r2,L2,188,6,18,1,0.16666666666666666,0.05555555555555555,assigned_gt
legacy_current_default__ni_k2_r2,L3,95,5,9,1,0.2,0.1111111111111111,assigned_gt
legacy_current_default__ni_k2_r2,L4,30,5,6,0,0.0,0.0,assigned_gt
legacy_current_default__ni_k2_r2,L5,225,18,31,7,0.3888888888888889,0.22580645161290322,assigned_gt
legacy_current_default__ni_k2_r2,R1,190,9,21,3,0.3333333333333333,0.14285714285714285,assigned_gt
legacy_current_default__ni_k2_r2,R2,182,8,13,0,0.0,0.0,assigned_gt
legacy_current_default__ni_k2_r2,R3,146,7,20,0,0.0,0.0,assigned_gt
legacy_current_default__ni_k2_r2,R4,118,22,22,7,0.3181818181818182,0.3181818181818182,assigned_gt
legacy_current_default__ni_k2_r2,R5,134,27,25,13,0.48148148148148145,0.52,assigned_gt
legacy_current_default__ni_k2_r4,L1,252,45,30,1,0.022222222222222223,0.03333333333333333,all_gt
legacy_current_default__ni_k2_r4,L2,207,25,32,1,0.04,0.03125,all_gt
legacy_current_default__ni_k2_r4,L3,110,20,12,1,0.05,0.08333333333333333,all_gt
legacy_current_default__ni_k2_r4,L4,38,13,7,0,0.0,0.0,all_gt
legacy_current_default__ni_k2_r4,L5,279,72,43,8,0.1111111111111111,0.18604651162790697,all_gt
legacy_current_default__ni_k2_r4,R1,252,71,28,3,0.04225352112676056,0.10714285714285714,all_gt
legacy_current_default__ni_k2_r4,R2,193,19,20,0,0.0,0.0,all_gt
legacy_current_default__ni_k2_r4,R3,160,21,30,0,0.0,0.0,all_gt
legacy_current_default__ni_k2_r4,R4,136,40,33,9,0.225,0.2727272727272727,all_gt
legacy_current_default__ni_k2_r4,R5,173,66,35,14,0.21212121212121213,0.4,all_gt
legacy_current_default__ni_k2_r4,L1,217,10,30,1,0.1,0.03333333333333333,assigned_gt
legacy_current_default__ni_k2_r4,L2,188,6,32,1,0.16666666666666666,0.03125,assigned_gt
legacy_current_default__ni_k2_r4,L3,95,5,12,1,0.2,0.08333333333333333,assigned_gt
legacy_current_default__ni_k2_r4,L4,30,5,7,0,0.0,0.0,assigned_gt
legacy_current_default__ni_k2_r4,L5,225,18,43,8,0.4444444444444444,0.18604651162790697,assigned_gt
legacy_current_default__ni_k2_r4,R1,190,9,28,3,0.3333333333333333,0.10714285714285714,assigned_gt
legacy_current_default__ni_k2_r4,R2,182,8,20,0,0.0,0.0,assigned_gt
legacy_current_default__ni_k2_r4,R3,146,7,30,0,0.0,0.0,assigned_gt
legacy_current_default__ni_k2_r4,R4,118,22,33,9,0.4090909090909091,0.2727272727272727,assigned_gt
legacy_current_default__ni_k2_r4,R5,134,27,35,14,0.5185185185185185,0.4,assigned_gt
legacy_current_default__ni_k3_r1,L1,252,45,5,1,0.022222222222222223,0.2,all_gt
legacy_current_default__ni_k3_r1,L2,207,25,5,0,0.0,0.0,all_gt
legacy_current_default__ni_k3_r1,L3,110,20,5,1,0.05,0.2,all_gt
legacy_current_default__ni_k3_r1,L4,38,13,5,0,0.0,0.0,all_gt
legacy_current_default__ni_k3_r1,L5,279,72,21,5,0.06944444444444445,0.23809523809523808,all_gt
legacy_current_default__ni_k3_r1,R1,252,71,7,2,0.028169014084507043,0.2857142857142857,all_gt
legacy_current_default__ni_k3_r1,R2,193,19,2,0,0.0,0.0,all_gt
legacy_current_default__ni_k3_r1,R3,160,21,8,0,0.0,0.0,all_gt
legacy_current_default__ni_k3_r1,R4,136,40,15,7,0.175,0.4666666666666667,all_gt
legacy_current_default__ni_k3_r1,R5,173,66,17,10,0.15151515151515152,0.5882352941176471,all_gt
legacy_current_default__ni_k3_r1,L1,217,10,5,1,0.1,0.2,assigned_gt
legacy_current_default__ni_k3_r1,L2,188,6,5,0,0.0,0.0,assigned_gt
legacy_current_default__ni_k3_r1,L3,95,5,5,1,0.2,0.2,assigned_gt
legacy_current_default__ni_k3_r1,L4,30,5,5,0,0.0,0.0,assigned_gt
legacy_current_default__ni_k3_r1,L5,225,18,21,5,0.2777777777777778,0.23809523809523808,assigned_gt
legacy_current_default__ni_k3_r1,R1,190,9,7,2,0.2222222222222222,0.2857142857142857,assigned_gt
legacy_current_default__ni_k3_r1,R2,182,8,2,0,0.0,0.0,assigned_gt
legacy_current_default__ni_k3_r1,R3,146,7,8,0,0.0,0.0,assigned_gt
legacy_current_default__ni_k3_r1,R4,118,22,15,7,0.3181818181818182,0.4666666666666667,assigned_gt
legacy_current_default__ni_k3_r1,R5,134,27,17,10,0.37037037037037035,0.5882352941176471,assigned_gt
legacy_current_default__ni_k3_r2,L1,252,45,5,1,0.022222222222222223,0.2,all_gt
legacy_current_default__ni_k3_r2,L2,207,25,5,0,0.0,0.0,all_gt
legacy_current_default__ni_k3_r2,L3,110,20,5,1,0.05,0.2,all_gt
legacy_current_default__ni_k3_r2,L4,38,13,5,0,0.0,0.0,all_gt
legacy_current_default__ni_k3_r2,L5,279,72,21,5,0.06944444444444445,0.23809523809523808,all_gt
legacy_current_default__ni_k3_r2,R1,252,71,7,2,0.028169014084507043,0.2857142857142857,all_gt
legacy_current_default__ni_k3_r2,R2,193,19,2,0,0.0,0.0,all_gt
legacy_current_default__ni_k3_r2,R3,160,21,8,0,0.0,0.0,all_gt
legacy_current_default__ni_k3_r2,R4,136,40,15,7,0.175,0.4666666666666667,all_gt
legacy_current_default__ni_k3_r2,R5,173,66,17,10,0.15151515151515152,0.5882352941176471,all_gt
legacy_current_default__ni_k3_r2,L1,217,10,5,1,0.1,0.2,assigned_gt
legacy_current_default__ni_k3_r2,L2,188,6,5,0,0.0,0.0,assigned_gt
legacy_current_default__ni_k3_r2,L3,95,5,5,1,0.2,0.2,assigned_gt
legacy_current_default__ni_k3_r2,L4,30,5,5,0,0.0,0.0,assigned_gt
legacy_current_default__ni_k3_r2,L5,225,18,21,5,0.2777777777777778,0.23809523809523808,assigned_gt
legacy_current_default__ni_k3_r2,R1,190,9,7,2,0.2222222222222222,0.2857142857142857,assigned_gt
legacy_current_default__ni_k3_r2,R2,182,8,2,0,0.0,0.0,assigned_gt
legacy_current_default__ni_k3_r2,R3,146,7,8,0,0.0,0.0,assigned_gt
legacy_current_default__ni_k3_r2,R4,118,22,15,7,0.3181818181818182,0.4666666666666667,assigned_gt
legacy_current_default__ni_k3_r2,R5,134,27,17,10,0.37037037037037035,0.5882352941176471,assigned_gt
legacy_current_default__ni_k3_r4,L1,252,45,10,1,0.022222222222222223,0.1,all_gt
legacy_current_default__ni_k3_r4,L2,207,25,10,0,0.0,0.0,all_gt
legacy_current_default__ni_k3_r4,L3,110,20,5,1,0.05,0.2,all_gt
legacy_current_default__ni_k3_r4,L4,38,13,6,0,0.0,0.0,all_gt
legacy_current_default__ni_k3_r4,L5,279,72,25,5,0.06944444444444445,0.2,all_gt
legacy_current_default__ni_k3_r4,R1,252,71,8,2,0.028169014084507043,0.25,all_gt
legacy_current_default__ni_k3_r4,R2,193,19,4,0,0.0,0.0,all_gt
legacy_current_default__ni_k3_r4,R3,160,21,10,0,0.0,0.0,all_gt
legacy_current_default__ni_k3_r4,R4,136,40,18,8,0.2,0.4444444444444444,all_gt
legacy_current_default__ni_k3_r4,R5,173,66,20,11,0.16666666666666666,0.55,all_gt
legacy_current_default__ni_k3_r4,L1,217,10,10,1,0.1,0.1,assigned_gt
legacy_current_default__ni_k3_r4,L2,188,6,10,0,0.0,0.0,assigned_gt
legacy_current_default__ni_k3_r4,L3,95,5,5,1,0.2,0.2,assigned_gt
legacy_current_default__ni_k3_r4,L4,30,5,6,0,0.0,0.0,assigned_gt
legacy_current_default__ni_k3_r4,L5,225,18,25,5,0.2777777777777778,0.2,assigned_gt
legacy_current_default__ni_k3_r4,R1,190,9,8,2,0.2222222222222222,0.25,assigned_gt
legacy_current_default__ni_k3_r4,R2,182,8,4,0,0.0,0.0,assigned_gt
legacy_current_default__ni_k3_r4,R3,146,7,10,0,0.0,0.0,assigned_gt
legacy_current_default__ni_k3_r4,R4,118,22,18,8,0.36363636363636365,0.4444444444444444,assigned_gt
legacy_current_default__ni_k3_r4,R5,134,27,20,11,0.4074074074074074,0.55,assigned_gt
legacy_current_default__ni_k5_r1,L1,252,45,5,1,0.022222222222222223,0.2,all_gt
legacy_current_default__ni_k5_r1,L2,207,25,5,0,0.0,0.0,all_gt
legacy_current_default__ni_k5_r1,L3,110,20,5,1,0.05,0.2,all_gt
legacy_current_default__ni_k5_r1,L4,38,13,5,0,0.0,0.0,all_gt
legacy_current_default__ni_k5_r1,L5,279,72,21,5,0.06944444444444445,0.23809523809523808,all_gt
legacy_current_default__ni_k5_r1,R1,252,71,7,2,0.028169014084507043,0.2857142857142857,all_gt
legacy_current_default__ni_k5_r1,R2,193,19,2,0,0.0,0.0,all_gt
legacy_current_default__ni_k5_r1,R3,160,21,8,0,0.0,0.0,all_gt
legacy_current_default__ni_k5_r1,R4,136,40,15,7,0.175,0.4666666666666667,all_gt
legacy_current_default__ni_k5_r1,R5,173,66,17,10,0.15151515151515152,0.5882352941176471,all_gt
legacy_current_default__ni_k5_r1,L1,217,10,5,1,0.1,0.2,assigned_gt
legacy_current_default__ni_k5_r1,L2,188,6,5,0,0.0,0.0,assigned_gt
legacy_current_default__ni_k5_r1,L3,95,5,5,1,0.2,0.2,assigned_gt
legacy_current_default__ni_k5_r1,L4,30,5,5,0,0.0,0.0,assigned_gt
legacy_current_default__ni_k5_r1,L5,225,18,21,5,0.2777777777777778,0.23809523809523808,assigned_gt
legacy_current_default__ni_k5_r1,R1,190,9,7,2,0.2222222222222222,0.2857142857142857,assigned_gt
legacy_current_default__ni_k5_r1,R2,182,8,2,0,0.0,0.0,assigned_gt
legacy_current_default__ni_k5_r1,R3,146,7,8,0,0.0,0.0,assigned_gt
legacy_current_default__ni_k5_r1,R4,118,22,15,7,0.3181818181818182,0.4666666666666667,assigned_gt
legacy_current_default__ni_k5_r1,R5,134,27,17,10,0.37037037037037035,0.5882352941176471,assigned_gt
legacy_current_default__ni_k5_r2,L1,252,45,5,1,0.022222222222222223,0.2,all_gt
legacy_current_default__ni_k5_r2,L2,207,25,5,0,0.0,0.0,all_gt
legacy_current_default__ni_k5_r2,L3,110,20,5,1,0.05,0.2,all_gt
legacy_current_default__ni_k5_r2,L4,38,13,5,0,0.0,0.0,all_gt
legacy_current_default__ni_k5_r2,L5,279,72,21,5,0.06944444444444445,0.23809523809523808,all_gt
legacy_current_default__ni_k5_r2,R1,252,71,7,2,0.028169014084507043,0.2857142857142857,all_gt
legacy_current_default__ni_k5_r2,R2,193,19,2,0,0.0,0.0,all_gt
legacy_current_default__ni_k5_r2,R3,160,21,8,0,0.0,0.0,all_gt
legacy_current_default__ni_k5_r2,R4,136,40,15,7,0.175,0.4666666666666667,all_gt
legacy_current_default__ni_k5_r2,R5,173,66,17,10,0.15151515151515152,0.5882352941176471,all_gt
legacy_current_default__ni_k5_r2,L1,217,10,5,1,0.1,0.2,assigned_gt
legacy_current_default__ni_k5_r2,L2,188,6,5,0,0.0,0.0,assigned_gt
legacy_current_default__ni_k5_r2,L3,95,5,5,1,0.2,0.2,assigned_gt
legacy_current_default__ni_k5_r2,L4,30,5,5,0,0.0,0.0,assigned_gt
legacy_current_default__ni_k5_r2,L5,225,18,21,5,0.2777777777777778,0.23809523809523808,assigned_gt
legacy_current_default__ni_k5_r2,R1,190,9,7,2,0.2222222222222222,0.2857142857142857,assigned_gt
legacy_current_default__ni_k5_r2,R2,182,8,2,0,0.0,0.0,assigned_gt
legacy_current_default__ni_k5_r2,R3,146,7,8,0,0.0,0.0,assigned_gt
legacy_current_default__ni_k5_r2,R4,118,22,15,7,0.3181818181818182,0.4666666666666667,assigned_gt
legacy_current_default__ni_k5_r2,R5,134,27,17,10,0.37037037037037035,0.5882352941176471,assigned_gt
legacy_current_default__ni_k5_r4,L1,252,45,5,1,0.022222222222222223,0.2,all_gt
legacy_current_default__ni_k5_r4,L2,207,25,5,0,0.0,0.0,all_gt
legacy_current_default__ni_k5_r4,L3,110,20,5,1,0.05,0.2,all_gt
legacy_current_default__ni_k5_r4,L4,38,13,5,0,0.0,0.0,all_gt
legacy_current_default__ni_k5_r4,L5,279,72,21,5,0.06944444444444445,0.23809523809523808,all_gt
legacy_current_default__ni_k5_r4,R1,252,71,7,2,0.028169014084507043,0.2857142857142857,all_gt
legacy_current_default__ni_k5_r4,R2,193,19,2,0,0.0,0.0,all_gt
legacy_current_default__ni_k5_r4,R3,160,21,8,0,0.0,0.0,all_gt
legacy_current_default__ni_k5_r4,R4,136,40,15,7,0.175,0.4666666666666667,all_gt
legacy_current_default__ni_k5_r4,R5,173,66,17,10,0.15151515151515152,0.5882352941176471,all_gt
legacy_current_default__ni_k5_r4,L1,217,10,5,1,0.1,0.2,assigned_gt
legacy_current_default__ni_k5_r4,L2,188,6,5,0,0.0,0.0,assigned_gt
legacy_current_default__ni_k5_r4,L3,95,5,5,1,0.2,0.2,assigned_gt
legacy_current_default__ni_k5_r4,L4,30,5,5,0,0.0,0.0,assigned_gt
legacy_current_default__ni_k5_r4,L5,225,18,21,5,0.2777777777777778,0.23809523809523808,assigned_gt
legacy_current_default__ni_k5_r4,R1,190,9,7,2,0.2222222222222222,0.2857142857142857,assigned_gt
legacy_current_default__ni_k5_r4,R2,182,8,2,0,0.0,0.0,assigned_gt
legacy_current_default__ni_k5_r4,R3,146,7,8,0,0.0,0.0,assigned_gt
legacy_current_default__ni_k5_r4,R4,118,22,15,7,0.3181818181818182,0.4666666666666667,assigned_gt
legacy_current_default__ni_k5_r4,R5,134,27,17,10,0.37037037037037035,0.5882352941176471,assigned_gt
bl_span_practical__ni_k2_r1,L1,252,45,23,0,0.0,0.0,all_gt
bl_span_practical__ni_k2_r1,L2,207,25,15,1,0.04,0.06666666666666667,all_gt
bl_span_practical__ni_k2_r1,L3,110,20,8,0,0.0,0.0,all_gt
bl_span_practical__ni_k2_r1,L4,38,13,4,0,0.0,0.0,all_gt
bl_span_practical__ni_k2_r1,L5,279,72,63,6,0.08333333333333333,0.09523809523809523,all_gt
bl_span_practical__ni_k2_r1,R1,252,71,18,1,0.014084507042253521,0.05555555555555555,all_gt
bl_span_practical__ni_k2_r1,R2,193,19,16,1,0.05263157894736842,0.0625,all_gt
bl_span_practical__ni_k2_r1,R3,160,21,13,0,0.0,0.0,all_gt
bl_span_practical__ni_k2_r1,R4,136,40,13,0,0.0,0.0,all_gt
bl_span_practical__ni_k2_r1,R5,173,66,21,9,0.13636363636363635,0.42857142857142855,all_gt
bl_span_practical__ni_k2_r1,L1,217,10,23,0,0.0,0.0,assigned_gt
bl_span_practical__ni_k2_r1,L2,188,6,15,1,0.16666666666666666,0.06666666666666667,assigned_gt
bl_span_practical__ni_k2_r1,L3,95,5,8,0,0.0,0.0,assigned_gt
bl_span_practical__ni_k2_r1,L4,30,5,4,0,0.0,0.0,assigned_gt
bl_span_practical__ni_k2_r1,L5,225,18,63,6,0.3333333333333333,0.09523809523809523,assigned_gt
bl_span_practical__ni_k2_r1,R1,190,9,18,1,0.1111111111111111,0.05555555555555555,assigned_gt
bl_span_practical__ni_k2_r1,R2,182,8,16,1,0.125,0.0625,assigned_gt
bl_span_practical__ni_k2_r1,R3,146,7,13,0,0.0,0.0,assigned_gt
bl_span_practical__ni_k2_r1,R4,118,22,13,0,0.0,0.0,assigned_gt
bl_span_practical__ni_k2_r1,R5,134,27,21,9,0.3333333333333333,0.42857142857142855,assigned_gt
bl_span_practical__ni_k2_r2,L1,252,45,27,0,0.0,0.0,all_gt
bl_span_practical__ni_k2_r2,L2,207,25,23,1,0.04,0.043478260869565216,all_gt
bl_span_practical__ni_k2_r2,L3,110,20,13,0,0.0,0.0,all_gt
bl_span_practical__ni_k2_r2,L4,38,13,5,0,0.0,0.0,all_gt
bl_span_practical__ni_k2_r2,L5,279,72,66,7,0.09722222222222222,0.10606060606060606,all_gt
bl_span_practical__ni_k2_r2,R1,252,71,25,3,0.04225352112676056,0.12,all_gt
bl_span_practical__ni_k2_r2,R2,193,19,22,1,0.05263157894736842,0.045454545454545456,all_gt
bl_span_practical__ni_k2_r2,R3,160,21,18,0,0.0,0.0,all_gt
bl_span_practical__ni_k2_r2,R4,136,40,18,2,0.05,0.1111111111111111,all_gt
bl_span_practical__ni_k2_r2,R5,173,66,26,10,0.15151515151515152,0.38461538461538464,all_gt
bl_span_practical__ni_k2_r2,L1,217,10,27,0,0.0,0.0,assigned_gt
bl_span_practical__ni_k2_r2,L2,188,6,23,1,0.16666666666666666,0.043478260869565216,assigned_gt
bl_span_practical__ni_k2_r2,L3,95,5,13,0,0.0,0.0,assigned_gt
bl_span_practical__ni_k2_r2,L4,30,5,5,0,0.0,0.0,assigned_gt
bl_span_practical__ni_k2_r2,L5,225,18,66,7,0.3888888888888889,0.10606060606060606,assigned_gt
bl_span_practical__ni_k2_r2,R1,190,9,25,3,0.3333333333333333,0.12,assigned_gt
bl_span_practical__ni_k2_r2,R2,182,8,22,1,0.125,0.045454545454545456,assigned_gt
bl_span_practical__ni_k2_r2,R3,146,7,18,0,0.0,0.0,assigned_gt
bl_span_practical__ni_k2_r2,R4,118,22,18,2,0.09090909090909091,0.1111111111111111,assigned_gt
bl_span_practical__ni_k2_r2,R5,134,27,26,10,0.37037037037037035,0.38461538461538464,assigned_gt
bl_span_practical__ni_k2_r4,L1,252,45,42,0,0.0,0.0,all_gt
bl_span_practical__ni_k2_r4,L2,207,25,34,1,0.04,0.029411764705882353,all_gt
bl_span_practical__ni_k2_r4,L3,110,20,15,0,0.0,0.0,all_gt
bl_span_practical__ni_k2_r4,L4,38,13,6,0,0.0,0.0,all_gt
bl_span_practical__ni_k2_r4,L5,279,72,76,8,0.1111111111111111,0.10526315789473684,all_gt
bl_span_practical__ni_k2_r4,R1,252,71,31,3,0.04225352112676056,0.0967741935483871,all_gt
bl_span_practical__ni_k2_r4,R2,193,19,28,1,0.05263157894736842,0.03571428571428571,all_gt
bl_span_practical__ni_k2_r4,R3,160,21,28,0,0.0,0.0,all_gt
bl_span_practical__ni_k2_r4,R4,136,40,32,6,0.15,0.1875,all_gt
bl_span_practical__ni_k2_r4,R5,173,66,36,11,0.16666666666666666,0.3055555555555556,all_gt
bl_span_practical__ni_k2_r4,L1,217,10,42,0,0.0,0.0,assigned_gt
bl_span_practical__ni_k2_r4,L2,188,6,34,1,0.16666666666666666,0.029411764705882353,assigned_gt
bl_span_practical__ni_k2_r4,L3,95,5,15,0,0.0,0.0,assigned_gt
bl_span_practical__ni_k2_r4,L4,30,5,6,0,0.0,0.0,assigned_gt
bl_span_practical__ni_k2_r4,L5,225,18,76,8,0.4444444444444444,0.10526315789473684,assigned_gt
bl_span_practical__ni_k2_r4,R1,190,9,31,3,0.3333333333333333,0.0967741935483871,assigned_gt
bl_span_practical__ni_k2_r4,R2,182,8,28,1,0.125,0.03571428571428571,assigned_gt
bl_span_practical__ni_k2_r4,R3,146,7,28,0,0.0,0.0,assigned_gt
bl_span_practical__ni_k2_r4,R4,118,22,32,6,0.2727272727272727,0.1875,assigned_gt
bl_span_practical__ni_k2_r4,R5,134,27,36,11,0.4074074074074074,0.3055555555555556,assigned_gt
bl_span_practical__ni_k3_r1,L1,252,45,14,0,0.0,0.0,all_gt
bl_span_practical__ni_k3_r1,L2,207,25,10,0,0.0,0.0,all_gt
bl_span_practical__ni_k3_r1,L3,110,20,7,0,0.0,0.0,all_gt
bl_span_practical__ni_k3_r1,L4,38,13,4,0,0.0,0.0,all_gt
bl_span_practical__ni_k3_r1,L5,279,72,58,6,0.08333333333333333,0.10344827586206896,all_gt
bl_span_practical__ni_k3_r1,R1,252,71,8,1,0.014084507042253521,0.125,all_gt
bl_span_practical__ni_k3_r1,R2,193,19,12,1,0.05263157894736842,0.08333333333333333,all_gt
bl_span_practical__ni_k3_r1,R3,160,21,7,0,0.0,0.0,all_gt
bl_span_practical__ni_k3_r1,R4,136,40,11,0,0.0,0.0,all_gt
bl_span_practical__ni_k3_r1,R5,173,66,15,6,0.09090909090909091,0.4,all_gt
bl_span_practical__ni_k3_r1,L1,217,10,14,0,0.0,0.0,assigned_gt
bl_span_practical__ni_k3_r1,L2,188,6,10,0,0.0,0.0,assigned_gt
bl_span_practical__ni_k3_r1,L3,95,5,7,0,0.0,0.0,assigned_gt
bl_span_practical__ni_k3_r1,L4,30,5,4,0,0.0,0.0,assigned_gt
bl_span_practical__ni_k3_r1,L5,225,18,58,6,0.3333333333333333,0.10344827586206896,assigned_gt
bl_span_practical__ni_k3_r1,R1,190,9,8,1,0.1111111111111111,0.125,assigned_gt
bl_span_practical__ni_k3_r1,R2,182,8,12,1,0.125,0.08333333333333333,assigned_gt
bl_span_practical__ni_k3_r1,R3,146,7,7,0,0.0,0.0,assigned_gt
bl_span_practical__ni_k3_r1,R4,118,22,11,0,0.0,0.0,assigned_gt
bl_span_practical__ni_k3_r1,R5,134,27,15,6,0.2222222222222222,0.4,assigned_gt
bl_span_practical__ni_k3_r2,L1,252,45,17,0,0.0,0.0,all_gt
bl_span_practical__ni_k3_r2,L2,207,25,11,0,0.0,0.0,all_gt
bl_span_practical__ni_k3_r2,L3,110,20,10,0,0.0,0.0,all_gt
bl_span_practical__ni_k3_r2,L4,38,13,4,0,0.0,0.0,all_gt
bl_span_practical__ni_k3_r2,L5,279,72,58,6,0.08333333333333333,0.10344827586206896,all_gt
bl_span_practical__ni_k3_r2,R1,252,71,11,2,0.028169014084507043,0.18181818181818182,all_gt
bl_span_practical__ni_k3_r2,R2,193,19,13,1,0.05263157894736842,0.07692307692307693,all_gt
bl_span_practical__ni_k3_r2,R3,160,21,7,0,0.0,0.0,all_gt
bl_span_practical__ni_k3_r2,R4,136,40,12,1,0.025,0.08333333333333333,all_gt
bl_span_practical__ni_k3_r2,R5,173,66,18,6,0.09090909090909091,0.3333333333333333,all_gt
bl_span_practical__ni_k3_r2,L1,217,10,17,0,0.0,0.0,assigned_gt
bl_span_practical__ni_k3_r2,L2,188,6,11,0,0.0,0.0,assigned_gt
bl_span_practical__ni_k3_r2,L3,95,5,10,0,0.0,0.0,assigned_gt
bl_span_practical__ni_k3_r2,L4,30,5,4,0,0.0,0.0,assigned_gt
bl_span_practical__ni_k3_r2,L5,225,18,58,6,0.3333333333333333,0.10344827586206896,assigned_gt
bl_span_practical__ni_k3_r2,R1,190,9,11,2,0.2222222222222222,0.18181818181818182,assigned_gt
bl_span_practical__ni_k3_r2,R2,182,8,13,1,0.125,0.07692307692307693,assigned_gt
bl_span_practical__ni_k3_r2,R3,146,7,7,0,0.0,0.0,assigned_gt
bl_span_practical__ni_k3_r2,R4,118,22,12,1,0.045454545454545456,0.08333333333333333,assigned_gt
bl_span_practical__ni_k3_r2,R5,134,27,18,6,0.2222222222222222,0.3333333333333333,assigned_gt
bl_span_practical__ni_k3_r4,L1,252,45,22,0,0.0,0.0,all_gt
bl_span_practical__ni_k3_r4,L2,207,25,15,0,0.0,0.0,all_gt
bl_span_practical__ni_k3_r4,L3,110,20,10,0,0.0,0.0,all_gt
bl_span_practical__ni_k3_r4,L4,38,13,5,0,0.0,0.0,all_gt
bl_span_practical__ni_k3_r4,L5,279,72,60,6,0.08333333333333333,0.1,all_gt
bl_span_practical__ni_k3_r4,R1,252,71,12,2,0.028169014084507043,0.16666666666666666,all_gt
bl_span_practical__ni_k3_r4,R2,193,19,14,1,0.05263157894736842,0.07142857142857142,all_gt
bl_span_practical__ni_k3_r4,R3,160,21,10,0,0.0,0.0,all_gt
bl_span_practical__ni_k3_r4,R4,136,40,19,4,0.1,0.21052631578947367,all_gt
bl_span_practical__ni_k3_r4,R5,173,66,21,7,0.10606060606060606,0.3333333333333333,all_gt
bl_span_practical__ni_k3_r4,L1,217,10,22,0,0.0,0.0,assigned_gt
bl_span_practical__ni_k3_r4,L2,188,6,15,0,0.0,0.0,assigned_gt
bl_span_practical__ni_k3_r4,L3,95,5,10,0,0.0,0.0,assigned_gt
bl_span_practical__ni_k3_r4,L4,30,5,5,0,0.0,0.0,assigned_gt
bl_span_practical__ni_k3_r4,L5,225,18,60,6,0.3333333333333333,0.1,assigned_gt
bl_span_practical__ni_k3_r4,R1,190,9,12,2,0.2222222222222222,0.16666666666666666,assigned_gt
bl_span_practical__ni_k3_r4,R2,182,8,14,1,0.125,0.07142857142857142,assigned_gt
bl_span_practical__ni_k3_r4,R3,146,7,10,0,0.0,0.0,assigned_gt
bl_span_practical__ni_k3_r4,R4,118,22,19,4,0.18181818181818182,0.21052631578947367,assigned_gt
bl_span_practical__ni_k3_r4,R5,134,27,21,7,0.25925925925925924,0.3333333333333333,assigned_gt
bl_span_practical__ni_k5_r1,L1,252,45,13,0,0.0,0.0,all_gt
bl_span_practical__ni_k5_r1,L2,207,25,10,0,0.0,0.0,all_gt
bl_span_practical__ni_k5_r1,L3,110,20,7,0,0.0,0.0,all_gt
bl_span_practical__ni_k5_r1,L4,38,13,4,0,0.0,0.0,all_gt
bl_span_practical__ni_k5_r1,L5,279,72,56,6,0.08333333333333333,0.10714285714285714,all_gt
bl_span_practical__ni_k5_r1,R1,252,71,4,0,0.0,0.0,all_gt
bl_span_practical__ni_k5_r1,R2,193,19,11,1,0.05263157894736842,0.09090909090909091,all_gt
bl_span_practical__ni_k5_r1,R3,160,21,4,0,0.0,0.0,all_gt
bl_span_practical__ni_k5_r1,R4,136,40,9,0,0.0,0.0,all_gt
bl_span_practical__ni_k5_r1,R5,173,66,13,6,0.09090909090909091,0.46153846153846156,all_gt
bl_span_practical__ni_k5_r1,L1,217,10,13,0,0.0,0.0,assigned_gt
bl_span_practical__ni_k5_r1,L2,188,6,10,0,0.0,0.0,assigned_gt
bl_span_practical__ni_k5_r1,L3,95,5,7,0,0.0,0.0,assigned_gt
bl_span_practical__ni_k5_r1,L4,30,5,4,0,0.0,0.0,assigned_gt
bl_span_practical__ni_k5_r1,L5,225,18,56,6,0.3333333333333333,0.10714285714285714,assigned_gt
bl_span_practical__ni_k5_r1,R1,190,9,4,0,0.0,0.0,assigned_gt
bl_span_practical__ni_k5_r1,R2,182,8,11,1,0.125,0.09090909090909091,assigned_gt
bl_span_practical__ni_k5_r1,R3,146,7,4,0,0.0,0.0,assigned_gt
bl_span_practical__ni_k5_r1,R4,118,22,9,0,0.0,0.0,assigned_gt
bl_span_practical__ni_k5_r1,R5,134,27,13,6,0.2222222222222222,0.46153846153846156,assigned_gt
bl_span_practical__ni_k5_r2,L1,252,45,13,0,0.0,0.0,all_gt
bl_span_practical__ni_k5_r2,L2,207,25,10,0,0.0,0.0,all_gt
bl_span_practical__ni_k5_r2,L3,110,20,7,0,0.0,0.0,all_gt
bl_span_practical__ni_k5_r2,L4,38,13,4,0,0.0,0.0,all_gt
bl_span_practical__ni_k5_r2,L5,279,72,56,6,0.08333333333333333,0.10714285714285714,all_gt
bl_span_practical__ni_k5_r2,R1,252,71,4,0,0.0,0.0,all_gt
bl_span_practical__ni_k5_r2,R2,193,19,11,1,0.05263157894736842,0.09090909090909091,all_gt
bl_span_practical__ni_k5_r2,R3,160,21,4,0,0.0,0.0,all_gt
bl_span_practical__ni_k5_r2,R4,136,40,9,0,0.0,0.0,all_gt
bl_span_practical__ni_k5_r2,R5,173,66,13,6,0.09090909090909091,0.46153846153846156,all_gt
bl_span_practical__ni_k5_r2,L1,217,10,13,0,0.0,0.0,assigned_gt
bl_span_practical__ni_k5_r2,L2,188,6,10,0,0.0,0.0,assigned_gt
bl_span_practical__ni_k5_r2,L3,95,5,7,0,0.0,0.0,assigned_gt
bl_span_practical__ni_k5_r2,L4,30,5,4,0,0.0,0.0,assigned_gt
bl_span_practical__ni_k5_r2,L5,225,18,56,6,0.3333333333333333,0.10714285714285714,assigned_gt
bl_span_practical__ni_k5_r2,R1,190,9,4,0,0.0,0.0,assigned_gt
bl_span_practical__ni_k5_r2,R2,182,8,11,1,0.125,0.09090909090909091,assigned_gt
bl_span_practical__ni_k5_r2,R3,146,7,4,0,0.0,0.0,assigned_gt
bl_span_practical__ni_k5_r2,R4,118,22,9,0,0.0,0.0,assigned_gt
bl_span_practical__ni_k5_r2,R5,134,27,13,6,0.2222222222222222,0.46153846153846156,assigned_gt
bl_span_practical__ni_k5_r4,L1,252,45,13,0,0.0,0.0,all_gt
bl_span_practical__ni_k5_r4,L2,207,25,10,0,0.0,0.0,all_gt
bl_span_practical__ni_k5_r4,L3,110,20,7,0,0.0,0.0,all_gt
bl_span_practical__ni_k5_r4,L4,38,13,4,0,0.0,0.0,all_gt
bl_span_practical__ni_k5_r4,L5,279,72,56,6,0.08333333333333333,0.10714285714285714,all_gt
bl_span_practical__ni_k5_r4,R1,252,71,4,0,0.0,0.0,all_gt
bl_span_practical__ni_k5_r4,R2,193,19,11,1,0.05263157894736842,0.09090909090909091,all_gt
bl_span_practical__ni_k5_r4,R3,160,21,4,0,0.0,0.0,all_gt
bl_span_practical__ni_k5_r4,R4,136,40,9,0,0.0,0.0,all_gt
bl_span_practical__ni_k5_r4,R5,173,66,13,6,0.09090909090909091,0.46153846153846156,all_gt
bl_span_practical__ni_k5_r4,L1,217,10,13,0,0.0,0.0,assigned_gt
bl_span_practical__ni_k5_r4,L2,188,6,10,0,0.0,0.0,assigned_gt
bl_span_practical__ni_k5_r4,L3,95,5,7,0,0.0,0.0,assigned_gt
bl_span_practical__ni_k5_r4,L4,30,5,4,0,0.0,0.0,assigned_gt
bl_span_practical__ni_k5_r4,L5,225,18,56,6,0.3333333333333333,0.10714285714285714,assigned_gt
bl_span_practical__ni_k5_r4,R1,190,9,4,0,0.0,0.0,assigned_gt
bl_span_practical__ni_k5_r4,R2,182,8,11,1,0.125,0.09090909090909091,assigned_gt
bl_span_practical__ni_k5_r4,R3,146,7,4,0,0.0,0.0,assigned_gt
bl_span_practical__ni_k5_r4,R4,118,22,9,0,0.0,0.0,assigned_gt
bl_span_practical__ni_k5_r4,R5,134,27,13,6,0.2222222222222222,0.46153846153846156,assigned_gt
bl_span_comfortable__ni_k2_r1,L1,252,45,34,0,0.0,0.0,all_gt
bl_span_comfortable__ni_k2_r1,L2,207,25,26,1,0.04,0.038461538461538464,all_gt
bl_span_comfortable__ni_k2_r1,L3,110,20,21,0,0.0,0.0,all_gt
bl_span_comfortable__ni_k2_r1,L4,38,13,8,0,0.0,0.0,all_gt
bl_span_comfortable__ni_k2_r1,L5,279,72,73,9,0.125,0.1232876712328767,all_gt
bl_span_comfortable__ni_k2_r1,R1,252,71,19,1,0.014084507042253521,0.05263157894736842,all_gt
bl_span_comfortable__ni_k2_r1,R2,193,19,29,1,0.05263157894736842,0.034482758620689655,all_gt
bl_span_comfortable__ni_k2_r1,R3,160,21,25,1,0.047619047619047616,0.04,all_gt
bl_span_comfortable__ni_k2_r1,R4,136,40,25,2,0.05,0.08,all_gt
bl_span_comfortable__ni_k2_r1,R5,173,66,32,11,0.16666666666666666,0.34375,all_gt
bl_span_comfortable__ni_k2_r1,L1,217,10,34,0,0.0,0.0,assigned_gt
bl_span_comfortable__ni_k2_r1,L2,188,6,26,1,0.16666666666666666,0.038461538461538464,assigned_gt
bl_span_comfortable__ni_k2_r1,L3,95,5,21,0,0.0,0.0,assigned_gt
bl_span_comfortable__ni_k2_r1,L4,30,5,8,0,0.0,0.0,assigned_gt
bl_span_comfortable__ni_k2_r1,L5,225,18,73,9,0.5,0.1232876712328767,assigned_gt
bl_span_comfortable__ni_k2_r1,R1,190,9,19,1,0.1111111111111111,0.05263157894736842,assigned_gt
bl_span_comfortable__ni_k2_r1,R2,182,8,29,1,0.125,0.034482758620689655,assigned_gt
bl_span_comfortable__ni_k2_r1,R3,146,7,25,1,0.14285714285714285,0.04,assigned_gt
bl_span_comfortable__ni_k2_r1,R4,118,22,25,2,0.09090909090909091,0.08,assigned_gt
bl_span_comfortable__ni_k2_r1,R5,134,27,32,11,0.4074074074074074,0.34375,assigned_gt
bl_span_comfortable__ni_k2_r2,L1,252,45,38,0,0.0,0.0,all_gt
bl_span_comfortable__ni_k2_r2,L2,207,25,32,1,0.04,0.03125,all_gt
bl_span_comfortable__ni_k2_r2,L3,110,20,25,0,0.0,0.0,all_gt
bl_span_comfortable__ni_k2_r2,L4,38,13,9,0,0.0,0.0,all_gt
bl_span_comfortable__ni_k2_r2,L5,279,72,76,10,0.1388888888888889,0.13157894736842105,all_gt
bl_span_comfortable__ni_k2_r2,R1,252,71,26,3,0.04225352112676056,0.11538461538461539,all_gt
bl_span_comfortable__ni_k2_r2,R2,193,19,35,1,0.05263157894736842,0.02857142857142857,all_gt
bl_span_comfortable__ni_k2_r2,R3,160,21,30,1,0.047619047619047616,0.03333333333333333,all_gt
bl_span_comfortable__ni_k2_r2,R4,136,40,30,4,0.1,0.13333333333333333,all_gt
bl_span_comfortable__ni_k2_r2,R5,173,66,37,12,0.18181818181818182,0.32432432432432434,all_gt
bl_span_comfortable__ni_k2_r2,L1,217,10,38,0,0.0,0.0,assigned_gt
bl_span_comfortable__ni_k2_r2,L2,188,6,32,1,0.16666666666666666,0.03125,assigned_gt
bl_span_comfortable__ni_k2_r2,L3,95,5,25,0,0.0,0.0,assigned_gt
bl_span_comfortable__ni_k2_r2,L4,30,5,9,0,0.0,0.0,assigned_gt
bl_span_comfortable__ni_k2_r2,L5,225,18,76,10,0.5555555555555556,0.13157894736842105,assigned_gt
bl_span_comfortable__ni_k2_r2,R1,190,9,26,3,0.3333333333333333,0.11538461538461539,assigned_gt
bl_span_comfortable__ni_k2_r2,R2,182,8,35,1,0.125,0.02857142857142857,assigned_gt
bl_span_comfortable__ni_k2_r2,R3,146,7,30,1,0.14285714285714285,0.03333333333333333,assigned_gt
bl_span_comfortable__ni_k2_r2,R4,118,22,30,4,0.18181818181818182,0.13333333333333333,assigned_gt
bl_span_comfortable__ni_k2_r2,R5,134,27,37,12,0.4444444444444444,0.32432432432432434,assigned_gt
bl_span_comfortable__ni_k2_r4,L1,252,45,52,0,0.0,0.0,all_gt
bl_span_comfortable__ni_k2_r4,L2,207,25,40,1,0.04,0.025,all_gt
bl_span_comfortable__ni_k2_r4,L3,110,20,26,0,0.0,0.0,all_gt
bl_span_comfortable__ni_k2_r4,L4,38,13,10,0,0.0,0.0,all_gt
bl_span_comfortable__ni_k2_r4,L5,279,72,84,11,0.1527777777777778,0.13095238095238096,all_gt
bl_span_comfortable__ni_k2_r4,R1,252,71,32,3,0.04225352112676056,0.09375,all_gt
bl_span_comfortable__ni_k2_r4,R2,193,19,41,1,0.05263157894736842,0.024390243902439025,all_gt
bl_span_comfortable__ni_k2_r4,R3,160,21,40,1,0.047619047619047616,0.025,all_gt
bl_span_comfortable__ni_k2_r4,R4,136,40,43,8,0.2,0.18604651162790697,all_gt
bl_span_comfortable__ni_k2_r4,R5,173,66,47,13,0.19696969696969696,0.2765957446808511,all_gt
bl_span_comfortable__ni_k2_r4,L1,217,10,52,0,0.0,0.0,assigned_gt
bl_span_comfortable__ni_k2_r4,L2,188,6,40,1,0.16666666666666666,0.025,assigned_gt
bl_span_comfortable__ni_k2_r4,L3,95,5,26,0,0.0,0.0,assigned_gt
bl_span_comfortable__ni_k2_r4,L4,30,5,10,0,0.0,0.0,assigned_gt
bl_span_comfortable__ni_k2_r4,L5,225,18,84,11,0.6111111111111112,0.13095238095238096,assigned_gt
bl_span_comfortable__ni_k2_r4,R1,190,9,32,3,0.3333333333333333,0.09375,assigned_gt
bl_span_comfortable__ni_k2_r4,R2,182,8,41,1,0.125,0.024390243902439025,assigned_gt
bl_span_comfortable__ni_k2_r4,R3,146,7,40,1,0.14285714285714285,0.025,assigned_gt
bl_span_comfortable__ni_k2_r4,R4,118,22,43,8,0.36363636363636365,0.18604651162790697,assigned_gt
bl_span_comfortable__ni_k2_r4,R5,134,27,47,13,0.48148148148148145,0.2765957446808511,assigned_gt
bl_span_comfortable__ni_k3_r1,L1,252,45,25,0,0.0,0.0,all_gt
bl_span_comfortable__ni_k3_r1,L2,207,25,22,0,0.0,0.0,all_gt
bl_span_comfortable__ni_k3_r1,L3,110,20,20,0,0.0,0.0,all_gt
bl_span_comfortable__ni_k3_r1,L4,38,13,8,0,0.0,0.0,all_gt
bl_span_comfortable__ni_k3_r1,L5,279,72,68,9,0.125,0.1323529411764706,all_gt
bl_span_comfortable__ni_k3_r1,R1,252,71,9,1,0.014084507042253521,0.1111111111111111,all_gt
bl_span_comfortable__ni_k3_r1,R2,193,19,25,1,0.05263157894736842,0.04,all_gt
bl_span_comfortable__ni_k3_r1,R3,160,21,19,1,0.047619047619047616,0.05263157894736842,all_gt
bl_span_comfortable__ni_k3_r1,R4,136,40,23,2,0.05,0.08695652173913043,all_gt
bl_span_comfortable__ni_k3_r1,R5,173,66,28,9,0.13636363636363635,0.32142857142857145,all_gt
bl_span_comfortable__ni_k3_r1,L1,217,10,25,0,0.0,0.0,assigned_gt
bl_span_comfortable__ni_k3_r1,L2,188,6,22,0,0.0,0.0,assigned_gt
bl_span_comfortable__ni_k3_r1,L3,95,5,20,0,0.0,0.0,assigned_gt
bl_span_comfortable__ni_k3_r1,L4,30,5,8,0,0.0,0.0,assigned_gt
bl_span_comfortable__ni_k3_r1,L5,225,18,68,9,0.5,0.1323529411764706,assigned_gt
bl_span_comfortable__ni_k3_r1,R1,190,9,9,1,0.1111111111111111,0.1111111111111111,assigned_gt
bl_span_comfortable__ni_k3_r1,R2,182,8,25,1,0.125,0.04,assigned_gt
bl_span_comfortable__ni_k3_r1,R3,146,7,19,1,0.14285714285714285,0.05263157894736842,assigned_gt
bl_span_comfortable__ni_k3_r1,R4,118,22,23,2,0.09090909090909091,0.08695652173913043,assigned_gt
bl_span_comfortable__ni_k3_r1,R5,134,27,28,9,0.3333333333333333,0.32142857142857145,assigned_gt
bl_span_comfortable__ni_k3_r2,L1,252,45,28,0,0.0,0.0,all_gt
bl_span_comfortable__ni_k3_r2,L2,207,25,23,0,0.0,0.0,all_gt
bl_span_comfortable__ni_k3_r2,L3,110,20,22,0,0.0,0.0,all_gt
bl_span_comfortable__ni_k3_r2,L4,38,13,8,0,0.0,0.0,all_gt
bl_span_comfortable__ni_k3_r2,L5,279,72,68,9,0.125,0.1323529411764706,all_gt
bl_span_comfortable__ni_k3_r2,R1,252,71,12,2,0.028169014084507043,0.16666666666666666,all_gt
bl_span_comfortable__ni_k3_r2,R2,193,19,26,1,0.05263157894736842,0.038461538461538464,all_gt
bl_span_comfortable__ni_k3_r2,R3,160,21,19,1,0.047619047619047616,0.05263157894736842,all_gt
bl_span_comfortable__ni_k3_r2,R4,136,40,24,3,0.075,0.125,all_gt
bl_span_comfortable__ni_k3_r2,R5,173,66,31,9,0.13636363636363635,0.2903225806451613,all_gt
bl_span_comfortable__ni_k3_r2,L1,217,10,28,0,0.0,0.0,assigned_gt
bl_span_comfortable__ni_k3_r2,L2,188,6,23,0,0.0,0.0,assigned_gt
bl_span_comfortable__ni_k3_r2,L3,95,5,22,0,0.0,0.0,assigned_gt
bl_span_comfortable__ni_k3_r2,L4,30,5,8,0,0.0,0.0,assigned_gt
bl_span_comfortable__ni_k3_r2,L5,225,18,68,9,0.5,0.1323529411764706,assigned_gt
bl_span_comfortable__ni_k3_r2,R1,190,9,12,2,0.2222222222222222,0.16666666666666666,assigned_gt
bl_span_comfortable__ni_k3_r2,R2,182,8,26,1,0.125,0.038461538461538464,assigned_gt
bl_span_comfortable__ni_k3_r2,R3,146,7,19,1,0.14285714285714285,0.05263157894736842,assigned_gt
bl_span_comfortable__ni_k3_r2,R4,118,22,24,3,0.13636363636363635,0.125,assigned_gt
bl_span_comfortable__ni_k3_r2,R5,134,27,31,9,0.3333333333333333,0.2903225806451613,assigned_gt
bl_span_comfortable__ni_k3_r4,L1,252,45,33,0,0.0,0.0,all_gt
bl_span_comfortable__ni_k3_r4,L2,207,25,25,0,0.0,0.0,all_gt
bl_span_comfortable__ni_k3_r4,L3,110,20,22,0,0.0,0.0,all_gt
bl_span_comfortable__ni_k3_r4,L4,38,13,9,0,0.0,0.0,all_gt
bl_span_comfortable__ni_k3_r4,L5,279,72,70,9,0.125,0.12857142857142856,all_gt
bl_span_comfortable__ni_k3_r4,R1,252,71,13,2,0.028169014084507043,0.15384615384615385,all_gt
bl_span_comfortable__ni_k3_r4,R2,193,19,27,1,0.05263157894736842,0.037037037037037035,all_gt
bl_span_comfortable__ni_k3_r4,R3,160,21,22,1,0.047619047619047616,0.045454545454545456,all_gt
bl_span_comfortable__ni_k3_r4,R4,136,40,31,6,0.15,0.1935483870967742,all_gt
bl_span_comfortable__ni_k3_r4,R5,173,66,34,10,0.15151515151515152,0.29411764705882354,all_gt
bl_span_comfortable__ni_k3_r4,L1,217,10,33,0,0.0,0.0,assigned_gt
bl_span_comfortable__ni_k3_r4,L2,188,6,25,0,0.0,0.0,assigned_gt
bl_span_comfortable__ni_k3_r4,L3,95,5,22,0,0.0,0.0,assigned_gt
bl_span_comfortable__ni_k3_r4,L4,30,5,9,0,0.0,0.0,assigned_gt
bl_span_comfortable__ni_k3_r4,L5,225,18,70,9,0.5,0.12857142857142856,assigned_gt
bl_span_comfortable__ni_k3_r4,R1,190,9,13,2,0.2222222222222222,0.15384615384615385,assigned_gt
bl_span_comfortable__ni_k3_r4,R2,182,8,27,1,0.125,0.037037037037037035,assigned_gt
bl_span_comfortable__ni_k3_r4,R3,146,7,22,1,0.14285714285714285,0.045454545454545456,assigned_gt
bl_span_comfortable__ni_k3_r4,R4,118,22,31,6,0.2727272727272727,0.1935483870967742,assigned_gt
bl_span_comfortable__ni_k3_r4,R5,134,27,34,10,0.37037037037037035,0.29411764705882354,assigned_gt
bl_span_comfortable__ni_k5_r1,L1,252,45,24,0,0.0,0.0,all_gt
bl_span_comfortable__ni_k5_r1,L2,207,25,22,0,0.0,0.0,all_gt
bl_span_comfortable__ni_k5_r1,L3,110,20,20,0,0.0,0.0,all_gt
bl_span_comfortable__ni_k5_r1,L4,38,13,8,0,0.0,0.0,all_gt
bl_span_comfortable__ni_k5_r1,L5,279,72,66,9,0.125,0.13636363636363635,all_gt
bl_span_comfortable__ni_k5_r1,R1,252,71,5,0,0.0,0.0,all_gt
bl_span_comfortable__ni_k5_r1,R2,193,19,24,1,0.05263157894736842,0.041666666666666664,all_gt
bl_span_comfortable__ni_k5_r1,R3,160,21,17,1,0.047619047619047616,0.058823529411764705,all_gt
bl_span_comfortable__ni_k5_r1,R4,136,40,21,2,0.05,0.09523809523809523,all_gt
bl_span_comfortable__ni_k5_r1,R5,173,66,26,9,0.13636363636363635,0.34615384615384615,all_gt
bl_span_comfortable__ni_k5_r1,L1,217,10,24,0,0.0,0.0,assigned_gt
bl_span_comfortable__ni_k5_r1,L2,188,6,22,0,0.0,0.0,assigned_gt
bl_span_comfortable__ni_k5_r1,L3,95,5,20,0,0.0,0.0,assigned_gt
bl_span_comfortable__ni_k5_r1,L4,30,5,8,0,0.0,0.0,assigned_gt
bl_span_comfortable__ni_k5_r1,L5,225,18,66,9,0.5,0.13636363636363635,assigned_gt
bl_span_comfortable__ni_k5_r1,R1,190,9,5,0,0.0,0.0,assigned_gt
bl_span_comfortable__ni_k5_r1,R2,182,8,24,1,0.125,0.041666666666666664,assigned_gt
bl_span_comfortable__ni_k5_r1,R3,146,7,17,1,0.14285714285714285,0.058823529411764705,assigned_gt
bl_span_comfortable__ni_k5_r1,R4,118,22,21,2,0.09090909090909091,0.09523809523809523,assigned_gt
bl_span_comfortable__ni_k5_r1,R5,134,27,26,9,0.3333333333333333,0.34615384615384615,assigned_gt
bl_span_comfortable__ni_k5_r2,L1,252,45,24,0,0.0,0.0,all_gt
bl_span_comfortable__ni_k5_r2,L2,207,25,22,0,0.0,0.0,all_gt
bl_span_comfortable__ni_k5_r2,L3,110,20,20,0,0.0,0.0,all_gt
bl_span_comfortable__ni_k5_r2,L4,38,13,8,0,0.0,0.0,all_gt
bl_span_comfortable__ni_k5_r2,L5,279,72,66,9,0.125,0.13636363636363635,all_gt
bl_span_comfortable__ni_k5_r2,R1,252,71,5,0,0.0,0.0,all_gt
bl_span_comfortable__ni_k5_r2,R2,193,19,24,1,0.05263157894736842,0.041666666666666664,all_gt
bl_span_comfortable__ni_k5_r2,R3,160,21,17,1,0.047619047619047616,0.058823529411764705,all_gt
bl_span_comfortable__ni_k5_r2,R4,136,40,21,2,0.05,0.09523809523809523,all_gt
bl_span_comfortable__ni_k5_r2,R5,173,66,26,9,0.13636363636363635,0.34615384615384615,all_gt
bl_span_comfortable__ni_k5_r2,L1,217,10,24,0,0.0,0.0,assigned_gt
bl_span_comfortable__ni_k5_r2,L2,188,6,22,0,0.0,0.0,assigned_gt
bl_span_comfortable__ni_k5_r2,L3,95,5,20,0,0.0,0.0,assigned_gt
bl_span_comfortable__ni_k5_r2,L4,30,5,8,0,0.0,0.0,assigned_gt
bl_span_comfortable__ni_k5_r2,L5,225,18,66,9,0.5,0.13636363636363635,assigned_gt
bl_span_comfortable__ni_k5_r2,R1,190,9,5,0,0.0,0.0,assigned_gt
bl_span_comfortable__ni_k5_r2,R2,182,8,24,1,0.125,0.041666666666666664,assigned_gt
bl_span_comfortable__ni_k5_r2,R3,146,7,17,1,0.14285714285714285,0.058823529411764705,assigned_gt
bl_span_comfortable__ni_k5_r2,R4,118,22,21,2,0.09090909090909091,0.09523809523809523,assigned_gt
bl_span_comfortable__ni_k5_r2,R5,134,27,26,9,0.3333333333333333,0.34615384615384615,assigned_gt
bl_span_comfortable__ni_k5_r4,L1,252,45,24,0,0.0,0.0,all_gt
bl_span_comfortable__ni_k5_r4,L2,207,25,22,0,0.0,0.0,all_gt
bl_span_comfortable__ni_k5_r4,L3,110,20,20,0,0.0,0.0,all_gt
bl_span_comfortable__ni_k5_r4,L4,38,13,8,0,0.0,0.0,all_gt
bl_span_comfortable__ni_k5_r4,L5,279,72,66,9,0.125,0.13636363636363635,all_gt
bl_span_comfortable__ni_k5_r4,R1,252,71,5,0,0.0,0.0,all_gt
bl_span_comfortable__ni_k5_r4,R2,193,19,24,1,0.05263157894736842,0.041666666666666664,all_gt
bl_span_comfortable__ni_k5_r4,R3,160,21,17,1,0.047619047619047616,0.058823529411764705,all_gt
bl_span_comfortable__ni_k5_r4,R4,136,40,21,2,0.05,0.09523809523809523,all_gt
bl_span_comfortable__ni_k5_r4,R5,173,66,26,9,0.13636363636363635,0.34615384615384615,all_gt
bl_span_comfortable__ni_k5_r4,L1,217,10,24,0,0.0,0.0,assigned_gt
bl_span_comfortable__ni_k5_r4,L2,188,6,22,0,0.0,0.0,assigned_gt
bl_span_comfortable__ni_k5_r4,L3,95,5,20,0,0.0,0.0,assigned_gt
bl_span_comfortable__ni_k5_r4,L4,30,5,8,0,0.0,0.0,assigned_gt
bl_span_comfortable__ni_k5_r4,L5,225,18,66,9,0.5,0.13636363636363635,assigned_gt
bl_span_comfortable__ni_k5_r4,R1,190,9,5,0,0.0,0.0,assigned_gt
bl_span_comfortable__ni_k5_r4,R2,182,8,24,1,0.125,0.041666666666666664,assigned_gt
bl_span_comfortable__ni_k5_r4,R3,146,7,17,1,0.14285714285714285,0.058823529411764705,assigned_gt
bl_span_comfortable__ni_k5_r4,R4,118,22,21,2,0.09090909090909091,0.09523809523809523,assigned_gt
bl_span_comfortable__ni_k5_r4,R5,134,27,26,9,0.3333333333333333,0.34615384615384615,assigned_gt
bl_span_relative__ni_k2_r1,L1,252,45,99,2,0.044444444444444446,0.020202020202020204,all_gt
bl_span_relative__ni_k2_r1,L2,207,25,83,3,0.12,0.03614457831325301,all_gt
bl_span_relative__ni_k2_r1,L3,110,20,34,3,0.15,0.08823529411764706,all_gt
bl_span_relative__ni_k2_r1,L4,38,13,13,3,0.23076923076923078,0.23076923076923078,all_gt
bl_span_relative__ni_k2_r1,L5,279,72,127,12,0.16666666666666666,0.09448818897637795,all_gt
bl_span_relative__ni_k2_r1,R1,252,71,55,7,0.09859154929577464,0.12727272727272726,all_gt
bl_span_relative__ni_k2_r1,R2,193,19,62,2,0.10526315789473684,0.03225806451612903,all_gt
bl_span_relative__ni_k2_r1,R3,160,21,61,5,0.23809523809523808,0.08196721311475409,all_gt
bl_span_relative__ni_k2_r1,R4,136,40,48,12,0.3,0.25,all_gt
bl_span_relative__ni_k2_r1,R5,173,66,78,14,0.21212121212121213,0.1794871794871795,all_gt
bl_span_relative__ni_k2_r1,L1,217,10,99,2,0.2,0.020202020202020204,assigned_gt
bl_span_relative__ni_k2_r1,L2,188,6,83,3,0.5,0.03614457831325301,assigned_gt
bl_span_relative__ni_k2_r1,L3,95,5,34,3,0.6,0.08823529411764706,assigned_gt
bl_span_relative__ni_k2_r1,L4,30,5,13,3,0.6,0.23076923076923078,assigned_gt
bl_span_relative__ni_k2_r1,L5,225,18,127,12,0.6666666666666666,0.09448818897637795,assigned_gt
bl_span_relative__ni_k2_r1,R1,190,9,55,7,0.7777777777777778,0.12727272727272726,assigned_gt
bl_span_relative__ni_k2_r1,R2,182,8,62,2,0.25,0.03225806451612903,assigned_gt
bl_span_relative__ni_k2_r1,R3,146,7,61,5,0.7142857142857143,0.08196721311475409,assigned_gt
bl_span_relative__ni_k2_r1,R4,118,22,48,12,0.5454545454545454,0.25,assigned_gt
bl_span_relative__ni_k2_r1,R5,134,27,78,14,0.5185185185185185,0.1794871794871795,assigned_gt
bl_span_relative__ni_k2_r2,L1,252,45,101,2,0.044444444444444446,0.019801980198019802,all_gt
bl_span_relative__ni_k2_r2,L2,207,25,86,3,0.12,0.03488372093023256,all_gt
bl_span_relative__ni_k2_r2,L3,110,20,35,3,0.15,0.08571428571428572,all_gt
bl_span_relative__ni_k2_r2,L4,38,13,13,3,0.23076923076923078,0.23076923076923078,all_gt
bl_span_relative__ni_k2_r2,L5,279,72,129,13,0.18055555555555555,0.10077519379844961,all_gt
bl_span_relative__ni_k2_r2,R1,252,71,60,7,0.09859154929577464,0.11666666666666667,all_gt
bl_span_relative__ni_k2_r2,R2,193,19,65,2,0.10526315789473684,0.03076923076923077,all_gt
bl_span_relative__ni_k2_r2,R3,160,21,65,5,0.23809523809523808,0.07692307692307693,all_gt
bl_span_relative__ni_k2_r2,R4,136,40,52,14,0.35,0.2692307692307692,all_gt
bl_span_relative__ni_k2_r2,R5,173,66,82,15,0.22727272727272727,0.18292682926829268,all_gt
bl_span_relative__ni_k2_r2,L1,217,10,101,2,0.2,0.019801980198019802,assigned_gt
bl_span_relative__ni_k2_r2,L2,188,6,86,3,0.5,0.03488372093023256,assigned_gt
bl_span_relative__ni_k2_r2,L3,95,5,35,3,0.6,0.08571428571428572,assigned_gt
bl_span_relative__ni_k2_r2,L4,30,5,13,3,0.6,0.23076923076923078,assigned_gt
bl_span_relative__ni_k2_r2,L5,225,18,129,13,0.7222222222222222,0.10077519379844961,assigned_gt
bl_span_relative__ni_k2_r2,R1,190,9,60,7,0.7777777777777778,0.11666666666666667,assigned_gt
bl_span_relative__ni_k2_r2,R2,182,8,65,2,0.25,0.03076923076923077,assigned_gt
bl_span_relative__ni_k2_r2,R3,146,7,65,5,0.7142857142857143,0.07692307692307693,assigned_gt
bl_span_relative__ni_k2_r2,R4,118,22,52,14,0.6363636363636364,0.2692307692307692,assigned_gt
bl_span_relative__ni_k2_r2,R5,134,27,82,15,0.5555555555555556,0.18292682926829268,assigned_gt
bl_span_relative__ni_k2_r4,L1,252,45,111,2,0.044444444444444446,0.018018018018018018,all_gt
bl_span_relative__ni_k2_r4,L2,207,25,92,3,0.12,0.03260869565217391,all_gt
bl_span_relative__ni_k2_r4,L3,110,20,36,3,0.15,0.08333333333333333,all_gt
bl_span_relative__ni_k2_r4,L4,38,13,14,3,0.23076923076923078,0.21428571428571427,all_gt
bl_span_relative__ni_k2_r4,L5,279,72,133,14,0.19444444444444445,0.10526315789473684,all_gt
bl_span_relative__ni_k2_r4,R1,252,71,66,7,0.09859154929577464,0.10606060606060606,all_gt
bl_span_relative__ni_k2_r4,R2,193,19,70,2,0.10526315789473684,0.02857142857142857,all_gt
bl_span_relative__ni_k2_r4,R3,160,21,73,5,0.23809523809523808,0.0684931506849315,all_gt
bl_span_relative__ni_k2_r4,R4,136,40,62,16,0.4,0.25806451612903225,all_gt
bl_span_relative__ni_k2_r4,R5,173,66,88,16,0.24242424242424243,0.18181818181818182,all_gt
bl_span_relative__ni_k2_r4,L1,217,10,111,2,0.2,0.018018018018018018,assigned_gt
bl_span_relative__ni_k2_r4,L2,188,6,92,3,0.5,0.03260869565217391,assigned_gt
bl_span_relative__ni_k2_r4,L3,95,5,36,3,0.6,0.08333333333333333,assigned_gt
bl_span_relative__ni_k2_r4,L4,30,5,14,3,0.6,0.21428571428571427,assigned_gt
bl_span_relative__ni_k2_r4,L5,225,18,133,14,0.7777777777777778,0.10526315789473684,assigned_gt
bl_span_relative__ni_k2_r4,R1,190,9,66,7,0.7777777777777778,0.10606060606060606,assigned_gt
bl_span_relative__ni_k2_r4,R2,182,8,70,2,0.25,0.02857142857142857,assigned_gt
bl_span_relative__ni_k2_r4,R3,146,7,73,5,0.7142857142857143,0.0684931506849315,assigned_gt
bl_span_relative__ni_k2_r4,R4,118,22,62,16,0.7272727272727273,0.25806451612903225,assigned_gt
bl_span_relative__ni_k2_r4,R5,134,27,88,16,0.5925925925925926,0.18181818181818182,assigned_gt
bl_span_relative__ni_k3_r1,L1,252,45,93,2,0.044444444444444446,0.021505376344086023,all_gt
bl_span_relative__ni_k3_r1,L2,207,25,82,3,0.12,0.036585365853658534,all_gt
bl_span_relative__ni_k3_r1,L3,110,20,33,3,0.15,0.09090909090909091,all_gt
bl_span_relative__ni_k3_r1,L4,38,13,13,3,0.23076923076923078,0.23076923076923078,all_gt
bl_span_relative__ni_k3_r1,L5,279,72,125,12,0.16666666666666666,0.096,all_gt
bl_span_relative__ni_k3_r1,R1,252,71,48,7,0.09859154929577464,0.14583333333333334,all_gt
bl_span_relative__ni_k3_r1,R2,193,19,60,2,0.10526315789473684,0.03333333333333333,all_gt
bl_span_relative__ni_k3_r1,R3,160,21,56,5,0.23809523809523808,0.08928571428571429,all_gt
bl_span_relative__ni_k3_r1,R4,136,40,46,12,0.3,0.2608695652173913,all_gt
bl_span_relative__ni_k3_r1,R5,173,66,75,12,0.18181818181818182,0.16,all_gt
bl_span_relative__ni_k3_r1,L1,217,10,93,2,0.2,0.021505376344086023,assigned_gt
bl_span_relative__ni_k3_r1,L2,188,6,82,3,0.5,0.036585365853658534,assigned_gt
bl_span_relative__ni_k3_r1,L3,95,5,33,3,0.6,0.09090909090909091,assigned_gt
bl_span_relative__ni_k3_r1,L4,30,5,13,3,0.6,0.23076923076923078,assigned_gt
bl_span_relative__ni_k3_r1,L5,225,18,125,12,0.6666666666666666,0.096,assigned_gt
bl_span_relative__ni_k3_r1,R1,190,9,48,7,0.7777777777777778,0.14583333333333334,assigned_gt
bl_span_relative__ni_k3_r1,R2,182,8,60,2,0.25,0.03333333333333333,assigned_gt
bl_span_relative__ni_k3_r1,R3,146,7,56,5,0.7142857142857143,0.08928571428571429,assigned_gt
bl_span_relative__ni_k3_r1,R4,118,22,46,12,0.5454545454545454,0.2608695652173913,assigned_gt
bl_span_relative__ni_k3_r1,R5,134,27,75,12,0.4444444444444444,0.16,assigned_gt
bl_span_relative__ni_k3_r2,L1,252,45,94,2,0.044444444444444446,0.02127659574468085,all_gt
bl_span_relative__ni_k3_r2,L2,207,25,82,3,0.12,0.036585365853658534,all_gt
bl_span_relative__ni_k3_r2,L3,110,20,33,3,0.15,0.09090909090909091,all_gt
bl_span_relative__ni_k3_r2,L4,38,13,13,3,0.23076923076923078,0.23076923076923078,all_gt
bl_span_relative__ni_k3_r2,L5,279,72,125,12,0.16666666666666666,0.096,all_gt
bl_span_relative__ni_k3_r2,R1,252,71,50,7,0.09859154929577464,0.14,all_gt
bl_span_relative__ni_k3_r2,R2,193,19,60,2,0.10526315789473684,0.03333333333333333,all_gt
bl_span_relative__ni_k3_r2,R3,160,21,56,5,0.23809523809523808,0.08928571428571429,all_gt
bl_span_relative__ni_k3_r2,R4,136,40,47,13,0.325,0.2765957446808511,all_gt
bl_span_relative__ni_k3_r2,R5,173,66,77,12,0.18181818181818182,0.15584415584415584,all_gt
bl_span_relative__ni_k3_r2,L1,217,10,94,2,0.2,0.02127659574468085,assigned_gt
bl_span_relative__ni_k3_r2,L2,188,6,82,3,0.5,0.036585365853658534,assigned_gt
bl_span_relative__ni_k3_r2,L3,95,5,33,3,0.6,0.09090909090909091,assigned_gt
bl_span_relative__ni_k3_r2,L4,30,5,13,3,0.6,0.23076923076923078,assigned_gt
bl_span_relative__ni_k3_r2,L5,225,18,125,12,0.6666666666666666,0.096,assigned_gt
bl_span_relative__ni_k3_r2,R1,190,9,50,7,0.7777777777777778,0.14,assigned_gt
bl_span_relative__ni_k3_r2,R2,182,8,60,2,0.25,0.03333333333333333,assigned_gt
bl_span_relative__ni_k3_r2,R3,146,7,56,5,0.7142857142857143,0.08928571428571429,assigned_gt
bl_span_relative__ni_k3_r2,R4,118,22,47,13,0.5909090909090909,0.2765957446808511,assigned_gt
bl_span_relative__ni_k3_r2,R5,134,27,77,12,0.4444444444444444,0.15584415584415584,assigned_gt
bl_span_relative__ni_k3_r4,L1,252,45,97,2,0.044444444444444446,0.020618556701030927,all_gt
bl_span_relative__ni_k3_r4,L2,207,25,83,3,0.12,0.03614457831325301,all_gt
bl_span_relative__ni_k3_r4,L3,110,20,33,3,0.15,0.09090909090909091,all_gt
bl_span_relative__ni_k3_r4,L4,38,13,14,3,0.23076923076923078,0.21428571428571427,all_gt
bl_span_relative__ni_k3_r4,L5,279,72,125,12,0.16666666666666666,0.096,all_gt
bl_span_relative__ni_k3_r4,R1,252,71,51,7,0.09859154929577464,0.13725490196078433,all_gt
bl_span_relative__ni_k3_r4,R2,193,19,61,2,0.10526315789473684,0.03278688524590164,all_gt
bl_span_relative__ni_k3_r4,R3,160,21,59,5,0.23809523809523808,0.0847457627118644,all_gt
bl_span_relative__ni_k3_r4,R4,136,40,52,15,0.375,0.28846153846153844,all_gt
bl_span_relative__ni_k3_r4,R5,173,66,78,13,0.19696969696969696,0.16666666666666666,all_gt
bl_span_relative__ni_k3_r4,L1,217,10,97,2,0.2,0.020618556701030927,assigned_gt
bl_span_relative__ni_k3_r4,L2,188,6,83,3,0.5,0.03614457831325301,assigned_gt
bl_span_relative__ni_k3_r4,L3,95,5,33,3,0.6,0.09090909090909091,assigned_gt
bl_span_relative__ni_k3_r4,L4,30,5,14,3,0.6,0.21428571428571427,assigned_gt
bl_span_relative__ni_k3_r4,L5,225,18,125,12,0.6666666666666666,0.096,assigned_gt
bl_span_relative__ni_k3_r4,R1,190,9,51,7,0.7777777777777778,0.13725490196078433,assigned_gt
bl_span_relative__ni_k3_r4,R2,182,8,61,2,0.25,0.03278688524590164,assigned_gt
bl_span_relative__ni_k3_r4,R3,146,7,59,5,0.7142857142857143,0.0847457627118644,assigned_gt
bl_span_relative__ni_k3_r4,R4,118,22,52,15,0.6818181818181818,0.28846153846153844,assigned_gt
bl_span_relative__ni_k3_r4,R5,134,27,78,13,0.48148148148148145,0.16666666666666666,assigned_gt
bl_span_relative__ni_k5_r1,L1,252,45,92,2,0.044444444444444446,0.021739130434782608,all_gt
bl_span_relative__ni_k5_r1,L2,207,25,82,3,0.12,0.036585365853658534,all_gt
bl_span_relative__ni_k5_r1,L3,110,20,33,3,0.15,0.09090909090909091,all_gt
bl_span_relative__ni_k5_r1,L4,38,13,13,3,0.23076923076923078,0.23076923076923078,all_gt
bl_span_relative__ni_k5_r1,L5,279,72,124,12,0.16666666666666666,0.0967741935483871,all_gt
bl_span_relative__ni_k5_r1,R1,252,71,46,6,0.08450704225352113,0.13043478260869565,all_gt
bl_span_relative__ni_k5_r1,R2,193,19,59,2,0.10526315789473684,0.03389830508474576,all_gt
bl_span_relative__ni_k5_r1,R3,160,21,55,5,0.23809523809523808,0.09090909090909091,all_gt
bl_span_relative__ni_k5_r1,R4,136,40,45,12,0.3,0.26666666666666666,all_gt
bl_span_relative__ni_k5_r1,R5,173,66,75,12,0.18181818181818182,0.16,all_gt
bl_span_relative__ni_k5_r1,L1,217,10,92,2,0.2,0.021739130434782608,assigned_gt
bl_span_relative__ni_k5_r1,L2,188,6,82,3,0.5,0.036585365853658534,assigned_gt
bl_span_relative__ni_k5_r1,L3,95,5,33,3,0.6,0.09090909090909091,assigned_gt
bl_span_relative__ni_k5_r1,L4,30,5,13,3,0.6,0.23076923076923078,assigned_gt
bl_span_relative__ni_k5_r1,L5,225,18,124,12,0.6666666666666666,0.0967741935483871,assigned_gt
bl_span_relative__ni_k5_r1,R1,190,9,46,6,0.6666666666666666,0.13043478260869565,assigned_gt
bl_span_relative__ni_k5_r1,R2,182,8,59,2,0.25,0.03389830508474576,assigned_gt
bl_span_relative__ni_k5_r1,R3,146,7,55,5,0.7142857142857143,0.09090909090909091,assigned_gt
bl_span_relative__ni_k5_r1,R4,118,22,45,12,0.5454545454545454,0.26666666666666666,assigned_gt
bl_span_relative__ni_k5_r1,R5,134,27,75,12,0.4444444444444444,0.16,assigned_gt
bl_span_relative__ni_k5_r2,L1,252,45,92,2,0.044444444444444446,0.021739130434782608,all_gt
bl_span_relative__ni_k5_r2,L2,207,25,82,3,0.12,0.036585365853658534,all_gt
bl_span_relative__ni_k5_r2,L3,110,20,33,3,0.15,0.09090909090909091,all_gt
bl_span_relative__ni_k5_r2,L4,38,13,13,3,0.23076923076923078,0.23076923076923078,all_gt
bl_span_relative__ni_k5_r2,L5,279,72,124,12,0.16666666666666666,0.0967741935483871,all_gt
bl_span_relative__ni_k5_r2,R1,252,71,46,6,0.08450704225352113,0.13043478260869565,all_gt
bl_span_relative__ni_k5_r2,R2,193,19,59,2,0.10526315789473684,0.03389830508474576,all_gt
bl_span_relative__ni_k5_r2,R3,160,21,55,5,0.23809523809523808,0.09090909090909091,all_gt
bl_span_relative__ni_k5_r2,R4,136,40,45,12,0.3,0.26666666666666666,all_gt
bl_span_relative__ni_k5_r2,R5,173,66,75,12,0.18181818181818182,0.16,all_gt
bl_span_relative__ni_k5_r2,L1,217,10,92,2,0.2,0.021739130434782608,assigned_gt
bl_span_relative__ni_k5_r2,L2,188,6,82,3,0.5,0.036585365853658534,assigned_gt
bl_span_relative__ni_k5_r2,L3,95,5,33,3,0.6,0.09090909090909091,assigned_gt
bl_span_relative__ni_k5_r2,L4,30,5,13,3,0.6,0.23076923076923078,assigned_gt
bl_span_relative__ni_k5_r2,L5,225,18,124,12,0.6666666666666666,0.0967741935483871,assigned_gt
bl_span_relative__ni_k5_r2,R1,190,9,46,6,0.6666666666666666,0.13043478260869565,assigned_gt
bl_span_relative__ni_k5_r2,R2,182,8,59,2,0.25,0.03389830508474576,assigned_gt
bl_span_relative__ni_k5_r2,R3,146,7,55,5,0.7142857142857143,0.09090909090909091,assigned_gt
bl_span_relative__ni_k5_r2,R4,118,22,45,12,0.5454545454545454,0.26666666666666666,assigned_gt
bl_span_relative__ni_k5_r2,R5,134,27,75,12,0.4444444444444444,0.16,assigned_gt
bl_span_relative__ni_k5_r4,L1,252,45,92,2,0.044444444444444446,0.021739130434782608,all_gt
bl_span_relative__ni_k5_r4,L2,207,25,82,3,0.12,0.036585365853658534,all_gt
bl_span_relative__ni_k5_r4,L3,110,20,33,3,0.15,0.09090909090909091,all_gt
bl_span_relative__ni_k5_r4,L4,38,13,13,3,0.23076923076923078,0.23076923076923078,all_gt
bl_span_relative__ni_k5_r4,L5,279,72,124,12,0.16666666666666666,0.0967741935483871,all_gt
bl_span_relative__ni_k5_r4,R1,252,71,46,6,0.08450704225352113,0.13043478260869565,all_gt
bl_span_relative__ni_k5_r4,R2,193,19,59,2,0.10526315789473684,0.03389830508474576,all_gt
bl_span_relative__ni_k5_r4,R3,160,21,55,5,0.23809523809523808,0.09090909090909091,all_gt
bl_span_relative__ni_k5_r4,R4,136,40,45,12,0.3,0.26666666666666666,all_gt
bl_span_relative__ni_k5_r4,R5,173,66,75,12,0.18181818181818182,0.16,all_gt
bl_span_relative__ni_k5_r4,L1,217,10,92,2,0.2,0.021739130434782608,assigned_gt
bl_span_relative__ni_k5_r4,L2,188,6,82,3,0.5,0.036585365853658534,assigned_gt
bl_span_relative__ni_k5_r4,L3,95,5,33,3,0.6,0.09090909090909091,assigned_gt
bl_span_relative__ni_k5_r4,L4,30,5,13,3,0.6,0.23076923076923078,assigned_gt
bl_span_relative__ni_k5_r4,L5,225,18,124,12,0.6666666666666666,0.0967741935483871,assigned_gt
bl_span_relative__ni_k5_r4,R1,190,9,46,6,0.6666666666666666,0.13043478260869565,assigned_gt
bl_span_relative__ni_k5_r4,R2,182,8,59,2,0.25,0.03389830508474576,assigned_gt
bl_span_relative__ni_k5_r4,R3,146,7,55,5,0.7142857142857143,0.09090909090909091,assigned_gt
bl_span_relative__ni_k5_r4,R4,118,22,45,12,0.5454545454545454,0.26666666666666666,assigned_gt
bl_span_relative__ni_k5_r4,R5,134,27,75,12,0.4444444444444444,0.16,assigned_gt
bl_crossing__ni_k2_r1,L1,252,45,10,0,0.0,0.0,all_gt
bl_crossing__ni_k2_r1,L2,207,25,7,1,0.04,0.14285714285714285,all_gt
bl_crossing__ni_k2_r1,L3,110,20,3,0,0.0,0.0,all_gt
bl_crossing__ni_k2_r1,L4,38,13,1,0,0.0,0.0,all_gt
bl_crossing__ni_k2_r1,L5,279,72,13,3,0.041666666666666664,0.23076923076923078,all_gt
bl_crossing__ni_k2_r1,R1,252,71,14,1,0.014084507042253521,0.07142857142857142,all_gt
bl_crossing__ni_k2_r1,R2,193,19,6,0,0.0,0.0,all_gt
bl_crossing__ni_k2_r1,R3,160,21,11,0,0.0,0.0,all_gt
bl_crossing__ni_k2_r1,R4,136,40,8,0,0.0,0.0,all_gt
bl_crossing__ni_k2_r1,R5,173,66,15,7,0.10606060606060606,0.4666666666666667,all_gt
bl_crossing__ni_k2_r1,L1,217,10,10,0,0.0,0.0,assigned_gt
bl_crossing__ni_k2_r1,L2,188,6,7,1,0.16666666666666666,0.14285714285714285,assigned_gt
bl_crossing__ni_k2_r1,L3,95,5,3,0,0.0,0.0,assigned_gt
bl_crossing__ni_k2_r1,L4,30,5,1,0,0.0,0.0,assigned_gt
bl_crossing__ni_k2_r1,L5,225,18,13,3,0.16666666666666666,0.23076923076923078,assigned_gt
bl_crossing__ni_k2_r1,R1,190,9,14,1,0.1111111111111111,0.07142857142857142,assigned_gt
bl_crossing__ni_k2_r1,R2,182,8,6,0,0.0,0.0,assigned_gt
bl_crossing__ni_k2_r1,R3,146,7,11,0,0.0,0.0,assigned_gt
bl_crossing__ni_k2_r1,R4,118,22,8,0,0.0,0.0,assigned_gt
bl_crossing__ni_k2_r1,R5,134,27,15,7,0.25925925925925924,0.4666666666666667,assigned_gt
bl_crossing__ni_k2_r2,L1,252,45,14,0,0.0,0.0,all_gt
bl_crossing__ni_k2_r2,L2,207,25,15,1,0.04,0.06666666666666667,all_gt
bl_crossing__ni_k2_r2,L3,110,20,8,0,0.0,0.0,all_gt
bl_crossing__ni_k2_r2,L4,38,13,2,0,0.0,0.0,all_gt
bl_crossing__ni_k2_r2,L5,279,72,19,5,0.06944444444444445,0.2631578947368421,all_gt
bl_crossing__ni_k2_r2,R1,252,71,21,3,0.04225352112676056,0.14285714285714285,all_gt
bl_crossing__ni_k2_r2,R2,193,19,13,0,0.0,0.0,all_gt
bl_crossing__ni_k2_r2,R3,160,21,17,0,0.0,0.0,all_gt
bl_crossing__ni_k2_r2,R4,136,40,15,2,0.05,0.13333333333333333,all_gt
bl_crossing__ni_k2_r2,R5,173,66,20,8,0.12121212121212122,0.4,all_gt
bl_crossing__ni_k2_r2,L1,217,10,14,0,0.0,0.0,assigned_gt
bl_crossing__ni_k2_r2,L2,188,6,15,1,0.16666666666666666,0.06666666666666667,assigned_gt
bl_crossing__ni_k2_r2,L3,95,5,8,0,0.0,0.0,assigned_gt
bl_crossing__ni_k2_r2,L4,30,5,2,0,0.0,0.0,assigned_gt
bl_crossing__ni_k2_r2,L5,225,18,19,5,0.2777777777777778,0.2631578947368421,assigned_gt
bl_crossing__ni_k2_r2,R1,190,9,21,3,0.3333333333333333,0.14285714285714285,assigned_gt
bl_crossing__ni_k2_r2,R2,182,8,13,0,0.0,0.0,assigned_gt
bl_crossing__ni_k2_r2,R3,146,7,17,0,0.0,0.0,assigned_gt
bl_crossing__ni_k2_r2,R4,118,22,15,2,0.09090909090909091,0.13333333333333333,assigned_gt
bl_crossing__ni_k2_r2,R5,134,27,20,8,0.2962962962962963,0.4,assigned_gt
bl_crossing__ni_k2_r4,L1,252,45,29,0,0.0,0.0,all_gt
bl_crossing__ni_k2_r4,L2,207,25,29,1,0.04,0.034482758620689655,all_gt
bl_crossing__ni_k2_r4,L3,110,20,11,0,0.0,0.0,all_gt
bl_crossing__ni_k2_r4,L4,38,13,3,0,0.0,0.0,all_gt
bl_crossing__ni_k2_r4,L5,279,72,31,6,0.08333333333333333,0.1935483870967742,all_gt
bl_crossing__ni_k2_r4,R1,252,71,28,3,0.04225352112676056,0.10714285714285714,all_gt
bl_crossing__ni_k2_r4,R2,193,19,20,0,0.0,0.0,all_gt
bl_crossing__ni_k2_r4,R3,160,21,28,0,0.0,0.0,all_gt
bl_crossing__ni_k2_r4,R4,136,40,30,6,0.15,0.2,all_gt
bl_crossing__ni_k2_r4,R5,173,66,31,10,0.15151515151515152,0.3225806451612903,all_gt
bl_crossing__ni_k2_r4,L1,217,10,29,0,0.0,0.0,assigned_gt
bl_crossing__ni_k2_r4,L2,188,6,29,1,0.16666666666666666,0.034482758620689655,assigned_gt
bl_crossing__ni_k2_r4,L3,95,5,11,0,0.0,0.0,assigned_gt
bl_crossing__ni_k2_r4,L4,30,5,3,0,0.0,0.0,assigned_gt
bl_crossing__ni_k2_r4,L5,225,18,31,6,0.3333333333333333,0.1935483870967742,assigned_gt
bl_crossing__ni_k2_r4,R1,190,9,28,3,0.3333333333333333,0.10714285714285714,assigned_gt
bl_crossing__ni_k2_r4,R2,182,8,20,0,0.0,0.0,assigned_gt
bl_crossing__ni_k2_r4,R3,146,7,28,0,0.0,0.0,assigned_gt
bl_crossing__ni_k2_r4,R4,118,22,30,6,0.2727272727272727,0.2,assigned_gt
bl_crossing__ni_k2_r4,R5,134,27,31,10,0.37037037037037035,0.3225806451612903,assigned_gt
bl_crossing__ni_k3_r1,L1,252,45,1,0,0.0,0.0,all_gt
bl_crossing__ni_k3_r1,L2,207,25,1,0,0.0,0.0,all_gt
bl_crossing__ni_k3_r1,L3,110,20,1,0,0.0,0.0,all_gt
bl_crossing__ni_k3_r1,L4,38,13,1,0,0.0,0.0,all_gt
bl_crossing__ni_k3_r1,L5,279,72,8,3,0.041666666666666664,0.375,all_gt
bl_crossing__ni_k3_r1,R1,252,71,4,1,0.014084507042253521,0.25,all_gt
bl_crossing__ni_k3_r1,R2,193,19,1,0,0.0,0.0,all_gt
bl_crossing__ni_k3_r1,R3,160,21,5,0,0.0,0.0,all_gt
bl_crossing__ni_k3_r1,R4,136,40,5,0,0.0,0.0,all_gt
bl_crossing__ni_k3_r1,R5,173,66,8,4,0.06060606060606061,0.5,all_gt
bl_crossing__ni_k3_r1,L1,217,10,1,0,0.0,0.0,assigned_gt
bl_crossing__ni_k3_r1,L2,188,6,1,0,0.0,0.0,assigned_gt
bl_crossing__ni_k3_r1,L3,95,5,1,0,0.0,0.0,assigned_gt
bl_crossing__ni_k3_r1,L4,30,5,1,0,0.0,0.0,assigned_gt
bl_crossing__ni_k3_r1,L5,225,18,8,3,0.16666666666666666,0.375,assigned_gt
bl_crossing__ni_k3_r1,R1,190,9,4,1,0.1111111111111111,0.25,assigned_gt
bl_crossing__ni_k3_r1,R2,182,8,1,0,0.0,0.0,assigned_gt
bl_crossing__ni_k3_r1,R3,146,7,5,0,0.0,0.0,assigned_gt
bl_crossing__ni_k3_r1,R4,118,22,5,0,0.0,0.0,assigned_gt
bl_crossing__ni_k3_r1,R5,134,27,8,4,0.14814814814814814,0.5,assigned_gt
bl_crossing__ni_k3_r2,L1,252,45,4,0,0.0,0.0,all_gt
bl_crossing__ni_k3_r2,L2,207,25,2,0,0.0,0.0,all_gt
bl_crossing__ni_k3_r2,L3,110,20,4,0,0.0,0.0,all_gt
bl_crossing__ni_k3_r2,L4,38,13,1,0,0.0,0.0,all_gt
bl_crossing__ni_k3_r2,L5,279,72,8,3,0.041666666666666664,0.375,all_gt
bl_crossing__ni_k3_r2,R1,252,71,7,2,0.028169014084507043,0.2857142857142857,all_gt
bl_crossing__ni_k3_r2,R2,193,19,2,0,0.0,0.0,all_gt
bl_crossing__ni_k3_r2,R3,160,21,5,0,0.0,0.0,all_gt
bl_crossing__ni_k3_r2,R4,136,40,6,1,0.025,0.16666666666666666,all_gt
bl_crossing__ni_k3_r2,R5,173,66,11,4,0.06060606060606061,0.36363636363636365,all_gt
bl_crossing__ni_k3_r2,L1,217,10,4,0,0.0,0.0,assigned_gt
bl_crossing__ni_k3_r2,L2,188,6,2,0,0.0,0.0,assigned_gt
bl_crossing__ni_k3_r2,L3,95,5,4,0,0.0,0.0,assigned_gt
bl_crossing__ni_k3_r2,L4,30,5,1,0,0.0,0.0,assigned_gt
bl_crossing__ni_k3_r2,L5,225,18,8,3,0.16666666666666666,0.375,assigned_gt
bl_crossing__ni_k3_r2,R1,190,9,7,2,0.2222222222222222,0.2857142857142857,assigned_gt
bl_crossing__ni_k3_r2,R2,182,8,2,0,0.0,0.0,assigned_gt
bl_crossing__ni_k3_r2,R3,146,7,5,0,0.0,0.0,assigned_gt
bl_crossing__ni_k3_r2,R4,118,22,6,1,0.045454545454545456,0.16666666666666666,assigned_gt
bl_crossing__ni_k3_r2,R5,134,27,11,4,0.14814814814814814,0.36363636363636365,assigned_gt
bl_crossing__ni_k3_r4,L1,252,45,9,0,0.0,0.0,all_gt
bl_crossing__ni_k3_r4,L2,207,25,7,0,0.0,0.0,all_gt
bl_crossing__ni_k3_r4,L3,110,20,4,0,0.0,0.0,all_gt
bl_crossing__ni_k3_r4,L4,38,13,2,0,0.0,0.0,all_gt
bl_crossing__ni_k3_r4,L5,279,72,12,3,0.041666666666666664,0.25,all_gt
bl_crossing__ni_k3_r4,R1,252,71,8,2,0.028169014084507043,0.25,all_gt
bl_crossing__ni_k3_r4,R2,193,19,4,0,0.0,0.0,all_gt
bl_crossing__ni_k3_r4,R3,160,21,8,0,0.0,0.0,all_gt
bl_crossing__ni_k3_r4,R4,136,40,13,4,0.1,0.3076923076923077,all_gt
bl_crossing__ni_k3_r4,R5,173,66,14,5,0.07575757575757576,0.35714285714285715,all_gt
bl_crossing__ni_k3_r4,L1,217,10,9,0,0.0,0.0,assigned_gt
bl_crossing__ni_k3_r4,L2,188,6,7,0,0.0,0.0,assigned_gt
bl_crossing__ni_k3_r4,L3,95,5,4,0,0.0,0.0,assigned_gt
bl_crossing__ni_k3_r4,L4,30,5,2,0,0.0,0.0,assigned_gt
bl_crossing__ni_k3_r4,L5,225,18,12,3,0.16666666666666666,0.25,assigned_gt
bl_crossing__ni_k3_r4,R1,190,9,8,2,0.2222222222222222,0.25,assigned_gt
bl_crossing__ni_k3_r4,R2,182,8,4,0,0.0,0.0,assigned_gt
bl_crossing__ni_k3_r4,R3,146,7,8,0,0.0,0.0,assigned_gt
bl_crossing__ni_k3_r4,R4,118,22,13,4,0.18181818181818182,0.3076923076923077,assigned_gt
bl_crossing__ni_k3_r4,R5,134,27,14,5,0.18518518518518517,0.35714285714285715,assigned_gt
bl_crossing__ni_k5_r1,L1,252,45,0,0,0.0,,all_gt
bl_crossing__ni_k5_r1,L2,207,25,1,0,0.0,0.0,all_gt
bl_crossing__ni_k5_r1,L3,110,20,1,0,0.0,0.0,all_gt
bl_crossing__ni_k5_r1,L4,38,13,1,0,0.0,0.0,all_gt
bl_crossing__ni_k5_r1,L5,279,72,6,3,0.041666666666666664,0.5,all_gt
bl_crossing__ni_k5_r1,R1,252,71,0,0,0.0,,all_gt
bl_crossing__ni_k5_r1,R2,193,19,0,0,0.0,,all_gt
bl_crossing__ni_k5_r1,R3,160,21,2,0,0.0,0.0,all_gt
bl_crossing__ni_k5_r1,R4,136,40,3,0,0.0,0.0,all_gt
bl_crossing__ni_k5_r1,R5,173,66,6,4,0.06060606060606061,0.6666666666666666,all_gt
bl_crossing__ni_k5_r1,L1,217,10,0,0,0.0,,assigned_gt
bl_crossing__ni_k5_r1,L2,188,6,1,0,0.0,0.0,assigned_gt
bl_crossing__ni_k5_r1,L3,95,5,1,0,0.0,0.0,assigned_gt
bl_crossing__ni_k5_r1,L4,30,5,1,0,0.0,0.0,assigned_gt
bl_crossing__ni_k5_r1,L5,225,18,6,3,0.16666666666666666,0.5,assigned_gt
bl_crossing__ni_k5_r1,R1,190,9,0,0,0.0,,assigned_gt
bl_crossing__ni_k5_r1,R2,182,8,0,0,0.0,,assigned_gt
bl_crossing__ni_k5_r1,R3,146,7,2,0,0.0,0.0,assigned_gt
bl_crossing__ni_k5_r1,R4,118,22,3,0,0.0,0.0,assigned_gt
bl_crossing__ni_k5_r1,R5,134,27,6,4,0.14814814814814814,0.6666666666666666,assigned_gt
bl_crossing__ni_k5_r2,L1,252,45,0,0,0.0,,all_gt
bl_crossing__ni_k5_r2,L2,207,25,1,0,0.0,0.0,all_gt
bl_crossing__ni_k5_r2,L3,110,20,1,0,0.0,0.0,all_gt
bl_crossing__ni_k5_r2,L4,38,13,1,0,0.0,0.0,all_gt
bl_crossing__ni_k5_r2,L5,279,72,6,3,0.041666666666666664,0.5,all_gt
bl_crossing__ni_k5_r2,R1,252,71,0,0,0.0,,all_gt
bl_crossing__ni_k5_r2,R2,193,19,0,0,0.0,,all_gt
bl_crossing__ni_k5_r2,R3,160,21,2,0,0.0,0.0,all_gt
bl_crossing__ni_k5_r2,R4,136,40,3,0,0.0,0.0,all_gt
bl_crossing__ni_k5_r2,R5,173,66,6,4,0.06060606060606061,0.6666666666666666,all_gt
bl_crossing__ni_k5_r2,L1,217,10,0,0,0.0,,assigned_gt
bl_crossing__ni_k5_r2,L2,188,6,1,0,0.0,0.0,assigned_gt
bl_crossing__ni_k5_r2,L3,95,5,1,0,0.0,0.0,assigned_gt
bl_crossing__ni_k5_r2,L4,30,5,1,0,0.0,0.0,assigned_gt
bl_crossing__ni_k5_r2,L5,225,18,6,3,0.16666666666666666,0.5,assigned_gt
bl_crossing__ni_k5_r2,R1,190,9,0,0,0.0,,assigned_gt
bl_crossing__ni_k5_r2,R2,182,8,0,0,0.0,,assigned_gt
bl_crossing__ni_k5_r2,R3,146,7,2,0,0.0,0.0,assigned_gt
bl_crossing__ni_k5_r2,R4,118,22,3,0,0.0,0.0,assigned_gt
bl_crossing__ni_k5_r2,R5,134,27,6,4,0.14814814814814814,0.6666666666666666,assigned_gt
bl_crossing__ni_k5_r4,L1,252,45,0,0,0.0,,all_gt
bl_crossing__ni_k5_r4,L2,207,25,1,0,0.0,0.0,all_gt
bl_crossing__ni_k5_r4,L3,110,20,1,0,0.0,0.0,all_gt
bl_crossing__ni_k5_r4,L4,38,13,1,0,0.0,0.0,all_gt
bl_crossing__ni_k5_r4,L5,279,72,6,3,0.041666666666666664,0.5,all_gt
bl_crossing__ni_k5_r4,R1,252,71,0,0,0.0,,all_gt
bl_crossing__ni_k5_r4,R2,193,19,0,0,0.0,,all_gt
bl_crossing__ni_k5_r4,R3,160,21,2,0,0.0,0.0,all_gt
bl_crossing__ni_k5_r4,R4,136,40,3,0,0.0,0.0,all_gt
bl_crossing__ni_k5_r4,R5,173,66,6,4,0.06060606060606061,0.6666666666666666,all_gt
bl_crossing__ni_k5_r4,L1,217,10,0,0,0.0,,assigned_gt
bl_crossing__ni_k5_r4,L2,188,6,1,0,0.0,0.0,assigned_gt
bl_crossing__ni_k5_r4,L3,95,5,1,0,0.0,0.0,assigned_gt
bl_crossing__ni_k5_r4,L4,30,5,1,0,0.0,0.0,assigned_gt
bl_crossing__ni_k5_r4,L5,225,18,6,3,0.16666666666666666,0.5,assigned_gt
bl_crossing__ni_k5_r4,R1,190,9,0,0,0.0,,assigned_gt
bl_crossing__ni_k5_r4,R2,182,8,0,0,0.0,,assigned_gt
bl_crossing__ni_k5_r4,R3,146,7,2,0,0.0,0.0,assigned_gt
bl_crossing__ni_k5_r4,R4,118,22,3,0,0.0,0.0,assigned_gt
bl_crossing__ni_k5_r4,R5,134,27,6,4,0.14814814814814814,0.6666666666666666,assigned_gt
bl_step_crossing__ni_k2_r1,L1,252,45,10,0,0.0,0.0,all_gt
bl_step_crossing__ni_k2_r1,L2,207,25,6,1,0.04,0.16666666666666666,all_gt
bl_step_crossing__ni_k2_r1,L3,110,20,3,0,0.0,0.0,all_gt
bl_step_crossing__ni_k2_r1,L4,38,13,0,0,0.0,,all_gt
bl_step_crossing__ni_k2_r1,L5,279,72,7,0,0.0,0.0,all_gt
bl_step_crossing__ni_k2_r1,R1,252,71,14,1,0.014084507042253521,0.07142857142857142,all_gt
bl_step_crossing__ni_k2_r1,R2,193,19,6,0,0.0,0.0,all_gt
bl_step_crossing__ni_k2_r1,R3,160,21,10,0,0.0,0.0,all_gt
bl_step_crossing__ni_k2_r1,R4,136,40,6,0,0.0,0.0,all_gt
bl_step_crossing__ni_k2_r1,R5,173,66,13,6,0.09090909090909091,0.46153846153846156,all_gt
bl_step_crossing__ni_k2_r1,L1,217,10,10,0,0.0,0.0,assigned_gt
bl_step_crossing__ni_k2_r1,L2,188,6,6,1,0.16666666666666666,0.16666666666666666,assigned_gt
bl_step_crossing__ni_k2_r1,L3,95,5,3,0,0.0,0.0,assigned_gt
bl_step_crossing__ni_k2_r1,L4,30,5,0,0,0.0,,assigned_gt
bl_step_crossing__ni_k2_r1,L5,225,18,7,0,0.0,0.0,assigned_gt
bl_step_crossing__ni_k2_r1,R1,190,9,14,1,0.1111111111111111,0.07142857142857142,assigned_gt
bl_step_crossing__ni_k2_r1,R2,182,8,6,0,0.0,0.0,assigned_gt
bl_step_crossing__ni_k2_r1,R3,146,7,10,0,0.0,0.0,assigned_gt
bl_step_crossing__ni_k2_r1,R4,118,22,6,0,0.0,0.0,assigned_gt
bl_step_crossing__ni_k2_r1,R5,134,27,13,6,0.2222222222222222,0.46153846153846156,assigned_gt
bl_step_crossing__ni_k2_r2,L1,252,45,14,0,0.0,0.0,all_gt
bl_step_crossing__ni_k2_r2,L2,207,25,14,1,0.04,0.07142857142857142,all_gt
bl_step_crossing__ni_k2_r2,L3,110,20,8,0,0.0,0.0,all_gt
bl_step_crossing__ni_k2_r2,L4,38,13,1,0,0.0,0.0,all_gt
bl_step_crossing__ni_k2_r2,L5,279,72,13,2,0.027777777777777776,0.15384615384615385,all_gt
bl_step_crossing__ni_k2_r2,R1,252,71,21,3,0.04225352112676056,0.14285714285714285,all_gt
bl_step_crossing__ni_k2_r2,R2,193,19,13,0,0.0,0.0,all_gt
bl_step_crossing__ni_k2_r2,R3,160,21,16,0,0.0,0.0,all_gt
bl_step_crossing__ni_k2_r2,R4,136,40,13,2,0.05,0.15384615384615385,all_gt
bl_step_crossing__ni_k2_r2,R5,173,66,18,7,0.10606060606060606,0.3888888888888889,all_gt
bl_step_crossing__ni_k2_r2,L1,217,10,14,0,0.0,0.0,assigned_gt
bl_step_crossing__ni_k2_r2,L2,188,6,14,1,0.16666666666666666,0.07142857142857142,assigned_gt
bl_step_crossing__ni_k2_r2,L3,95,5,8,0,0.0,0.0,assigned_gt
bl_step_crossing__ni_k2_r2,L4,30,5,1,0,0.0,0.0,assigned_gt
bl_step_crossing__ni_k2_r2,L5,225,18,13,2,0.1111111111111111,0.15384615384615385,assigned_gt
bl_step_crossing__ni_k2_r2,R1,190,9,21,3,0.3333333333333333,0.14285714285714285,assigned_gt
bl_step_crossing__ni_k2_r2,R2,182,8,13,0,0.0,0.0,assigned_gt
bl_step_crossing__ni_k2_r2,R3,146,7,16,0,0.0,0.0,assigned_gt
bl_step_crossing__ni_k2_r2,R4,118,22,13,2,0.09090909090909091,0.15384615384615385,assigned_gt
bl_step_crossing__ni_k2_r2,R5,134,27,18,7,0.25925925925925924,0.3888888888888889,assigned_gt
bl_step_crossing__ni_k2_r4,L1,252,45,29,0,0.0,0.0,all_gt
bl_step_crossing__ni_k2_r4,L2,207,25,28,1,0.04,0.03571428571428571,all_gt
bl_step_crossing__ni_k2_r4,L3,110,20,11,0,0.0,0.0,all_gt
bl_step_crossing__ni_k2_r4,L4,38,13,2,0,0.0,0.0,all_gt
bl_step_crossing__ni_k2_r4,L5,279,72,25,3,0.041666666666666664,0.12,all_gt
bl_step_crossing__ni_k2_r4,R1,252,71,28,3,0.04225352112676056,0.10714285714285714,all_gt
bl_step_crossing__ni_k2_r4,R2,193,19,20,0,0.0,0.0,all_gt
bl_step_crossing__ni_k2_r4,R3,160,21,27,0,0.0,0.0,all_gt
bl_step_crossing__ni_k2_r4,R4,136,40,28,6,0.15,0.21428571428571427,all_gt
bl_step_crossing__ni_k2_r4,R5,173,66,29,9,0.13636363636363635,0.3103448275862069,all_gt
bl_step_crossing__ni_k2_r4,L1,217,10,29,0,0.0,0.0,assigned_gt
bl_step_crossing__ni_k2_r4,L2,188,6,28,1,0.16666666666666666,0.03571428571428571,assigned_gt
bl_step_crossing__ni_k2_r4,L3,95,5,11,0,0.0,0.0,assigned_gt
bl_step_crossing__ni_k2_r4,L4,30,5,2,0,0.0,0.0,assigned_gt
bl_step_crossing__ni_k2_r4,L5,225,18,25,3,0.16666666666666666,0.12,assigned_gt
bl_step_crossing__ni_k2_r4,R1,190,9,28,3,0.3333333333333333,0.10714285714285714,assigned_gt
bl_step_crossing__ni_k2_r4,R2,182,8,20,0,0.0,0.0,assigned_gt
bl_step_crossing__ni_k2_r4,R3,146,7,27,0,0.0,0.0,assigned_gt
bl_step_crossing__ni_k2_r4,R4,118,22,28,6,0.2727272727272727,0.21428571428571427,assigned_gt
bl_step_crossing__ni_k2_r4,R5,134,27,29,9,0.3333333333333333,0.3103448275862069,assigned_gt
bl_step_crossing__ni_k3_r1,L1,252,45,1,0,0.0,0.0,all_gt
bl_step_crossing__ni_k3_r1,L2,207,25,0,0,0.0,,all_gt
bl_step_crossing__ni_k3_r1,L3,110,20,1,0,0.0,0.0,all_gt
bl_step_crossing__ni_k3_r1,L4,38,13,0,0,0.0,,all_gt
bl_step_crossing__ni_k3_r1,L5,279,72,2,0,0.0,0.0,all_gt
bl_step_crossing__ni_k3_r1,R1,252,71,4,1,0.014084507042253521,0.25,all_gt
bl_step_crossing__ni_k3_r1,R2,193,19,1,0,0.0,0.0,all_gt
bl_step_crossing__ni_k3_r1,R3,160,21,4,0,0.0,0.0,all_gt
bl_step_crossing__ni_k3_r1,R4,136,40,3,0,0.0,0.0,all_gt
bl_step_crossing__ni_k3_r1,R5,173,66,6,3,0.045454545454545456,0.5,all_gt
bl_step_crossing__ni_k3_r1,L1,217,10,1,0,0.0,0.0,assigned_gt
bl_step_crossing__ni_k3_r1,L2,188,6,0,0,0.0,,assigned_gt
bl_step_crossing__ni_k3_r1,L3,95,5,1,0,0.0,0.0,assigned_gt
bl_step_crossing__ni_k3_r1,L4,30,5,0,0,0.0,,assigned_gt
bl_step_crossing__ni_k3_r1,L5,225,18,2,0,0.0,0.0,assigned_gt
bl_step_crossing__ni_k3_r1,R1,190,9,4,1,0.1111111111111111,0.25,assigned_gt
bl_step_crossing__ni_k3_r1,R2,182,8,1,0,0.0,0.0,assigned_gt
bl_step_crossing__ni_k3_r1,R3,146,7,4,0,0.0,0.0,assigned_gt
bl_step_crossing__ni_k3_r1,R4,118,22,3,0,0.0,0.0,assigned_gt
bl_step_crossing__ni_k3_r1,R5,134,27,6,3,0.1111111111111111,0.5,assigned_gt
bl_step_crossing__ni_k3_r2,L1,252,45,4,0,0.0,0.0,all_gt
bl_step_crossing__ni_k3_r2,L2,207,25,1,0,0.0,0.0,all_gt
bl_step_crossing__ni_k3_r2,L3,110,20,4,0,0.0,0.0,all_gt
bl_step_crossing__ni_k3_r2,L4,38,13,0,0,0.0,,all_gt
bl_step_crossing__ni_k3_r2,L5,279,72,2,0,0.0,0.0,all_gt
bl_step_crossing__ni_k3_r2,R1,252,71,7,2,0.028169014084507043,0.2857142857142857,all_gt
bl_step_crossing__ni_k3_r2,R2,193,19,2,0,0.0,0.0,all_gt
bl_step_crossing__ni_k3_r2,R3,160,21,4,0,0.0,0.0,all_gt
bl_step_crossing__ni_k3_r2,R4,136,40,4,1,0.025,0.25,all_gt
bl_step_crossing__ni_k3_r2,R5,173,66,9,3,0.045454545454545456,0.3333333333333333,all_gt
bl_step_crossing__ni_k3_r2,L1,217,10,4,0,0.0,0.0,assigned_gt
bl_step_crossing__ni_k3_r2,L2,188,6,1,0,0.0,0.0,assigned_gt
bl_step_crossing__ni_k3_r2,L3,95,5,4,0,0.0,0.0,assigned_gt
bl_step_crossing__ni_k3_r2,L4,30,5,0,0,0.0,,assigned_gt
bl_step_crossing__ni_k3_r2,L5,225,18,2,0,0.0,0.0,assigned_gt
bl_step_crossing__ni_k3_r2,R1,190,9,7,2,0.2222222222222222,0.2857142857142857,assigned_gt
bl_step_crossing__ni_k3_r2,R2,182,8,2,0,0.0,0.0,assigned_gt
bl_step_crossing__ni_k3_r2,R3,146,7,4,0,0.0,0.0,assigned_gt
bl_step_crossing__ni_k3_r2,R4,118,22,4,1,0.045454545454545456,0.25,assigned_gt
bl_step_crossing__ni_k3_r2,R5,134,27,9,3,0.1111111111111111,0.3333333333333333,assigned_gt
bl_step_crossing__ni_k3_r4,L1,252,45,9,0,0.0,0.0,all_gt
bl_step_crossing__ni_k3_r4,L2,207,25,6,0,0.0,0.0,all_gt
bl_step_crossing__ni_k3_r4,L3,110,20,4,0,0.0,0.0,all_gt
bl_step_crossing__ni_k3_r4,L4,38,13,1,0,0.0,0.0,all_gt
bl_step_crossing__ni_k3_r4,L5,279,72,6,0,0.0,0.0,all_gt
bl_step_crossing__ni_k3_r4,R1,252,71,8,2,0.028169014084507043,0.25,all_gt
bl_step_crossing__ni_k3_r4,R2,193,19,4,0,0.0,0.0,all_gt
bl_step_crossing__ni_k3_r4,R3,160,21,7,0,0.0,0.0,all_gt
bl_step_crossing__ni_k3_r4,R4,136,40,11,4,0.1,0.36363636363636365,all_gt
bl_step_crossing__ni_k3_r4,R5,173,66,12,4,0.06060606060606061,0.3333333333333333,all_gt
bl_step_crossing__ni_k3_r4,L1,217,10,9,0,0.0,0.0,assigned_gt
bl_step_crossing__ni_k3_r4,L2,188,6,6,0,0.0,0.0,assigned_gt
bl_step_crossing__ni_k3_r4,L3,95,5,4,0,0.0,0.0,assigned_gt
bl_step_crossing__ni_k3_r4,L4,30,5,1,0,0.0,0.0,assigned_gt
bl_step_crossing__ni_k3_r4,L5,225,18,6,0,0.0,0.0,assigned_gt
bl_step_crossing__ni_k3_r4,R1,190,9,8,2,0.2222222222222222,0.25,assigned_gt
bl_step_crossing__ni_k3_r4,R2,182,8,4,0,0.0,0.0,assigned_gt
bl_step_crossing__ni_k3_r4,R3,146,7,7,0,0.0,0.0,assigned_gt
bl_step_crossing__ni_k3_r4,R4,118,22,11,4,0.18181818181818182,0.36363636363636365,assigned_gt
bl_step_crossing__ni_k3_r4,R5,134,27,12,4,0.14814814814814814,0.3333333333333333,assigned_gt
bl_step_crossing__ni_k5_r1,L1,252,45,0,0,0.0,,all_gt
bl_step_crossing__ni_k5_r1,L2,207,25,0,0,0.0,,all_gt
bl_step_crossing__ni_k5_r1,L3,110,20,1,0,0.0,0.0,all_gt
bl_step_crossing__ni_k5_r1,L4,38,13,0,0,0.0,,all_gt
bl_step_crossing__ni_k5_r1,L5,279,72,0,0,0.0,,all_gt
bl_step_crossing__ni_k5_r1,R1,252,71,0,0,0.0,,all_gt
bl_step_crossing__ni_k5_r1,R2,193,19,0,0,0.0,,all_gt
bl_step_crossing__ni_k5_r1,R3,160,21,1,0,0.0,0.0,all_gt
bl_step_crossing__ni_k5_r1,R4,136,40,1,0,0.0,0.0,all_gt
bl_step_crossing__ni_k5_r1,R5,173,66,4,3,0.045454545454545456,0.75,all_gt
bl_step_crossing__ni_k5_r1,L1,217,10,0,0,0.0,,assigned_gt
bl_step_crossing__ni_k5_r1,L2,188,6,0,0,0.0,,assigned_gt
bl_step_crossing__ni_k5_r1,L3,95,5,1,0,0.0,0.0,assigned_gt
bl_step_crossing__ni_k5_r1,L4,30,5,0,0,0.0,,assigned_gt
bl_step_crossing__ni_k5_r1,L5,225,18,0,0,0.0,,assigned_gt
bl_step_crossing__ni_k5_r1,R1,190,9,0,0,0.0,,assigned_gt
bl_step_crossing__ni_k5_r1,R2,182,8,0,0,0.0,,assigned_gt
bl_step_crossing__ni_k5_r1,R3,146,7,1,0,0.0,0.0,assigned_gt
bl_step_crossing__ni_k5_r1,R4,118,22,1,0,0.0,0.0,assigned_gt
bl_step_crossing__ni_k5_r1,R5,134,27,4,3,0.1111111111111111,0.75,assigned_gt
bl_step_crossing__ni_k5_r2,L1,252,45,0,0,0.0,,all_gt
bl_step_crossing__ni_k5_r2,L2,207,25,0,0,0.0,,all_gt
bl_step_crossing__ni_k5_r2,L3,110,20,1,0,0.0,0.0,all_gt
bl_step_crossing__ni_k5_r2,L4,38,13,0,0,0.0,,all_gt
bl_step_crossing__ni_k5_r2,L5,279,72,0,0,0.0,,all_gt
bl_step_crossing__ni_k5_r2,R1,252,71,0,0,0.0,,all_gt
bl_step_crossing__ni_k5_r2,R2,193,19,0,0,0.0,,all_gt
bl_step_crossing__ni_k5_r2,R3,160,21,1,0,0.0,0.0,all_gt
bl_step_crossing__ni_k5_r2,R4,136,40,1,0,0.0,0.0,all_gt
bl_step_crossing__ni_k5_r2,R5,173,66,4,3,0.045454545454545456,0.75,all_gt
bl_step_crossing__ni_k5_r2,L1,217,10,0,0,0.0,,assigned_gt
bl_step_crossing__ni_k5_r2,L2,188,6,0,0,0.0,,assigned_gt
bl_step_crossing__ni_k5_r2,L3,95,5,1,0,0.0,0.0,assigned_gt
bl_step_crossing__ni_k5_r2,L4,30,5,0,0,0.0,,assigned_gt
bl_step_crossing__ni_k5_r2,L5,225,18,0,0,0.0,,assigned_gt
bl_step_crossing__ni_k5_r2,R1,190,9,0,0,0.0,,assigned_gt
bl_step_crossing__ni_k5_r2,R2,182,8,0,0,0.0,,assigned_gt
bl_step_crossing__ni_k5_r2,R3,146,7,1,0,0.0,0.0,assigned_gt
bl_step_crossing__ni_k5_r2,R4,118,22,1,0,0.0,0.0,assigned_gt
bl_step_crossing__ni_k5_r2,R5,134,27,4,3,0.1111111111111111,0.75,assigned_gt
bl_step_crossing__ni_k5_r4,L1,252,45,0,0,0.0,,all_gt
bl_step_crossing__ni_k5_r4,L2,207,25,0,0,0.0,,all_gt
bl_step_crossing__ni_k5_r4,L3,110,20,1,0,0.0,0.0,all_gt
bl_step_crossing__ni_k5_r4,L4,38,13,0,0,0.0,,all_gt
bl_step_crossing__ni_k5_r4,L5,279,72,0,0,0.0,,all_gt
bl_step_crossing__ni_k5_r4,R1,252,71,0,0,0.0,,all_gt
bl_step_crossing__ni_k5_r4,R2,193,19,0,0,0.0,,all_gt
bl_step_crossing__ni_k5_r4,R3,160,21,1,0,0.0,0.0,all_gt
bl_step_crossing__ni_k5_r4,R4,136,40,1,0,0.0,0.0,all_gt
bl_step_crossing__ni_k5_r4,R5,173,66,4,3,0.045454545454545456,0.75,all_gt
bl_step_crossing__ni_k5_r4,L1,217,10,0,0,0.0,,assigned_gt
bl_step_crossing__ni_k5_r4,L2,188,6,0,0,0.0,,assigned_gt
bl_step_crossing__ni_k5_r4,L3,95,5,1,0,0.0,0.0,assigned_gt
bl_step_crossing__ni_k5_r4,L4,30,5,0,0,0.0,,assigned_gt
bl_step_crossing__ni_k5_r4,L5,225,18,0,0,0.0,,assigned_gt
bl_step_crossing__ni_k5_r4,R1,190,9,0,0,0.0,,assigned_gt
bl_step_crossing__ni_k5_r4,R2,182,8,0,0,0.0,,assigned_gt
bl_step_crossing__ni_k5_r4,R3,146,7,1,0,0.0,0.0,assigned_gt
bl_step_crossing__ni_k5_r4,R4,118,22,1,0,0.0,0.0,assigned_gt
bl_step_crossing__ni_k5_r4,R5,134,27,4,3,0.1111111111111111,0.75,assigned_gt
bl_rate_q995__ni_k2_r1,L1,252,45,12,0,0.0,0.0,all_gt
bl_rate_q995__ni_k2_r1,L2,207,25,6,1,0.04,0.16666666666666666,all_gt
bl_rate_q995__ni_k2_r1,L3,110,20,2,0,0.0,0.0,all_gt
bl_rate_q995__ni_k2_r1,L4,38,13,0,0,0.0,,all_gt
bl_rate_q995__ni_k2_r1,L5,279,72,8,0,0.0,0.0,all_gt
bl_rate_q995__ni_k2_r1,R1,252,71,17,1,0.014084507042253521,0.058823529411764705,all_gt
bl_rate_q995__ni_k2_r1,R2,193,19,6,0,0.0,0.0,all_gt
bl_rate_q995__ni_k2_r1,R3,160,21,10,0,0.0,0.0,all_gt
bl_rate_q995__ni_k2_r1,R4,136,40,7,1,0.025,0.14285714285714285,all_gt
bl_rate_q995__ni_k2_r1,R5,173,66,11,5,0.07575757575757576,0.45454545454545453,all_gt
bl_rate_q995__ni_k2_r1,L1,217,10,12,0,0.0,0.0,assigned_gt
bl_rate_q995__ni_k2_r1,L2,188,6,6,1,0.16666666666666666,0.16666666666666666,assigned_gt
bl_rate_q995__ni_k2_r1,L3,95,5,2,0,0.0,0.0,assigned_gt
bl_rate_q995__ni_k2_r1,L4,30,5,0,0,0.0,,assigned_gt
bl_rate_q995__ni_k2_r1,L5,225,18,8,0,0.0,0.0,assigned_gt
bl_rate_q995__ni_k2_r1,R1,190,9,17,1,0.1111111111111111,0.058823529411764705,assigned_gt
bl_rate_q995__ni_k2_r1,R2,182,8,6,0,0.0,0.0,assigned_gt
bl_rate_q995__ni_k2_r1,R3,146,7,10,0,0.0,0.0,assigned_gt
bl_rate_q995__ni_k2_r1,R4,118,22,7,1,0.045454545454545456,0.14285714285714285,assigned_gt
bl_rate_q995__ni_k2_r1,R5,134,27,11,5,0.18518518518518517,0.45454545454545453,assigned_gt
bl_rate_q995__ni_k2_r2,L1,252,45,16,0,0.0,0.0,all_gt
bl_rate_q995__ni_k2_r2,L2,207,25,14,1,0.04,0.07142857142857142,all_gt
bl_rate_q995__ni_k2_r2,L3,110,20,7,0,0.0,0.0,all_gt
bl_rate_q995__ni_k2_r2,L4,38,13,1,0,0.0,0.0,all_gt
bl_rate_q995__ni_k2_r2,L5,279,72,14,2,0.027777777777777776,0.14285714285714285,all_gt
bl_rate_q995__ni_k2_r2,R1,252,71,24,3,0.04225352112676056,0.125,all_gt
bl_rate_q995__ni_k2_r2,R2,193,19,13,0,0.0,0.0,all_gt
bl_rate_q995__ni_k2_r2,R3,160,21,16,0,0.0,0.0,all_gt
bl_rate_q995__ni_k2_r2,R4,136,40,14,3,0.075,0.21428571428571427,all_gt
bl_rate_q995__ni_k2_r2,R5,173,66,16,6,0.09090909090909091,0.375,all_gt
bl_rate_q995__ni_k2_r2,L1,217,10,16,0,0.0,0.0,assigned_gt
bl_rate_q995__ni_k2_r2,L2,188,6,14,1,0.16666666666666666,0.07142857142857142,assigned_gt
bl_rate_q995__ni_k2_r2,L3,95,5,7,0,0.0,0.0,assigned_gt
bl_rate_q995__ni_k2_r2,L4,30,5,1,0,0.0,0.0,assigned_gt
bl_rate_q995__ni_k2_r2,L5,225,18,14,2,0.1111111111111111,0.14285714285714285,assigned_gt
bl_rate_q995__ni_k2_r2,R1,190,9,24,3,0.3333333333333333,0.125,assigned_gt
bl_rate_q995__ni_k2_r2,R2,182,8,13,0,0.0,0.0,assigned_gt
bl_rate_q995__ni_k2_r2,R3,146,7,16,0,0.0,0.0,assigned_gt
bl_rate_q995__ni_k2_r2,R4,118,22,14,3,0.13636363636363635,0.21428571428571427,assigned_gt
bl_rate_q995__ni_k2_r2,R5,134,27,16,6,0.2222222222222222,0.375,assigned_gt
bl_rate_q995__ni_k2_r4,L1,252,45,31,0,0.0,0.0,all_gt
bl_rate_q995__ni_k2_r4,L2,207,25,28,1,0.04,0.03571428571428571,all_gt
bl_rate_q995__ni_k2_r4,L3,110,20,10,0,0.0,0.0,all_gt
bl_rate_q995__ni_k2_r4,L4,38,13,2,0,0.0,0.0,all_gt
bl_rate_q995__ni_k2_r4,L5,279,72,26,3,0.041666666666666664,0.11538461538461539,all_gt
bl_rate_q995__ni_k2_r4,R1,252,71,31,3,0.04225352112676056,0.0967741935483871,all_gt
bl_rate_q995__ni_k2_r4,R2,193,19,20,0,0.0,0.0,all_gt
bl_rate_q995__ni_k2_r4,R3,160,21,27,0,0.0,0.0,all_gt
bl_rate_q995__ni_k2_r4,R4,136,40,29,7,0.175,0.2413793103448276,all_gt
bl_rate_q995__ni_k2_r4,R5,173,66,27,8,0.12121212121212122,0.2962962962962963,all_gt
bl_rate_q995__ni_k2_r4,L1,217,10,31,0,0.0,0.0,assigned_gt
bl_rate_q995__ni_k2_r4,L2,188,6,28,1,0.16666666666666666,0.03571428571428571,assigned_gt
bl_rate_q995__ni_k2_r4,L3,95,5,10,0,0.0,0.0,assigned_gt
bl_rate_q995__ni_k2_r4,L4,30,5,2,0,0.0,0.0,assigned_gt
bl_rate_q995__ni_k2_r4,L5,225,18,26,3,0.16666666666666666,0.11538461538461539,assigned_gt
bl_rate_q995__ni_k2_r4,R1,190,9,31,3,0.3333333333333333,0.0967741935483871,assigned_gt
bl_rate_q995__ni_k2_r4,R2,182,8,20,0,0.0,0.0,assigned_gt
bl_rate_q995__ni_k2_r4,R3,146,7,27,0,0.0,0.0,assigned_gt
bl_rate_q995__ni_k2_r4,R4,118,22,29,7,0.3181818181818182,0.2413793103448276,assigned_gt
bl_rate_q995__ni_k2_r4,R5,134,27,27,8,0.2962962962962963,0.2962962962962963,assigned_gt
bl_rate_q995__ni_k3_r1,L1,252,45,3,0,0.0,0.0,all_gt
bl_rate_q995__ni_k3_r1,L2,207,25,0,0,0.0,,all_gt
bl_rate_q995__ni_k3_r1,L3,110,20,0,0,0.0,,all_gt
bl_rate_q995__ni_k3_r1,L4,38,13,0,0,0.0,,all_gt
bl_rate_q995__ni_k3_r1,L5,279,72,3,0,0.0,0.0,all_gt
bl_rate_q995__ni_k3_r1,R1,252,71,7,1,0.014084507042253521,0.14285714285714285,all_gt
bl_rate_q995__ni_k3_r1,R2,193,19,1,0,0.0,0.0,all_gt
bl_rate_q995__ni_k3_r1,R3,160,21,3,0,0.0,0.0,all_gt
bl_rate_q995__ni_k3_r1,R4,136,40,4,1,0.025,0.25,all_gt
bl_rate_q995__ni_k3_r1,R5,173,66,4,2,0.030303030303030304,0.5,all_gt
bl_rate_q995__ni_k3_r1,L1,217,10,3,0,0.0,0.0,assigned_gt
bl_rate_q995__ni_k3_r1,L2,188,6,0,0,0.0,,assigned_gt
bl_rate_q995__ni_k3_r1,L3,95,5,0,0,0.0,,assigned_gt
bl_rate_q995__ni_k3_r1,L4,30,5,0,0,0.0,,assigned_gt
bl_rate_q995__ni_k3_r1,L5,225,18,3,0,0.0,0.0,assigned_gt
bl_rate_q995__ni_k3_r1,R1,190,9,7,1,0.1111111111111111,0.14285714285714285,assigned_gt
bl_rate_q995__ni_k3_r1,R2,182,8,1,0,0.0,0.0,assigned_gt
bl_rate_q995__ni_k3_r1,R3,146,7,3,0,0.0,0.0,assigned_gt
bl_rate_q995__ni_k3_r1,R4,118,22,4,1,0.045454545454545456,0.25,assigned_gt
bl_rate_q995__ni_k3_r1,R5,134,27,4,2,0.07407407407407407,0.5,assigned_gt
bl_rate_q995__ni_k3_r2,L1,252,45,6,0,0.0,0.0,all_gt
bl_rate_q995__ni_k3_r2,L2,207,25,1,0,0.0,0.0,all_gt
bl_rate_q995__ni_k3_r2,L3,110,20,3,0,0.0,0.0,all_gt
bl_rate_q995__ni_k3_r2,L4,38,13,0,0,0.0,,all_gt
bl_rate_q995__ni_k3_r2,L5,279,72,3,0,0.0,0.0,all_gt
bl_rate_q995__ni_k3_r2,R1,252,71,10,2,0.028169014084507043,0.2,all_gt
bl_rate_q995__ni_k3_r2,R2,193,19,2,0,0.0,0.0,all_gt
bl_rate_q995__ni_k3_r2,R3,160,21,3,0,0.0,0.0,all_gt
bl_rate_q995__ni_k3_r2,R4,136,40,5,2,0.05,0.4,all_gt
bl_rate_q995__ni_k3_r2,R5,173,66,8,3,0.045454545454545456,0.375,all_gt
bl_rate_q995__ni_k3_r2,L1,217,10,6,0,0.0,0.0,assigned_gt
bl_rate_q995__ni_k3_r2,L2,188,6,1,0,0.0,0.0,assigned_gt
bl_rate_q995__ni_k3_r2,L3,95,5,3,0,0.0,0.0,assigned_gt
bl_rate_q995__ni_k3_r2,L4,30,5,0,0,0.0,,assigned_gt
bl_rate_q995__ni_k3_r2,L5,225,18,3,0,0.0,0.0,assigned_gt
bl_rate_q995__ni_k3_r2,R1,190,9,10,2,0.2222222222222222,0.2,assigned_gt
bl_rate_q995__ni_k3_r2,R2,182,8,2,0,0.0,0.0,assigned_gt
bl_rate_q995__ni_k3_r2,R3,146,7,3,0,0.0,0.0,assigned_gt
bl_rate_q995__ni_k3_r2,R4,118,22,5,2,0.09090909090909091,0.4,assigned_gt
bl_rate_q995__ni_k3_r2,R5,134,27,8,3,0.1111111111111111,0.375,assigned_gt
bl_rate_q995__ni_k3_r4,L1,252,45,11,0,0.0,0.0,all_gt
bl_rate_q995__ni_k3_r4,L2,207,25,6,0,0.0,0.0,all_gt
bl_rate_q995__ni_k3_r4,L3,110,20,3,0,0.0,0.0,all_gt
bl_rate_q995__ni_k3_r4,L4,38,13,1,0,0.0,0.0,all_gt
bl_rate_q995__ni_k3_r4,L5,279,72,7,0,0.0,0.0,all_gt
bl_rate_q995__ni_k3_r4,R1,252,71,11,2,0.028169014084507043,0.18181818181818182,all_gt
bl_rate_q995__ni_k3_r4,R2,193,19,4,0,0.0,0.0,all_gt
bl_rate_q995__ni_k3_r4,R3,160,21,6,0,0.0,0.0,all_gt
bl_rate_q995__ni_k3_r4,R4,136,40,12,5,0.125,0.4166666666666667,all_gt
bl_rate_q995__ni_k3_r4,R5,173,66,11,4,0.06060606060606061,0.36363636363636365,all_gt
bl_rate_q995__ni_k3_r4,L1,217,10,11,0,0.0,0.0,assigned_gt
bl_rate_q995__ni_k3_r4,L2,188,6,6,0,0.0,0.0,assigned_gt
bl_rate_q995__ni_k3_r4,L3,95,5,3,0,0.0,0.0,assigned_gt
bl_rate_q995__ni_k3_r4,L4,30,5,1,0,0.0,0.0,assigned_gt
bl_rate_q995__ni_k3_r4,L5,225,18,7,0,0.0,0.0,assigned_gt
bl_rate_q995__ni_k3_r4,R1,190,9,11,2,0.2222222222222222,0.18181818181818182,assigned_gt
bl_rate_q995__ni_k3_r4,R2,182,8,4,0,0.0,0.0,assigned_gt
bl_rate_q995__ni_k3_r4,R3,146,7,6,0,0.0,0.0,assigned_gt
bl_rate_q995__ni_k3_r4,R4,118,22,12,5,0.22727272727272727,0.4166666666666667,assigned_gt
bl_rate_q995__ni_k3_r4,R5,134,27,11,4,0.14814814814814814,0.36363636363636365,assigned_gt
bl_rate_q995__ni_k5_r1,L1,252,45,2,0,0.0,0.0,all_gt
bl_rate_q995__ni_k5_r1,L2,207,25,0,0,0.0,,all_gt
bl_rate_q995__ni_k5_r1,L3,110,20,0,0,0.0,,all_gt
bl_rate_q995__ni_k5_r1,L4,38,13,0,0,0.0,,all_gt
bl_rate_q995__ni_k5_r1,L5,279,72,1,0,0.0,0.0,all_gt
bl_rate_q995__ni_k5_r1,R1,252,71,3,0,0.0,0.0,all_gt
bl_rate_q995__ni_k5_r1,R2,193,19,0,0,0.0,,all_gt
bl_rate_q995__ni_k5_r1,R3,160,21,0,0,0.0,,all_gt
bl_rate_q995__ni_k5_r1,R4,136,40,1,1,0.025,1.0,all_gt
bl_rate_q995__ni_k5_r1,R5,173,66,1,1,0.015151515151515152,1.0,all_gt
bl_rate_q995__ni_k5_r1,L1,217,10,2,0,0.0,0.0,assigned_gt
bl_rate_q995__ni_k5_r1,L2,188,6,0,0,0.0,,assigned_gt
bl_rate_q995__ni_k5_r1,L3,95,5,0,0,0.0,,assigned_gt
bl_rate_q995__ni_k5_r1,L4,30,5,0,0,0.0,,assigned_gt
bl_rate_q995__ni_k5_r1,L5,225,18,1,0,0.0,0.0,assigned_gt
bl_rate_q995__ni_k5_r1,R1,190,9,3,0,0.0,0.0,assigned_gt
bl_rate_q995__ni_k5_r1,R2,182,8,0,0,0.0,,assigned_gt
bl_rate_q995__ni_k5_r1,R3,146,7,0,0,0.0,,assigned_gt
bl_rate_q995__ni_k5_r1,R4,118,22,1,1,0.045454545454545456,1.0,assigned_gt
bl_rate_q995__ni_k5_r1,R5,134,27,1,1,0.037037037037037035,1.0,assigned_gt
bl_rate_q995__ni_k5_r2,L1,252,45,2,0,0.0,0.0,all_gt
bl_rate_q995__ni_k5_r2,L2,207,25,0,0,0.0,,all_gt
bl_rate_q995__ni_k5_r2,L3,110,20,0,0,0.0,,all_gt
bl_rate_q995__ni_k5_r2,L4,38,13,0,0,0.0,,all_gt
bl_rate_q995__ni_k5_r2,L5,279,72,1,0,0.0,0.0,all_gt
bl_rate_q995__ni_k5_r2,R1,252,71,3,0,0.0,0.0,all_gt
bl_rate_q995__ni_k5_r2,R2,193,19,0,0,0.0,,all_gt
bl_rate_q995__ni_k5_r2,R3,160,21,0,0,0.0,,all_gt
bl_rate_q995__ni_k5_r2,R4,136,40,1,1,0.025,1.0,all_gt
bl_rate_q995__ni_k5_r2,R5,173,66,1,1,0.015151515151515152,1.0,all_gt
bl_rate_q995__ni_k5_r2,L1,217,10,2,0,0.0,0.0,assigned_gt
bl_rate_q995__ni_k5_r2,L2,188,6,0,0,0.0,,assigned_gt
bl_rate_q995__ni_k5_r2,L3,95,5,0,0,0.0,,assigned_gt
bl_rate_q995__ni_k5_r2,L4,30,5,0,0,0.0,,assigned_gt
bl_rate_q995__ni_k5_r2,L5,225,18,1,0,0.0,0.0,assigned_gt
bl_rate_q995__ni_k5_r2,R1,190,9,3,0,0.0,0.0,assigned_gt
bl_rate_q995__ni_k5_r2,R2,182,8,0,0,0.0,,assigned_gt
bl_rate_q995__ni_k5_r2,R3,146,7,0,0,0.0,,assigned_gt
bl_rate_q995__ni_k5_r2,R4,118,22,1,1,0.045454545454545456,1.0,assigned_gt
bl_rate_q995__ni_k5_r2,R5,134,27,1,1,0.037037037037037035,1.0,assigned_gt
bl_rate_q995__ni_k5_r4,L1,252,45,2,0,0.0,0.0,all_gt
bl_rate_q995__ni_k5_r4,L2,207,25,0,0,0.0,,all_gt
bl_rate_q995__ni_k5_r4,L3,110,20,0,0,0.0,,all_gt
bl_rate_q995__ni_k5_r4,L4,38,13,0,0,0.0,,all_gt
bl_rate_q995__ni_k5_r4,L5,279,72,1,0,0.0,0.0,all_gt
bl_rate_q995__ni_k5_r4,R1,252,71,3,0,0.0,0.0,all_gt
bl_rate_q995__ni_k5_r4,R2,193,19,0,0,0.0,,all_gt
bl_rate_q995__ni_k5_r4,R3,160,21,0,0,0.0,,all_gt
bl_rate_q995__ni_k5_r4,R4,136,40,1,1,0.025,1.0,all_gt
bl_rate_q995__ni_k5_r4,R5,173,66,1,1,0.015151515151515152,1.0,all_gt
bl_rate_q995__ni_k5_r4,L1,217,10,2,0,0.0,0.0,assigned_gt
bl_rate_q995__ni_k5_r4,L2,188,6,0,0,0.0,,assigned_gt
bl_rate_q995__ni_k5_r4,L3,95,5,0,0,0.0,,assigned_gt
bl_rate_q995__ni_k5_r4,L4,30,5,0,0,0.0,,assigned_gt
bl_rate_q995__ni_k5_r4,L5,225,18,1,0,0.0,0.0,assigned_gt
bl_rate_q995__ni_k5_r4,R1,190,9,3,0,0.0,0.0,assigned_gt
bl_rate_q995__ni_k5_r4,R2,182,8,0,0,0.0,,assigned_gt
bl_rate_q995__ni_k5_r4,R3,146,7,0,0,0.0,,assigned_gt
bl_rate_q995__ni_k5_r4,R4,118,22,1,1,0.045454545454545456,1.0,assigned_gt
bl_rate_q995__ni_k5_r4,R5,134,27,1,1,0.037037037037037035,1.0,assigned_gt
bl_rate_q990__ni_k2_r1,L1,252,45,12,0,0.0,0.0,all_gt
bl_rate_q990__ni_k2_r1,L2,207,25,8,1,0.04,0.125,all_gt
bl_rate_q990__ni_k2_r1,L3,110,20,2,0,0.0,0.0,all_gt
bl_rate_q990__ni_k2_r1,L4,38,13,0,0,0.0,,all_gt
bl_rate_q990__ni_k2_r1,L5,279,72,11,1,0.013888888888888888,0.09090909090909091,all_gt
bl_rate_q990__ni_k2_r1,R1,252,71,17,1,0.014084507042253521,0.058823529411764705,all_gt
bl_rate_q990__ni_k2_r1,R2,193,19,6,0,0.0,0.0,all_gt
bl_rate_q990__ni_k2_r1,R3,160,21,11,1,0.047619047619047616,0.09090909090909091,all_gt
bl_rate_q990__ni_k2_r1,R4,136,40,7,1,0.025,0.14285714285714285,all_gt
bl_rate_q990__ni_k2_r1,R5,173,66,13,5,0.07575757575757576,0.38461538461538464,all_gt
bl_rate_q990__ni_k2_r1,L1,217,10,12,0,0.0,0.0,assigned_gt
bl_rate_q990__ni_k2_r1,L2,188,6,8,1,0.16666666666666666,0.125,assigned_gt
bl_rate_q990__ni_k2_r1,L3,95,5,2,0,0.0,0.0,assigned_gt
bl_rate_q990__ni_k2_r1,L4,30,5,0,0,0.0,,assigned_gt
bl_rate_q990__ni_k2_r1,L5,225,18,11,1,0.05555555555555555,0.09090909090909091,assigned_gt
bl_rate_q990__ni_k2_r1,R1,190,9,17,1,0.1111111111111111,0.058823529411764705,assigned_gt
bl_rate_q990__ni_k2_r1,R2,182,8,6,0,0.0,0.0,assigned_gt
bl_rate_q990__ni_k2_r1,R3,146,7,11,1,0.14285714285714285,0.09090909090909091,assigned_gt
bl_rate_q990__ni_k2_r1,R4,118,22,7,1,0.045454545454545456,0.14285714285714285,assigned_gt
bl_rate_q990__ni_k2_r1,R5,134,27,13,5,0.18518518518518517,0.38461538461538464,assigned_gt
bl_rate_q990__ni_k2_r2,L1,252,45,16,0,0.0,0.0,all_gt
bl_rate_q990__ni_k2_r2,L2,207,25,16,1,0.04,0.0625,all_gt
bl_rate_q990__ni_k2_r2,L3,110,20,7,0,0.0,0.0,all_gt
bl_rate_q990__ni_k2_r2,L4,38,13,1,0,0.0,0.0,all_gt
bl_rate_q990__ni_k2_r2,L5,279,72,17,3,0.041666666666666664,0.17647058823529413,all_gt
bl_rate_q990__ni_k2_r2,R1,252,71,24,3,0.04225352112676056,0.125,all_gt
bl_rate_q990__ni_k2_r2,R2,193,19,13,0,0.0,0.0,all_gt
bl_rate_q990__ni_k2_r2,R3,160,21,17,1,0.047619047619047616,0.058823529411764705,all_gt
bl_rate_q990__ni_k2_r2,R4,136,40,14,3,0.075,0.21428571428571427,all_gt
bl_rate_q990__ni_k2_r2,R5,173,66,18,6,0.09090909090909091,0.3333333333333333,all_gt
bl_rate_q990__ni_k2_r2,L1,217,10,16,0,0.0,0.0,assigned_gt
bl_rate_q990__ni_k2_r2,L2,188,6,16,1,0.16666666666666666,0.0625,assigned_gt
bl_rate_q990__ni_k2_r2,L3,95,5,7,0,0.0,0.0,assigned_gt
bl_rate_q990__ni_k2_r2,L4,30,5,1,0,0.0,0.0,assigned_gt
bl_rate_q990__ni_k2_r2,L5,225,18,17,3,0.16666666666666666,0.17647058823529413,assigned_gt
bl_rate_q990__ni_k2_r2,R1,190,9,24,3,0.3333333333333333,0.125,assigned_gt
bl_rate_q990__ni_k2_r2,R2,182,8,13,0,0.0,0.0,assigned_gt
bl_rate_q990__ni_k2_r2,R3,146,7,17,1,0.14285714285714285,0.058823529411764705,assigned_gt
bl_rate_q990__ni_k2_r2,R4,118,22,14,3,0.13636363636363635,0.21428571428571427,assigned_gt
bl_rate_q990__ni_k2_r2,R5,134,27,18,6,0.2222222222222222,0.3333333333333333,assigned_gt
bl_rate_q990__ni_k2_r4,L1,252,45,31,0,0.0,0.0,all_gt
bl_rate_q990__ni_k2_r4,L2,207,25,30,1,0.04,0.03333333333333333,all_gt
bl_rate_q990__ni_k2_r4,L3,110,20,10,0,0.0,0.0,all_gt
bl_rate_q990__ni_k2_r4,L4,38,13,2,0,0.0,0.0,all_gt
bl_rate_q990__ni_k2_r4,L5,279,72,28,4,0.05555555555555555,0.14285714285714285,all_gt
bl_rate_q990__ni_k2_r4,R1,252,71,31,3,0.04225352112676056,0.0967741935483871,all_gt
bl_rate_q990__ni_k2_r4,R2,193,19,20,0,0.0,0.0,all_gt
bl_rate_q990__ni_k2_r4,R3,160,21,28,1,0.047619047619047616,0.03571428571428571,all_gt
bl_rate_q990__ni_k2_r4,R4,136,40,29,7,0.175,0.2413793103448276,all_gt
bl_rate_q990__ni_k2_r4,R5,173,66,28,8,0.12121212121212122,0.2857142857142857,all_gt
bl_rate_q990__ni_k2_r4,L1,217,10,31,0,0.0,0.0,assigned_gt
bl_rate_q990__ni_k2_r4,L2,188,6,30,1,0.16666666666666666,0.03333333333333333,assigned_gt
bl_rate_q990__ni_k2_r4,L3,95,5,10,0,0.0,0.0,assigned_gt
bl_rate_q990__ni_k2_r4,L4,30,5,2,0,0.0,0.0,assigned_gt
bl_rate_q990__ni_k2_r4,L5,225,18,28,4,0.2222222222222222,0.14285714285714285,assigned_gt
bl_rate_q990__ni_k2_r4,R1,190,9,31,3,0.3333333333333333,0.0967741935483871,assigned_gt
bl_rate_q990__ni_k2_r4,R2,182,8,20,0,0.0,0.0,assigned_gt
bl_rate_q990__ni_k2_r4,R3,146,7,28,1,0.14285714285714285,0.03571428571428571,assigned_gt
bl_rate_q990__ni_k2_r4,R4,118,22,29,7,0.3181818181818182,0.2413793103448276,assigned_gt
bl_rate_q990__ni_k2_r4,R5,134,27,28,8,0.2962962962962963,0.2857142857142857,assigned_gt
bl_rate_q990__ni_k3_r1,L1,252,45,3,0,0.0,0.0,all_gt
bl_rate_q990__ni_k3_r1,L2,207,25,2,0,0.0,0.0,all_gt
bl_rate_q990__ni_k3_r1,L3,110,20,0,0,0.0,,all_gt
bl_rate_q990__ni_k3_r1,L4,38,13,0,0,0.0,,all_gt
bl_rate_q990__ni_k3_r1,L5,279,72,6,1,0.013888888888888888,0.16666666666666666,all_gt
bl_rate_q990__ni_k3_r1,R1,252,71,7,1,0.014084507042253521,0.14285714285714285,all_gt
bl_rate_q990__ni_k3_r1,R2,193,19,1,0,0.0,0.0,all_gt
bl_rate_q990__ni_k3_r1,R3,160,21,4,1,0.047619047619047616,0.25,all_gt
bl_rate_q990__ni_k3_r1,R4,136,40,4,1,0.025,0.25,all_gt
bl_rate_q990__ni_k3_r1,R5,173,66,6,2,0.030303030303030304,0.3333333333333333,all_gt
bl_rate_q990__ni_k3_r1,L1,217,10,3,0,0.0,0.0,assigned_gt
bl_rate_q990__ni_k3_r1,L2,188,6,2,0,0.0,0.0,assigned_gt
bl_rate_q990__ni_k3_r1,L3,95,5,0,0,0.0,,assigned_gt
bl_rate_q990__ni_k3_r1,L4,30,5,0,0,0.0,,assigned_gt
bl_rate_q990__ni_k3_r1,L5,225,18,6,1,0.05555555555555555,0.16666666666666666,assigned_gt
bl_rate_q990__ni_k3_r1,R1,190,9,7,1,0.1111111111111111,0.14285714285714285,assigned_gt
bl_rate_q990__ni_k3_r1,R2,182,8,1,0,0.0,0.0,assigned_gt
bl_rate_q990__ni_k3_r1,R3,146,7,4,1,0.14285714285714285,0.25,assigned_gt
bl_rate_q990__ni_k3_r1,R4,118,22,4,1,0.045454545454545456,0.25,assigned_gt
bl_rate_q990__ni_k3_r1,R5,134,27,6,2,0.07407407407407407,0.3333333333333333,assigned_gt
bl_rate_q990__ni_k3_r2,L1,252,45,6,0,0.0,0.0,all_gt
bl_rate_q990__ni_k3_r2,L2,207,25,3,0,0.0,0.0,all_gt
bl_rate_q990__ni_k3_r2,L3,110,20,3,0,0.0,0.0,all_gt
bl_rate_q990__ni_k3_r2,L4,38,13,0,0,0.0,,all_gt
bl_rate_q990__ni_k3_r2,L5,279,72,6,1,0.013888888888888888,0.16666666666666666,all_gt
bl_rate_q990__ni_k3_r2,R1,252,71,10,2,0.028169014084507043,0.2,all_gt
bl_rate_q990__ni_k3_r2,R2,193,19,2,0,0.0,0.0,all_gt
bl_rate_q990__ni_k3_r2,R3,160,21,4,1,0.047619047619047616,0.25,all_gt
bl_rate_q990__ni_k3_r2,R4,136,40,5,2,0.05,0.4,all_gt
bl_rate_q990__ni_k3_r2,R5,173,66,10,3,0.045454545454545456,0.3,all_gt
bl_rate_q990__ni_k3_r2,L1,217,10,6,0,0.0,0.0,assigned_gt
bl_rate_q990__ni_k3_r2,L2,188,6,3,0,0.0,0.0,assigned_gt
bl_rate_q990__ni_k3_r2,L3,95,5,3,0,0.0,0.0,assigned_gt
bl_rate_q990__ni_k3_r2,L4,30,5,0,0,0.0,,assigned_gt
bl_rate_q990__ni_k3_r2,L5,225,18,6,1,0.05555555555555555,0.16666666666666666,assigned_gt
bl_rate_q990__ni_k3_r2,R1,190,9,10,2,0.2222222222222222,0.2,assigned_gt
bl_rate_q990__ni_k3_r2,R2,182,8,2,0,0.0,0.0,assigned_gt
bl_rate_q990__ni_k3_r2,R3,146,7,4,1,0.14285714285714285,0.25,assigned_gt
bl_rate_q990__ni_k3_r2,R4,118,22,5,2,0.09090909090909091,0.4,assigned_gt
bl_rate_q990__ni_k3_r2,R5,134,27,10,3,0.1111111111111111,0.3,assigned_gt
bl_rate_q990__ni_k3_r4,L1,252,45,11,0,0.0,0.0,all_gt
bl_rate_q990__ni_k3_r4,L2,207,25,8,0,0.0,0.0,all_gt
bl_rate_q990__ni_k3_r4,L3,110,20,3,0,0.0,0.0,all_gt
bl_rate_q990__ni_k3_r4,L4,38,13,1,0,0.0,0.0,all_gt
bl_rate_q990__ni_k3_r4,L5,279,72,10,1,0.013888888888888888,0.1,all_gt
bl_rate_q990__ni_k3_r4,R1,252,71,11,2,0.028169014084507043,0.18181818181818182,all_gt
bl_rate_q990__ni_k3_r4,R2,193,19,4,0,0.0,0.0,all_gt
bl_rate_q990__ni_k3_r4,R3,160,21,7,1,0.047619047619047616,0.14285714285714285,all_gt
bl_rate_q990__ni_k3_r4,R4,136,40,12,5,0.125,0.4166666666666667,all_gt
bl_rate_q990__ni_k3_r4,R5,173,66,13,4,0.06060606060606061,0.3076923076923077,all_gt
bl_rate_q990__ni_k3_r4,L1,217,10,11,0,0.0,0.0,assigned_gt
bl_rate_q990__ni_k3_r4,L2,188,6,8,0,0.0,0.0,assigned_gt
bl_rate_q990__ni_k3_r4,L3,95,5,3,0,0.0,0.0,assigned_gt
bl_rate_q990__ni_k3_r4,L4,30,5,1,0,0.0,0.0,assigned_gt
bl_rate_q990__ni_k3_r4,L5,225,18,10,1,0.05555555555555555,0.1,assigned_gt
bl_rate_q990__ni_k3_r4,R1,190,9,11,2,0.2222222222222222,0.18181818181818182,assigned_gt
bl_rate_q990__ni_k3_r4,R2,182,8,4,0,0.0,0.0,assigned_gt
bl_rate_q990__ni_k3_r4,R3,146,7,7,1,0.14285714285714285,0.14285714285714285,assigned_gt
bl_rate_q990__ni_k3_r4,R4,118,22,12,5,0.22727272727272727,0.4166666666666667,assigned_gt
bl_rate_q990__ni_k3_r4,R5,134,27,13,4,0.14814814814814814,0.3076923076923077,assigned_gt
bl_rate_q990__ni_k5_r1,L1,252,45,2,0,0.0,0.0,all_gt
bl_rate_q990__ni_k5_r1,L2,207,25,2,0,0.0,0.0,all_gt
bl_rate_q990__ni_k5_r1,L3,110,20,0,0,0.0,,all_gt
bl_rate_q990__ni_k5_r1,L4,38,13,0,0,0.0,,all_gt
bl_rate_q990__ni_k5_r1,L5,279,72,4,1,0.013888888888888888,0.25,all_gt
bl_rate_q990__ni_k5_r1,R1,252,71,4,0,0.0,0.0,all_gt
bl_rate_q990__ni_k5_r1,R2,193,19,0,0,0.0,,all_gt
bl_rate_q990__ni_k5_r1,R3,160,21,1,1,0.047619047619047616,1.0,all_gt
bl_rate_q990__ni_k5_r1,R4,136,40,1,1,0.025,1.0,all_gt
bl_rate_q990__ni_k5_r1,R5,173,66,3,1,0.015151515151515152,0.3333333333333333,all_gt
bl_rate_q990__ni_k5_r1,L1,217,10,2,0,0.0,0.0,assigned_gt
bl_rate_q990__ni_k5_r1,L2,188,6,2,0,0.0,0.0,assigned_gt
bl_rate_q990__ni_k5_r1,L3,95,5,0,0,0.0,,assigned_gt
bl_rate_q990__ni_k5_r1,L4,30,5,0,0,0.0,,assigned_gt
bl_rate_q990__ni_k5_r1,L5,225,18,4,1,0.05555555555555555,0.25,assigned_gt
bl_rate_q990__ni_k5_r1,R1,190,9,4,0,0.0,0.0,assigned_gt
bl_rate_q990__ni_k5_r1,R2,182,8,0,0,0.0,,assigned_gt
bl_rate_q990__ni_k5_r1,R3,146,7,1,1,0.14285714285714285,1.0,assigned_gt
bl_rate_q990__ni_k5_r1,R4,118,22,1,1,0.045454545454545456,1.0,assigned_gt
bl_rate_q990__ni_k5_r1,R5,134,27,3,1,0.037037037037037035,0.3333333333333333,assigned_gt
bl_rate_q990__ni_k5_r2,L1,252,45,2,0,0.0,0.0,all_gt
bl_rate_q990__ni_k5_r2,L2,207,25,2,0,0.0,0.0,all_gt
bl_rate_q990__ni_k5_r2,L3,110,20,0,0,0.0,,all_gt
bl_rate_q990__ni_k5_r2,L4,38,13,0,0,0.0,,all_gt
bl_rate_q990__ni_k5_r2,L5,279,72,4,1,0.013888888888888888,0.25,all_gt
bl_rate_q990__ni_k5_r2,R1,252,71,4,0,0.0,0.0,all_gt
bl_rate_q990__ni_k5_r2,R2,193,19,0,0,0.0,,all_gt
bl_rate_q990__ni_k5_r2,R3,160,21,1,1,0.047619047619047616,1.0,all_gt
bl_rate_q990__ni_k5_r2,R4,136,40,1,1,0.025,1.0,all_gt
bl_rate_q990__ni_k5_r2,R5,173,66,3,1,0.015151515151515152,0.3333333333333333,all_gt
bl_rate_q990__ni_k5_r2,L1,217,10,2,0,0.0,0.0,assigned_gt
bl_rate_q990__ni_k5_r2,L2,188,6,2,0,0.0,0.0,assigned_gt
bl_rate_q990__ni_k5_r2,L3,95,5,0,0,0.0,,assigned_gt
bl_rate_q990__ni_k5_r2,L4,30,5,0,0,0.0,,assigned_gt
bl_rate_q990__ni_k5_r2,L5,225,18,4,1,0.05555555555555555,0.25,assigned_gt
bl_rate_q990__ni_k5_r2,R1,190,9,4,0,0.0,0.0,assigned_gt
bl_rate_q990__ni_k5_r2,R2,182,8,0,0,0.0,,assigned_gt
bl_rate_q990__ni_k5_r2,R3,146,7,1,1,0.14285714285714285,1.0,assigned_gt
bl_rate_q990__ni_k5_r2,R4,118,22,1,1,0.045454545454545456,1.0,assigned_gt
bl_rate_q990__ni_k5_r2,R5,134,27,3,1,0.037037037037037035,0.3333333333333333,assigned_gt
bl_rate_q990__ni_k5_r4,L1,252,45,2,0,0.0,0.0,all_gt
bl_rate_q990__ni_k5_r4,L2,207,25,2,0,0.0,0.0,all_gt
bl_rate_q990__ni_k5_r4,L3,110,20,0,0,0.0,,all_gt
bl_rate_q990__ni_k5_r4,L4,38,13,0,0,0.0,,all_gt
bl_rate_q990__ni_k5_r4,L5,279,72,4,1,0.013888888888888888,0.25,all_gt
bl_rate_q990__ni_k5_r4,R1,252,71,4,0,0.0,0.0,all_gt
bl_rate_q990__ni_k5_r4,R2,193,19,0,0,0.0,,all_gt
bl_rate_q990__ni_k5_r4,R3,160,21,1,1,0.047619047619047616,1.0,all_gt
bl_rate_q990__ni_k5_r4,R4,136,40,1,1,0.025,1.0,all_gt
bl_rate_q990__ni_k5_r4,R5,173,66,3,1,0.015151515151515152,0.3333333333333333,all_gt
bl_rate_q990__ni_k5_r4,L1,217,10,2,0,0.0,0.0,assigned_gt
bl_rate_q990__ni_k5_r4,L2,188,6,2,0,0.0,0.0,assigned_gt
bl_rate_q990__ni_k5_r4,L3,95,5,0,0,0.0,,assigned_gt
bl_rate_q990__ni_k5_r4,L4,30,5,0,0,0.0,,assigned_gt
bl_rate_q990__ni_k5_r4,L5,225,18,4,1,0.05555555555555555,0.25,assigned_gt
bl_rate_q990__ni_k5_r4,R1,190,9,4,0,0.0,0.0,assigned_gt
bl_rate_q990__ni_k5_r4,R2,182,8,0,0,0.0,,assigned_gt
bl_rate_q990__ni_k5_r4,R3,146,7,1,1,0.14285714285714285,1.0,assigned_gt
bl_rate_q990__ni_k5_r4,R4,118,22,1,1,0.045454545454545456,1.0,assigned_gt
bl_rate_q990__ni_k5_r4,R5,134,27,3,1,0.037037037037037035,0.3333333333333333,assigned_gt
bl_rate_q975__ni_k2_r1,L1,252,45,16,0,0.0,0.0,all_gt
bl_rate_q975__ni_k2_r1,L2,207,25,9,1,0.04,0.1111111111111111,all_gt
bl_rate_q975__ni_k2_r1,L3,110,20,2,0,0.0,0.0,all_gt
bl_rate_q975__ni_k2_r1,L4,38,13,1,1,0.07692307692307693,1.0,all_gt
bl_rate_q975__ni_k2_r1,L5,279,72,15,1,0.013888888888888888,0.06666666666666667,all_gt
bl_rate_q975__ni_k2_r1,R1,252,71,24,1,0.014084507042253521,0.041666666666666664,all_gt
bl_rate_q975__ni_k2_r1,R2,193,19,6,0,0.0,0.0,all_gt
bl_rate_q975__ni_k2_r1,R3,160,21,13,1,0.047619047619047616,0.07692307692307693,all_gt
bl_rate_q975__ni_k2_r1,R4,136,40,9,2,0.05,0.2222222222222222,all_gt
bl_rate_q975__ni_k2_r1,R5,173,66,17,5,0.07575757575757576,0.29411764705882354,all_gt
bl_rate_q975__ni_k2_r1,L1,217,10,16,0,0.0,0.0,assigned_gt
bl_rate_q975__ni_k2_r1,L2,188,6,9,1,0.16666666666666666,0.1111111111111111,assigned_gt
bl_rate_q975__ni_k2_r1,L3,95,5,2,0,0.0,0.0,assigned_gt
bl_rate_q975__ni_k2_r1,L4,30,5,1,1,0.2,1.0,assigned_gt
bl_rate_q975__ni_k2_r1,L5,225,18,15,1,0.05555555555555555,0.06666666666666667,assigned_gt
bl_rate_q975__ni_k2_r1,R1,190,9,24,1,0.1111111111111111,0.041666666666666664,assigned_gt
bl_rate_q975__ni_k2_r1,R2,182,8,6,0,0.0,0.0,assigned_gt
bl_rate_q975__ni_k2_r1,R3,146,7,13,1,0.14285714285714285,0.07692307692307693,assigned_gt
bl_rate_q975__ni_k2_r1,R4,118,22,9,2,0.09090909090909091,0.2222222222222222,assigned_gt
bl_rate_q975__ni_k2_r1,R5,134,27,17,5,0.18518518518518517,0.29411764705882354,assigned_gt
bl_rate_q975__ni_k2_r2,L1,252,45,20,0,0.0,0.0,all_gt
bl_rate_q975__ni_k2_r2,L2,207,25,17,1,0.04,0.058823529411764705,all_gt
bl_rate_q975__ni_k2_r2,L3,110,20,7,0,0.0,0.0,all_gt
bl_rate_q975__ni_k2_r2,L4,38,13,2,1,0.07692307692307693,0.5,all_gt
bl_rate_q975__ni_k2_r2,L5,279,72,21,3,0.041666666666666664,0.14285714285714285,all_gt
bl_rate_q975__ni_k2_r2,R1,252,71,31,3,0.04225352112676056,0.0967741935483871,all_gt
bl_rate_q975__ni_k2_r2,R2,193,19,13,0,0.0,0.0,all_gt
bl_rate_q975__ni_k2_r2,R3,160,21,19,1,0.047619047619047616,0.05263157894736842,all_gt
bl_rate_q975__ni_k2_r2,R4,136,40,15,4,0.1,0.26666666666666666,all_gt
bl_rate_q975__ni_k2_r2,R5,173,66,22,6,0.09090909090909091,0.2727272727272727,all_gt
bl_rate_q975__ni_k2_r2,L1,217,10,20,0,0.0,0.0,assigned_gt
bl_rate_q975__ni_k2_r2,L2,188,6,17,1,0.16666666666666666,0.058823529411764705,assigned_gt
bl_rate_q975__ni_k2_r2,L3,95,5,7,0,0.0,0.0,assigned_gt
bl_rate_q975__ni_k2_r2,L4,30,5,2,1,0.2,0.5,assigned_gt
bl_rate_q975__ni_k2_r2,L5,225,18,21,3,0.16666666666666666,0.14285714285714285,assigned_gt
bl_rate_q975__ni_k2_r2,R1,190,9,31,3,0.3333333333333333,0.0967741935483871,assigned_gt
bl_rate_q975__ni_k2_r2,R2,182,8,13,0,0.0,0.0,assigned_gt
bl_rate_q975__ni_k2_r2,R3,146,7,19,1,0.14285714285714285,0.05263157894736842,assigned_gt
bl_rate_q975__ni_k2_r2,R4,118,22,15,4,0.18181818181818182,0.26666666666666666,assigned_gt
bl_rate_q975__ni_k2_r2,R5,134,27,22,6,0.2222222222222222,0.2727272727272727,assigned_gt
bl_rate_q975__ni_k2_r4,L1,252,45,34,0,0.0,0.0,all_gt
bl_rate_q975__ni_k2_r4,L2,207,25,31,1,0.04,0.03225806451612903,all_gt
bl_rate_q975__ni_k2_r4,L3,110,20,10,0,0.0,0.0,all_gt
bl_rate_q975__ni_k2_r4,L4,38,13,3,1,0.07692307692307693,0.3333333333333333,all_gt
bl_rate_q975__ni_k2_r4,L5,279,72,32,4,0.05555555555555555,0.125,all_gt
bl_rate_q975__ni_k2_r4,R1,252,71,38,3,0.04225352112676056,0.07894736842105263,all_gt
bl_rate_q975__ni_k2_r4,R2,193,19,20,0,0.0,0.0,all_gt
bl_rate_q975__ni_k2_r4,R3,160,21,30,1,0.047619047619047616,0.03333333333333333,all_gt
bl_rate_q975__ni_k2_r4,R4,136,40,30,8,0.2,0.26666666666666666,all_gt
bl_rate_q975__ni_k2_r4,R5,173,66,31,8,0.12121212121212122,0.25806451612903225,all_gt
bl_rate_q975__ni_k2_r4,L1,217,10,34,0,0.0,0.0,assigned_gt
bl_rate_q975__ni_k2_r4,L2,188,6,31,1,0.16666666666666666,0.03225806451612903,assigned_gt
bl_rate_q975__ni_k2_r4,L3,95,5,10,0,0.0,0.0,assigned_gt
bl_rate_q975__ni_k2_r4,L4,30,5,3,1,0.2,0.3333333333333333,assigned_gt
bl_rate_q975__ni_k2_r4,L5,225,18,32,4,0.2222222222222222,0.125,assigned_gt
bl_rate_q975__ni_k2_r4,R1,190,9,38,3,0.3333333333333333,0.07894736842105263,assigned_gt
bl_rate_q975__ni_k2_r4,R2,182,8,20,0,0.0,0.0,assigned_gt
bl_rate_q975__ni_k2_r4,R3,146,7,30,1,0.14285714285714285,0.03333333333333333,assigned_gt
bl_rate_q975__ni_k2_r4,R4,118,22,30,8,0.36363636363636365,0.26666666666666666,assigned_gt
bl_rate_q975__ni_k2_r4,R5,134,27,31,8,0.2962962962962963,0.25806451612903225,assigned_gt
bl_rate_q975__ni_k3_r1,L1,252,45,7,0,0.0,0.0,all_gt
bl_rate_q975__ni_k3_r1,L2,207,25,3,0,0.0,0.0,all_gt
bl_rate_q975__ni_k3_r1,L3,110,20,0,0,0.0,,all_gt
bl_rate_q975__ni_k3_r1,L4,38,13,1,1,0.07692307692307693,1.0,all_gt
bl_rate_q975__ni_k3_r1,L5,279,72,10,1,0.013888888888888888,0.1,all_gt
bl_rate_q975__ni_k3_r1,R1,252,71,14,1,0.014084507042253521,0.07142857142857142,all_gt
bl_rate_q975__ni_k3_r1,R2,193,19,1,0,0.0,0.0,all_gt
bl_rate_q975__ni_k3_r1,R3,160,21,6,1,0.047619047619047616,0.16666666666666666,all_gt
bl_rate_q975__ni_k3_r1,R4,136,40,6,2,0.05,0.3333333333333333,all_gt
bl_rate_q975__ni_k3_r1,R5,173,66,10,2,0.030303030303030304,0.2,all_gt
bl_rate_q975__ni_k3_r1,L1,217,10,7,0,0.0,0.0,assigned_gt
bl_rate_q975__ni_k3_r1,L2,188,6,3,0,0.0,0.0,assigned_gt
bl_rate_q975__ni_k3_r1,L3,95,5,0,0,0.0,,assigned_gt
bl_rate_q975__ni_k3_r1,L4,30,5,1,1,0.2,1.0,assigned_gt
bl_rate_q975__ni_k3_r1,L5,225,18,10,1,0.05555555555555555,0.1,assigned_gt
bl_rate_q975__ni_k3_r1,R1,190,9,14,1,0.1111111111111111,0.07142857142857142,assigned_gt
bl_rate_q975__ni_k3_r1,R2,182,8,1,0,0.0,0.0,assigned_gt
bl_rate_q975__ni_k3_r1,R3,146,7,6,1,0.14285714285714285,0.16666666666666666,assigned_gt
bl_rate_q975__ni_k3_r1,R4,118,22,6,2,0.09090909090909091,0.3333333333333333,assigned_gt
bl_rate_q975__ni_k3_r1,R5,134,27,10,2,0.07407407407407407,0.2,assigned_gt
bl_rate_q975__ni_k3_r2,L1,252,45,10,0,0.0,0.0,all_gt
bl_rate_q975__ni_k3_r2,L2,207,25,4,0,0.0,0.0,all_gt
bl_rate_q975__ni_k3_r2,L3,110,20,3,0,0.0,0.0,all_gt
bl_rate_q975__ni_k3_r2,L4,38,13,1,1,0.07692307692307693,1.0,all_gt
bl_rate_q975__ni_k3_r2,L5,279,72,10,1,0.013888888888888888,0.1,all_gt
bl_rate_q975__ni_k3_r2,R1,252,71,17,2,0.028169014084507043,0.11764705882352941,all_gt
bl_rate_q975__ni_k3_r2,R2,193,19,2,0,0.0,0.0,all_gt
bl_rate_q975__ni_k3_r2,R3,160,21,6,1,0.047619047619047616,0.16666666666666666,all_gt
bl_rate_q975__ni_k3_r2,R4,136,40,7,3,0.075,0.42857142857142855,all_gt
bl_rate_q975__ni_k3_r2,R5,173,66,14,3,0.045454545454545456,0.21428571428571427,all_gt
bl_rate_q975__ni_k3_r2,L1,217,10,10,0,0.0,0.0,assigned_gt
bl_rate_q975__ni_k3_r2,L2,188,6,4,0,0.0,0.0,assigned_gt
bl_rate_q975__ni_k3_r2,L3,95,5,3,0,0.0,0.0,assigned_gt
bl_rate_q975__ni_k3_r2,L4,30,5,1,1,0.2,1.0,assigned_gt
bl_rate_q975__ni_k3_r2,L5,225,18,10,1,0.05555555555555555,0.1,assigned_gt
bl_rate_q975__ni_k3_r2,R1,190,9,17,2,0.2222222222222222,0.11764705882352941,assigned_gt
bl_rate_q975__ni_k3_r2,R2,182,8,2,0,0.0,0.0,assigned_gt
bl_rate_q975__ni_k3_r2,R3,146,7,6,1,0.14285714285714285,0.16666666666666666,assigned_gt
bl_rate_q975__ni_k3_r2,R4,118,22,7,3,0.13636363636363635,0.42857142857142855,assigned_gt
bl_rate_q975__ni_k3_r2,R5,134,27,14,3,0.1111111111111111,0.21428571428571427,assigned_gt
bl_rate_q975__ni_k3_r4,L1,252,45,15,0,0.0,0.0,all_gt
bl_rate_q975__ni_k3_r4,L2,207,25,9,0,0.0,0.0,all_gt
bl_rate_q975__ni_k3_r4,L3,110,20,3,0,0.0,0.0,all_gt
bl_rate_q975__ni_k3_r4,L4,38,13,2,1,0.07692307692307693,0.5,all_gt
bl_rate_q975__ni_k3_r4,L5,279,72,14,1,0.013888888888888888,0.07142857142857142,all_gt
bl_rate_q975__ni_k3_r4,R1,252,71,18,2,0.028169014084507043,0.1111111111111111,all_gt
bl_rate_q975__ni_k3_r4,R2,193,19,4,0,0.0,0.0,all_gt
bl_rate_q975__ni_k3_r4,R3,160,21,9,1,0.047619047619047616,0.1111111111111111,all_gt
bl_rate_q975__ni_k3_r4,R4,136,40,13,6,0.15,0.46153846153846156,all_gt
bl_rate_q975__ni_k3_r4,R5,173,66,16,4,0.06060606060606061,0.25,all_gt
bl_rate_q975__ni_k3_r4,L1,217,10,15,0,0.0,0.0,assigned_gt
bl_rate_q975__ni_k3_r4,L2,188,6,9,0,0.0,0.0,assigned_gt
bl_rate_q975__ni_k3_r4,L3,95,5,3,0,0.0,0.0,assigned_gt
bl_rate_q975__ni_k3_r4,L4,30,5,2,1,0.2,0.5,assigned_gt
bl_rate_q975__ni_k3_r4,L5,225,18,14,1,0.05555555555555555,0.07142857142857142,assigned_gt
bl_rate_q975__ni_k3_r4,R1,190,9,18,2,0.2222222222222222,0.1111111111111111,assigned_gt
bl_rate_q975__ni_k3_r4,R2,182,8,4,0,0.0,0.0,assigned_gt
bl_rate_q975__ni_k3_r4,R3,146,7,9,1,0.14285714285714285,0.1111111111111111,assigned_gt
bl_rate_q975__ni_k3_r4,R4,118,22,13,6,0.2727272727272727,0.46153846153846156,assigned_gt
bl_rate_q975__ni_k3_r4,R5,134,27,16,4,0.14814814814814814,0.25,assigned_gt
bl_rate_q975__ni_k5_r1,L1,252,45,6,0,0.0,0.0,all_gt
bl_rate_q975__ni_k5_r1,L2,207,25,3,0,0.0,0.0,all_gt
bl_rate_q975__ni_k5_r1,L3,110,20,0,0,0.0,,all_gt
bl_rate_q975__ni_k5_r1,L4,38,13,1,1,0.07692307692307693,1.0,all_gt
bl_rate_q975__ni_k5_r1,L5,279,72,8,1,0.013888888888888888,0.125,all_gt
bl_rate_q975__ni_k5_r1,R1,252,71,11,0,0.0,0.0,all_gt
bl_rate_q975__ni_k5_r1,R2,193,19,0,0,0.0,,all_gt
bl_rate_q975__ni_k5_r1,R3,160,21,3,1,0.047619047619047616,0.3333333333333333,all_gt
bl_rate_q975__ni_k5_r1,R4,136,40,3,2,0.05,0.6666666666666666,all_gt
bl_rate_q975__ni_k5_r1,R5,173,66,7,1,0.015151515151515152,0.14285714285714285,all_gt
bl_rate_q975__ni_k5_r1,L1,217,10,6,0,0.0,0.0,assigned_gt
bl_rate_q975__ni_k5_r1,L2,188,6,3,0,0.0,0.0,assigned_gt
bl_rate_q975__ni_k5_r1,L3,95,5,0,0,0.0,,assigned_gt
bl_rate_q975__ni_k5_r1,L4,30,5,1,1,0.2,1.0,assigned_gt
bl_rate_q975__ni_k5_r1,L5,225,18,8,1,0.05555555555555555,0.125,assigned_gt
bl_rate_q975__ni_k5_r1,R1,190,9,11,0,0.0,0.0,assigned_gt
bl_rate_q975__ni_k5_r1,R2,182,8,0,0,0.0,,assigned_gt
bl_rate_q975__ni_k5_r1,R3,146,7,3,1,0.14285714285714285,0.3333333333333333,assigned_gt
bl_rate_q975__ni_k5_r1,R4,118,22,3,2,0.09090909090909091,0.6666666666666666,assigned_gt
bl_rate_q975__ni_k5_r1,R5,134,27,7,1,0.037037037037037035,0.14285714285714285,assigned_gt
bl_rate_q975__ni_k5_r2,L1,252,45,6,0,0.0,0.0,all_gt
bl_rate_q975__ni_k5_r2,L2,207,25,3,0,0.0,0.0,all_gt
bl_rate_q975__ni_k5_r2,L3,110,20,0,0,0.0,,all_gt
bl_rate_q975__ni_k5_r2,L4,38,13,1,1,0.07692307692307693,1.0,all_gt
bl_rate_q975__ni_k5_r2,L5,279,72,8,1,0.013888888888888888,0.125,all_gt
bl_rate_q975__ni_k5_r2,R1,252,71,11,0,0.0,0.0,all_gt
bl_rate_q975__ni_k5_r2,R2,193,19,0,0,0.0,,all_gt
bl_rate_q975__ni_k5_r2,R3,160,21,3,1,0.047619047619047616,0.3333333333333333,all_gt
bl_rate_q975__ni_k5_r2,R4,136,40,3,2,0.05,0.6666666666666666,all_gt
bl_rate_q975__ni_k5_r2,R5,173,66,7,1,0.015151515151515152,0.14285714285714285,all_gt
bl_rate_q975__ni_k5_r2,L1,217,10,6,0,0.0,0.0,assigned_gt
bl_rate_q975__ni_k5_r2,L2,188,6,3,0,0.0,0.0,assigned_gt
bl_rate_q975__ni_k5_r2,L3,95,5,0,0,0.0,,assigned_gt
bl_rate_q975__ni_k5_r2,L4,30,5,1,1,0.2,1.0,assigned_gt
bl_rate_q975__ni_k5_r2,L5,225,18,8,1,0.05555555555555555,0.125,assigned_gt
bl_rate_q975__ni_k5_r2,R1,190,9,11,0,0.0,0.0,assigned_gt
bl_rate_q975__ni_k5_r2,R2,182,8,0,0,0.0,,assigned_gt
bl_rate_q975__ni_k5_r2,R3,146,7,3,1,0.14285714285714285,0.3333333333333333,assigned_gt
bl_rate_q975__ni_k5_r2,R4,118,22,3,2,0.09090909090909091,0.6666666666666666,assigned_gt
bl_rate_q975__ni_k5_r2,R5,134,27,7,1,0.037037037037037035,0.14285714285714285,assigned_gt
bl_rate_q975__ni_k5_r4,L1,252,45,6,0,0.0,0.0,all_gt
bl_rate_q975__ni_k5_r4,L2,207,25,3,0,0.0,0.0,all_gt
bl_rate_q975__ni_k5_r4,L3,110,20,0,0,0.0,,all_gt
bl_rate_q975__ni_k5_r4,L4,38,13,1,1,0.07692307692307693,1.0,all_gt
bl_rate_q975__ni_k5_r4,L5,279,72,8,1,0.013888888888888888,0.125,all_gt
bl_rate_q975__ni_k5_r4,R1,252,71,11,0,0.0,0.0,all_gt
bl_rate_q975__ni_k5_r4,R2,193,19,0,0,0.0,,all_gt
bl_rate_q975__ni_k5_r4,R3,160,21,3,1,0.047619047619047616,0.3333333333333333,all_gt
bl_rate_q975__ni_k5_r4,R4,136,40,3,2,0.05,0.6666666666666666,all_gt
bl_rate_q975__ni_k5_r4,R5,173,66,7,1,0.015151515151515152,0.14285714285714285,all_gt
bl_rate_q975__ni_k5_r4,L1,217,10,6,0,0.0,0.0,assigned_gt
bl_rate_q975__ni_k5_r4,L2,188,6,3,0,0.0,0.0,assigned_gt
bl_rate_q975__ni_k5_r4,L3,95,5,0,0,0.0,,assigned_gt
bl_rate_q975__ni_k5_r4,L4,30,5,1,1,0.2,1.0,assigned_gt
bl_rate_q975__ni_k5_r4,L5,225,18,8,1,0.05555555555555555,0.125,assigned_gt
bl_rate_q975__ni_k5_r4,R1,190,9,11,0,0.0,0.0,assigned_gt
bl_rate_q975__ni_k5_r4,R2,182,8,0,0,0.0,,assigned_gt
bl_rate_q975__ni_k5_r4,R3,146,7,3,1,0.14285714285714285,0.3333333333333333,assigned_gt
bl_rate_q975__ni_k5_r4,R4,118,22,3,2,0.09090909090909091,0.6666666666666666,assigned_gt
bl_rate_q975__ni_k5_r4,R5,134,27,7,1,0.037037037037037035,0.14285714285714285,assigned_gt
bl_hmm_disagreement__ni_k2_r1,L1,252,45,94,7,0.15555555555555556,0.07446808510638298,all_gt
bl_hmm_disagreement__ni_k2_r1,L2,207,25,158,4,0.16,0.02531645569620253,all_gt
bl_hmm_disagreement__ni_k2_r1,L3,110,20,90,4,0.2,0.044444444444444446,all_gt
bl_hmm_disagreement__ni_k2_r1,L4,38,13,30,5,0.38461538461538464,0.16666666666666666,all_gt
bl_hmm_disagreement__ni_k2_r1,L5,279,72,129,17,0.2361111111111111,0.13178294573643412,all_gt
bl_hmm_disagreement__ni_k2_r1,R1,252,71,89,4,0.056338028169014086,0.0449438202247191,all_gt
bl_hmm_disagreement__ni_k2_r1,R2,193,19,121,7,0.3684210526315789,0.05785123966942149,all_gt
bl_hmm_disagreement__ni_k2_r1,R3,160,21,128,5,0.23809523809523808,0.0390625,all_gt
bl_hmm_disagreement__ni_k2_r1,R4,136,40,109,18,0.45,0.1651376146788991,all_gt
bl_hmm_disagreement__ni_k2_r1,R5,173,66,85,25,0.3787878787878788,0.29411764705882354,all_gt
bl_hmm_disagreement__ni_k2_r1,L1,217,10,94,7,0.7,0.07446808510638298,assigned_gt
bl_hmm_disagreement__ni_k2_r1,L2,188,6,158,4,0.6666666666666666,0.02531645569620253,assigned_gt
bl_hmm_disagreement__ni_k2_r1,L3,95,5,90,4,0.8,0.044444444444444446,assigned_gt
bl_hmm_disagreement__ni_k2_r1,L4,30,5,30,5,1.0,0.16666666666666666,assigned_gt
bl_hmm_disagreement__ni_k2_r1,L5,225,18,129,17,0.9444444444444444,0.13178294573643412,assigned_gt
bl_hmm_disagreement__ni_k2_r1,R1,190,9,89,4,0.4444444444444444,0.0449438202247191,assigned_gt
bl_hmm_disagreement__ni_k2_r1,R2,182,8,121,7,0.875,0.05785123966942149,assigned_gt
bl_hmm_disagreement__ni_k2_r1,R3,146,7,128,5,0.7142857142857143,0.0390625,assigned_gt
bl_hmm_disagreement__ni_k2_r1,R4,118,22,109,18,0.8181818181818182,0.1651376146788991,assigned_gt
bl_hmm_disagreement__ni_k2_r1,R5,134,27,85,25,0.9259259259259259,0.29411764705882354,assigned_gt
bl_hmm_disagreement__ni_k2_r2,L1,252,45,94,7,0.15555555555555556,0.07446808510638298,all_gt
bl_hmm_disagreement__ni_k2_r2,L2,207,25,158,4,0.16,0.02531645569620253,all_gt
bl_hmm_disagreement__ni_k2_r2,L3,110,20,90,4,0.2,0.044444444444444446,all_gt
bl_hmm_disagreement__ni_k2_r2,L4,38,13,30,5,0.38461538461538464,0.16666666666666666,all_gt
bl_hmm_disagreement__ni_k2_r2,L5,279,72,131,17,0.2361111111111111,0.1297709923664122,all_gt
bl_hmm_disagreement__ni_k2_r2,R1,252,71,94,5,0.07042253521126761,0.05319148936170213,all_gt
bl_hmm_disagreement__ni_k2_r2,R2,193,19,122,7,0.3684210526315789,0.05737704918032787,all_gt
bl_hmm_disagreement__ni_k2_r2,R3,160,21,128,5,0.23809523809523808,0.0390625,all_gt
bl_hmm_disagreement__ni_k2_r2,R4,136,40,110,19,0.475,0.17272727272727273,all_gt
bl_hmm_disagreement__ni_k2_r2,R5,173,66,88,25,0.3787878787878788,0.2840909090909091,all_gt
bl_hmm_disagreement__ni_k2_r2,L1,217,10,94,7,0.7,0.07446808510638298,assigned_gt
bl_hmm_disagreement__ni_k2_r2,L2,188,6,158,4,0.6666666666666666,0.02531645569620253,assigned_gt
bl_hmm_disagreement__ni_k2_r2,L3,95,5,90,4,0.8,0.044444444444444446,assigned_gt
bl_hmm_disagreement__ni_k2_r2,L4,30,5,30,5,1.0,0.16666666666666666,assigned_gt
bl_hmm_disagreement__ni_k2_r2,L5,225,18,131,17,0.9444444444444444,0.1297709923664122,assigned_gt
bl_hmm_disagreement__ni_k2_r2,R1,190,9,94,5,0.5555555555555556,0.05319148936170213,assigned_gt
bl_hmm_disagreement__ni_k2_r2,R2,182,8,122,7,0.875,0.05737704918032787,assigned_gt
bl_hmm_disagreement__ni_k2_r2,R3,146,7,128,5,0.7142857142857143,0.0390625,assigned_gt
bl_hmm_disagreement__ni_k2_r2,R4,118,22,110,19,0.8636363636363636,0.17272727272727273,assigned_gt
bl_hmm_disagreement__ni_k2_r2,R5,134,27,88,25,0.9259259259259259,0.2840909090909091,assigned_gt
bl_hmm_disagreement__ni_k2_r4,L1,252,45,103,7,0.15555555555555556,0.06796116504854369,all_gt
bl_hmm_disagreement__ni_k2_r4,L2,207,25,158,4,0.16,0.02531645569620253,all_gt
bl_hmm_disagreement__ni_k2_r4,L3,110,20,90,4,0.2,0.044444444444444446,all_gt
bl_hmm_disagreement__ni_k2_r4,L4,38,13,30,5,0.38461538461538464,0.16666666666666666,all_gt
bl_hmm_disagreement__ni_k2_r4,L5,279,72,134,17,0.2361111111111111,0.12686567164179105,all_gt
bl_hmm_disagreement__ni_k2_r4,R1,252,71,99,5,0.07042253521126761,0.050505050505050504,all_gt
bl_hmm_disagreement__ni_k2_r4,R2,193,19,124,7,0.3684210526315789,0.056451612903225805,all_gt
bl_hmm_disagreement__ni_k2_r4,R3,160,21,130,5,0.23809523809523808,0.038461538461538464,all_gt
bl_hmm_disagreement__ni_k2_r4,R4,136,40,112,19,0.475,0.16964285714285715,all_gt
bl_hmm_disagreement__ni_k2_r4,R5,173,66,91,25,0.3787878787878788,0.27472527472527475,all_gt
bl_hmm_disagreement__ni_k2_r4,L1,217,10,103,7,0.7,0.06796116504854369,assigned_gt
bl_hmm_disagreement__ni_k2_r4,L2,188,6,158,4,0.6666666666666666,0.02531645569620253,assigned_gt
bl_hmm_disagreement__ni_k2_r4,L3,95,5,90,4,0.8,0.044444444444444446,assigned_gt
bl_hmm_disagreement__ni_k2_r4,L4,30,5,30,5,1.0,0.16666666666666666,assigned_gt
bl_hmm_disagreement__ni_k2_r4,L5,225,18,134,17,0.9444444444444444,0.12686567164179105,assigned_gt
bl_hmm_disagreement__ni_k2_r4,R1,190,9,99,5,0.5555555555555556,0.050505050505050504,assigned_gt
bl_hmm_disagreement__ni_k2_r4,R2,182,8,124,7,0.875,0.056451612903225805,assigned_gt
bl_hmm_disagreement__ni_k2_r4,R3,146,7,130,5,0.7142857142857143,0.038461538461538464,assigned_gt
bl_hmm_disagreement__ni_k2_r4,R4,118,22,112,19,0.8636363636363636,0.16964285714285715,assigned_gt
bl_hmm_disagreement__ni_k2_r4,R5,134,27,91,25,0.9259259259259259,0.27472527472527475,assigned_gt
bl_hmm_disagreement__ni_k3_r1,L1,252,45,88,7,0.15555555555555556,0.07954545454545454,all_gt
bl_hmm_disagreement__ni_k3_r1,L2,207,25,157,3,0.12,0.01910828025477707,all_gt
bl_hmm_disagreement__ni_k3_r1,L3,110,20,90,4,0.2,0.044444444444444446,all_gt
bl_hmm_disagreement__ni_k3_r1,L4,38,13,30,5,0.38461538461538464,0.16666666666666666,all_gt
bl_hmm_disagreement__ni_k3_r1,L5,279,72,126,17,0.2361111111111111,0.1349206349206349,all_gt
bl_hmm_disagreement__ni_k3_r1,R1,252,71,82,4,0.056338028169014086,0.04878048780487805,all_gt
bl_hmm_disagreement__ni_k3_r1,R2,193,19,121,7,0.3684210526315789,0.05785123966942149,all_gt
bl_hmm_disagreement__ni_k3_r1,R3,160,21,127,5,0.23809523809523808,0.03937007874015748,all_gt
bl_hmm_disagreement__ni_k3_r1,R4,136,40,109,18,0.45,0.1651376146788991,all_gt
bl_hmm_disagreement__ni_k3_r1,R5,173,66,83,25,0.3787878787878788,0.30120481927710846,all_gt
bl_hmm_disagreement__ni_k3_r1,L1,217,10,88,7,0.7,0.07954545454545454,assigned_gt
bl_hmm_disagreement__ni_k3_r1,L2,188,6,157,3,0.5,0.01910828025477707,assigned_gt
bl_hmm_disagreement__ni_k3_r1,L3,95,5,90,4,0.8,0.044444444444444446,assigned_gt
bl_hmm_disagreement__ni_k3_r1,L4,30,5,30,5,1.0,0.16666666666666666,assigned_gt
bl_hmm_disagreement__ni_k3_r1,L5,225,18,126,17,0.9444444444444444,0.1349206349206349,assigned_gt
bl_hmm_disagreement__ni_k3_r1,R1,190,9,82,4,0.4444444444444444,0.04878048780487805,assigned_gt
bl_hmm_disagreement__ni_k3_r1,R2,182,8,121,7,0.875,0.05785123966942149,assigned_gt
bl_hmm_disagreement__ni_k3_r1,R3,146,7,127,5,0.7142857142857143,0.03937007874015748,assigned_gt
bl_hmm_disagreement__ni_k3_r1,R4,118,22,109,18,0.8181818181818182,0.1651376146788991,assigned_gt
bl_hmm_disagreement__ni_k3_r1,R5,134,27,83,25,0.9259259259259259,0.30120481927710846,assigned_gt
bl_hmm_disagreement__ni_k3_r2,L1,252,45,90,7,0.15555555555555556,0.07777777777777778,all_gt
bl_hmm_disagreement__ni_k3_r2,L2,207,25,157,3,0.12,0.01910828025477707,all_gt
bl_hmm_disagreement__ni_k3_r2,L3,110,20,90,4,0.2,0.044444444444444446,all_gt
bl_hmm_disagreement__ni_k3_r2,L4,38,13,30,5,0.38461538461538464,0.16666666666666666,all_gt
bl_hmm_disagreement__ni_k3_r2,L5,279,72,126,17,0.2361111111111111,0.1349206349206349,all_gt
bl_hmm_disagreement__ni_k3_r2,R1,252,71,84,5,0.07042253521126761,0.05952380952380952,all_gt
bl_hmm_disagreement__ni_k3_r2,R2,193,19,121,7,0.3684210526315789,0.05785123966942149,all_gt
bl_hmm_disagreement__ni_k3_r2,R3,160,21,127,5,0.23809523809523808,0.03937007874015748,all_gt
bl_hmm_disagreement__ni_k3_r2,R4,136,40,110,19,0.475,0.17272727272727273,all_gt
bl_hmm_disagreement__ni_k3_r2,R5,173,66,84,25,0.3787878787878788,0.2976190476190476,all_gt
bl_hmm_disagreement__ni_k3_r2,L1,217,10,90,7,0.7,0.07777777777777778,assigned_gt
bl_hmm_disagreement__ni_k3_r2,L2,188,6,157,3,0.5,0.01910828025477707,assigned_gt
bl_hmm_disagreement__ni_k3_r2,L3,95,5,90,4,0.8,0.044444444444444446,assigned_gt
bl_hmm_disagreement__ni_k3_r2,L4,30,5,30,5,1.0,0.16666666666666666,assigned_gt
bl_hmm_disagreement__ni_k3_r2,L5,225,18,126,17,0.9444444444444444,0.1349206349206349,assigned_gt
bl_hmm_disagreement__ni_k3_r2,R1,190,9,84,5,0.5555555555555556,0.05952380952380952,assigned_gt
bl_hmm_disagreement__ni_k3_r2,R2,182,8,121,7,0.875,0.05785123966942149,assigned_gt
bl_hmm_disagreement__ni_k3_r2,R3,146,7,127,5,0.7142857142857143,0.03937007874015748,assigned_gt
bl_hmm_disagreement__ni_k3_r2,R4,118,22,110,19,0.8636363636363636,0.17272727272727273,assigned_gt
bl_hmm_disagreement__ni_k3_r2,R5,134,27,84,25,0.9259259259259259,0.2976190476190476,assigned_gt
bl_hmm_disagreement__ni_k3_r4,L1,252,45,93,7,0.15555555555555556,0.07526881720430108,all_gt
bl_hmm_disagreement__ni_k3_r4,L2,207,25,157,3,0.12,0.01910828025477707,all_gt
bl_hmm_disagreement__ni_k3_r4,L3,110,20,90,4,0.2,0.044444444444444446,all_gt
bl_hmm_disagreement__ni_k3_r4,L4,38,13,30,5,0.38461538461538464,0.16666666666666666,all_gt
bl_hmm_disagreement__ni_k3_r4,L5,279,72,128,17,0.2361111111111111,0.1328125,all_gt
bl_hmm_disagreement__ni_k3_r4,R1,252,71,84,5,0.07042253521126761,0.05952380952380952,all_gt
bl_hmm_disagreement__ni_k3_r4,R2,193,19,121,7,0.3684210526315789,0.05785123966942149,all_gt
bl_hmm_disagreement__ni_k3_r4,R3,160,21,127,5,0.23809523809523808,0.03937007874015748,all_gt
bl_hmm_disagreement__ni_k3_r4,R4,136,40,111,19,0.475,0.17117117117117117,all_gt
bl_hmm_disagreement__ni_k3_r4,R5,173,66,84,25,0.3787878787878788,0.2976190476190476,all_gt
bl_hmm_disagreement__ni_k3_r4,L1,217,10,93,7,0.7,0.07526881720430108,assigned_gt
bl_hmm_disagreement__ni_k3_r4,L2,188,6,157,3,0.5,0.01910828025477707,assigned_gt
bl_hmm_disagreement__ni_k3_r4,L3,95,5,90,4,0.8,0.044444444444444446,assigned_gt
bl_hmm_disagreement__ni_k3_r4,L4,30,5,30,5,1.0,0.16666666666666666,assigned_gt
bl_hmm_disagreement__ni_k3_r4,L5,225,18,128,17,0.9444444444444444,0.1328125,assigned_gt
bl_hmm_disagreement__ni_k3_r4,R1,190,9,84,5,0.5555555555555556,0.05952380952380952,assigned_gt
bl_hmm_disagreement__ni_k3_r4,R2,182,8,121,7,0.875,0.05785123966942149,assigned_gt
bl_hmm_disagreement__ni_k3_r4,R3,146,7,127,5,0.7142857142857143,0.03937007874015748,assigned_gt
bl_hmm_disagreement__ni_k3_r4,R4,118,22,111,19,0.8636363636363636,0.17117117117117117,assigned_gt
bl_hmm_disagreement__ni_k3_r4,R5,134,27,84,25,0.9259259259259259,0.2976190476190476,assigned_gt
bl_hmm_disagreement__ni_k5_r1,L1,252,45,87,7,0.15555555555555556,0.08045977011494253,all_gt
bl_hmm_disagreement__ni_k5_r1,L2,207,25,157,3,0.12,0.01910828025477707,all_gt
bl_hmm_disagreement__ni_k5_r1,L3,110,20,90,4,0.2,0.044444444444444446,all_gt
bl_hmm_disagreement__ni_k5_r1,L4,38,13,30,5,0.38461538461538464,0.16666666666666666,all_gt
bl_hmm_disagreement__ni_k5_r1,L5,279,72,124,17,0.2361111111111111,0.13709677419354838,all_gt
bl_hmm_disagreement__ni_k5_r1,R1,252,71,81,4,0.056338028169014086,0.04938271604938271,all_gt
bl_hmm_disagreement__ni_k5_r1,R2,193,19,121,7,0.3684210526315789,0.05785123966942149,all_gt
bl_hmm_disagreement__ni_k5_r1,R3,160,21,127,5,0.23809523809523808,0.03937007874015748,all_gt
bl_hmm_disagreement__ni_k5_r1,R4,136,40,109,18,0.45,0.1651376146788991,all_gt
bl_hmm_disagreement__ni_k5_r1,R5,173,66,83,25,0.3787878787878788,0.30120481927710846,all_gt
bl_hmm_disagreement__ni_k5_r1,L1,217,10,87,7,0.7,0.08045977011494253,assigned_gt
bl_hmm_disagreement__ni_k5_r1,L2,188,6,157,3,0.5,0.01910828025477707,assigned_gt
bl_hmm_disagreement__ni_k5_r1,L3,95,5,90,4,0.8,0.044444444444444446,assigned_gt
bl_hmm_disagreement__ni_k5_r1,L4,30,5,30,5,1.0,0.16666666666666666,assigned_gt
bl_hmm_disagreement__ni_k5_r1,L5,225,18,124,17,0.9444444444444444,0.13709677419354838,assigned_gt
bl_hmm_disagreement__ni_k5_r1,R1,190,9,81,4,0.4444444444444444,0.04938271604938271,assigned_gt
bl_hmm_disagreement__ni_k5_r1,R2,182,8,121,7,0.875,0.05785123966942149,assigned_gt
bl_hmm_disagreement__ni_k5_r1,R3,146,7,127,5,0.7142857142857143,0.03937007874015748,assigned_gt
bl_hmm_disagreement__ni_k5_r1,R4,118,22,109,18,0.8181818181818182,0.1651376146788991,assigned_gt
bl_hmm_disagreement__ni_k5_r1,R5,134,27,83,25,0.9259259259259259,0.30120481927710846,assigned_gt
bl_hmm_disagreement__ni_k5_r2,L1,252,45,87,7,0.15555555555555556,0.08045977011494253,all_gt
bl_hmm_disagreement__ni_k5_r2,L2,207,25,157,3,0.12,0.01910828025477707,all_gt
bl_hmm_disagreement__ni_k5_r2,L3,110,20,90,4,0.2,0.044444444444444446,all_gt
bl_hmm_disagreement__ni_k5_r2,L4,38,13,30,5,0.38461538461538464,0.16666666666666666,all_gt
bl_hmm_disagreement__ni_k5_r2,L5,279,72,124,17,0.2361111111111111,0.13709677419354838,all_gt
bl_hmm_disagreement__ni_k5_r2,R1,252,71,81,4,0.056338028169014086,0.04938271604938271,all_gt
bl_hmm_disagreement__ni_k5_r2,R2,193,19,121,7,0.3684210526315789,0.05785123966942149,all_gt
bl_hmm_disagreement__ni_k5_r2,R3,160,21,127,5,0.23809523809523808,0.03937007874015748,all_gt
bl_hmm_disagreement__ni_k5_r2,R4,136,40,109,18,0.45,0.1651376146788991,all_gt
bl_hmm_disagreement__ni_k5_r2,R5,173,66,83,25,0.3787878787878788,0.30120481927710846,all_gt
bl_hmm_disagreement__ni_k5_r2,L1,217,10,87,7,0.7,0.08045977011494253,assigned_gt
bl_hmm_disagreement__ni_k5_r2,L2,188,6,157,3,0.5,0.01910828025477707,assigned_gt
bl_hmm_disagreement__ni_k5_r2,L3,95,5,90,4,0.8,0.044444444444444446,assigned_gt
bl_hmm_disagreement__ni_k5_r2,L4,30,5,30,5,1.0,0.16666666666666666,assigned_gt
bl_hmm_disagreement__ni_k5_r2,L5,225,18,124,17,0.9444444444444444,0.13709677419354838,assigned_gt
bl_hmm_disagreement__ni_k5_r2,R1,190,9,81,4,0.4444444444444444,0.04938271604938271,assigned_gt
bl_hmm_disagreement__ni_k5_r2,R2,182,8,121,7,0.875,0.05785123966942149,assigned_gt
bl_hmm_disagreement__ni_k5_r2,R3,146,7,127,5,0.7142857142857143,0.03937007874015748,assigned_gt
bl_hmm_disagreement__ni_k5_r2,R4,118,22,109,18,0.8181818181818182,0.1651376146788991,assigned_gt
bl_hmm_disagreement__ni_k5_r2,R5,134,27,83,25,0.9259259259259259,0.30120481927710846,assigned_gt
bl_hmm_disagreement__ni_k5_r4,L1,252,45,87,7,0.15555555555555556,0.08045977011494253,all_gt
bl_hmm_disagreement__ni_k5_r4,L2,207,25,157,3,0.12,0.01910828025477707,all_gt
bl_hmm_disagreement__ni_k5_r4,L3,110,20,90,4,0.2,0.044444444444444446,all_gt
bl_hmm_disagreement__ni_k5_r4,L4,38,13,30,5,0.38461538461538464,0.16666666666666666,all_gt
bl_hmm_disagreement__ni_k5_r4,L5,279,72,124,17,0.2361111111111111,0.13709677419354838,all_gt
bl_hmm_disagreement__ni_k5_r4,R1,252,71,81,4,0.056338028169014086,0.04938271604938271,all_gt
bl_hmm_disagreement__ni_k5_r4,R2,193,19,121,7,0.3684210526315789,0.05785123966942149,all_gt
bl_hmm_disagreement__ni_k5_r4,R3,160,21,127,5,0.23809523809523808,0.03937007874015748,all_gt
bl_hmm_disagreement__ni_k5_r4,R4,136,40,109,18,0.45,0.1651376146788991,all_gt
bl_hmm_disagreement__ni_k5_r4,R5,173,66,83,25,0.3787878787878788,0.30120481927710846,all_gt
bl_hmm_disagreement__ni_k5_r4,L1,217,10,87,7,0.7,0.08045977011494253,assigned_gt
bl_hmm_disagreement__ni_k5_r4,L2,188,6,157,3,0.5,0.01910828025477707,assigned_gt
bl_hmm_disagreement__ni_k5_r4,L3,95,5,90,4,0.8,0.044444444444444446,assigned_gt
bl_hmm_disagreement__ni_k5_r4,L4,30,5,30,5,1.0,0.16666666666666666,assigned_gt
bl_hmm_disagreement__ni_k5_r4,L5,225,18,124,17,0.9444444444444444,0.13709677419354838,assigned_gt
bl_hmm_disagreement__ni_k5_r4,R1,190,9,81,4,0.4444444444444444,0.04938271604938271,assigned_gt
bl_hmm_disagreement__ni_k5_r4,R2,182,8,121,7,0.875,0.05785123966942149,assigned_gt
bl_hmm_disagreement__ni_k5_r4,R3,146,7,127,5,0.7142857142857143,0.03937007874015748,assigned_gt
bl_hmm_disagreement__ni_k5_r4,R4,118,22,109,18,0.8181818181818182,0.1651376146788991,assigned_gt
bl_hmm_disagreement__ni_k5_r4,R5,134,27,83,25,0.9259259259259259,0.30120481927710846,assigned_gt
bl_practical_or_rate995__ni_k2_r1,L1,252,45,25,0,0.0,0.0,all_gt
bl_practical_or_rate995__ni_k2_r1,L2,207,25,15,1,0.04,0.06666666666666667,all_gt
bl_practical_or_rate995__ni_k2_r1,L3,110,20,8,0,0.0,0.0,all_gt
bl_practical_or_rate995__ni_k2_r1,L4,38,13,4,0,0.0,0.0,all_gt
bl_practical_or_rate995__ni_k2_r1,L5,279,72,64,6,0.08333333333333333,0.09375,all_gt
bl_practical_or_rate995__ni_k2_r1,R1,252,71,21,1,0.014084507042253521,0.047619047619047616,all_gt
bl_practical_or_rate995__ni_k2_r1,R2,193,19,16,1,0.05263157894736842,0.0625,all_gt
bl_practical_or_rate995__ni_k2_r1,R3,160,21,13,0,0.0,0.0,all_gt
bl_practical_or_rate995__ni_k2_r1,R4,136,40,14,1,0.025,0.07142857142857142,all_gt
bl_practical_or_rate995__ni_k2_r1,R5,173,66,22,10,0.15151515151515152,0.45454545454545453,all_gt
bl_practical_or_rate995__ni_k2_r1,L1,217,10,25,0,0.0,0.0,assigned_gt
bl_practical_or_rate995__ni_k2_r1,L2,188,6,15,1,0.16666666666666666,0.06666666666666667,assigned_gt
bl_practical_or_rate995__ni_k2_r1,L3,95,5,8,0,0.0,0.0,assigned_gt
bl_practical_or_rate995__ni_k2_r1,L4,30,5,4,0,0.0,0.0,assigned_gt
bl_practical_or_rate995__ni_k2_r1,L5,225,18,64,6,0.3333333333333333,0.09375,assigned_gt
bl_practical_or_rate995__ni_k2_r1,R1,190,9,21,1,0.1111111111111111,0.047619047619047616,assigned_gt
bl_practical_or_rate995__ni_k2_r1,R2,182,8,16,1,0.125,0.0625,assigned_gt
bl_practical_or_rate995__ni_k2_r1,R3,146,7,13,0,0.0,0.0,assigned_gt
bl_practical_or_rate995__ni_k2_r1,R4,118,22,14,1,0.045454545454545456,0.07142857142857142,assigned_gt
bl_practical_or_rate995__ni_k2_r1,R5,134,27,22,10,0.37037037037037035,0.45454545454545453,assigned_gt
bl_practical_or_rate995__ni_k2_r2,L1,252,45,29,0,0.0,0.0,all_gt
bl_practical_or_rate995__ni_k2_r2,L2,207,25,23,1,0.04,0.043478260869565216,all_gt
bl_practical_or_rate995__ni_k2_r2,L3,110,20,13,0,0.0,0.0,all_gt
bl_practical_or_rate995__ni_k2_r2,L4,38,13,5,0,0.0,0.0,all_gt
bl_practical_or_rate995__ni_k2_r2,L5,279,72,67,7,0.09722222222222222,0.1044776119402985,all_gt
bl_practical_or_rate995__ni_k2_r2,R1,252,71,28,3,0.04225352112676056,0.10714285714285714,all_gt
bl_practical_or_rate995__ni_k2_r2,R2,193,19,22,1,0.05263157894736842,0.045454545454545456,all_gt
bl_practical_or_rate995__ni_k2_r2,R3,160,21,18,0,0.0,0.0,all_gt
bl_practical_or_rate995__ni_k2_r2,R4,136,40,19,3,0.075,0.15789473684210525,all_gt
bl_practical_or_rate995__ni_k2_r2,R5,173,66,26,10,0.15151515151515152,0.38461538461538464,all_gt
bl_practical_or_rate995__ni_k2_r2,L1,217,10,29,0,0.0,0.0,assigned_gt
bl_practical_or_rate995__ni_k2_r2,L2,188,6,23,1,0.16666666666666666,0.043478260869565216,assigned_gt
bl_practical_or_rate995__ni_k2_r2,L3,95,5,13,0,0.0,0.0,assigned_gt
bl_practical_or_rate995__ni_k2_r2,L4,30,5,5,0,0.0,0.0,assigned_gt
bl_practical_or_rate995__ni_k2_r2,L5,225,18,67,7,0.3888888888888889,0.1044776119402985,assigned_gt
bl_practical_or_rate995__ni_k2_r2,R1,190,9,28,3,0.3333333333333333,0.10714285714285714,assigned_gt
bl_practical_or_rate995__ni_k2_r2,R2,182,8,22,1,0.125,0.045454545454545456,assigned_gt
bl_practical_or_rate995__ni_k2_r2,R3,146,7,18,0,0.0,0.0,assigned_gt
bl_practical_or_rate995__ni_k2_r2,R4,118,22,19,3,0.13636363636363635,0.15789473684210525,assigned_gt
bl_practical_or_rate995__ni_k2_r2,R5,134,27,26,10,0.37037037037037035,0.38461538461538464,assigned_gt
bl_practical_or_rate995__ni_k2_r4,L1,252,45,44,0,0.0,0.0,all_gt
bl_practical_or_rate995__ni_k2_r4,L2,207,25,34,1,0.04,0.029411764705882353,all_gt
bl_practical_or_rate995__ni_k2_r4,L3,110,20,15,0,0.0,0.0,all_gt
bl_practical_or_rate995__ni_k2_r4,L4,38,13,6,0,0.0,0.0,all_gt
bl_practical_or_rate995__ni_k2_r4,L5,279,72,77,8,0.1111111111111111,0.1038961038961039,all_gt
bl_practical_or_rate995__ni_k2_r4,R1,252,71,34,3,0.04225352112676056,0.08823529411764706,all_gt
bl_practical_or_rate995__ni_k2_r4,R2,193,19,28,1,0.05263157894736842,0.03571428571428571,all_gt
bl_practical_or_rate995__ni_k2_r4,R3,160,21,28,0,0.0,0.0,all_gt
bl_practical_or_rate995__ni_k2_r4,R4,136,40,33,7,0.175,0.21212121212121213,all_gt
bl_practical_or_rate995__ni_k2_r4,R5,173,66,36,11,0.16666666666666666,0.3055555555555556,all_gt
bl_practical_or_rate995__ni_k2_r4,L1,217,10,44,0,0.0,0.0,assigned_gt
bl_practical_or_rate995__ni_k2_r4,L2,188,6,34,1,0.16666666666666666,0.029411764705882353,assigned_gt
bl_practical_or_rate995__ni_k2_r4,L3,95,5,15,0,0.0,0.0,assigned_gt
bl_practical_or_rate995__ni_k2_r4,L4,30,5,6,0,0.0,0.0,assigned_gt
bl_practical_or_rate995__ni_k2_r4,L5,225,18,77,8,0.4444444444444444,0.1038961038961039,assigned_gt
bl_practical_or_rate995__ni_k2_r4,R1,190,9,34,3,0.3333333333333333,0.08823529411764706,assigned_gt
bl_practical_or_rate995__ni_k2_r4,R2,182,8,28,1,0.125,0.03571428571428571,assigned_gt
bl_practical_or_rate995__ni_k2_r4,R3,146,7,28,0,0.0,0.0,assigned_gt
bl_practical_or_rate995__ni_k2_r4,R4,118,22,33,7,0.3181818181818182,0.21212121212121213,assigned_gt
bl_practical_or_rate995__ni_k2_r4,R5,134,27,36,11,0.4074074074074074,0.3055555555555556,assigned_gt
bl_practical_or_rate995__ni_k3_r1,L1,252,45,16,0,0.0,0.0,all_gt
bl_practical_or_rate995__ni_k3_r1,L2,207,25,10,0,0.0,0.0,all_gt
bl_practical_or_rate995__ni_k3_r1,L3,110,20,7,0,0.0,0.0,all_gt
bl_practical_or_rate995__ni_k3_r1,L4,38,13,4,0,0.0,0.0,all_gt
bl_practical_or_rate995__ni_k3_r1,L5,279,72,59,6,0.08333333333333333,0.1016949152542373,all_gt
bl_practical_or_rate995__ni_k3_r1,R1,252,71,11,1,0.014084507042253521,0.09090909090909091,all_gt
bl_practical_or_rate995__ni_k3_r1,R2,193,19,12,1,0.05263157894736842,0.08333333333333333,all_gt
bl_practical_or_rate995__ni_k3_r1,R3,160,21,7,0,0.0,0.0,all_gt
bl_practical_or_rate995__ni_k3_r1,R4,136,40,12,1,0.025,0.08333333333333333,all_gt
bl_practical_or_rate995__ni_k3_r1,R5,173,66,16,7,0.10606060606060606,0.4375,all_gt
bl_practical_or_rate995__ni_k3_r1,L1,217,10,16,0,0.0,0.0,assigned_gt
bl_practical_or_rate995__ni_k3_r1,L2,188,6,10,0,0.0,0.0,assigned_gt
bl_practical_or_rate995__ni_k3_r1,L3,95,5,7,0,0.0,0.0,assigned_gt
bl_practical_or_rate995__ni_k3_r1,L4,30,5,4,0,0.0,0.0,assigned_gt
bl_practical_or_rate995__ni_k3_r1,L5,225,18,59,6,0.3333333333333333,0.1016949152542373,assigned_gt
bl_practical_or_rate995__ni_k3_r1,R1,190,9,11,1,0.1111111111111111,0.09090909090909091,assigned_gt
bl_practical_or_rate995__ni_k3_r1,R2,182,8,12,1,0.125,0.08333333333333333,assigned_gt
bl_practical_or_rate995__ni_k3_r1,R3,146,7,7,0,0.0,0.0,assigned_gt
bl_practical_or_rate995__ni_k3_r1,R4,118,22,12,1,0.045454545454545456,0.08333333333333333,assigned_gt
bl_practical_or_rate995__ni_k3_r1,R5,134,27,16,7,0.25925925925925924,0.4375,assigned_gt
bl_practical_or_rate995__ni_k3_r2,L1,252,45,19,0,0.0,0.0,all_gt
bl_practical_or_rate995__ni_k3_r2,L2,207,25,11,0,0.0,0.0,all_gt
bl_practical_or_rate995__ni_k3_r2,L3,110,20,10,0,0.0,0.0,all_gt
bl_practical_or_rate995__ni_k3_r2,L4,38,13,4,0,0.0,0.0,all_gt
bl_practical_or_rate995__ni_k3_r2,L5,279,72,59,6,0.08333333333333333,0.1016949152542373,all_gt
bl_practical_or_rate995__ni_k3_r2,R1,252,71,14,2,0.028169014084507043,0.14285714285714285,all_gt
bl_practical_or_rate995__ni_k3_r2,R2,193,19,13,1,0.05263157894736842,0.07692307692307693,all_gt
bl_practical_or_rate995__ni_k3_r2,R3,160,21,7,0,0.0,0.0,all_gt
bl_practical_or_rate995__ni_k3_r2,R4,136,40,13,2,0.05,0.15384615384615385,all_gt
bl_practical_or_rate995__ni_k3_r2,R5,173,66,19,7,0.10606060606060606,0.3684210526315789,all_gt
bl_practical_or_rate995__ni_k3_r2,L1,217,10,19,0,0.0,0.0,assigned_gt
bl_practical_or_rate995__ni_k3_r2,L2,188,6,11,0,0.0,0.0,assigned_gt
bl_practical_or_rate995__ni_k3_r2,L3,95,5,10,0,0.0,0.0,assigned_gt
bl_practical_or_rate995__ni_k3_r2,L4,30,5,4,0,0.0,0.0,assigned_gt
bl_practical_or_rate995__ni_k3_r2,L5,225,18,59,6,0.3333333333333333,0.1016949152542373,assigned_gt
bl_practical_or_rate995__ni_k3_r2,R1,190,9,14,2,0.2222222222222222,0.14285714285714285,assigned_gt
bl_practical_or_rate995__ni_k3_r2,R2,182,8,13,1,0.125,0.07692307692307693,assigned_gt
bl_practical_or_rate995__ni_k3_r2,R3,146,7,7,0,0.0,0.0,assigned_gt
bl_practical_or_rate995__ni_k3_r2,R4,118,22,13,2,0.09090909090909091,0.15384615384615385,assigned_gt
bl_practical_or_rate995__ni_k3_r2,R5,134,27,19,7,0.25925925925925924,0.3684210526315789,assigned_gt
bl_practical_or_rate995__ni_k3_r4,L1,252,45,24,0,0.0,0.0,all_gt
bl_practical_or_rate995__ni_k3_r4,L2,207,25,15,0,0.0,0.0,all_gt
bl_practical_or_rate995__ni_k3_r4,L3,110,20,10,0,0.0,0.0,all_gt
bl_practical_or_rate995__ni_k3_r4,L4,38,13,5,0,0.0,0.0,all_gt
bl_practical_or_rate995__ni_k3_r4,L5,279,72,61,6,0.08333333333333333,0.09836065573770492,all_gt
bl_practical_or_rate995__ni_k3_r4,R1,252,71,15,2,0.028169014084507043,0.13333333333333333,all_gt
bl_practical_or_rate995__ni_k3_r4,R2,193,19,14,1,0.05263157894736842,0.07142857142857142,all_gt
bl_practical_or_rate995__ni_k3_r4,R3,160,21,10,0,0.0,0.0,all_gt
bl_practical_or_rate995__ni_k3_r4,R4,136,40,20,5,0.125,0.25,all_gt
bl_practical_or_rate995__ni_k3_r4,R5,173,66,22,8,0.12121212121212122,0.36363636363636365,all_gt
bl_practical_or_rate995__ni_k3_r4,L1,217,10,24,0,0.0,0.0,assigned_gt
bl_practical_or_rate995__ni_k3_r4,L2,188,6,15,0,0.0,0.0,assigned_gt
bl_practical_or_rate995__ni_k3_r4,L3,95,5,10,0,0.0,0.0,assigned_gt
bl_practical_or_rate995__ni_k3_r4,L4,30,5,5,0,0.0,0.0,assigned_gt
bl_practical_or_rate995__ni_k3_r4,L5,225,18,61,6,0.3333333333333333,0.09836065573770492,assigned_gt
bl_practical_or_rate995__ni_k3_r4,R1,190,9,15,2,0.2222222222222222,0.13333333333333333,assigned_gt
bl_practical_or_rate995__ni_k3_r4,R2,182,8,14,1,0.125,0.07142857142857142,assigned_gt
bl_practical_or_rate995__ni_k3_r4,R3,146,7,10,0,0.0,0.0,assigned_gt
bl_practical_or_rate995__ni_k3_r4,R4,118,22,20,5,0.22727272727272727,0.25,assigned_gt
bl_practical_or_rate995__ni_k3_r4,R5,134,27,22,8,0.2962962962962963,0.36363636363636365,assigned_gt
bl_practical_or_rate995__ni_k5_r1,L1,252,45,15,0,0.0,0.0,all_gt
bl_practical_or_rate995__ni_k5_r1,L2,207,25,10,0,0.0,0.0,all_gt
bl_practical_or_rate995__ni_k5_r1,L3,110,20,7,0,0.0,0.0,all_gt
bl_practical_or_rate995__ni_k5_r1,L4,38,13,4,0,0.0,0.0,all_gt
bl_practical_or_rate995__ni_k5_r1,L5,279,72,57,6,0.08333333333333333,0.10526315789473684,all_gt
bl_practical_or_rate995__ni_k5_r1,R1,252,71,7,0,0.0,0.0,all_gt
bl_practical_or_rate995__ni_k5_r1,R2,193,19,11,1,0.05263157894736842,0.09090909090909091,all_gt
bl_practical_or_rate995__ni_k5_r1,R3,160,21,4,0,0.0,0.0,all_gt
bl_practical_or_rate995__ni_k5_r1,R4,136,40,10,1,0.025,0.1,all_gt
bl_practical_or_rate995__ni_k5_r1,R5,173,66,14,7,0.10606060606060606,0.5,all_gt
bl_practical_or_rate995__ni_k5_r1,L1,217,10,15,0,0.0,0.0,assigned_gt
bl_practical_or_rate995__ni_k5_r1,L2,188,6,10,0,0.0,0.0,assigned_gt
bl_practical_or_rate995__ni_k5_r1,L3,95,5,7,0,0.0,0.0,assigned_gt
bl_practical_or_rate995__ni_k5_r1,L4,30,5,4,0,0.0,0.0,assigned_gt
bl_practical_or_rate995__ni_k5_r1,L5,225,18,57,6,0.3333333333333333,0.10526315789473684,assigned_gt
bl_practical_or_rate995__ni_k5_r1,R1,190,9,7,0,0.0,0.0,assigned_gt
bl_practical_or_rate995__ni_k5_r1,R2,182,8,11,1,0.125,0.09090909090909091,assigned_gt
bl_practical_or_rate995__ni_k5_r1,R3,146,7,4,0,0.0,0.0,assigned_gt
bl_practical_or_rate995__ni_k5_r1,R4,118,22,10,1,0.045454545454545456,0.1,assigned_gt
bl_practical_or_rate995__ni_k5_r1,R5,134,27,14,7,0.25925925925925924,0.5,assigned_gt
bl_practical_or_rate995__ni_k5_r2,L1,252,45,15,0,0.0,0.0,all_gt
bl_practical_or_rate995__ni_k5_r2,L2,207,25,10,0,0.0,0.0,all_gt
bl_practical_or_rate995__ni_k5_r2,L3,110,20,7,0,0.0,0.0,all_gt
bl_practical_or_rate995__ni_k5_r2,L4,38,13,4,0,0.0,0.0,all_gt
bl_practical_or_rate995__ni_k5_r2,L5,279,72,57,6,0.08333333333333333,0.10526315789473684,all_gt
bl_practical_or_rate995__ni_k5_r2,R1,252,71,7,0,0.0,0.0,all_gt
bl_practical_or_rate995__ni_k5_r2,R2,193,19,11,1,0.05263157894736842,0.09090909090909091,all_gt
bl_practical_or_rate995__ni_k5_r2,R3,160,21,4,0,0.0,0.0,all_gt
bl_practical_or_rate995__ni_k5_r2,R4,136,40,10,1,0.025,0.1,all_gt
bl_practical_or_rate995__ni_k5_r2,R5,173,66,14,7,0.10606060606060606,0.5,all_gt
bl_practical_or_rate995__ni_k5_r2,L1,217,10,15,0,0.0,0.0,assigned_gt
bl_practical_or_rate995__ni_k5_r2,L2,188,6,10,0,0.0,0.0,assigned_gt
bl_practical_or_rate995__ni_k5_r2,L3,95,5,7,0,0.0,0.0,assigned_gt
bl_practical_or_rate995__ni_k5_r2,L4,30,5,4,0,0.0,0.0,assigned_gt
bl_practical_or_rate995__ni_k5_r2,L5,225,18,57,6,0.3333333333333333,0.10526315789473684,assigned_gt
bl_practical_or_rate995__ni_k5_r2,R1,190,9,7,0,0.0,0.0,assigned_gt
bl_practical_or_rate995__ni_k5_r2,R2,182,8,11,1,0.125,0.09090909090909091,assigned_gt
bl_practical_or_rate995__ni_k5_r2,R3,146,7,4,0,0.0,0.0,assigned_gt
bl_practical_or_rate995__ni_k5_r2,R4,118,22,10,1,0.045454545454545456,0.1,assigned_gt
bl_practical_or_rate995__ni_k5_r2,R5,134,27,14,7,0.25925925925925924,0.5,assigned_gt
bl_practical_or_rate995__ni_k5_r4,L1,252,45,15,0,0.0,0.0,all_gt
bl_practical_or_rate995__ni_k5_r4,L2,207,25,10,0,0.0,0.0,all_gt
bl_practical_or_rate995__ni_k5_r4,L3,110,20,7,0,0.0,0.0,all_gt
bl_practical_or_rate995__ni_k5_r4,L4,38,13,4,0,0.0,0.0,all_gt
bl_practical_or_rate995__ni_k5_r4,L5,279,72,57,6,0.08333333333333333,0.10526315789473684,all_gt
bl_practical_or_rate995__ni_k5_r4,R1,252,71,7,0,0.0,0.0,all_gt
bl_practical_or_rate995__ni_k5_r4,R2,193,19,11,1,0.05263157894736842,0.09090909090909091,all_gt
bl_practical_or_rate995__ni_k5_r4,R3,160,21,4,0,0.0,0.0,all_gt
bl_practical_or_rate995__ni_k5_r4,R4,136,40,10,1,0.025,0.1,all_gt
bl_practical_or_rate995__ni_k5_r4,R5,173,66,14,7,0.10606060606060606,0.5,all_gt
bl_practical_or_rate995__ni_k5_r4,L1,217,10,15,0,0.0,0.0,assigned_gt
bl_practical_or_rate995__ni_k5_r4,L2,188,6,10,0,0.0,0.0,assigned_gt
bl_practical_or_rate995__ni_k5_r4,L3,95,5,7,0,0.0,0.0,assigned_gt
bl_practical_or_rate995__ni_k5_r4,L4,30,5,4,0,0.0,0.0,assigned_gt
bl_practical_or_rate995__ni_k5_r4,L5,225,18,57,6,0.3333333333333333,0.10526315789473684,assigned_gt
bl_practical_or_rate995__ni_k5_r4,R1,190,9,7,0,0.0,0.0,assigned_gt
bl_practical_or_rate995__ni_k5_r4,R2,182,8,11,1,0.125,0.09090909090909091,assigned_gt
bl_practical_or_rate995__ni_k5_r4,R3,146,7,4,0,0.0,0.0,assigned_gt
bl_practical_or_rate995__ni_k5_r4,R4,118,22,10,1,0.045454545454545456,0.1,assigned_gt
bl_practical_or_rate995__ni_k5_r4,R5,134,27,14,7,0.25925925925925924,0.5,assigned_gt
bl_practical_or_crossing__ni_k2_r1,L1,252,45,23,0,0.0,0.0,all_gt
bl_practical_or_crossing__ni_k2_r1,L2,207,25,15,1,0.04,0.06666666666666667,all_gt
bl_practical_or_crossing__ni_k2_r1,L3,110,20,8,0,0.0,0.0,all_gt
bl_practical_or_crossing__ni_k2_r1,L4,38,13,4,0,0.0,0.0,all_gt
bl_practical_or_crossing__ni_k2_r1,L5,279,72,63,6,0.08333333333333333,0.09523809523809523,all_gt
bl_practical_or_crossing__ni_k2_r1,R1,252,71,18,1,0.014084507042253521,0.05555555555555555,all_gt
bl_practical_or_crossing__ni_k2_r1,R2,193,19,16,1,0.05263157894736842,0.0625,all_gt
bl_practical_or_crossing__ni_k2_r1,R3,160,21,13,0,0.0,0.0,all_gt
bl_practical_or_crossing__ni_k2_r1,R4,136,40,13,0,0.0,0.0,all_gt
bl_practical_or_crossing__ni_k2_r1,R5,173,66,21,9,0.13636363636363635,0.42857142857142855,all_gt
bl_practical_or_crossing__ni_k2_r1,L1,217,10,23,0,0.0,0.0,assigned_gt
bl_practical_or_crossing__ni_k2_r1,L2,188,6,15,1,0.16666666666666666,0.06666666666666667,assigned_gt
bl_practical_or_crossing__ni_k2_r1,L3,95,5,8,0,0.0,0.0,assigned_gt
bl_practical_or_crossing__ni_k2_r1,L4,30,5,4,0,0.0,0.0,assigned_gt
bl_practical_or_crossing__ni_k2_r1,L5,225,18,63,6,0.3333333333333333,0.09523809523809523,assigned_gt
bl_practical_or_crossing__ni_k2_r1,R1,190,9,18,1,0.1111111111111111,0.05555555555555555,assigned_gt
bl_practical_or_crossing__ni_k2_r1,R2,182,8,16,1,0.125,0.0625,assigned_gt
bl_practical_or_crossing__ni_k2_r1,R3,146,7,13,0,0.0,0.0,assigned_gt
bl_practical_or_crossing__ni_k2_r1,R4,118,22,13,0,0.0,0.0,assigned_gt
bl_practical_or_crossing__ni_k2_r1,R5,134,27,21,9,0.3333333333333333,0.42857142857142855,assigned_gt
bl_practical_or_crossing__ni_k2_r2,L1,252,45,27,0,0.0,0.0,all_gt
bl_practical_or_crossing__ni_k2_r2,L2,207,25,23,1,0.04,0.043478260869565216,all_gt
bl_practical_or_crossing__ni_k2_r2,L3,110,20,13,0,0.0,0.0,all_gt
bl_practical_or_crossing__ni_k2_r2,L4,38,13,5,0,0.0,0.0,all_gt
bl_practical_or_crossing__ni_k2_r2,L5,279,72,66,7,0.09722222222222222,0.10606060606060606,all_gt
bl_practical_or_crossing__ni_k2_r2,R1,252,71,25,3,0.04225352112676056,0.12,all_gt
bl_practical_or_crossing__ni_k2_r2,R2,193,19,22,1,0.05263157894736842,0.045454545454545456,all_gt
bl_practical_or_crossing__ni_k2_r2,R3,160,21,18,0,0.0,0.0,all_gt
bl_practical_or_crossing__ni_k2_r2,R4,136,40,18,2,0.05,0.1111111111111111,all_gt
bl_practical_or_crossing__ni_k2_r2,R5,173,66,26,10,0.15151515151515152,0.38461538461538464,all_gt
bl_practical_or_crossing__ni_k2_r2,L1,217,10,27,0,0.0,0.0,assigned_gt
bl_practical_or_crossing__ni_k2_r2,L2,188,6,23,1,0.16666666666666666,0.043478260869565216,assigned_gt
bl_practical_or_crossing__ni_k2_r2,L3,95,5,13,0,0.0,0.0,assigned_gt
bl_practical_or_crossing__ni_k2_r2,L4,30,5,5,0,0.0,0.0,assigned_gt
bl_practical_or_crossing__ni_k2_r2,L5,225,18,66,7,0.3888888888888889,0.10606060606060606,assigned_gt
bl_practical_or_crossing__ni_k2_r2,R1,190,9,25,3,0.3333333333333333,0.12,assigned_gt
bl_practical_or_crossing__ni_k2_r2,R2,182,8,22,1,0.125,0.045454545454545456,assigned_gt
bl_practical_or_crossing__ni_k2_r2,R3,146,7,18,0,0.0,0.0,assigned_gt
bl_practical_or_crossing__ni_k2_r2,R4,118,22,18,2,0.09090909090909091,0.1111111111111111,assigned_gt
bl_practical_or_crossing__ni_k2_r2,R5,134,27,26,10,0.37037037037037035,0.38461538461538464,assigned_gt
bl_practical_or_crossing__ni_k2_r4,L1,252,45,42,0,0.0,0.0,all_gt
bl_practical_or_crossing__ni_k2_r4,L2,207,25,34,1,0.04,0.029411764705882353,all_gt
bl_practical_or_crossing__ni_k2_r4,L3,110,20,15,0,0.0,0.0,all_gt
bl_practical_or_crossing__ni_k2_r4,L4,38,13,6,0,0.0,0.0,all_gt
bl_practical_or_crossing__ni_k2_r4,L5,279,72,76,8,0.1111111111111111,0.10526315789473684,all_gt
bl_practical_or_crossing__ni_k2_r4,R1,252,71,31,3,0.04225352112676056,0.0967741935483871,all_gt
bl_practical_or_crossing__ni_k2_r4,R2,193,19,28,1,0.05263157894736842,0.03571428571428571,all_gt
bl_practical_or_crossing__ni_k2_r4,R3,160,21,28,0,0.0,0.0,all_gt
bl_practical_or_crossing__ni_k2_r4,R4,136,40,32,6,0.15,0.1875,all_gt
bl_practical_or_crossing__ni_k2_r4,R5,173,66,36,11,0.16666666666666666,0.3055555555555556,all_gt
bl_practical_or_crossing__ni_k2_r4,L1,217,10,42,0,0.0,0.0,assigned_gt
bl_practical_or_crossing__ni_k2_r4,L2,188,6,34,1,0.16666666666666666,0.029411764705882353,assigned_gt
bl_practical_or_crossing__ni_k2_r4,L3,95,5,15,0,0.0,0.0,assigned_gt
bl_practical_or_crossing__ni_k2_r4,L4,30,5,6,0,0.0,0.0,assigned_gt
bl_practical_or_crossing__ni_k2_r4,L5,225,18,76,8,0.4444444444444444,0.10526315789473684,assigned_gt
bl_practical_or_crossing__ni_k2_r4,R1,190,9,31,3,0.3333333333333333,0.0967741935483871,assigned_gt
bl_practical_or_crossing__ni_k2_r4,R2,182,8,28,1,0.125,0.03571428571428571,assigned_gt
bl_practical_or_crossing__ni_k2_r4,R3,146,7,28,0,0.0,0.0,assigned_gt
bl_practical_or_crossing__ni_k2_r4,R4,118,22,32,6,0.2727272727272727,0.1875,assigned_gt
bl_practical_or_crossing__ni_k2_r4,R5,134,27,36,11,0.4074074074074074,0.3055555555555556,assigned_gt
bl_practical_or_crossing__ni_k3_r1,L1,252,45,14,0,0.0,0.0,all_gt
bl_practical_or_crossing__ni_k3_r1,L2,207,25,10,0,0.0,0.0,all_gt
bl_practical_or_crossing__ni_k3_r1,L3,110,20,7,0,0.0,0.0,all_gt
bl_practical_or_crossing__ni_k3_r1,L4,38,13,4,0,0.0,0.0,all_gt
bl_practical_or_crossing__ni_k3_r1,L5,279,72,58,6,0.08333333333333333,0.10344827586206896,all_gt
bl_practical_or_crossing__ni_k3_r1,R1,252,71,8,1,0.014084507042253521,0.125,all_gt
bl_practical_or_crossing__ni_k3_r1,R2,193,19,12,1,0.05263157894736842,0.08333333333333333,all_gt
bl_practical_or_crossing__ni_k3_r1,R3,160,21,7,0,0.0,0.0,all_gt
bl_practical_or_crossing__ni_k3_r1,R4,136,40,11,0,0.0,0.0,all_gt
bl_practical_or_crossing__ni_k3_r1,R5,173,66,15,6,0.09090909090909091,0.4,all_gt
bl_practical_or_crossing__ni_k3_r1,L1,217,10,14,0,0.0,0.0,assigned_gt
bl_practical_or_crossing__ni_k3_r1,L2,188,6,10,0,0.0,0.0,assigned_gt
bl_practical_or_crossing__ni_k3_r1,L3,95,5,7,0,0.0,0.0,assigned_gt
bl_practical_or_crossing__ni_k3_r1,L4,30,5,4,0,0.0,0.0,assigned_gt
bl_practical_or_crossing__ni_k3_r1,L5,225,18,58,6,0.3333333333333333,0.10344827586206896,assigned_gt
bl_practical_or_crossing__ni_k3_r1,R1,190,9,8,1,0.1111111111111111,0.125,assigned_gt
bl_practical_or_crossing__ni_k3_r1,R2,182,8,12,1,0.125,0.08333333333333333,assigned_gt
bl_practical_or_crossing__ni_k3_r1,R3,146,7,7,0,0.0,0.0,assigned_gt
bl_practical_or_crossing__ni_k3_r1,R4,118,22,11,0,0.0,0.0,assigned_gt
bl_practical_or_crossing__ni_k3_r1,R5,134,27,15,6,0.2222222222222222,0.4,assigned_gt
bl_practical_or_crossing__ni_k3_r2,L1,252,45,17,0,0.0,0.0,all_gt
bl_practical_or_crossing__ni_k3_r2,L2,207,25,11,0,0.0,0.0,all_gt
bl_practical_or_crossing__ni_k3_r2,L3,110,20,10,0,0.0,0.0,all_gt
bl_practical_or_crossing__ni_k3_r2,L4,38,13,4,0,0.0,0.0,all_gt
bl_practical_or_crossing__ni_k3_r2,L5,279,72,58,6,0.08333333333333333,0.10344827586206896,all_gt
bl_practical_or_crossing__ni_k3_r2,R1,252,71,11,2,0.028169014084507043,0.18181818181818182,all_gt
bl_practical_or_crossing__ni_k3_r2,R2,193,19,13,1,0.05263157894736842,0.07692307692307693,all_gt
bl_practical_or_crossing__ni_k3_r2,R3,160,21,7,0,0.0,0.0,all_gt
bl_practical_or_crossing__ni_k3_r2,R4,136,40,12,1,0.025,0.08333333333333333,all_gt
bl_practical_or_crossing__ni_k3_r2,R5,173,66,18,6,0.09090909090909091,0.3333333333333333,all_gt
bl_practical_or_crossing__ni_k3_r2,L1,217,10,17,0,0.0,0.0,assigned_gt
bl_practical_or_crossing__ni_k3_r2,L2,188,6,11,0,0.0,0.0,assigned_gt
bl_practical_or_crossing__ni_k3_r2,L3,95,5,10,0,0.0,0.0,assigned_gt
bl_practical_or_crossing__ni_k3_r2,L4,30,5,4,0,0.0,0.0,assigned_gt
bl_practical_or_crossing__ni_k3_r2,L5,225,18,58,6,0.3333333333333333,0.10344827586206896,assigned_gt
bl_practical_or_crossing__ni_k3_r2,R1,190,9,11,2,0.2222222222222222,0.18181818181818182,assigned_gt
bl_practical_or_crossing__ni_k3_r2,R2,182,8,13,1,0.125,0.07692307692307693,assigned_gt
bl_practical_or_crossing__ni_k3_r2,R3,146,7,7,0,0.0,0.0,assigned_gt
bl_practical_or_crossing__ni_k3_r2,R4,118,22,12,1,0.045454545454545456,0.08333333333333333,assigned_gt
bl_practical_or_crossing__ni_k3_r2,R5,134,27,18,6,0.2222222222222222,0.3333333333333333,assigned_gt
bl_practical_or_crossing__ni_k3_r4,L1,252,45,22,0,0.0,0.0,all_gt
bl_practical_or_crossing__ni_k3_r4,L2,207,25,15,0,0.0,0.0,all_gt
bl_practical_or_crossing__ni_k3_r4,L3,110,20,10,0,0.0,0.0,all_gt
bl_practical_or_crossing__ni_k3_r4,L4,38,13,5,0,0.0,0.0,all_gt
bl_practical_or_crossing__ni_k3_r4,L5,279,72,60,6,0.08333333333333333,0.1,all_gt
bl_practical_or_crossing__ni_k3_r4,R1,252,71,12,2,0.028169014084507043,0.16666666666666666,all_gt
bl_practical_or_crossing__ni_k3_r4,R2,193,19,14,1,0.05263157894736842,0.07142857142857142,all_gt
bl_practical_or_crossing__ni_k3_r4,R3,160,21,10,0,0.0,0.0,all_gt
bl_practical_or_crossing__ni_k3_r4,R4,136,40,19,4,0.1,0.21052631578947367,all_gt
bl_practical_or_crossing__ni_k3_r4,R5,173,66,21,7,0.10606060606060606,0.3333333333333333,all_gt
bl_practical_or_crossing__ni_k3_r4,L1,217,10,22,0,0.0,0.0,assigned_gt
bl_practical_or_crossing__ni_k3_r4,L2,188,6,15,0,0.0,0.0,assigned_gt
bl_practical_or_crossing__ni_k3_r4,L3,95,5,10,0,0.0,0.0,assigned_gt
bl_practical_or_crossing__ni_k3_r4,L4,30,5,5,0,0.0,0.0,assigned_gt
bl_practical_or_crossing__ni_k3_r4,L5,225,18,60,6,0.3333333333333333,0.1,assigned_gt
bl_practical_or_crossing__ni_k3_r4,R1,190,9,12,2,0.2222222222222222,0.16666666666666666,assigned_gt
bl_practical_or_crossing__ni_k3_r4,R2,182,8,14,1,0.125,0.07142857142857142,assigned_gt
bl_practical_or_crossing__ni_k3_r4,R3,146,7,10,0,0.0,0.0,assigned_gt
bl_practical_or_crossing__ni_k3_r4,R4,118,22,19,4,0.18181818181818182,0.21052631578947367,assigned_gt
bl_practical_or_crossing__ni_k3_r4,R5,134,27,21,7,0.25925925925925924,0.3333333333333333,assigned_gt
bl_practical_or_crossing__ni_k5_r1,L1,252,45,13,0,0.0,0.0,all_gt
bl_practical_or_crossing__ni_k5_r1,L2,207,25,10,0,0.0,0.0,all_gt
bl_practical_or_crossing__ni_k5_r1,L3,110,20,7,0,0.0,0.0,all_gt
bl_practical_or_crossing__ni_k5_r1,L4,38,13,4,0,0.0,0.0,all_gt
bl_practical_or_crossing__ni_k5_r1,L5,279,72,56,6,0.08333333333333333,0.10714285714285714,all_gt
bl_practical_or_crossing__ni_k5_r1,R1,252,71,4,0,0.0,0.0,all_gt
bl_practical_or_crossing__ni_k5_r1,R2,193,19,11,1,0.05263157894736842,0.09090909090909091,all_gt
bl_practical_or_crossing__ni_k5_r1,R3,160,21,4,0,0.0,0.0,all_gt
bl_practical_or_crossing__ni_k5_r1,R4,136,40,9,0,0.0,0.0,all_gt
bl_practical_or_crossing__ni_k5_r1,R5,173,66,13,6,0.09090909090909091,0.46153846153846156,all_gt
bl_practical_or_crossing__ni_k5_r1,L1,217,10,13,0,0.0,0.0,assigned_gt
bl_practical_or_crossing__ni_k5_r1,L2,188,6,10,0,0.0,0.0,assigned_gt
bl_practical_or_crossing__ni_k5_r1,L3,95,5,7,0,0.0,0.0,assigned_gt
bl_practical_or_crossing__ni_k5_r1,L4,30,5,4,0,0.0,0.0,assigned_gt
bl_practical_or_crossing__ni_k5_r1,L5,225,18,56,6,0.3333333333333333,0.10714285714285714,assigned_gt
bl_practical_or_crossing__ni_k5_r1,R1,190,9,4,0,0.0,0.0,assigned_gt
bl_practical_or_crossing__ni_k5_r1,R2,182,8,11,1,0.125,0.09090909090909091,assigned_gt
bl_practical_or_crossing__ni_k5_r1,R3,146,7,4,0,0.0,0.0,assigned_gt
bl_practical_or_crossing__ni_k5_r1,R4,118,22,9,0,0.0,0.0,assigned_gt
bl_practical_or_crossing__ni_k5_r1,R5,134,27,13,6,0.2222222222222222,0.46153846153846156,assigned_gt
bl_practical_or_crossing__ni_k5_r2,L1,252,45,13,0,0.0,0.0,all_gt
bl_practical_or_crossing__ni_k5_r2,L2,207,25,10,0,0.0,0.0,all_gt
bl_practical_or_crossing__ni_k5_r2,L3,110,20,7,0,0.0,0.0,all_gt
bl_practical_or_crossing__ni_k5_r2,L4,38,13,4,0,0.0,0.0,all_gt
bl_practical_or_crossing__ni_k5_r2,L5,279,72,56,6,0.08333333333333333,0.10714285714285714,all_gt
bl_practical_or_crossing__ni_k5_r2,R1,252,71,4,0,0.0,0.0,all_gt
bl_practical_or_crossing__ni_k5_r2,R2,193,19,11,1,0.05263157894736842,0.09090909090909091,all_gt
bl_practical_or_crossing__ni_k5_r2,R3,160,21,4,0,0.0,0.0,all_gt
bl_practical_or_crossing__ni_k5_r2,R4,136,40,9,0,0.0,0.0,all_gt
bl_practical_or_crossing__ni_k5_r2,R5,173,66,13,6,0.09090909090909091,0.46153846153846156,all_gt
bl_practical_or_crossing__ni_k5_r2,L1,217,10,13,0,0.0,0.0,assigned_gt
bl_practical_or_crossing__ni_k5_r2,L2,188,6,10,0,0.0,0.0,assigned_gt
bl_practical_or_crossing__ni_k5_r2,L3,95,5,7,0,0.0,0.0,assigned_gt
bl_practical_or_crossing__ni_k5_r2,L4,30,5,4,0,0.0,0.0,assigned_gt
bl_practical_or_crossing__ni_k5_r2,L5,225,18,56,6,0.3333333333333333,0.10714285714285714,assigned_gt
bl_practical_or_crossing__ni_k5_r2,R1,190,9,4,0,0.0,0.0,assigned_gt
bl_practical_or_crossing__ni_k5_r2,R2,182,8,11,1,0.125,0.09090909090909091,assigned_gt
bl_practical_or_crossing__ni_k5_r2,R3,146,7,4,0,0.0,0.0,assigned_gt
bl_practical_or_crossing__ni_k5_r2,R4,118,22,9,0,0.0,0.0,assigned_gt
bl_practical_or_crossing__ni_k5_r2,R5,134,27,13,6,0.2222222222222222,0.46153846153846156,assigned_gt
bl_practical_or_crossing__ni_k5_r4,L1,252,45,13,0,0.0,0.0,all_gt
bl_practical_or_crossing__ni_k5_r4,L2,207,25,10,0,0.0,0.0,all_gt
bl_practical_or_crossing__ni_k5_r4,L3,110,20,7,0,0.0,0.0,all_gt
bl_practical_or_crossing__ni_k5_r4,L4,38,13,4,0,0.0,0.0,all_gt
bl_practical_or_crossing__ni_k5_r4,L5,279,72,56,6,0.08333333333333333,0.10714285714285714,all_gt
bl_practical_or_crossing__ni_k5_r4,R1,252,71,4,0,0.0,0.0,all_gt
bl_practical_or_crossing__ni_k5_r4,R2,193,19,11,1,0.05263157894736842,0.09090909090909091,all_gt
bl_practical_or_crossing__ni_k5_r4,R3,160,21,4,0,0.0,0.0,all_gt
bl_practical_or_crossing__ni_k5_r4,R4,136,40,9,0,0.0,0.0,all_gt
bl_practical_or_crossing__ni_k5_r4,R5,173,66,13,6,0.09090909090909091,0.46153846153846156,all_gt
bl_practical_or_crossing__ni_k5_r4,L1,217,10,13,0,0.0,0.0,assigned_gt
bl_practical_or_crossing__ni_k5_r4,L2,188,6,10,0,0.0,0.0,assigned_gt
bl_practical_or_crossing__ni_k5_r4,L3,95,5,7,0,0.0,0.0,assigned_gt
bl_practical_or_crossing__ni_k5_r4,L4,30,5,4,0,0.0,0.0,assigned_gt
bl_practical_or_crossing__ni_k5_r4,L5,225,18,56,6,0.3333333333333333,0.10714285714285714,assigned_gt
bl_practical_or_crossing__ni_k5_r4,R1,190,9,4,0,0.0,0.0,assigned_gt
bl_practical_or_crossing__ni_k5_r4,R2,182,8,11,1,0.125,0.09090909090909091,assigned_gt
bl_practical_or_crossing__ni_k5_r4,R3,146,7,4,0,0.0,0.0,assigned_gt
bl_practical_or_crossing__ni_k5_r4,R4,118,22,9,0,0.0,0.0,assigned_gt
bl_practical_or_crossing__ni_k5_r4,R5,134,27,13,6,0.2222222222222222,0.46153846153846156,assigned_gt
bl_two_signal_strict__ni_k2_r1,L1,252,45,11,0,0.0,0.0,all_gt
bl_two_signal_strict__ni_k2_r1,L2,207,25,14,1,0.04,0.07142857142857142,all_gt
bl_two_signal_strict__ni_k2_r1,L3,110,20,8,0,0.0,0.0,all_gt
bl_two_signal_strict__ni_k2_r1,L4,38,13,4,0,0.0,0.0,all_gt
bl_two_signal_strict__ni_k2_r1,L5,279,72,35,7,0.09722222222222222,0.2,all_gt
bl_two_signal_strict__ni_k2_r1,R1,252,71,15,1,0.014084507042253521,0.06666666666666667,all_gt
bl_two_signal_strict__ni_k2_r1,R2,193,19,12,1,0.05263157894736842,0.08333333333333333,all_gt
bl_two_signal_strict__ni_k2_r1,R3,160,21,14,1,0.047619047619047616,0.07142857142857142,all_gt
bl_two_signal_strict__ni_k2_r1,R4,136,40,13,0,0.0,0.0,all_gt
bl_two_signal_strict__ni_k2_r1,R5,173,66,23,10,0.15151515151515152,0.43478260869565216,all_gt
bl_two_signal_strict__ni_k2_r1,L1,217,10,11,0,0.0,0.0,assigned_gt
bl_two_signal_strict__ni_k2_r1,L2,188,6,14,1,0.16666666666666666,0.07142857142857142,assigned_gt
bl_two_signal_strict__ni_k2_r1,L3,95,5,8,0,0.0,0.0,assigned_gt
bl_two_signal_strict__ni_k2_r1,L4,30,5,4,0,0.0,0.0,assigned_gt
bl_two_signal_strict__ni_k2_r1,L5,225,18,35,7,0.3888888888888889,0.2,assigned_gt
bl_two_signal_strict__ni_k2_r1,R1,190,9,15,1,0.1111111111111111,0.06666666666666667,assigned_gt
bl_two_signal_strict__ni_k2_r1,R2,182,8,12,1,0.125,0.08333333333333333,assigned_gt
bl_two_signal_strict__ni_k2_r1,R3,146,7,14,1,0.14285714285714285,0.07142857142857142,assigned_gt
bl_two_signal_strict__ni_k2_r1,R4,118,22,13,0,0.0,0.0,assigned_gt
bl_two_signal_strict__ni_k2_r1,R5,134,27,23,10,0.37037037037037035,0.43478260869565216,assigned_gt
bl_two_signal_strict__ni_k2_r2,L1,252,45,15,0,0.0,0.0,all_gt
bl_two_signal_strict__ni_k2_r2,L2,207,25,22,1,0.04,0.045454545454545456,all_gt
bl_two_signal_strict__ni_k2_r2,L3,110,20,13,0,0.0,0.0,all_gt
bl_two_signal_strict__ni_k2_r2,L4,38,13,5,0,0.0,0.0,all_gt
bl_two_signal_strict__ni_k2_r2,L5,279,72,39,8,0.1111111111111111,0.20512820512820512,all_gt
bl_two_signal_strict__ni_k2_r2,R1,252,71,22,3,0.04225352112676056,0.13636363636363635,all_gt
bl_two_signal_strict__ni_k2_r2,R2,193,19,19,1,0.05263157894736842,0.05263157894736842,all_gt
bl_two_signal_strict__ni_k2_r2,R3,160,21,19,1,0.047619047619047616,0.05263157894736842,all_gt
bl_two_signal_strict__ni_k2_r2,R4,136,40,18,2,0.05,0.1111111111111111,all_gt
bl_two_signal_strict__ni_k2_r2,R5,173,66,27,10,0.15151515151515152,0.37037037037037035,all_gt
bl_two_signal_strict__ni_k2_r2,L1,217,10,15,0,0.0,0.0,assigned_gt
bl_two_signal_strict__ni_k2_r2,L2,188,6,22,1,0.16666666666666666,0.045454545454545456,assigned_gt
bl_two_signal_strict__ni_k2_r2,L3,95,5,13,0,0.0,0.0,assigned_gt
bl_two_signal_strict__ni_k2_r2,L4,30,5,5,0,0.0,0.0,assigned_gt
bl_two_signal_strict__ni_k2_r2,L5,225,18,39,8,0.4444444444444444,0.20512820512820512,assigned_gt
bl_two_signal_strict__ni_k2_r2,R1,190,9,22,3,0.3333333333333333,0.13636363636363635,assigned_gt
bl_two_signal_strict__ni_k2_r2,R2,182,8,19,1,0.125,0.05263157894736842,assigned_gt
bl_two_signal_strict__ni_k2_r2,R3,146,7,19,1,0.14285714285714285,0.05263157894736842,assigned_gt
bl_two_signal_strict__ni_k2_r2,R4,118,22,18,2,0.09090909090909091,0.1111111111111111,assigned_gt
bl_two_signal_strict__ni_k2_r2,R5,134,27,27,10,0.37037037037037035,0.37037037037037035,assigned_gt
bl_two_signal_strict__ni_k2_r4,L1,252,45,30,0,0.0,0.0,all_gt
bl_two_signal_strict__ni_k2_r4,L2,207,25,33,1,0.04,0.030303030303030304,all_gt
bl_two_signal_strict__ni_k2_r4,L3,110,20,15,0,0.0,0.0,all_gt
bl_two_signal_strict__ni_k2_r4,L4,38,13,6,0,0.0,0.0,all_gt
bl_two_signal_strict__ni_k2_r4,L5,279,72,51,9,0.125,0.17647058823529413,all_gt
bl_two_signal_strict__ni_k2_r4,R1,252,71,29,3,0.04225352112676056,0.10344827586206896,all_gt
bl_two_signal_strict__ni_k2_r4,R2,193,19,25,1,0.05263157894736842,0.04,all_gt
bl_two_signal_strict__ni_k2_r4,R3,160,21,29,1,0.047619047619047616,0.034482758620689655,all_gt
bl_two_signal_strict__ni_k2_r4,R4,136,40,32,6,0.15,0.1875,all_gt
bl_two_signal_strict__ni_k2_r4,R5,173,66,36,11,0.16666666666666666,0.3055555555555556,all_gt
bl_two_signal_strict__ni_k2_r4,L1,217,10,30,0,0.0,0.0,assigned_gt
bl_two_signal_strict__ni_k2_r4,L2,188,6,33,1,0.16666666666666666,0.030303030303030304,assigned_gt
bl_two_signal_strict__ni_k2_r4,L3,95,5,15,0,0.0,0.0,assigned_gt
bl_two_signal_strict__ni_k2_r4,L4,30,5,6,0,0.0,0.0,assigned_gt
bl_two_signal_strict__ni_k2_r4,L5,225,18,51,9,0.5,0.17647058823529413,assigned_gt
bl_two_signal_strict__ni_k2_r4,R1,190,9,29,3,0.3333333333333333,0.10344827586206896,assigned_gt
bl_two_signal_strict__ni_k2_r4,R2,182,8,25,1,0.125,0.04,assigned_gt
bl_two_signal_strict__ni_k2_r4,R3,146,7,29,1,0.14285714285714285,0.034482758620689655,assigned_gt
bl_two_signal_strict__ni_k2_r4,R4,118,22,32,6,0.2727272727272727,0.1875,assigned_gt
bl_two_signal_strict__ni_k2_r4,R5,134,27,36,11,0.4074074074074074,0.3055555555555556,assigned_gt
bl_two_signal_strict__ni_k3_r1,L1,252,45,2,0,0.0,0.0,all_gt
bl_two_signal_strict__ni_k3_r1,L2,207,25,9,0,0.0,0.0,all_gt
bl_two_signal_strict__ni_k3_r1,L3,110,20,7,0,0.0,0.0,all_gt
bl_two_signal_strict__ni_k3_r1,L4,38,13,4,0,0.0,0.0,all_gt
bl_two_signal_strict__ni_k3_r1,L5,279,72,30,7,0.09722222222222222,0.23333333333333334,all_gt
bl_two_signal_strict__ni_k3_r1,R1,252,71,5,1,0.014084507042253521,0.2,all_gt
bl_two_signal_strict__ni_k3_r1,R2,193,19,8,1,0.05263157894736842,0.125,all_gt
bl_two_signal_strict__ni_k3_r1,R3,160,21,8,1,0.047619047619047616,0.125,all_gt
bl_two_signal_strict__ni_k3_r1,R4,136,40,11,0,0.0,0.0,all_gt
bl_two_signal_strict__ni_k3_r1,R5,173,66,16,7,0.10606060606060606,0.4375,all_gt
bl_two_signal_strict__ni_k3_r1,L1,217,10,2,0,0.0,0.0,assigned_gt
bl_two_signal_strict__ni_k3_r1,L2,188,6,9,0,0.0,0.0,assigned_gt
bl_two_signal_strict__ni_k3_r1,L3,95,5,7,0,0.0,0.0,assigned_gt
bl_two_signal_strict__ni_k3_r1,L4,30,5,4,0,0.0,0.0,assigned_gt
bl_two_signal_strict__ni_k3_r1,L5,225,18,30,7,0.3888888888888889,0.23333333333333334,assigned_gt
bl_two_signal_strict__ni_k3_r1,R1,190,9,5,1,0.1111111111111111,0.2,assigned_gt
bl_two_signal_strict__ni_k3_r1,R2,182,8,8,1,0.125,0.125,assigned_gt
bl_two_signal_strict__ni_k3_r1,R3,146,7,8,1,0.14285714285714285,0.125,assigned_gt
bl_two_signal_strict__ni_k3_r1,R4,118,22,11,0,0.0,0.0,assigned_gt
bl_two_signal_strict__ni_k3_r1,R5,134,27,16,7,0.25925925925925924,0.4375,assigned_gt
bl_two_signal_strict__ni_k3_r2,L1,252,45,5,0,0.0,0.0,all_gt
bl_two_signal_strict__ni_k3_r2,L2,207,25,10,0,0.0,0.0,all_gt
bl_two_signal_strict__ni_k3_r2,L3,110,20,10,0,0.0,0.0,all_gt
bl_two_signal_strict__ni_k3_r2,L4,38,13,4,0,0.0,0.0,all_gt
bl_two_signal_strict__ni_k3_r2,L5,279,72,30,7,0.09722222222222222,0.23333333333333334,all_gt
bl_two_signal_strict__ni_k3_r2,R1,252,71,8,2,0.028169014084507043,0.25,all_gt
bl_two_signal_strict__ni_k3_r2,R2,193,19,9,1,0.05263157894736842,0.1111111111111111,all_gt
bl_two_signal_strict__ni_k3_r2,R3,160,21,8,1,0.047619047619047616,0.125,all_gt
bl_two_signal_strict__ni_k3_r2,R4,136,40,12,1,0.025,0.08333333333333333,all_gt
bl_two_signal_strict__ni_k3_r2,R5,173,66,19,7,0.10606060606060606,0.3684210526315789,all_gt
bl_two_signal_strict__ni_k3_r2,L1,217,10,5,0,0.0,0.0,assigned_gt
bl_two_signal_strict__ni_k3_r2,L2,188,6,10,0,0.0,0.0,assigned_gt
bl_two_signal_strict__ni_k3_r2,L3,95,5,10,0,0.0,0.0,assigned_gt
bl_two_signal_strict__ni_k3_r2,L4,30,5,4,0,0.0,0.0,assigned_gt
bl_two_signal_strict__ni_k3_r2,L5,225,18,30,7,0.3888888888888889,0.23333333333333334,assigned_gt
bl_two_signal_strict__ni_k3_r2,R1,190,9,8,2,0.2222222222222222,0.25,assigned_gt
bl_two_signal_strict__ni_k3_r2,R2,182,8,9,1,0.125,0.1111111111111111,assigned_gt
bl_two_signal_strict__ni_k3_r2,R3,146,7,8,1,0.14285714285714285,0.125,assigned_gt
bl_two_signal_strict__ni_k3_r2,R4,118,22,12,1,0.045454545454545456,0.08333333333333333,assigned_gt
bl_two_signal_strict__ni_k3_r2,R5,134,27,19,7,0.25925925925925924,0.3684210526315789,assigned_gt
bl_two_signal_strict__ni_k3_r4,L1,252,45,10,0,0.0,0.0,all_gt
bl_two_signal_strict__ni_k3_r4,L2,207,25,14,0,0.0,0.0,all_gt
bl_two_signal_strict__ni_k3_r4,L3,110,20,10,0,0.0,0.0,all_gt
bl_two_signal_strict__ni_k3_r4,L4,38,13,5,0,0.0,0.0,all_gt
bl_two_signal_strict__ni_k3_r4,L5,279,72,34,7,0.09722222222222222,0.20588235294117646,all_gt
bl_two_signal_strict__ni_k3_r4,R1,252,71,9,2,0.028169014084507043,0.2222222222222222,all_gt
bl_two_signal_strict__ni_k3_r4,R2,193,19,10,1,0.05263157894736842,0.1,all_gt
bl_two_signal_strict__ni_k3_r4,R3,160,21,11,1,0.047619047619047616,0.09090909090909091,all_gt
bl_two_signal_strict__ni_k3_r4,R4,136,40,19,4,0.1,0.21052631578947367,all_gt
bl_two_signal_strict__ni_k3_r4,R5,173,66,22,8,0.12121212121212122,0.36363636363636365,all_gt
bl_two_signal_strict__ni_k3_r4,L1,217,10,10,0,0.0,0.0,assigned_gt
bl_two_signal_strict__ni_k3_r4,L2,188,6,14,0,0.0,0.0,assigned_gt
bl_two_signal_strict__ni_k3_r4,L3,95,5,10,0,0.0,0.0,assigned_gt
bl_two_signal_strict__ni_k3_r4,L4,30,5,5,0,0.0,0.0,assigned_gt
bl_two_signal_strict__ni_k3_r4,L5,225,18,34,7,0.3888888888888889,0.20588235294117646,assigned_gt
bl_two_signal_strict__ni_k3_r4,R1,190,9,9,2,0.2222222222222222,0.2222222222222222,assigned_gt
bl_two_signal_strict__ni_k3_r4,R2,182,8,10,1,0.125,0.1,assigned_gt
bl_two_signal_strict__ni_k3_r4,R3,146,7,11,1,0.14285714285714285,0.09090909090909091,assigned_gt
bl_two_signal_strict__ni_k3_r4,R4,118,22,19,4,0.18181818181818182,0.21052631578947367,assigned_gt
bl_two_signal_strict__ni_k3_r4,R5,134,27,22,8,0.2962962962962963,0.36363636363636365,assigned_gt
bl_two_signal_strict__ni_k5_r1,L1,252,45,1,0,0.0,0.0,all_gt
bl_two_signal_strict__ni_k5_r1,L2,207,25,9,0,0.0,0.0,all_gt
bl_two_signal_strict__ni_k5_r1,L3,110,20,7,0,0.0,0.0,all_gt
bl_two_signal_strict__ni_k5_r1,L4,38,13,4,0,0.0,0.0,all_gt
bl_two_signal_strict__ni_k5_r1,L5,279,72,28,7,0.09722222222222222,0.25,all_gt
bl_two_signal_strict__ni_k5_r1,R1,252,71,2,0,0.0,0.0,all_gt
bl_two_signal_strict__ni_k5_r1,R2,193,19,7,1,0.05263157894736842,0.14285714285714285,all_gt
bl_two_signal_strict__ni_k5_r1,R3,160,21,5,1,0.047619047619047616,0.2,all_gt
bl_two_signal_strict__ni_k5_r1,R4,136,40,9,0,0.0,0.0,all_gt
bl_two_signal_strict__ni_k5_r1,R5,173,66,14,7,0.10606060606060606,0.5,all_gt
bl_two_signal_strict__ni_k5_r1,L1,217,10,1,0,0.0,0.0,assigned_gt
bl_two_signal_strict__ni_k5_r1,L2,188,6,9,0,0.0,0.0,assigned_gt
bl_two_signal_strict__ni_k5_r1,L3,95,5,7,0,0.0,0.0,assigned_gt
bl_two_signal_strict__ni_k5_r1,L4,30,5,4,0,0.0,0.0,assigned_gt
bl_two_signal_strict__ni_k5_r1,L5,225,18,28,7,0.3888888888888889,0.25,assigned_gt
bl_two_signal_strict__ni_k5_r1,R1,190,9,2,0,0.0,0.0,assigned_gt
bl_two_signal_strict__ni_k5_r1,R2,182,8,7,1,0.125,0.14285714285714285,assigned_gt
bl_two_signal_strict__ni_k5_r1,R3,146,7,5,1,0.14285714285714285,0.2,assigned_gt
bl_two_signal_strict__ni_k5_r1,R4,118,22,9,0,0.0,0.0,assigned_gt
bl_two_signal_strict__ni_k5_r1,R5,134,27,14,7,0.25925925925925924,0.5,assigned_gt
bl_two_signal_strict__ni_k5_r2,L1,252,45,1,0,0.0,0.0,all_gt
bl_two_signal_strict__ni_k5_r2,L2,207,25,9,0,0.0,0.0,all_gt
bl_two_signal_strict__ni_k5_r2,L3,110,20,7,0,0.0,0.0,all_gt
bl_two_signal_strict__ni_k5_r2,L4,38,13,4,0,0.0,0.0,all_gt
bl_two_signal_strict__ni_k5_r2,L5,279,72,28,7,0.09722222222222222,0.25,all_gt
bl_two_signal_strict__ni_k5_r2,R1,252,71,2,0,0.0,0.0,all_gt
bl_two_signal_strict__ni_k5_r2,R2,193,19,7,1,0.05263157894736842,0.14285714285714285,all_gt
bl_two_signal_strict__ni_k5_r2,R3,160,21,5,1,0.047619047619047616,0.2,all_gt
bl_two_signal_strict__ni_k5_r2,R4,136,40,9,0,0.0,0.0,all_gt
bl_two_signal_strict__ni_k5_r2,R5,173,66,14,7,0.10606060606060606,0.5,all_gt
bl_two_signal_strict__ni_k5_r2,L1,217,10,1,0,0.0,0.0,assigned_gt
bl_two_signal_strict__ni_k5_r2,L2,188,6,9,0,0.0,0.0,assigned_gt
bl_two_signal_strict__ni_k5_r2,L3,95,5,7,0,0.0,0.0,assigned_gt
bl_two_signal_strict__ni_k5_r2,L4,30,5,4,0,0.0,0.0,assigned_gt
bl_two_signal_strict__ni_k5_r2,L5,225,18,28,7,0.3888888888888889,0.25,assigned_gt
bl_two_signal_strict__ni_k5_r2,R1,190,9,2,0,0.0,0.0,assigned_gt
bl_two_signal_strict__ni_k5_r2,R2,182,8,7,1,0.125,0.14285714285714285,assigned_gt
bl_two_signal_strict__ni_k5_r2,R3,146,7,5,1,0.14285714285714285,0.2,assigned_gt
bl_two_signal_strict__ni_k5_r2,R4,118,22,9,0,0.0,0.0,assigned_gt
bl_two_signal_strict__ni_k5_r2,R5,134,27,14,7,0.25925925925925924,0.5,assigned_gt
bl_two_signal_strict__ni_k5_r4,L1,252,45,1,0,0.0,0.0,all_gt
bl_two_signal_strict__ni_k5_r4,L2,207,25,9,0,0.0,0.0,all_gt
bl_two_signal_strict__ni_k5_r4,L3,110,20,7,0,0.0,0.0,all_gt
bl_two_signal_strict__ni_k5_r4,L4,38,13,4,0,0.0,0.0,all_gt
bl_two_signal_strict__ni_k5_r4,L5,279,72,28,7,0.09722222222222222,0.25,all_gt
bl_two_signal_strict__ni_k5_r4,R1,252,71,2,0,0.0,0.0,all_gt
bl_two_signal_strict__ni_k5_r4,R2,193,19,7,1,0.05263157894736842,0.14285714285714285,all_gt
bl_two_signal_strict__ni_k5_r4,R3,160,21,5,1,0.047619047619047616,0.2,all_gt
bl_two_signal_strict__ni_k5_r4,R4,136,40,9,0,0.0,0.0,all_gt
bl_two_signal_strict__ni_k5_r4,R5,173,66,14,7,0.10606060606060606,0.5,all_gt
bl_two_signal_strict__ni_k5_r4,L1,217,10,1,0,0.0,0.0,assigned_gt
bl_two_signal_strict__ni_k5_r4,L2,188,6,9,0,0.0,0.0,assigned_gt
bl_two_signal_strict__ni_k5_r4,L3,95,5,7,0,0.0,0.0,assigned_gt
bl_two_signal_strict__ni_k5_r4,L4,30,5,4,0,0.0,0.0,assigned_gt
bl_two_signal_strict__ni_k5_r4,L5,225,18,28,7,0.3888888888888889,0.25,assigned_gt
bl_two_signal_strict__ni_k5_r4,R1,190,9,2,0,0.0,0.0,assigned_gt
bl_two_signal_strict__ni_k5_r4,R2,182,8,7,1,0.125,0.14285714285714285,assigned_gt
bl_two_signal_strict__ni_k5_r4,R3,146,7,5,1,0.14285714285714285,0.2,assigned_gt
bl_two_signal_strict__ni_k5_r4,R4,118,22,9,0,0.0,0.0,assigned_gt
bl_two_signal_strict__ni_k5_r4,R5,134,27,14,7,0.25925925925925924,0.5,assigned_gt
wl_model_agreement__ni_k2_r1,L1,252,45,94,7,0.15555555555555556,0.07446808510638298,all_gt
wl_model_agreement__ni_k2_r1,L2,207,25,158,4,0.16,0.02531645569620253,all_gt
wl_model_agreement__ni_k2_r1,L3,110,20,90,4,0.2,0.044444444444444446,all_gt
wl_model_agreement__ni_k2_r1,L4,38,13,30,5,0.38461538461538464,0.16666666666666666,all_gt
wl_model_agreement__ni_k2_r1,L5,279,72,129,17,0.2361111111111111,0.13178294573643412,all_gt
wl_model_agreement__ni_k2_r1,R1,252,71,89,4,0.056338028169014086,0.0449438202247191,all_gt
wl_model_agreement__ni_k2_r1,R2,193,19,121,7,0.3684210526315789,0.05785123966942149,all_gt
wl_model_agreement__ni_k2_r1,R3,160,21,128,5,0.23809523809523808,0.0390625,all_gt
wl_model_agreement__ni_k2_r1,R4,136,40,109,18,0.45,0.1651376146788991,all_gt
wl_model_agreement__ni_k2_r1,R5,173,66,85,25,0.3787878787878788,0.29411764705882354,all_gt
wl_model_agreement__ni_k2_r1,L1,217,10,94,7,0.7,0.07446808510638298,assigned_gt
wl_model_agreement__ni_k2_r1,L2,188,6,158,4,0.6666666666666666,0.02531645569620253,assigned_gt
wl_model_agreement__ni_k2_r1,L3,95,5,90,4,0.8,0.044444444444444446,assigned_gt
wl_model_agreement__ni_k2_r1,L4,30,5,30,5,1.0,0.16666666666666666,assigned_gt
wl_model_agreement__ni_k2_r1,L5,225,18,129,17,0.9444444444444444,0.13178294573643412,assigned_gt
wl_model_agreement__ni_k2_r1,R1,190,9,89,4,0.4444444444444444,0.0449438202247191,assigned_gt
wl_model_agreement__ni_k2_r1,R2,182,8,121,7,0.875,0.05785123966942149,assigned_gt
wl_model_agreement__ni_k2_r1,R3,146,7,128,5,0.7142857142857143,0.0390625,assigned_gt
wl_model_agreement__ni_k2_r1,R4,118,22,109,18,0.8181818181818182,0.1651376146788991,assigned_gt
wl_model_agreement__ni_k2_r1,R5,134,27,85,25,0.9259259259259259,0.29411764705882354,assigned_gt
wl_model_agreement__ni_k2_r2,L1,252,45,94,7,0.15555555555555556,0.07446808510638298,all_gt
wl_model_agreement__ni_k2_r2,L2,207,25,158,4,0.16,0.02531645569620253,all_gt
wl_model_agreement__ni_k2_r2,L3,110,20,90,4,0.2,0.044444444444444446,all_gt
wl_model_agreement__ni_k2_r2,L4,38,13,30,5,0.38461538461538464,0.16666666666666666,all_gt
wl_model_agreement__ni_k2_r2,L5,279,72,131,17,0.2361111111111111,0.1297709923664122,all_gt
wl_model_agreement__ni_k2_r2,R1,252,71,94,5,0.07042253521126761,0.05319148936170213,all_gt
wl_model_agreement__ni_k2_r2,R2,193,19,122,7,0.3684210526315789,0.05737704918032787,all_gt
wl_model_agreement__ni_k2_r2,R3,160,21,128,5,0.23809523809523808,0.0390625,all_gt
wl_model_agreement__ni_k2_r2,R4,136,40,110,19,0.475,0.17272727272727273,all_gt
wl_model_agreement__ni_k2_r2,R5,173,66,88,25,0.3787878787878788,0.2840909090909091,all_gt
wl_model_agreement__ni_k2_r2,L1,217,10,94,7,0.7,0.07446808510638298,assigned_gt
wl_model_agreement__ni_k2_r2,L2,188,6,158,4,0.6666666666666666,0.02531645569620253,assigned_gt
wl_model_agreement__ni_k2_r2,L3,95,5,90,4,0.8,0.044444444444444446,assigned_gt
wl_model_agreement__ni_k2_r2,L4,30,5,30,5,1.0,0.16666666666666666,assigned_gt
wl_model_agreement__ni_k2_r2,L5,225,18,131,17,0.9444444444444444,0.1297709923664122,assigned_gt
wl_model_agreement__ni_k2_r2,R1,190,9,94,5,0.5555555555555556,0.05319148936170213,assigned_gt
wl_model_agreement__ni_k2_r2,R2,182,8,122,7,0.875,0.05737704918032787,assigned_gt
wl_model_agreement__ni_k2_r2,R3,146,7,128,5,0.7142857142857143,0.0390625,assigned_gt
wl_model_agreement__ni_k2_r2,R4,118,22,110,19,0.8636363636363636,0.17272727272727273,assigned_gt
wl_model_agreement__ni_k2_r2,R5,134,27,88,25,0.9259259259259259,0.2840909090909091,assigned_gt
wl_model_agreement__ni_k2_r4,L1,252,45,103,7,0.15555555555555556,0.06796116504854369,all_gt
wl_model_agreement__ni_k2_r4,L2,207,25,158,4,0.16,0.02531645569620253,all_gt
wl_model_agreement__ni_k2_r4,L3,110,20,90,4,0.2,0.044444444444444446,all_gt
wl_model_agreement__ni_k2_r4,L4,38,13,30,5,0.38461538461538464,0.16666666666666666,all_gt
wl_model_agreement__ni_k2_r4,L5,279,72,134,17,0.2361111111111111,0.12686567164179105,all_gt
wl_model_agreement__ni_k2_r4,R1,252,71,99,5,0.07042253521126761,0.050505050505050504,all_gt
wl_model_agreement__ni_k2_r4,R2,193,19,124,7,0.3684210526315789,0.056451612903225805,all_gt
wl_model_agreement__ni_k2_r4,R3,160,21,130,5,0.23809523809523808,0.038461538461538464,all_gt
wl_model_agreement__ni_k2_r4,R4,136,40,112,19,0.475,0.16964285714285715,all_gt
wl_model_agreement__ni_k2_r4,R5,173,66,91,25,0.3787878787878788,0.27472527472527475,all_gt
wl_model_agreement__ni_k2_r4,L1,217,10,103,7,0.7,0.06796116504854369,assigned_gt
wl_model_agreement__ni_k2_r4,L2,188,6,158,4,0.6666666666666666,0.02531645569620253,assigned_gt
wl_model_agreement__ni_k2_r4,L3,95,5,90,4,0.8,0.044444444444444446,assigned_gt
wl_model_agreement__ni_k2_r4,L4,30,5,30,5,1.0,0.16666666666666666,assigned_gt
wl_model_agreement__ni_k2_r4,L5,225,18,134,17,0.9444444444444444,0.12686567164179105,assigned_gt
wl_model_agreement__ni_k2_r4,R1,190,9,99,5,0.5555555555555556,0.050505050505050504,assigned_gt
wl_model_agreement__ni_k2_r4,R2,182,8,124,7,0.875,0.056451612903225805,assigned_gt
wl_model_agreement__ni_k2_r4,R3,146,7,130,5,0.7142857142857143,0.038461538461538464,assigned_gt
wl_model_agreement__ni_k2_r4,R4,118,22,112,19,0.8636363636363636,0.16964285714285715,assigned_gt
wl_model_agreement__ni_k2_r4,R5,134,27,91,25,0.9259259259259259,0.27472527472527475,assigned_gt
wl_model_agreement__ni_k3_r1,L1,252,45,88,7,0.15555555555555556,0.07954545454545454,all_gt
wl_model_agreement__ni_k3_r1,L2,207,25,157,3,0.12,0.01910828025477707,all_gt
wl_model_agreement__ni_k3_r1,L3,110,20,90,4,0.2,0.044444444444444446,all_gt
wl_model_agreement__ni_k3_r1,L4,38,13,30,5,0.38461538461538464,0.16666666666666666,all_gt
wl_model_agreement__ni_k3_r1,L5,279,72,126,17,0.2361111111111111,0.1349206349206349,all_gt
wl_model_agreement__ni_k3_r1,R1,252,71,82,4,0.056338028169014086,0.04878048780487805,all_gt
wl_model_agreement__ni_k3_r1,R2,193,19,121,7,0.3684210526315789,0.05785123966942149,all_gt
wl_model_agreement__ni_k3_r1,R3,160,21,127,5,0.23809523809523808,0.03937007874015748,all_gt
wl_model_agreement__ni_k3_r1,R4,136,40,109,18,0.45,0.1651376146788991,all_gt
wl_model_agreement__ni_k3_r1,R5,173,66,83,25,0.3787878787878788,0.30120481927710846,all_gt
wl_model_agreement__ni_k3_r1,L1,217,10,88,7,0.7,0.07954545454545454,assigned_gt
wl_model_agreement__ni_k3_r1,L2,188,6,157,3,0.5,0.01910828025477707,assigned_gt
wl_model_agreement__ni_k3_r1,L3,95,5,90,4,0.8,0.044444444444444446,assigned_gt
wl_model_agreement__ni_k3_r1,L4,30,5,30,5,1.0,0.16666666666666666,assigned_gt
wl_model_agreement__ni_k3_r1,L5,225,18,126,17,0.9444444444444444,0.1349206349206349,assigned_gt
wl_model_agreement__ni_k3_r1,R1,190,9,82,4,0.4444444444444444,0.04878048780487805,assigned_gt
wl_model_agreement__ni_k3_r1,R2,182,8,121,7,0.875,0.05785123966942149,assigned_gt
wl_model_agreement__ni_k3_r1,R3,146,7,127,5,0.7142857142857143,0.03937007874015748,assigned_gt
wl_model_agreement__ni_k3_r1,R4,118,22,109,18,0.8181818181818182,0.1651376146788991,assigned_gt
wl_model_agreement__ni_k3_r1,R5,134,27,83,25,0.9259259259259259,0.30120481927710846,assigned_gt
wl_model_agreement__ni_k3_r2,L1,252,45,90,7,0.15555555555555556,0.07777777777777778,all_gt
wl_model_agreement__ni_k3_r2,L2,207,25,157,3,0.12,0.01910828025477707,all_gt
wl_model_agreement__ni_k3_r2,L3,110,20,90,4,0.2,0.044444444444444446,all_gt
wl_model_agreement__ni_k3_r2,L4,38,13,30,5,0.38461538461538464,0.16666666666666666,all_gt
wl_model_agreement__ni_k3_r2,L5,279,72,126,17,0.2361111111111111,0.1349206349206349,all_gt
wl_model_agreement__ni_k3_r2,R1,252,71,84,5,0.07042253521126761,0.05952380952380952,all_gt
wl_model_agreement__ni_k3_r2,R2,193,19,121,7,0.3684210526315789,0.05785123966942149,all_gt
wl_model_agreement__ni_k3_r2,R3,160,21,127,5,0.23809523809523808,0.03937007874015748,all_gt
wl_model_agreement__ni_k3_r2,R4,136,40,110,19,0.475,0.17272727272727273,all_gt
wl_model_agreement__ni_k3_r2,R5,173,66,84,25,0.3787878787878788,0.2976190476190476,all_gt
wl_model_agreement__ni_k3_r2,L1,217,10,90,7,0.7,0.07777777777777778,assigned_gt
wl_model_agreement__ni_k3_r2,L2,188,6,157,3,0.5,0.01910828025477707,assigned_gt
wl_model_agreement__ni_k3_r2,L3,95,5,90,4,0.8,0.044444444444444446,assigned_gt
wl_model_agreement__ni_k3_r2,L4,30,5,30,5,1.0,0.16666666666666666,assigned_gt
wl_model_agreement__ni_k3_r2,L5,225,18,126,17,0.9444444444444444,0.1349206349206349,assigned_gt
wl_model_agreement__ni_k3_r2,R1,190,9,84,5,0.5555555555555556,0.05952380952380952,assigned_gt
wl_model_agreement__ni_k3_r2,R2,182,8,121,7,0.875,0.05785123966942149,assigned_gt
wl_model_agreement__ni_k3_r2,R3,146,7,127,5,0.7142857142857143,0.03937007874015748,assigned_gt
wl_model_agreement__ni_k3_r2,R4,118,22,110,19,0.8636363636363636,0.17272727272727273,assigned_gt
wl_model_agreement__ni_k3_r2,R5,134,27,84,25,0.9259259259259259,0.2976190476190476,assigned_gt
wl_model_agreement__ni_k3_r4,L1,252,45,93,7,0.15555555555555556,0.07526881720430108,all_gt
wl_model_agreement__ni_k3_r4,L2,207,25,157,3,0.12,0.01910828025477707,all_gt
wl_model_agreement__ni_k3_r4,L3,110,20,90,4,0.2,0.044444444444444446,all_gt
wl_model_agreement__ni_k3_r4,L4,38,13,30,5,0.38461538461538464,0.16666666666666666,all_gt
wl_model_agreement__ni_k3_r4,L5,279,72,128,17,0.2361111111111111,0.1328125,all_gt
wl_model_agreement__ni_k3_r4,R1,252,71,84,5,0.07042253521126761,0.05952380952380952,all_gt
wl_model_agreement__ni_k3_r4,R2,193,19,121,7,0.3684210526315789,0.05785123966942149,all_gt
wl_model_agreement__ni_k3_r4,R3,160,21,127,5,0.23809523809523808,0.03937007874015748,all_gt
wl_model_agreement__ni_k3_r4,R4,136,40,111,19,0.475,0.17117117117117117,all_gt
wl_model_agreement__ni_k3_r4,R5,173,66,84,25,0.3787878787878788,0.2976190476190476,all_gt
wl_model_agreement__ni_k3_r4,L1,217,10,93,7,0.7,0.07526881720430108,assigned_gt
wl_model_agreement__ni_k3_r4,L2,188,6,157,3,0.5,0.01910828025477707,assigned_gt
wl_model_agreement__ni_k3_r4,L3,95,5,90,4,0.8,0.044444444444444446,assigned_gt
wl_model_agreement__ni_k3_r4,L4,30,5,30,5,1.0,0.16666666666666666,assigned_gt
wl_model_agreement__ni_k3_r4,L5,225,18,128,17,0.9444444444444444,0.1328125,assigned_gt
wl_model_agreement__ni_k3_r4,R1,190,9,84,5,0.5555555555555556,0.05952380952380952,assigned_gt
wl_model_agreement__ni_k3_r4,R2,182,8,121,7,0.875,0.05785123966942149,assigned_gt
wl_model_agreement__ni_k3_r4,R3,146,7,127,5,0.7142857142857143,0.03937007874015748,assigned_gt
wl_model_agreement__ni_k3_r4,R4,118,22,111,19,0.8636363636363636,0.17117117117117117,assigned_gt
wl_model_agreement__ni_k3_r4,R5,134,27,84,25,0.9259259259259259,0.2976190476190476,assigned_gt
wl_model_agreement__ni_k5_r1,L1,252,45,87,7,0.15555555555555556,0.08045977011494253,all_gt
wl_model_agreement__ni_k5_r1,L2,207,25,157,3,0.12,0.01910828025477707,all_gt
wl_model_agreement__ni_k5_r1,L3,110,20,90,4,0.2,0.044444444444444446,all_gt
wl_model_agreement__ni_k5_r1,L4,38,13,30,5,0.38461538461538464,0.16666666666666666,all_gt
wl_model_agreement__ni_k5_r1,L5,279,72,124,17,0.2361111111111111,0.13709677419354838,all_gt
wl_model_agreement__ni_k5_r1,R1,252,71,81,4,0.056338028169014086,0.04938271604938271,all_gt
wl_model_agreement__ni_k5_r1,R2,193,19,121,7,0.3684210526315789,0.05785123966942149,all_gt
wl_model_agreement__ni_k5_r1,R3,160,21,127,5,0.23809523809523808,0.03937007874015748,all_gt
wl_model_agreement__ni_k5_r1,R4,136,40,109,18,0.45,0.1651376146788991,all_gt
wl_model_agreement__ni_k5_r1,R5,173,66,83,25,0.3787878787878788,0.30120481927710846,all_gt
wl_model_agreement__ni_k5_r1,L1,217,10,87,7,0.7,0.08045977011494253,assigned_gt
wl_model_agreement__ni_k5_r1,L2,188,6,157,3,0.5,0.01910828025477707,assigned_gt
wl_model_agreement__ni_k5_r1,L3,95,5,90,4,0.8,0.044444444444444446,assigned_gt
wl_model_agreement__ni_k5_r1,L4,30,5,30,5,1.0,0.16666666666666666,assigned_gt
wl_model_agreement__ni_k5_r1,L5,225,18,124,17,0.9444444444444444,0.13709677419354838,assigned_gt
wl_model_agreement__ni_k5_r1,R1,190,9,81,4,0.4444444444444444,0.04938271604938271,assigned_gt
wl_model_agreement__ni_k5_r1,R2,182,8,121,7,0.875,0.05785123966942149,assigned_gt
wl_model_agreement__ni_k5_r1,R3,146,7,127,5,0.7142857142857143,0.03937007874015748,assigned_gt
wl_model_agreement__ni_k5_r1,R4,118,22,109,18,0.8181818181818182,0.1651376146788991,assigned_gt
wl_model_agreement__ni_k5_r1,R5,134,27,83,25,0.9259259259259259,0.30120481927710846,assigned_gt
wl_model_agreement__ni_k5_r2,L1,252,45,87,7,0.15555555555555556,0.08045977011494253,all_gt
wl_model_agreement__ni_k5_r2,L2,207,25,157,3,0.12,0.01910828025477707,all_gt
wl_model_agreement__ni_k5_r2,L3,110,20,90,4,0.2,0.044444444444444446,all_gt
wl_model_agreement__ni_k5_r2,L4,38,13,30,5,0.38461538461538464,0.16666666666666666,all_gt
wl_model_agreement__ni_k5_r2,L5,279,72,124,17,0.2361111111111111,0.13709677419354838,all_gt
wl_model_agreement__ni_k5_r2,R1,252,71,81,4,0.056338028169014086,0.04938271604938271,all_gt
wl_model_agreement__ni_k5_r2,R2,193,19,121,7,0.3684210526315789,0.05785123966942149,all_gt
wl_model_agreement__ni_k5_r2,R3,160,21,127,5,0.23809523809523808,0.03937007874015748,all_gt
wl_model_agreement__ni_k5_r2,R4,136,40,109,18,0.45,0.1651376146788991,all_gt
wl_model_agreement__ni_k5_r2,R5,173,66,83,25,0.3787878787878788,0.30120481927710846,all_gt
wl_model_agreement__ni_k5_r2,L1,217,10,87,7,0.7,0.08045977011494253,assigned_gt
wl_model_agreement__ni_k5_r2,L2,188,6,157,3,0.5,0.01910828025477707,assigned_gt
wl_model_agreement__ni_k5_r2,L3,95,5,90,4,0.8,0.044444444444444446,assigned_gt
wl_model_agreement__ni_k5_r2,L4,30,5,30,5,1.0,0.16666666666666666,assigned_gt
wl_model_agreement__ni_k5_r2,L5,225,18,124,17,0.9444444444444444,0.13709677419354838,assigned_gt
wl_model_agreement__ni_k5_r2,R1,190,9,81,4,0.4444444444444444,0.04938271604938271,assigned_gt
wl_model_agreement__ni_k5_r2,R2,182,8,121,7,0.875,0.05785123966942149,assigned_gt
wl_model_agreement__ni_k5_r2,R3,146,7,127,5,0.7142857142857143,0.03937007874015748,assigned_gt
wl_model_agreement__ni_k5_r2,R4,118,22,109,18,0.8181818181818182,0.1651376146788991,assigned_gt
wl_model_agreement__ni_k5_r2,R5,134,27,83,25,0.9259259259259259,0.30120481927710846,assigned_gt
wl_model_agreement__ni_k5_r4,L1,252,45,87,7,0.15555555555555556,0.08045977011494253,all_gt
wl_model_agreement__ni_k5_r4,L2,207,25,157,3,0.12,0.01910828025477707,all_gt
wl_model_agreement__ni_k5_r4,L3,110,20,90,4,0.2,0.044444444444444446,all_gt
wl_model_agreement__ni_k5_r4,L4,38,13,30,5,0.38461538461538464,0.16666666666666666,all_gt
wl_model_agreement__ni_k5_r4,L5,279,72,124,17,0.2361111111111111,0.13709677419354838,all_gt
wl_model_agreement__ni_k5_r4,R1,252,71,81,4,0.056338028169014086,0.04938271604938271,all_gt
wl_model_agreement__ni_k5_r4,R2,193,19,121,7,0.3684210526315789,0.05785123966942149,all_gt
wl_model_agreement__ni_k5_r4,R3,160,21,127,5,0.23809523809523808,0.03937007874015748,all_gt
wl_model_agreement__ni_k5_r4,R4,136,40,109,18,0.45,0.1651376146788991,all_gt
wl_model_agreement__ni_k5_r4,R5,173,66,83,25,0.3787878787878788,0.30120481927710846,all_gt
wl_model_agreement__ni_k5_r4,L1,217,10,87,7,0.7,0.08045977011494253,assigned_gt
wl_model_agreement__ni_k5_r4,L2,188,6,157,3,0.5,0.01910828025477707,assigned_gt
wl_model_agreement__ni_k5_r4,L3,95,5,90,4,0.8,0.044444444444444446,assigned_gt
wl_model_agreement__ni_k5_r4,L4,30,5,30,5,1.0,0.16666666666666666,assigned_gt
wl_model_agreement__ni_k5_r4,L5,225,18,124,17,0.9444444444444444,0.13709677419354838,assigned_gt
wl_model_agreement__ni_k5_r4,R1,190,9,81,4,0.4444444444444444,0.04938271604938271,assigned_gt
wl_model_agreement__ni_k5_r4,R2,182,8,121,7,0.875,0.05785123966942149,assigned_gt
wl_model_agreement__ni_k5_r4,R3,146,7,127,5,0.7142857142857143,0.03937007874015748,assigned_gt
wl_model_agreement__ni_k5_r4,R4,118,22,109,18,0.8181818181818182,0.1651376146788991,assigned_gt
wl_model_agreement__ni_k5_r4,R5,134,27,83,25,0.9259259259259259,0.30120481927710846,assigned_gt
wl_strict_obvious__ni_k2_r1,L1,252,45,154,7,0.15555555555555556,0.045454545454545456,all_gt
wl_strict_obvious__ni_k2_r1,L2,207,25,170,5,0.2,0.029411764705882353,all_gt
wl_strict_obvious__ni_k2_r1,L3,110,20,92,5,0.25,0.05434782608695652,all_gt
wl_strict_obvious__ni_k2_r1,L4,38,13,30,5,0.38461538461538464,0.16666666666666666,all_gt
wl_strict_obvious__ni_k2_r1,L5,279,72,190,17,0.2361111111111111,0.08947368421052632,all_gt
wl_strict_obvious__ni_k2_r1,R1,252,71,119,8,0.11267605633802817,0.06722689075630252,all_gt
wl_strict_obvious__ni_k2_r1,R2,193,19,137,8,0.42105263157894735,0.058394160583941604,all_gt
wl_strict_obvious__ni_k2_r1,R3,160,21,131,7,0.3333333333333333,0.05343511450381679,all_gt
wl_strict_obvious__ni_k2_r1,R4,136,40,113,20,0.5,0.17699115044247787,all_gt
wl_strict_obvious__ni_k2_r1,R5,173,66,115,27,0.4090909090909091,0.23478260869565218,all_gt
wl_strict_obvious__ni_k2_r1,L1,217,10,154,7,0.7,0.045454545454545456,assigned_gt
wl_strict_obvious__ni_k2_r1,L2,188,6,170,5,0.8333333333333334,0.029411764705882353,assigned_gt
wl_strict_obvious__ni_k2_r1,L3,95,5,92,5,1.0,0.05434782608695652,assigned_gt
wl_strict_obvious__ni_k2_r1,L4,30,5,30,5,1.0,0.16666666666666666,assigned_gt
wl_strict_obvious__ni_k2_r1,L5,225,18,190,17,0.9444444444444444,0.08947368421052632,assigned_gt
wl_strict_obvious__ni_k2_r1,R1,190,9,119,8,0.8888888888888888,0.06722689075630252,assigned_gt
wl_strict_obvious__ni_k2_r1,R2,182,8,137,8,1.0,0.058394160583941604,assigned_gt
wl_strict_obvious__ni_k2_r1,R3,146,7,131,7,1.0,0.05343511450381679,assigned_gt
wl_strict_obvious__ni_k2_r1,R4,118,22,113,20,0.9090909090909091,0.17699115044247787,assigned_gt
wl_strict_obvious__ni_k2_r1,R5,134,27,115,27,1.0,0.23478260869565218,assigned_gt
wl_strict_obvious__ni_k2_r2,L1,252,45,154,7,0.15555555555555556,0.045454545454545456,all_gt
wl_strict_obvious__ni_k2_r2,L2,207,25,170,5,0.2,0.029411764705882353,all_gt
wl_strict_obvious__ni_k2_r2,L3,110,20,92,5,0.25,0.05434782608695652,all_gt
wl_strict_obvious__ni_k2_r2,L4,38,13,30,5,0.38461538461538464,0.16666666666666666,all_gt
wl_strict_obvious__ni_k2_r2,L5,279,72,190,17,0.2361111111111111,0.08947368421052632,all_gt
wl_strict_obvious__ni_k2_r2,R1,252,71,123,8,0.11267605633802817,0.06504065040650407,all_gt
wl_strict_obvious__ni_k2_r2,R2,193,19,137,8,0.42105263157894735,0.058394160583941604,all_gt
wl_strict_obvious__ni_k2_r2,R3,160,21,131,7,0.3333333333333333,0.05343511450381679,all_gt
wl_strict_obvious__ni_k2_r2,R4,136,40,114,21,0.525,0.18421052631578946,all_gt
wl_strict_obvious__ni_k2_r2,R5,173,66,117,27,0.4090909090909091,0.23076923076923078,all_gt
wl_strict_obvious__ni_k2_r2,L1,217,10,154,7,0.7,0.045454545454545456,assigned_gt
wl_strict_obvious__ni_k2_r2,L2,188,6,170,5,0.8333333333333334,0.029411764705882353,assigned_gt
wl_strict_obvious__ni_k2_r2,L3,95,5,92,5,1.0,0.05434782608695652,assigned_gt
wl_strict_obvious__ni_k2_r2,L4,30,5,30,5,1.0,0.16666666666666666,assigned_gt
wl_strict_obvious__ni_k2_r2,L5,225,18,190,17,0.9444444444444444,0.08947368421052632,assigned_gt
wl_strict_obvious__ni_k2_r2,R1,190,9,123,8,0.8888888888888888,0.06504065040650407,assigned_gt
wl_strict_obvious__ni_k2_r2,R2,182,8,137,8,1.0,0.058394160583941604,assigned_gt
wl_strict_obvious__ni_k2_r2,R3,146,7,131,7,1.0,0.05343511450381679,assigned_gt
wl_strict_obvious__ni_k2_r2,R4,118,22,114,21,0.9545454545454546,0.18421052631578946,assigned_gt
wl_strict_obvious__ni_k2_r2,R5,134,27,117,27,1.0,0.23076923076923078,assigned_gt
wl_strict_obvious__ni_k2_r4,L1,252,45,159,7,0.15555555555555556,0.0440251572327044,all_gt
wl_strict_obvious__ni_k2_r4,L2,207,25,170,5,0.2,0.029411764705882353,all_gt
wl_strict_obvious__ni_k2_r4,L3,110,20,92,5,0.25,0.05434782608695652,all_gt
wl_strict_obvious__ni_k2_r4,L4,38,13,30,5,0.38461538461538464,0.16666666666666666,all_gt
wl_strict_obvious__ni_k2_r4,L5,279,72,190,17,0.2361111111111111,0.08947368421052632,all_gt
wl_strict_obvious__ni_k2_r4,R1,252,71,127,8,0.11267605633802817,0.06299212598425197,all_gt
wl_strict_obvious__ni_k2_r4,R2,193,19,139,8,0.42105263157894735,0.05755395683453238,all_gt
wl_strict_obvious__ni_k2_r4,R3,160,21,133,7,0.3333333333333333,0.05263157894736842,all_gt
wl_strict_obvious__ni_k2_r4,R4,136,40,115,21,0.525,0.1826086956521739,all_gt
wl_strict_obvious__ni_k2_r4,R5,173,66,119,27,0.4090909090909091,0.226890756302521,all_gt
wl_strict_obvious__ni_k2_r4,L1,217,10,159,7,0.7,0.0440251572327044,assigned_gt
wl_strict_obvious__ni_k2_r4,L2,188,6,170,5,0.8333333333333334,0.029411764705882353,assigned_gt
wl_strict_obvious__ni_k2_r4,L3,95,5,92,5,1.0,0.05434782608695652,assigned_gt
wl_strict_obvious__ni_k2_r4,L4,30,5,30,5,1.0,0.16666666666666666,assigned_gt
wl_strict_obvious__ni_k2_r4,L5,225,18,190,17,0.9444444444444444,0.08947368421052632,assigned_gt
wl_strict_obvious__ni_k2_r4,R1,190,9,127,8,0.8888888888888888,0.06299212598425197,assigned_gt
wl_strict_obvious__ni_k2_r4,R2,182,8,139,8,1.0,0.05755395683453238,assigned_gt
wl_strict_obvious__ni_k2_r4,R3,146,7,133,7,1.0,0.05263157894736842,assigned_gt
wl_strict_obvious__ni_k2_r4,R4,118,22,115,21,0.9545454545454546,0.1826086956521739,assigned_gt
wl_strict_obvious__ni_k2_r4,R5,134,27,119,27,1.0,0.226890756302521,assigned_gt
wl_strict_obvious__ni_k3_r1,L1,252,45,151,7,0.15555555555555556,0.046357615894039736,all_gt
wl_strict_obvious__ni_k3_r1,L2,207,25,170,5,0.2,0.029411764705882353,all_gt
wl_strict_obvious__ni_k3_r1,L3,110,20,92,5,0.25,0.05434782608695652,all_gt
wl_strict_obvious__ni_k3_r1,L4,38,13,30,5,0.38461538461538464,0.16666666666666666,all_gt
wl_strict_obvious__ni_k3_r1,L5,279,72,189,17,0.2361111111111111,0.08994708994708994,all_gt
wl_strict_obvious__ni_k3_r1,R1,252,71,114,8,0.11267605633802817,0.07017543859649122,all_gt
wl_strict_obvious__ni_k3_r1,R2,193,19,137,8,0.42105263157894735,0.058394160583941604,all_gt
wl_strict_obvious__ni_k3_r1,R3,160,21,130,7,0.3333333333333333,0.05384615384615385,all_gt
wl_strict_obvious__ni_k3_r1,R4,136,40,113,20,0.5,0.17699115044247787,all_gt
wl_strict_obvious__ni_k3_r1,R5,173,66,115,27,0.4090909090909091,0.23478260869565218,all_gt
wl_strict_obvious__ni_k3_r1,L1,217,10,151,7,0.7,0.046357615894039736,assigned_gt
wl_strict_obvious__ni_k3_r1,L2,188,6,170,5,0.8333333333333334,0.029411764705882353,assigned_gt
wl_strict_obvious__ni_k3_r1,L3,95,5,92,5,1.0,0.05434782608695652,assigned_gt
wl_strict_obvious__ni_k3_r1,L4,30,5,30,5,1.0,0.16666666666666666,assigned_gt
wl_strict_obvious__ni_k3_r1,L5,225,18,189,17,0.9444444444444444,0.08994708994708994,assigned_gt
wl_strict_obvious__ni_k3_r1,R1,190,9,114,8,0.8888888888888888,0.07017543859649122,assigned_gt
wl_strict_obvious__ni_k3_r1,R2,182,8,137,8,1.0,0.058394160583941604,assigned_gt
wl_strict_obvious__ni_k3_r1,R3,146,7,130,7,1.0,0.05384615384615385,assigned_gt
wl_strict_obvious__ni_k3_r1,R4,118,22,113,20,0.9090909090909091,0.17699115044247787,assigned_gt
wl_strict_obvious__ni_k3_r1,R5,134,27,115,27,1.0,0.23478260869565218,assigned_gt
wl_strict_obvious__ni_k3_r2,L1,252,45,152,7,0.15555555555555556,0.046052631578947366,all_gt
wl_strict_obvious__ni_k3_r2,L2,207,25,170,5,0.2,0.029411764705882353,all_gt
wl_strict_obvious__ni_k3_r2,L3,110,20,92,5,0.25,0.05434782608695652,all_gt
wl_strict_obvious__ni_k3_r2,L4,38,13,30,5,0.38461538461538464,0.16666666666666666,all_gt
wl_strict_obvious__ni_k3_r2,L5,279,72,189,17,0.2361111111111111,0.08994708994708994,all_gt
wl_strict_obvious__ni_k3_r2,R1,252,71,115,8,0.11267605633802817,0.06956521739130435,all_gt
wl_strict_obvious__ni_k3_r2,R2,193,19,137,8,0.42105263157894735,0.058394160583941604,all_gt
wl_strict_obvious__ni_k3_r2,R3,160,21,130,7,0.3333333333333333,0.05384615384615385,all_gt
wl_strict_obvious__ni_k3_r2,R4,136,40,114,21,0.525,0.18421052631578946,all_gt
wl_strict_obvious__ni_k3_r2,R5,173,66,115,27,0.4090909090909091,0.23478260869565218,all_gt
wl_strict_obvious__ni_k3_r2,L1,217,10,152,7,0.7,0.046052631578947366,assigned_gt
wl_strict_obvious__ni_k3_r2,L2,188,6,170,5,0.8333333333333334,0.029411764705882353,assigned_gt
wl_strict_obvious__ni_k3_r2,L3,95,5,92,5,1.0,0.05434782608695652,assigned_gt
wl_strict_obvious__ni_k3_r2,L4,30,5,30,5,1.0,0.16666666666666666,assigned_gt
wl_strict_obvious__ni_k3_r2,L5,225,18,189,17,0.9444444444444444,0.08994708994708994,assigned_gt
wl_strict_obvious__ni_k3_r2,R1,190,9,115,8,0.8888888888888888,0.06956521739130435,assigned_gt
wl_strict_obvious__ni_k3_r2,R2,182,8,137,8,1.0,0.058394160583941604,assigned_gt
wl_strict_obvious__ni_k3_r2,R3,146,7,130,7,1.0,0.05384615384615385,assigned_gt
wl_strict_obvious__ni_k3_r2,R4,118,22,114,21,0.9545454545454546,0.18421052631578946,assigned_gt
wl_strict_obvious__ni_k3_r2,R5,134,27,115,27,1.0,0.23478260869565218,assigned_gt
wl_strict_obvious__ni_k3_r4,L1,252,45,154,7,0.15555555555555556,0.045454545454545456,all_gt
wl_strict_obvious__ni_k3_r4,L2,207,25,170,5,0.2,0.029411764705882353,all_gt
wl_strict_obvious__ni_k3_r4,L3,110,20,92,5,0.25,0.05434782608695652,all_gt
wl_strict_obvious__ni_k3_r4,L4,38,13,30,5,0.38461538461538464,0.16666666666666666,all_gt
wl_strict_obvious__ni_k3_r4,L5,279,72,189,17,0.2361111111111111,0.08994708994708994,all_gt
wl_strict_obvious__ni_k3_r4,R1,252,71,115,8,0.11267605633802817,0.06956521739130435,all_gt
wl_strict_obvious__ni_k3_r4,R2,193,19,137,8,0.42105263157894735,0.058394160583941604,all_gt
wl_strict_obvious__ni_k3_r4,R3,160,21,130,7,0.3333333333333333,0.05384615384615385,all_gt
wl_strict_obvious__ni_k3_r4,R4,136,40,115,21,0.525,0.1826086956521739,all_gt
wl_strict_obvious__ni_k3_r4,R5,173,66,115,27,0.4090909090909091,0.23478260869565218,all_gt
wl_strict_obvious__ni_k3_r4,L1,217,10,154,7,0.7,0.045454545454545456,assigned_gt
wl_strict_obvious__ni_k3_r4,L2,188,6,170,5,0.8333333333333334,0.029411764705882353,assigned_gt
wl_strict_obvious__ni_k3_r4,L3,95,5,92,5,1.0,0.05434782608695652,assigned_gt
wl_strict_obvious__ni_k3_r4,L4,30,5,30,5,1.0,0.16666666666666666,assigned_gt
wl_strict_obvious__ni_k3_r4,L5,225,18,189,17,0.9444444444444444,0.08994708994708994,assigned_gt
wl_strict_obvious__ni_k3_r4,R1,190,9,115,8,0.8888888888888888,0.06956521739130435,assigned_gt
wl_strict_obvious__ni_k3_r4,R2,182,8,137,8,1.0,0.058394160583941604,assigned_gt
wl_strict_obvious__ni_k3_r4,R3,146,7,130,7,1.0,0.05384615384615385,assigned_gt
wl_strict_obvious__ni_k3_r4,R4,118,22,115,21,0.9545454545454546,0.1826086956521739,assigned_gt
wl_strict_obvious__ni_k3_r4,R5,134,27,115,27,1.0,0.23478260869565218,assigned_gt
wl_strict_obvious__ni_k5_r1,L1,252,45,150,7,0.15555555555555556,0.04666666666666667,all_gt
wl_strict_obvious__ni_k5_r1,L2,207,25,170,5,0.2,0.029411764705882353,all_gt
wl_strict_obvious__ni_k5_r1,L3,110,20,92,5,0.25,0.05434782608695652,all_gt
wl_strict_obvious__ni_k5_r1,L4,38,13,30,5,0.38461538461538464,0.16666666666666666,all_gt
wl_strict_obvious__ni_k5_r1,L5,279,72,188,17,0.2361111111111111,0.09042553191489362,all_gt
wl_strict_obvious__ni_k5_r1,R1,252,71,114,8,0.11267605633802817,0.07017543859649122,all_gt
wl_strict_obvious__ni_k5_r1,R2,193,19,137,8,0.42105263157894735,0.058394160583941604,all_gt
wl_strict_obvious__ni_k5_r1,R3,160,21,130,7,0.3333333333333333,0.05384615384615385,all_gt
wl_strict_obvious__ni_k5_r1,R4,136,40,113,20,0.5,0.17699115044247787,all_gt
wl_strict_obvious__ni_k5_r1,R5,173,66,115,27,0.4090909090909091,0.23478260869565218,all_gt
wl_strict_obvious__ni_k5_r1,L1,217,10,150,7,0.7,0.04666666666666667,assigned_gt
wl_strict_obvious__ni_k5_r1,L2,188,6,170,5,0.8333333333333334,0.029411764705882353,assigned_gt
wl_strict_obvious__ni_k5_r1,L3,95,5,92,5,1.0,0.05434782608695652,assigned_gt
wl_strict_obvious__ni_k5_r1,L4,30,5,30,5,1.0,0.16666666666666666,assigned_gt
wl_strict_obvious__ni_k5_r1,L5,225,18,188,17,0.9444444444444444,0.09042553191489362,assigned_gt
wl_strict_obvious__ni_k5_r1,R1,190,9,114,8,0.8888888888888888,0.07017543859649122,assigned_gt
wl_strict_obvious__ni_k5_r1,R2,182,8,137,8,1.0,0.058394160583941604,assigned_gt
wl_strict_obvious__ni_k5_r1,R3,146,7,130,7,1.0,0.05384615384615385,assigned_gt
wl_strict_obvious__ni_k5_r1,R4,118,22,113,20,0.9090909090909091,0.17699115044247787,assigned_gt
wl_strict_obvious__ni_k5_r1,R5,134,27,115,27,1.0,0.23478260869565218,assigned_gt
wl_strict_obvious__ni_k5_r2,L1,252,45,150,7,0.15555555555555556,0.04666666666666667,all_gt
wl_strict_obvious__ni_k5_r2,L2,207,25,170,5,0.2,0.029411764705882353,all_gt
wl_strict_obvious__ni_k5_r2,L3,110,20,92,5,0.25,0.05434782608695652,all_gt
wl_strict_obvious__ni_k5_r2,L4,38,13,30,5,0.38461538461538464,0.16666666666666666,all_gt
wl_strict_obvious__ni_k5_r2,L5,279,72,188,17,0.2361111111111111,0.09042553191489362,all_gt
wl_strict_obvious__ni_k5_r2,R1,252,71,114,8,0.11267605633802817,0.07017543859649122,all_gt
wl_strict_obvious__ni_k5_r2,R2,193,19,137,8,0.42105263157894735,0.058394160583941604,all_gt
wl_strict_obvious__ni_k5_r2,R3,160,21,130,7,0.3333333333333333,0.05384615384615385,all_gt
wl_strict_obvious__ni_k5_r2,R4,136,40,113,20,0.5,0.17699115044247787,all_gt
wl_strict_obvious__ni_k5_r2,R5,173,66,115,27,0.4090909090909091,0.23478260869565218,all_gt
wl_strict_obvious__ni_k5_r2,L1,217,10,150,7,0.7,0.04666666666666667,assigned_gt
wl_strict_obvious__ni_k5_r2,L2,188,6,170,5,0.8333333333333334,0.029411764705882353,assigned_gt
wl_strict_obvious__ni_k5_r2,L3,95,5,92,5,1.0,0.05434782608695652,assigned_gt
wl_strict_obvious__ni_k5_r2,L4,30,5,30,5,1.0,0.16666666666666666,assigned_gt
wl_strict_obvious__ni_k5_r2,L5,225,18,188,17,0.9444444444444444,0.09042553191489362,assigned_gt
wl_strict_obvious__ni_k5_r2,R1,190,9,114,8,0.8888888888888888,0.07017543859649122,assigned_gt
wl_strict_obvious__ni_k5_r2,R2,182,8,137,8,1.0,0.058394160583941604,assigned_gt
wl_strict_obvious__ni_k5_r2,R3,146,7,130,7,1.0,0.05384615384615385,assigned_gt
wl_strict_obvious__ni_k5_r2,R4,118,22,113,20,0.9090909090909091,0.17699115044247787,assigned_gt
wl_strict_obvious__ni_k5_r2,R5,134,27,115,27,1.0,0.23478260869565218,assigned_gt
wl_strict_obvious__ni_k5_r4,L1,252,45,150,7,0.15555555555555556,0.04666666666666667,all_gt
wl_strict_obvious__ni_k5_r4,L2,207,25,170,5,0.2,0.029411764705882353,all_gt
wl_strict_obvious__ni_k5_r4,L3,110,20,92,5,0.25,0.05434782608695652,all_gt
wl_strict_obvious__ni_k5_r4,L4,38,13,30,5,0.38461538461538464,0.16666666666666666,all_gt
wl_strict_obvious__ni_k5_r4,L5,279,72,188,17,0.2361111111111111,0.09042553191489362,all_gt
wl_strict_obvious__ni_k5_r4,R1,252,71,114,8,0.11267605633802817,0.07017543859649122,all_gt
wl_strict_obvious__ni_k5_r4,R2,193,19,137,8,0.42105263157894735,0.058394160583941604,all_gt
wl_strict_obvious__ni_k5_r4,R3,160,21,130,7,0.3333333333333333,0.05384615384615385,all_gt
wl_strict_obvious__ni_k5_r4,R4,136,40,113,20,0.5,0.17699115044247787,all_gt
wl_strict_obvious__ni_k5_r4,R5,173,66,115,27,0.4090909090909091,0.23478260869565218,all_gt
wl_strict_obvious__ni_k5_r4,L1,217,10,150,7,0.7,0.04666666666666667,assigned_gt
wl_strict_obvious__ni_k5_r4,L2,188,6,170,5,0.8333333333333334,0.029411764705882353,assigned_gt
wl_strict_obvious__ni_k5_r4,L3,95,5,92,5,1.0,0.05434782608695652,assigned_gt
wl_strict_obvious__ni_k5_r4,L4,30,5,30,5,1.0,0.16666666666666666,assigned_gt
wl_strict_obvious__ni_k5_r4,L5,225,18,188,17,0.9444444444444444,0.09042553191489362,assigned_gt
wl_strict_obvious__ni_k5_r4,R1,190,9,114,8,0.8888888888888888,0.07017543859649122,assigned_gt
wl_strict_obvious__ni_k5_r4,R2,182,8,137,8,1.0,0.058394160583941604,assigned_gt
wl_strict_obvious__ni_k5_r4,R3,146,7,130,7,1.0,0.05384615384615385,assigned_gt
wl_strict_obvious__ni_k5_r4,R4,118,22,113,20,0.9090909090909091,0.17699115044247787,assigned_gt
wl_strict_obvious__ni_k5_r4,R5,134,27,115,27,1.0,0.23478260869565218,assigned_gt
hy_direct_plus_corroborated__ni_k2_r1,L1,252,45,24,0,0.0,0.0,all_gt
hy_direct_plus_corroborated__ni_k2_r1,L2,207,25,15,1,0.04,0.06666666666666667,all_gt
hy_direct_plus_corroborated__ni_k2_r1,L3,110,20,8,0,0.0,0.0,all_gt
hy_direct_plus_corroborated__ni_k2_r1,L4,38,13,4,0,0.0,0.0,all_gt
hy_direct_plus_corroborated__ni_k2_r1,L5,279,72,64,7,0.09722222222222222,0.109375,all_gt
hy_direct_plus_corroborated__ni_k2_r1,R1,252,71,19,1,0.014084507042253521,0.05263157894736842,all_gt
hy_direct_plus_corroborated__ni_k2_r1,R2,193,19,16,1,0.05263157894736842,0.0625,all_gt
hy_direct_plus_corroborated__ni_k2_r1,R3,160,21,14,1,0.047619047619047616,0.07142857142857142,all_gt
hy_direct_plus_corroborated__ni_k2_r1,R4,136,40,13,0,0.0,0.0,all_gt
hy_direct_plus_corroborated__ni_k2_r1,R5,173,66,24,10,0.15151515151515152,0.4166666666666667,all_gt
hy_direct_plus_corroborated__ni_k2_r1,L1,217,10,24,0,0.0,0.0,assigned_gt
hy_direct_plus_corroborated__ni_k2_r1,L2,188,6,15,1,0.16666666666666666,0.06666666666666667,assigned_gt
hy_direct_plus_corroborated__ni_k2_r1,L3,95,5,8,0,0.0,0.0,assigned_gt
hy_direct_plus_corroborated__ni_k2_r1,L4,30,5,4,0,0.0,0.0,assigned_gt
hy_direct_plus_corroborated__ni_k2_r1,L5,225,18,64,7,0.3888888888888889,0.109375,assigned_gt
hy_direct_plus_corroborated__ni_k2_r1,R1,190,9,19,1,0.1111111111111111,0.05263157894736842,assigned_gt
hy_direct_plus_corroborated__ni_k2_r1,R2,182,8,16,1,0.125,0.0625,assigned_gt
hy_direct_plus_corroborated__ni_k2_r1,R3,146,7,14,1,0.14285714285714285,0.07142857142857142,assigned_gt
hy_direct_plus_corroborated__ni_k2_r1,R4,118,22,13,0,0.0,0.0,assigned_gt
hy_direct_plus_corroborated__ni_k2_r1,R5,134,27,24,10,0.37037037037037035,0.4166666666666667,assigned_gt
hy_direct_plus_corroborated__ni_k2_r2,L1,252,45,28,0,0.0,0.0,all_gt
hy_direct_plus_corroborated__ni_k2_r2,L2,207,25,23,1,0.04,0.043478260869565216,all_gt
hy_direct_plus_corroborated__ni_k2_r2,L3,110,20,13,0,0.0,0.0,all_gt
hy_direct_plus_corroborated__ni_k2_r2,L4,38,13,5,0,0.0,0.0,all_gt
hy_direct_plus_corroborated__ni_k2_r2,L5,279,72,67,8,0.1111111111111111,0.11940298507462686,all_gt
hy_direct_plus_corroborated__ni_k2_r2,R1,252,71,26,3,0.04225352112676056,0.11538461538461539,all_gt
hy_direct_plus_corroborated__ni_k2_r2,R2,193,19,22,1,0.05263157894736842,0.045454545454545456,all_gt
hy_direct_plus_corroborated__ni_k2_r2,R3,160,21,19,1,0.047619047619047616,0.05263157894736842,all_gt
hy_direct_plus_corroborated__ni_k2_r2,R4,136,40,18,2,0.05,0.1111111111111111,all_gt
hy_direct_plus_corroborated__ni_k2_r2,R5,173,66,28,10,0.15151515151515152,0.35714285714285715,all_gt
hy_direct_plus_corroborated__ni_k2_r2,L1,217,10,28,0,0.0,0.0,assigned_gt
hy_direct_plus_corroborated__ni_k2_r2,L2,188,6,23,1,0.16666666666666666,0.043478260869565216,assigned_gt
hy_direct_plus_corroborated__ni_k2_r2,L3,95,5,13,0,0.0,0.0,assigned_gt
hy_direct_plus_corroborated__ni_k2_r2,L4,30,5,5,0,0.0,0.0,assigned_gt
hy_direct_plus_corroborated__ni_k2_r2,L5,225,18,67,8,0.4444444444444444,0.11940298507462686,assigned_gt
hy_direct_plus_corroborated__ni_k2_r2,R1,190,9,26,3,0.3333333333333333,0.11538461538461539,assigned_gt
hy_direct_plus_corroborated__ni_k2_r2,R2,182,8,22,1,0.125,0.045454545454545456,assigned_gt
hy_direct_plus_corroborated__ni_k2_r2,R3,146,7,19,1,0.14285714285714285,0.05263157894736842,assigned_gt
hy_direct_plus_corroborated__ni_k2_r2,R4,118,22,18,2,0.09090909090909091,0.1111111111111111,assigned_gt
hy_direct_plus_corroborated__ni_k2_r2,R5,134,27,28,10,0.37037037037037035,0.35714285714285715,assigned_gt
hy_direct_plus_corroborated__ni_k2_r4,L1,252,45,43,0,0.0,0.0,all_gt
hy_direct_plus_corroborated__ni_k2_r4,L2,207,25,34,1,0.04,0.029411764705882353,all_gt
hy_direct_plus_corroborated__ni_k2_r4,L3,110,20,15,0,0.0,0.0,all_gt
hy_direct_plus_corroborated__ni_k2_r4,L4,38,13,6,0,0.0,0.0,all_gt
hy_direct_plus_corroborated__ni_k2_r4,L5,279,72,77,9,0.125,0.11688311688311688,all_gt
hy_direct_plus_corroborated__ni_k2_r4,R1,252,71,32,3,0.04225352112676056,0.09375,all_gt
hy_direct_plus_corroborated__ni_k2_r4,R2,193,19,28,1,0.05263157894736842,0.03571428571428571,all_gt
hy_direct_plus_corroborated__ni_k2_r4,R3,160,21,29,1,0.047619047619047616,0.034482758620689655,all_gt
hy_direct_plus_corroborated__ni_k2_r4,R4,136,40,32,6,0.15,0.1875,all_gt
hy_direct_plus_corroborated__ni_k2_r4,R5,173,66,37,11,0.16666666666666666,0.2972972972972973,all_gt
hy_direct_plus_corroborated__ni_k2_r4,L1,217,10,43,0,0.0,0.0,assigned_gt
hy_direct_plus_corroborated__ni_k2_r4,L2,188,6,34,1,0.16666666666666666,0.029411764705882353,assigned_gt
hy_direct_plus_corroborated__ni_k2_r4,L3,95,5,15,0,0.0,0.0,assigned_gt
hy_direct_plus_corroborated__ni_k2_r4,L4,30,5,6,0,0.0,0.0,assigned_gt
hy_direct_plus_corroborated__ni_k2_r4,L5,225,18,77,9,0.5,0.11688311688311688,assigned_gt
hy_direct_plus_corroborated__ni_k2_r4,R1,190,9,32,3,0.3333333333333333,0.09375,assigned_gt
hy_direct_plus_corroborated__ni_k2_r4,R2,182,8,28,1,0.125,0.03571428571428571,assigned_gt
hy_direct_plus_corroborated__ni_k2_r4,R3,146,7,29,1,0.14285714285714285,0.034482758620689655,assigned_gt
hy_direct_plus_corroborated__ni_k2_r4,R4,118,22,32,6,0.2727272727272727,0.1875,assigned_gt
hy_direct_plus_corroborated__ni_k2_r4,R5,134,27,37,11,0.4074074074074074,0.2972972972972973,assigned_gt
hy_direct_plus_corroborated__ni_k3_r1,L1,252,45,15,0,0.0,0.0,all_gt
hy_direct_plus_corroborated__ni_k3_r1,L2,207,25,10,0,0.0,0.0,all_gt
hy_direct_plus_corroborated__ni_k3_r1,L3,110,20,7,0,0.0,0.0,all_gt
hy_direct_plus_corroborated__ni_k3_r1,L4,38,13,4,0,0.0,0.0,all_gt
hy_direct_plus_corroborated__ni_k3_r1,L5,279,72,59,7,0.09722222222222222,0.11864406779661017,all_gt
hy_direct_plus_corroborated__ni_k3_r1,R1,252,71,9,1,0.014084507042253521,0.1111111111111111,all_gt
hy_direct_plus_corroborated__ni_k3_r1,R2,193,19,12,1,0.05263157894736842,0.08333333333333333,all_gt
hy_direct_plus_corroborated__ni_k3_r1,R3,160,21,8,1,0.047619047619047616,0.125,all_gt
hy_direct_plus_corroborated__ni_k3_r1,R4,136,40,11,0,0.0,0.0,all_gt
hy_direct_plus_corroborated__ni_k3_r1,R5,173,66,18,7,0.10606060606060606,0.3888888888888889,all_gt
hy_direct_plus_corroborated__ni_k3_r1,L1,217,10,15,0,0.0,0.0,assigned_gt
hy_direct_plus_corroborated__ni_k3_r1,L2,188,6,10,0,0.0,0.0,assigned_gt
hy_direct_plus_corroborated__ni_k3_r1,L3,95,5,7,0,0.0,0.0,assigned_gt
hy_direct_plus_corroborated__ni_k3_r1,L4,30,5,4,0,0.0,0.0,assigned_gt
hy_direct_plus_corroborated__ni_k3_r1,L5,225,18,59,7,0.3888888888888889,0.11864406779661017,assigned_gt
hy_direct_plus_corroborated__ni_k3_r1,R1,190,9,9,1,0.1111111111111111,0.1111111111111111,assigned_gt
hy_direct_plus_corroborated__ni_k3_r1,R2,182,8,12,1,0.125,0.08333333333333333,assigned_gt
hy_direct_plus_corroborated__ni_k3_r1,R3,146,7,8,1,0.14285714285714285,0.125,assigned_gt
hy_direct_plus_corroborated__ni_k3_r1,R4,118,22,11,0,0.0,0.0,assigned_gt
hy_direct_plus_corroborated__ni_k3_r1,R5,134,27,18,7,0.25925925925925924,0.3888888888888889,assigned_gt
hy_direct_plus_corroborated__ni_k3_r2,L1,252,45,18,0,0.0,0.0,all_gt
hy_direct_plus_corroborated__ni_k3_r2,L2,207,25,11,0,0.0,0.0,all_gt
hy_direct_plus_corroborated__ni_k3_r2,L3,110,20,10,0,0.0,0.0,all_gt
hy_direct_plus_corroborated__ni_k3_r2,L4,38,13,4,0,0.0,0.0,all_gt
hy_direct_plus_corroborated__ni_k3_r2,L5,279,72,59,7,0.09722222222222222,0.11864406779661017,all_gt
hy_direct_plus_corroborated__ni_k3_r2,R1,252,71,12,2,0.028169014084507043,0.16666666666666666,all_gt
hy_direct_plus_corroborated__ni_k3_r2,R2,193,19,13,1,0.05263157894736842,0.07692307692307693,all_gt
hy_direct_plus_corroborated__ni_k3_r2,R3,160,21,8,1,0.047619047619047616,0.125,all_gt
hy_direct_plus_corroborated__ni_k3_r2,R4,136,40,12,1,0.025,0.08333333333333333,all_gt
hy_direct_plus_corroborated__ni_k3_r2,R5,173,66,21,7,0.10606060606060606,0.3333333333333333,all_gt
hy_direct_plus_corroborated__ni_k3_r2,L1,217,10,18,0,0.0,0.0,assigned_gt
hy_direct_plus_corroborated__ni_k3_r2,L2,188,6,11,0,0.0,0.0,assigned_gt
hy_direct_plus_corroborated__ni_k3_r2,L3,95,5,10,0,0.0,0.0,assigned_gt
hy_direct_plus_corroborated__ni_k3_r2,L4,30,5,4,0,0.0,0.0,assigned_gt
hy_direct_plus_corroborated__ni_k3_r2,L5,225,18,59,7,0.3888888888888889,0.11864406779661017,assigned_gt
hy_direct_plus_corroborated__ni_k3_r2,R1,190,9,12,2,0.2222222222222222,0.16666666666666666,assigned_gt
hy_direct_plus_corroborated__ni_k3_r2,R2,182,8,13,1,0.125,0.07692307692307693,assigned_gt
hy_direct_plus_corroborated__ni_k3_r2,R3,146,7,8,1,0.14285714285714285,0.125,assigned_gt
hy_direct_plus_corroborated__ni_k3_r2,R4,118,22,12,1,0.045454545454545456,0.08333333333333333,assigned_gt
hy_direct_plus_corroborated__ni_k3_r2,R5,134,27,21,7,0.25925925925925924,0.3333333333333333,assigned_gt
hy_direct_plus_corroborated__ni_k3_r4,L1,252,45,23,0,0.0,0.0,all_gt
hy_direct_plus_corroborated__ni_k3_r4,L2,207,25,15,0,0.0,0.0,all_gt
hy_direct_plus_corroborated__ni_k3_r4,L3,110,20,10,0,0.0,0.0,all_gt
hy_direct_plus_corroborated__ni_k3_r4,L4,38,13,5,0,0.0,0.0,all_gt
hy_direct_plus_corroborated__ni_k3_r4,L5,279,72,61,7,0.09722222222222222,0.11475409836065574,all_gt
hy_direct_plus_corroborated__ni_k3_r4,R1,252,71,13,2,0.028169014084507043,0.15384615384615385,all_gt
hy_direct_plus_corroborated__ni_k3_r4,R2,193,19,14,1,0.05263157894736842,0.07142857142857142,all_gt
hy_direct_plus_corroborated__ni_k3_r4,R3,160,21,11,1,0.047619047619047616,0.09090909090909091,all_gt
hy_direct_plus_corroborated__ni_k3_r4,R4,136,40,19,4,0.1,0.21052631578947367,all_gt
hy_direct_plus_corroborated__ni_k3_r4,R5,173,66,24,8,0.12121212121212122,0.3333333333333333,all_gt
hy_direct_plus_corroborated__ni_k3_r4,L1,217,10,23,0,0.0,0.0,assigned_gt
hy_direct_plus_corroborated__ni_k3_r4,L2,188,6,15,0,0.0,0.0,assigned_gt
hy_direct_plus_corroborated__ni_k3_r4,L3,95,5,10,0,0.0,0.0,assigned_gt
hy_direct_plus_corroborated__ni_k3_r4,L4,30,5,5,0,0.0,0.0,assigned_gt
hy_direct_plus_corroborated__ni_k3_r4,L5,225,18,61,7,0.3888888888888889,0.11475409836065574,assigned_gt
hy_direct_plus_corroborated__ni_k3_r4,R1,190,9,13,2,0.2222222222222222,0.15384615384615385,assigned_gt
hy_direct_plus_corroborated__ni_k3_r4,R2,182,8,14,1,0.125,0.07142857142857142,assigned_gt
hy_direct_plus_corroborated__ni_k3_r4,R3,146,7,11,1,0.14285714285714285,0.09090909090909091,assigned_gt
hy_direct_plus_corroborated__ni_k3_r4,R4,118,22,19,4,0.18181818181818182,0.21052631578947367,assigned_gt
hy_direct_plus_corroborated__ni_k3_r4,R5,134,27,24,8,0.2962962962962963,0.3333333333333333,assigned_gt
hy_direct_plus_corroborated__ni_k5_r1,L1,252,45,14,0,0.0,0.0,all_gt
hy_direct_plus_corroborated__ni_k5_r1,L2,207,25,10,0,0.0,0.0,all_gt
hy_direct_plus_corroborated__ni_k5_r1,L3,110,20,7,0,0.0,0.0,all_gt
hy_direct_plus_corroborated__ni_k5_r1,L4,38,13,4,0,0.0,0.0,all_gt
hy_direct_plus_corroborated__ni_k5_r1,L5,279,72,57,7,0.09722222222222222,0.12280701754385964,all_gt
hy_direct_plus_corroborated__ni_k5_r1,R1,252,71,6,0,0.0,0.0,all_gt
hy_direct_plus_corroborated__ni_k5_r1,R2,193,19,11,1,0.05263157894736842,0.09090909090909091,all_gt
hy_direct_plus_corroborated__ni_k5_r1,R3,160,21,5,1,0.047619047619047616,0.2,all_gt
hy_direct_plus_corroborated__ni_k5_r1,R4,136,40,9,0,0.0,0.0,all_gt
hy_direct_plus_corroborated__ni_k5_r1,R5,173,66,16,7,0.10606060606060606,0.4375,all_gt
hy_direct_plus_corroborated__ni_k5_r1,L1,217,10,14,0,0.0,0.0,assigned_gt
hy_direct_plus_corroborated__ni_k5_r1,L2,188,6,10,0,0.0,0.0,assigned_gt
hy_direct_plus_corroborated__ni_k5_r1,L3,95,5,7,0,0.0,0.0,assigned_gt
hy_direct_plus_corroborated__ni_k5_r1,L4,30,5,4,0,0.0,0.0,assigned_gt
hy_direct_plus_corroborated__ni_k5_r1,L5,225,18,57,7,0.3888888888888889,0.12280701754385964,assigned_gt
hy_direct_plus_corroborated__ni_k5_r1,R1,190,9,6,0,0.0,0.0,assigned_gt
hy_direct_plus_corroborated__ni_k5_r1,R2,182,8,11,1,0.125,0.09090909090909091,assigned_gt
hy_direct_plus_corroborated__ni_k5_r1,R3,146,7,5,1,0.14285714285714285,0.2,assigned_gt
hy_direct_plus_corroborated__ni_k5_r1,R4,118,22,9,0,0.0,0.0,assigned_gt
hy_direct_plus_corroborated__ni_k5_r1,R5,134,27,16,7,0.25925925925925924,0.4375,assigned_gt
hy_direct_plus_corroborated__ni_k5_r2,L1,252,45,14,0,0.0,0.0,all_gt
hy_direct_plus_corroborated__ni_k5_r2,L2,207,25,10,0,0.0,0.0,all_gt
hy_direct_plus_corroborated__ni_k5_r2,L3,110,20,7,0,0.0,0.0,all_gt
hy_direct_plus_corroborated__ni_k5_r2,L4,38,13,4,0,0.0,0.0,all_gt
hy_direct_plus_corroborated__ni_k5_r2,L5,279,72,57,7,0.09722222222222222,0.12280701754385964,all_gt
hy_direct_plus_corroborated__ni_k5_r2,R1,252,71,6,0,0.0,0.0,all_gt
hy_direct_plus_corroborated__ni_k5_r2,R2,193,19,11,1,0.05263157894736842,0.09090909090909091,all_gt
hy_direct_plus_corroborated__ni_k5_r2,R3,160,21,5,1,0.047619047619047616,0.2,all_gt
hy_direct_plus_corroborated__ni_k5_r2,R4,136,40,9,0,0.0,0.0,all_gt
hy_direct_plus_corroborated__ni_k5_r2,R5,173,66,16,7,0.10606060606060606,0.4375,all_gt
hy_direct_plus_corroborated__ni_k5_r2,L1,217,10,14,0,0.0,0.0,assigned_gt
hy_direct_plus_corroborated__ni_k5_r2,L2,188,6,10,0,0.0,0.0,assigned_gt
hy_direct_plus_corroborated__ni_k5_r2,L3,95,5,7,0,0.0,0.0,assigned_gt
hy_direct_plus_corroborated__ni_k5_r2,L4,30,5,4,0,0.0,0.0,assigned_gt
hy_direct_plus_corroborated__ni_k5_r2,L5,225,18,57,7,0.3888888888888889,0.12280701754385964,assigned_gt
hy_direct_plus_corroborated__ni_k5_r2,R1,190,9,6,0,0.0,0.0,assigned_gt
hy_direct_plus_corroborated__ni_k5_r2,R2,182,8,11,1,0.125,0.09090909090909091,assigned_gt
hy_direct_plus_corroborated__ni_k5_r2,R3,146,7,5,1,0.14285714285714285,0.2,assigned_gt
hy_direct_plus_corroborated__ni_k5_r2,R4,118,22,9,0,0.0,0.0,assigned_gt
hy_direct_plus_corroborated__ni_k5_r2,R5,134,27,16,7,0.25925925925925924,0.4375,assigned_gt
hy_direct_plus_corroborated__ni_k5_r4,L1,252,45,14,0,0.0,0.0,all_gt
hy_direct_plus_corroborated__ni_k5_r4,L2,207,25,10,0,0.0,0.0,all_gt
hy_direct_plus_corroborated__ni_k5_r4,L3,110,20,7,0,0.0,0.0,all_gt
hy_direct_plus_corroborated__ni_k5_r4,L4,38,13,4,0,0.0,0.0,all_gt
hy_direct_plus_corroborated__ni_k5_r4,L5,279,72,57,7,0.09722222222222222,0.12280701754385964,all_gt
hy_direct_plus_corroborated__ni_k5_r4,R1,252,71,6,0,0.0,0.0,all_gt
hy_direct_plus_corroborated__ni_k5_r4,R2,193,19,11,1,0.05263157894736842,0.09090909090909091,all_gt
hy_direct_plus_corroborated__ni_k5_r4,R3,160,21,5,1,0.047619047619047616,0.2,all_gt
hy_direct_plus_corroborated__ni_k5_r4,R4,136,40,9,0,0.0,0.0,all_gt
hy_direct_plus_corroborated__ni_k5_r4,R5,173,66,16,7,0.10606060606060606,0.4375,all_gt
hy_direct_plus_corroborated__ni_k5_r4,L1,217,10,14,0,0.0,0.0,assigned_gt
hy_direct_plus_corroborated__ni_k5_r4,L2,188,6,10,0,0.0,0.0,assigned_gt
hy_direct_plus_corroborated__ni_k5_r4,L3,95,5,7,0,0.0,0.0,assigned_gt
hy_direct_plus_corroborated__ni_k5_r4,L4,30,5,4,0,0.0,0.0,assigned_gt
hy_direct_plus_corroborated__ni_k5_r4,L5,225,18,57,7,0.3888888888888889,0.12280701754385964,assigned_gt
hy_direct_plus_corroborated__ni_k5_r4,R1,190,9,6,0,0.0,0.0,assigned_gt
hy_direct_plus_corroborated__ni_k5_r4,R2,182,8,11,1,0.125,0.09090909090909091,assigned_gt
hy_direct_plus_corroborated__ni_k5_r4,R3,146,7,5,1,0.14285714285714285,0.2,assigned_gt
hy_direct_plus_corroborated__ni_k5_r4,R4,118,22,9,0,0.0,0.0,assigned_gt
hy_direct_plus_corroborated__ni_k5_r4,R5,134,27,16,7,0.25925925925925924,0.4375,assigned_gt
hy_two_of_three_families__ni_k2_r1,L1,252,45,15,0,0.0,0.0,all_gt
hy_two_of_three_families__ni_k2_r1,L2,207,25,24,1,0.04,0.041666666666666664,all_gt
hy_two_of_three_families__ni_k2_r1,L3,110,20,21,0,0.0,0.0,all_gt
hy_two_of_three_families__ni_k2_r1,L4,38,13,8,0,0.0,0.0,all_gt
hy_two_of_three_families__ni_k2_r1,L5,279,72,43,10,0.1388888888888889,0.23255813953488372,all_gt
hy_two_of_three_families__ni_k2_r1,R1,252,71,16,1,0.014084507042253521,0.0625,all_gt
hy_two_of_three_families__ni_k2_r1,R2,193,19,25,1,0.05263157894736842,0.04,all_gt
hy_two_of_three_families__ni_k2_r1,R3,160,21,25,2,0.09523809523809523,0.08,all_gt
hy_two_of_three_families__ni_k2_r1,R4,136,40,23,2,0.05,0.08695652173913043,all_gt
hy_two_of_three_families__ni_k2_r1,R5,173,66,29,11,0.16666666666666666,0.3793103448275862,all_gt
hy_two_of_three_families__ni_k2_r1,L1,217,10,15,0,0.0,0.0,assigned_gt
hy_two_of_three_families__ni_k2_r1,L2,188,6,24,1,0.16666666666666666,0.041666666666666664,assigned_gt
hy_two_of_three_families__ni_k2_r1,L3,95,5,21,0,0.0,0.0,assigned_gt
hy_two_of_three_families__ni_k2_r1,L4,30,5,8,0,0.0,0.0,assigned_gt
hy_two_of_three_families__ni_k2_r1,L5,225,18,43,10,0.5555555555555556,0.23255813953488372,assigned_gt
hy_two_of_three_families__ni_k2_r1,R1,190,9,16,1,0.1111111111111111,0.0625,assigned_gt
hy_two_of_three_families__ni_k2_r1,R2,182,8,25,1,0.125,0.04,assigned_gt
hy_two_of_three_families__ni_k2_r1,R3,146,7,25,2,0.2857142857142857,0.08,assigned_gt
hy_two_of_three_families__ni_k2_r1,R4,118,22,23,2,0.09090909090909091,0.08695652173913043,assigned_gt
hy_two_of_three_families__ni_k2_r1,R5,134,27,29,11,0.4074074074074074,0.3793103448275862,assigned_gt
hy_two_of_three_families__ni_k2_r2,L1,252,45,19,0,0.0,0.0,all_gt
hy_two_of_three_families__ni_k2_r2,L2,207,25,30,1,0.04,0.03333333333333333,all_gt
hy_two_of_three_families__ni_k2_r2,L3,110,20,25,0,0.0,0.0,all_gt
hy_two_of_three_families__ni_k2_r2,L4,38,13,9,0,0.0,0.0,all_gt
hy_two_of_three_families__ni_k2_r2,L5,279,72,47,11,0.1527777777777778,0.23404255319148937,all_gt
hy_two_of_three_families__ni_k2_r2,R1,252,71,23,3,0.04225352112676056,0.13043478260869565,all_gt
hy_two_of_three_families__ni_k2_r2,R2,193,19,32,1,0.05263157894736842,0.03125,all_gt
hy_two_of_three_families__ni_k2_r2,R3,160,21,30,2,0.09523809523809523,0.06666666666666667,all_gt
hy_two_of_three_families__ni_k2_r2,R4,136,40,28,4,0.1,0.14285714285714285,all_gt
hy_two_of_three_families__ni_k2_r2,R5,173,66,33,11,0.16666666666666666,0.3333333333333333,all_gt
hy_two_of_three_families__ni_k2_r2,L1,217,10,19,0,0.0,0.0,assigned_gt
hy_two_of_three_families__ni_k2_r2,L2,188,6,30,1,0.16666666666666666,0.03333333333333333,assigned_gt
hy_two_of_three_families__ni_k2_r2,L3,95,5,25,0,0.0,0.0,assigned_gt
hy_two_of_three_families__ni_k2_r2,L4,30,5,9,0,0.0,0.0,assigned_gt
hy_two_of_three_families__ni_k2_r2,L5,225,18,47,11,0.6111111111111112,0.23404255319148937,assigned_gt
hy_two_of_three_families__ni_k2_r2,R1,190,9,23,3,0.3333333333333333,0.13043478260869565,assigned_gt
hy_two_of_three_families__ni_k2_r2,R2,182,8,32,1,0.125,0.03125,assigned_gt
hy_two_of_three_families__ni_k2_r2,R3,146,7,30,2,0.2857142857142857,0.06666666666666667,assigned_gt
hy_two_of_three_families__ni_k2_r2,R4,118,22,28,4,0.18181818181818182,0.14285714285714285,assigned_gt
hy_two_of_three_families__ni_k2_r2,R5,134,27,33,11,0.4074074074074074,0.3333333333333333,assigned_gt
hy_two_of_three_families__ni_k2_r4,L1,252,45,33,0,0.0,0.0,all_gt
hy_two_of_three_families__ni_k2_r4,L2,207,25,38,1,0.04,0.02631578947368421,all_gt
hy_two_of_three_families__ni_k2_r4,L3,110,20,26,0,0.0,0.0,all_gt
hy_two_of_three_families__ni_k2_r4,L4,38,13,10,0,0.0,0.0,all_gt
hy_two_of_three_families__ni_k2_r4,L5,279,72,57,12,0.16666666666666666,0.21052631578947367,all_gt
hy_two_of_three_families__ni_k2_r4,R1,252,71,30,3,0.04225352112676056,0.1,all_gt
hy_two_of_three_families__ni_k2_r4,R2,193,19,38,1,0.05263157894736842,0.02631578947368421,all_gt
hy_two_of_three_families__ni_k2_r4,R3,160,21,40,2,0.09523809523809523,0.05,all_gt
hy_two_of_three_families__ni_k2_r4,R4,136,40,42,8,0.2,0.19047619047619047,all_gt
hy_two_of_three_families__ni_k2_r4,R5,173,66,42,12,0.18181818181818182,0.2857142857142857,all_gt
hy_two_of_three_families__ni_k2_r4,L1,217,10,33,0,0.0,0.0,assigned_gt
hy_two_of_three_families__ni_k2_r4,L2,188,6,38,1,0.16666666666666666,0.02631578947368421,assigned_gt
hy_two_of_three_families__ni_k2_r4,L3,95,5,26,0,0.0,0.0,assigned_gt
hy_two_of_three_families__ni_k2_r4,L4,30,5,10,0,0.0,0.0,assigned_gt
hy_two_of_three_families__ni_k2_r4,L5,225,18,57,12,0.6666666666666666,0.21052631578947367,assigned_gt
hy_two_of_three_families__ni_k2_r4,R1,190,9,30,3,0.3333333333333333,0.1,assigned_gt
hy_two_of_three_families__ni_k2_r4,R2,182,8,38,1,0.125,0.02631578947368421,assigned_gt
hy_two_of_three_families__ni_k2_r4,R3,146,7,40,2,0.2857142857142857,0.05,assigned_gt
hy_two_of_three_families__ni_k2_r4,R4,118,22,42,8,0.36363636363636365,0.19047619047619047,assigned_gt
hy_two_of_three_families__ni_k2_r4,R5,134,27,42,12,0.4444444444444444,0.2857142857142857,assigned_gt
hy_two_of_three_families__ni_k3_r1,L1,252,45,6,0,0.0,0.0,all_gt
hy_two_of_three_families__ni_k3_r1,L2,207,25,20,0,0.0,0.0,all_gt
hy_two_of_three_families__ni_k3_r1,L3,110,20,20,0,0.0,0.0,all_gt
hy_two_of_three_families__ni_k3_r1,L4,38,13,8,0,0.0,0.0,all_gt
hy_two_of_three_families__ni_k3_r1,L5,279,72,38,10,0.1388888888888889,0.2631578947368421,all_gt
hy_two_of_three_families__ni_k3_r1,R1,252,71,6,1,0.014084507042253521,0.16666666666666666,all_gt
hy_two_of_three_families__ni_k3_r1,R2,193,19,21,1,0.05263157894736842,0.047619047619047616,all_gt
hy_two_of_three_families__ni_k3_r1,R3,160,21,19,2,0.09523809523809523,0.10526315789473684,all_gt
hy_two_of_three_families__ni_k3_r1,R4,136,40,21,2,0.05,0.09523809523809523,all_gt
hy_two_of_three_families__ni_k3_r1,R5,173,66,23,9,0.13636363636363635,0.391304347826087,all_gt
hy_two_of_three_families__ni_k3_r1,L1,217,10,6,0,0.0,0.0,assigned_gt
hy_two_of_three_families__ni_k3_r1,L2,188,6,20,0,0.0,0.0,assigned_gt
hy_two_of_three_families__ni_k3_r1,L3,95,5,20,0,0.0,0.0,assigned_gt
hy_two_of_three_families__ni_k3_r1,L4,30,5,8,0,0.0,0.0,assigned_gt
hy_two_of_three_families__ni_k3_r1,L5,225,18,38,10,0.5555555555555556,0.2631578947368421,assigned_gt
hy_two_of_three_families__ni_k3_r1,R1,190,9,6,1,0.1111111111111111,0.16666666666666666,assigned_gt
hy_two_of_three_families__ni_k3_r1,R2,182,8,21,1,0.125,0.047619047619047616,assigned_gt
hy_two_of_three_families__ni_k3_r1,R3,146,7,19,2,0.2857142857142857,0.10526315789473684,assigned_gt
hy_two_of_three_families__ni_k3_r1,R4,118,22,21,2,0.09090909090909091,0.09523809523809523,assigned_gt
hy_two_of_three_families__ni_k3_r1,R5,134,27,23,9,0.3333333333333333,0.391304347826087,assigned_gt
hy_two_of_three_families__ni_k3_r2,L1,252,45,9,0,0.0,0.0,all_gt
hy_two_of_three_families__ni_k3_r2,L2,207,25,21,0,0.0,0.0,all_gt
hy_two_of_three_families__ni_k3_r2,L3,110,20,22,0,0.0,0.0,all_gt
hy_two_of_three_families__ni_k3_r2,L4,38,13,8,0,0.0,0.0,all_gt
hy_two_of_three_families__ni_k3_r2,L5,279,72,38,10,0.1388888888888889,0.2631578947368421,all_gt
hy_two_of_three_families__ni_k3_r2,R1,252,71,9,2,0.028169014084507043,0.2222222222222222,all_gt
hy_two_of_three_families__ni_k3_r2,R2,193,19,22,1,0.05263157894736842,0.045454545454545456,all_gt
hy_two_of_three_families__ni_k3_r2,R3,160,21,19,2,0.09523809523809523,0.10526315789473684,all_gt
hy_two_of_three_families__ni_k3_r2,R4,136,40,22,3,0.075,0.13636363636363635,all_gt
hy_two_of_three_families__ni_k3_r2,R5,173,66,26,9,0.13636363636363635,0.34615384615384615,all_gt
hy_two_of_three_families__ni_k3_r2,L1,217,10,9,0,0.0,0.0,assigned_gt
hy_two_of_three_families__ni_k3_r2,L2,188,6,21,0,0.0,0.0,assigned_gt
hy_two_of_three_families__ni_k3_r2,L3,95,5,22,0,0.0,0.0,assigned_gt
hy_two_of_three_families__ni_k3_r2,L4,30,5,8,0,0.0,0.0,assigned_gt
hy_two_of_three_families__ni_k3_r2,L5,225,18,38,10,0.5555555555555556,0.2631578947368421,assigned_gt
hy_two_of_three_families__ni_k3_r2,R1,190,9,9,2,0.2222222222222222,0.2222222222222222,assigned_gt
hy_two_of_three_families__ni_k3_r2,R2,182,8,22,1,0.125,0.045454545454545456,assigned_gt
hy_two_of_three_families__ni_k3_r2,R3,146,7,19,2,0.2857142857142857,0.10526315789473684,assigned_gt
hy_two_of_three_families__ni_k3_r2,R4,118,22,22,3,0.13636363636363635,0.13636363636363635,assigned_gt
hy_two_of_three_families__ni_k3_r2,R5,134,27,26,9,0.3333333333333333,0.34615384615384615,assigned_gt
hy_two_of_three_families__ni_k3_r4,L1,252,45,14,0,0.0,0.0,all_gt
hy_two_of_three_families__ni_k3_r4,L2,207,25,23,0,0.0,0.0,all_gt
hy_two_of_three_families__ni_k3_r4,L3,110,20,22,0,0.0,0.0,all_gt
hy_two_of_three_families__ni_k3_r4,L4,38,13,9,0,0.0,0.0,all_gt
hy_two_of_three_families__ni_k3_r4,L5,279,72,42,10,0.1388888888888889,0.23809523809523808,all_gt
hy_two_of_three_families__ni_k3_r4,R1,252,71,10,2,0.028169014084507043,0.2,all_gt
hy_two_of_three_families__ni_k3_r4,R2,193,19,23,1,0.05263157894736842,0.043478260869565216,all_gt
hy_two_of_three_families__ni_k3_r4,R3,160,21,22,2,0.09523809523809523,0.09090909090909091,all_gt
hy_two_of_three_families__ni_k3_r4,R4,136,40,29,6,0.15,0.20689655172413793,all_gt
hy_two_of_three_families__ni_k3_r4,R5,173,66,29,10,0.15151515151515152,0.3448275862068966,all_gt
hy_two_of_three_families__ni_k3_r4,L1,217,10,14,0,0.0,0.0,assigned_gt
hy_two_of_three_families__ni_k3_r4,L2,188,6,23,0,0.0,0.0,assigned_gt
hy_two_of_three_families__ni_k3_r4,L3,95,5,22,0,0.0,0.0,assigned_gt
hy_two_of_three_families__ni_k3_r4,L4,30,5,9,0,0.0,0.0,assigned_gt
hy_two_of_three_families__ni_k3_r4,L5,225,18,42,10,0.5555555555555556,0.23809523809523808,assigned_gt
hy_two_of_three_families__ni_k3_r4,R1,190,9,10,2,0.2222222222222222,0.2,assigned_gt
hy_two_of_three_families__ni_k3_r4,R2,182,8,23,1,0.125,0.043478260869565216,assigned_gt
hy_two_of_three_families__ni_k3_r4,R3,146,7,22,2,0.2857142857142857,0.09090909090909091,assigned_gt
hy_two_of_three_families__ni_k3_r4,R4,118,22,29,6,0.2727272727272727,0.20689655172413793,assigned_gt
hy_two_of_three_families__ni_k3_r4,R5,134,27,29,10,0.37037037037037035,0.3448275862068966,assigned_gt
hy_two_of_three_families__ni_k5_r1,L1,252,45,5,0,0.0,0.0,all_gt
hy_two_of_three_families__ni_k5_r1,L2,207,25,20,0,0.0,0.0,all_gt
hy_two_of_three_families__ni_k5_r1,L3,110,20,20,0,0.0,0.0,all_gt
hy_two_of_three_families__ni_k5_r1,L4,38,13,8,0,0.0,0.0,all_gt
hy_two_of_three_families__ni_k5_r1,L5,279,72,36,10,0.1388888888888889,0.2777777777777778,all_gt
hy_two_of_three_families__ni_k5_r1,R1,252,71,3,0,0.0,0.0,all_gt
hy_two_of_three_families__ni_k5_r1,R2,193,19,20,1,0.05263157894736842,0.05,all_gt
hy_two_of_three_families__ni_k5_r1,R3,160,21,17,2,0.09523809523809523,0.11764705882352941,all_gt
hy_two_of_three_families__ni_k5_r1,R4,136,40,19,2,0.05,0.10526315789473684,all_gt
hy_two_of_three_families__ni_k5_r1,R5,173,66,21,9,0.13636363636363635,0.42857142857142855,all_gt
hy_two_of_three_families__ni_k5_r1,L1,217,10,5,0,0.0,0.0,assigned_gt
hy_two_of_three_families__ni_k5_r1,L2,188,6,20,0,0.0,0.0,assigned_gt
hy_two_of_three_families__ni_k5_r1,L3,95,5,20,0,0.0,0.0,assigned_gt
hy_two_of_three_families__ni_k5_r1,L4,30,5,8,0,0.0,0.0,assigned_gt
hy_two_of_three_families__ni_k5_r1,L5,225,18,36,10,0.5555555555555556,0.2777777777777778,assigned_gt
hy_two_of_three_families__ni_k5_r1,R1,190,9,3,0,0.0,0.0,assigned_gt
hy_two_of_three_families__ni_k5_r1,R2,182,8,20,1,0.125,0.05,assigned_gt
hy_two_of_three_families__ni_k5_r1,R3,146,7,17,2,0.2857142857142857,0.11764705882352941,assigned_gt
hy_two_of_three_families__ni_k5_r1,R4,118,22,19,2,0.09090909090909091,0.10526315789473684,assigned_gt
hy_two_of_three_families__ni_k5_r1,R5,134,27,21,9,0.3333333333333333,0.42857142857142855,assigned_gt
hy_two_of_three_families__ni_k5_r2,L1,252,45,5,0,0.0,0.0,all_gt
hy_two_of_three_families__ni_k5_r2,L2,207,25,20,0,0.0,0.0,all_gt
hy_two_of_three_families__ni_k5_r2,L3,110,20,20,0,0.0,0.0,all_gt
hy_two_of_three_families__ni_k5_r2,L4,38,13,8,0,0.0,0.0,all_gt
hy_two_of_three_families__ni_k5_r2,L5,279,72,36,10,0.1388888888888889,0.2777777777777778,all_gt
hy_two_of_three_families__ni_k5_r2,R1,252,71,3,0,0.0,0.0,all_gt
hy_two_of_three_families__ni_k5_r2,R2,193,19,20,1,0.05263157894736842,0.05,all_gt
hy_two_of_three_families__ni_k5_r2,R3,160,21,17,2,0.09523809523809523,0.11764705882352941,all_gt
hy_two_of_three_families__ni_k5_r2,R4,136,40,19,2,0.05,0.10526315789473684,all_gt
hy_two_of_three_families__ni_k5_r2,R5,173,66,21,9,0.13636363636363635,0.42857142857142855,all_gt
hy_two_of_three_families__ni_k5_r2,L1,217,10,5,0,0.0,0.0,assigned_gt
hy_two_of_three_families__ni_k5_r2,L2,188,6,20,0,0.0,0.0,assigned_gt
hy_two_of_three_families__ni_k5_r2,L3,95,5,20,0,0.0,0.0,assigned_gt
hy_two_of_three_families__ni_k5_r2,L4,30,5,8,0,0.0,0.0,assigned_gt
hy_two_of_three_families__ni_k5_r2,L5,225,18,36,10,0.5555555555555556,0.2777777777777778,assigned_gt
hy_two_of_three_families__ni_k5_r2,R1,190,9,3,0,0.0,0.0,assigned_gt
hy_two_of_three_families__ni_k5_r2,R2,182,8,20,1,0.125,0.05,assigned_gt
hy_two_of_three_families__ni_k5_r2,R3,146,7,17,2,0.2857142857142857,0.11764705882352941,assigned_gt
hy_two_of_three_families__ni_k5_r2,R4,118,22,19,2,0.09090909090909091,0.10526315789473684,assigned_gt
hy_two_of_three_families__ni_k5_r2,R5,134,27,21,9,0.3333333333333333,0.42857142857142855,assigned_gt
hy_two_of_three_families__ni_k5_r4,L1,252,45,5,0,0.0,0.0,all_gt
hy_two_of_three_families__ni_k5_r4,L2,207,25,20,0,0.0,0.0,all_gt
hy_two_of_three_families__ni_k5_r4,L3,110,20,20,0,0.0,0.0,all_gt
hy_two_of_three_families__ni_k5_r4,L4,38,13,8,0,0.0,0.0,all_gt
hy_two_of_three_families__ni_k5_r4,L5,279,72,36,10,0.1388888888888889,0.2777777777777778,all_gt
hy_two_of_three_families__ni_k5_r4,R1,252,71,3,0,0.0,0.0,all_gt
hy_two_of_three_families__ni_k5_r4,R2,193,19,20,1,0.05263157894736842,0.05,all_gt
hy_two_of_three_families__ni_k5_r4,R3,160,21,17,2,0.09523809523809523,0.11764705882352941,all_gt
hy_two_of_three_families__ni_k5_r4,R4,136,40,19,2,0.05,0.10526315789473684,all_gt
hy_two_of_three_families__ni_k5_r4,R5,173,66,21,9,0.13636363636363635,0.42857142857142855,all_gt
hy_two_of_three_families__ni_k5_r4,L1,217,10,5,0,0.0,0.0,assigned_gt
hy_two_of_three_families__ni_k5_r4,L2,188,6,20,0,0.0,0.0,assigned_gt
hy_two_of_three_families__ni_k5_r4,L3,95,5,20,0,0.0,0.0,assigned_gt
hy_two_of_three_families__ni_k5_r4,L4,30,5,8,0,0.0,0.0,assigned_gt
hy_two_of_three_families__ni_k5_r4,L5,225,18,36,10,0.5555555555555556,0.2777777777777778,assigned_gt
hy_two_of_three_families__ni_k5_r4,R1,190,9,3,0,0.0,0.0,assigned_gt
hy_two_of_three_families__ni_k5_r4,R2,182,8,20,1,0.125,0.05,assigned_gt
hy_two_of_three_families__ni_k5_r4,R3,146,7,17,2,0.2857142857142857,0.11764705882352941,assigned_gt
hy_two_of_three_families__ni_k5_r4,R4,118,22,19,2,0.09090909090909091,0.10526315789473684,assigned_gt
hy_two_of_three_families__ni_k5_r4,R5,134,27,21,9,0.3333333333333333,0.42857142857142855,assigned_gt
hy_hierarchical__ni_k2_r1,L1,252,45,28,0,0.0,0.0,all_gt
hy_hierarchical__ni_k2_r1,L2,207,25,25,1,0.04,0.04,all_gt
hy_hierarchical__ni_k2_r1,L3,110,20,21,0,0.0,0.0,all_gt
hy_hierarchical__ni_k2_r1,L4,38,13,8,0,0.0,0.0,all_gt
hy_hierarchical__ni_k2_r1,L5,279,72,72,10,0.1388888888888889,0.1388888888888889,all_gt
hy_hierarchical__ni_k2_r1,R1,252,71,20,1,0.014084507042253521,0.05,all_gt
hy_hierarchical__ni_k2_r1,R2,193,19,29,1,0.05263157894736842,0.034482758620689655,all_gt
hy_hierarchical__ni_k2_r1,R3,160,21,25,2,0.09523809523809523,0.08,all_gt
hy_hierarchical__ni_k2_r1,R4,136,40,22,1,0.025,0.045454545454545456,all_gt
hy_hierarchical__ni_k2_r1,R5,173,66,31,11,0.16666666666666666,0.3548387096774194,all_gt
hy_hierarchical__ni_k2_r1,L1,217,10,28,0,0.0,0.0,assigned_gt
hy_hierarchical__ni_k2_r1,L2,188,6,25,1,0.16666666666666666,0.04,assigned_gt
hy_hierarchical__ni_k2_r1,L3,95,5,21,0,0.0,0.0,assigned_gt
hy_hierarchical__ni_k2_r1,L4,30,5,8,0,0.0,0.0,assigned_gt
hy_hierarchical__ni_k2_r1,L5,225,18,72,10,0.5555555555555556,0.1388888888888889,assigned_gt
hy_hierarchical__ni_k2_r1,R1,190,9,20,1,0.1111111111111111,0.05,assigned_gt
hy_hierarchical__ni_k2_r1,R2,182,8,29,1,0.125,0.034482758620689655,assigned_gt
hy_hierarchical__ni_k2_r1,R3,146,7,25,2,0.2857142857142857,0.08,assigned_gt
hy_hierarchical__ni_k2_r1,R4,118,22,22,1,0.045454545454545456,0.045454545454545456,assigned_gt
hy_hierarchical__ni_k2_r1,R5,134,27,31,11,0.4074074074074074,0.3548387096774194,assigned_gt
hy_hierarchical__ni_k2_r2,L1,252,45,32,0,0.0,0.0,all_gt
hy_hierarchical__ni_k2_r2,L2,207,25,31,1,0.04,0.03225806451612903,all_gt
hy_hierarchical__ni_k2_r2,L3,110,20,25,0,0.0,0.0,all_gt
hy_hierarchical__ni_k2_r2,L4,38,13,9,0,0.0,0.0,all_gt
hy_hierarchical__ni_k2_r2,L5,279,72,75,11,0.1527777777777778,0.14666666666666667,all_gt
hy_hierarchical__ni_k2_r2,R1,252,71,27,3,0.04225352112676056,0.1111111111111111,all_gt
hy_hierarchical__ni_k2_r2,R2,193,19,35,1,0.05263157894736842,0.02857142857142857,all_gt
hy_hierarchical__ni_k2_r2,R3,160,21,30,2,0.09523809523809523,0.06666666666666667,all_gt
hy_hierarchical__ni_k2_r2,R4,136,40,27,3,0.075,0.1111111111111111,all_gt
hy_hierarchical__ni_k2_r2,R5,173,66,35,11,0.16666666666666666,0.3142857142857143,all_gt
hy_hierarchical__ni_k2_r2,L1,217,10,32,0,0.0,0.0,assigned_gt
hy_hierarchical__ni_k2_r2,L2,188,6,31,1,0.16666666666666666,0.03225806451612903,assigned_gt
hy_hierarchical__ni_k2_r2,L3,95,5,25,0,0.0,0.0,assigned_gt
hy_hierarchical__ni_k2_r2,L4,30,5,9,0,0.0,0.0,assigned_gt
hy_hierarchical__ni_k2_r2,L5,225,18,75,11,0.6111111111111112,0.14666666666666667,assigned_gt
hy_hierarchical__ni_k2_r2,R1,190,9,27,3,0.3333333333333333,0.1111111111111111,assigned_gt
hy_hierarchical__ni_k2_r2,R2,182,8,35,1,0.125,0.02857142857142857,assigned_gt
hy_hierarchical__ni_k2_r2,R3,146,7,30,2,0.2857142857142857,0.06666666666666667,assigned_gt
hy_hierarchical__ni_k2_r2,R4,118,22,27,3,0.13636363636363635,0.1111111111111111,assigned_gt
hy_hierarchical__ni_k2_r2,R5,134,27,35,11,0.4074074074074074,0.3142857142857143,assigned_gt
hy_hierarchical__ni_k2_r4,L1,252,45,46,0,0.0,0.0,all_gt
hy_hierarchical__ni_k2_r4,L2,207,25,39,1,0.04,0.02564102564102564,all_gt
hy_hierarchical__ni_k2_r4,L3,110,20,26,0,0.0,0.0,all_gt
hy_hierarchical__ni_k2_r4,L4,38,13,10,0,0.0,0.0,all_gt
hy_hierarchical__ni_k2_r4,L5,279,72,83,12,0.16666666666666666,0.14457831325301204,all_gt
hy_hierarchical__ni_k2_r4,R1,252,71,33,3,0.04225352112676056,0.09090909090909091,all_gt
hy_hierarchical__ni_k2_r4,R2,193,19,41,1,0.05263157894736842,0.024390243902439025,all_gt
hy_hierarchical__ni_k2_r4,R3,160,21,40,2,0.09523809523809523,0.05,all_gt
hy_hierarchical__ni_k2_r4,R4,136,40,41,7,0.175,0.17073170731707318,all_gt
hy_hierarchical__ni_k2_r4,R5,173,66,44,12,0.18181818181818182,0.2727272727272727,all_gt
hy_hierarchical__ni_k2_r4,L1,217,10,46,0,0.0,0.0,assigned_gt
hy_hierarchical__ni_k2_r4,L2,188,6,39,1,0.16666666666666666,0.02564102564102564,assigned_gt
hy_hierarchical__ni_k2_r4,L3,95,5,26,0,0.0,0.0,assigned_gt
hy_hierarchical__ni_k2_r4,L4,30,5,10,0,0.0,0.0,assigned_gt
hy_hierarchical__ni_k2_r4,L5,225,18,83,12,0.6666666666666666,0.14457831325301204,assigned_gt
hy_hierarchical__ni_k2_r4,R1,190,9,33,3,0.3333333333333333,0.09090909090909091,assigned_gt
hy_hierarchical__ni_k2_r4,R2,182,8,41,1,0.125,0.024390243902439025,assigned_gt
hy_hierarchical__ni_k2_r4,R3,146,7,40,2,0.2857142857142857,0.05,assigned_gt
hy_hierarchical__ni_k2_r4,R4,118,22,41,7,0.3181818181818182,0.17073170731707318,assigned_gt
hy_hierarchical__ni_k2_r4,R5,134,27,44,12,0.4444444444444444,0.2727272727272727,assigned_gt
hy_hierarchical__ni_k3_r1,L1,252,45,19,0,0.0,0.0,all_gt
hy_hierarchical__ni_k3_r1,L2,207,25,21,0,0.0,0.0,all_gt
hy_hierarchical__ni_k3_r1,L3,110,20,20,0,0.0,0.0,all_gt
hy_hierarchical__ni_k3_r1,L4,38,13,8,0,0.0,0.0,all_gt
hy_hierarchical__ni_k3_r1,L5,279,72,67,10,0.1388888888888889,0.14925373134328357,all_gt
hy_hierarchical__ni_k3_r1,R1,252,71,10,1,0.014084507042253521,0.1,all_gt
hy_hierarchical__ni_k3_r1,R2,193,19,25,1,0.05263157894736842,0.04,all_gt
hy_hierarchical__ni_k3_r1,R3,160,21,19,2,0.09523809523809523,0.10526315789473684,all_gt
hy_hierarchical__ni_k3_r1,R4,136,40,20,1,0.025,0.05,all_gt
hy_hierarchical__ni_k3_r1,R5,173,66,26,9,0.13636363636363635,0.34615384615384615,all_gt
hy_hierarchical__ni_k3_r1,L1,217,10,19,0,0.0,0.0,assigned_gt
hy_hierarchical__ni_k3_r1,L2,188,6,21,0,0.0,0.0,assigned_gt
hy_hierarchical__ni_k3_r1,L3,95,5,20,0,0.0,0.0,assigned_gt
hy_hierarchical__ni_k3_r1,L4,30,5,8,0,0.0,0.0,assigned_gt
hy_hierarchical__ni_k3_r1,L5,225,18,67,10,0.5555555555555556,0.14925373134328357,assigned_gt
hy_hierarchical__ni_k3_r1,R1,190,9,10,1,0.1111111111111111,0.1,assigned_gt
hy_hierarchical__ni_k3_r1,R2,182,8,25,1,0.125,0.04,assigned_gt
hy_hierarchical__ni_k3_r1,R3,146,7,19,2,0.2857142857142857,0.10526315789473684,assigned_gt
hy_hierarchical__ni_k3_r1,R4,118,22,20,1,0.045454545454545456,0.05,assigned_gt
hy_hierarchical__ni_k3_r1,R5,134,27,26,9,0.3333333333333333,0.34615384615384615,assigned_gt
hy_hierarchical__ni_k3_r2,L1,252,45,22,0,0.0,0.0,all_gt
hy_hierarchical__ni_k3_r2,L2,207,25,22,0,0.0,0.0,all_gt
hy_hierarchical__ni_k3_r2,L3,110,20,22,0,0.0,0.0,all_gt
hy_hierarchical__ni_k3_r2,L4,38,13,8,0,0.0,0.0,all_gt
hy_hierarchical__ni_k3_r2,L5,279,72,67,10,0.1388888888888889,0.14925373134328357,all_gt
hy_hierarchical__ni_k3_r2,R1,252,71,13,2,0.028169014084507043,0.15384615384615385,all_gt
hy_hierarchical__ni_k3_r2,R2,193,19,26,1,0.05263157894736842,0.038461538461538464,all_gt
hy_hierarchical__ni_k3_r2,R3,160,21,19,2,0.09523809523809523,0.10526315789473684,all_gt
hy_hierarchical__ni_k3_r2,R4,136,40,21,2,0.05,0.09523809523809523,all_gt
hy_hierarchical__ni_k3_r2,R5,173,66,29,9,0.13636363636363635,0.3103448275862069,all_gt
hy_hierarchical__ni_k3_r2,L1,217,10,22,0,0.0,0.0,assigned_gt
hy_hierarchical__ni_k3_r2,L2,188,6,22,0,0.0,0.0,assigned_gt
hy_hierarchical__ni_k3_r2,L3,95,5,22,0,0.0,0.0,assigned_gt
hy_hierarchical__ni_k3_r2,L4,30,5,8,0,0.0,0.0,assigned_gt
hy_hierarchical__ni_k3_r2,L5,225,18,67,10,0.5555555555555556,0.14925373134328357,assigned_gt
hy_hierarchical__ni_k3_r2,R1,190,9,13,2,0.2222222222222222,0.15384615384615385,assigned_gt
hy_hierarchical__ni_k3_r2,R2,182,8,26,1,0.125,0.038461538461538464,assigned_gt
hy_hierarchical__ni_k3_r2,R3,146,7,19,2,0.2857142857142857,0.10526315789473684,assigned_gt
hy_hierarchical__ni_k3_r2,R4,118,22,21,2,0.09090909090909091,0.09523809523809523,assigned_gt
hy_hierarchical__ni_k3_r2,R5,134,27,29,9,0.3333333333333333,0.3103448275862069,assigned_gt
hy_hierarchical__ni_k3_r4,L1,252,45,27,0,0.0,0.0,all_gt
hy_hierarchical__ni_k3_r4,L2,207,25,24,0,0.0,0.0,all_gt
hy_hierarchical__ni_k3_r4,L3,110,20,22,0,0.0,0.0,all_gt
hy_hierarchical__ni_k3_r4,L4,38,13,9,0,0.0,0.0,all_gt
hy_hierarchical__ni_k3_r4,L5,279,72,69,10,0.1388888888888889,0.14492753623188406,all_gt
hy_hierarchical__ni_k3_r4,R1,252,71,14,2,0.028169014084507043,0.14285714285714285,all_gt
hy_hierarchical__ni_k3_r4,R2,193,19,27,1,0.05263157894736842,0.037037037037037035,all_gt
hy_hierarchical__ni_k3_r4,R3,160,21,22,2,0.09523809523809523,0.09090909090909091,all_gt
hy_hierarchical__ni_k3_r4,R4,136,40,28,5,0.125,0.17857142857142858,all_gt
hy_hierarchical__ni_k3_r4,R5,173,66,32,10,0.15151515151515152,0.3125,all_gt
hy_hierarchical__ni_k3_r4,L1,217,10,27,0,0.0,0.0,assigned_gt
hy_hierarchical__ni_k3_r4,L2,188,6,24,0,0.0,0.0,assigned_gt
hy_hierarchical__ni_k3_r4,L3,95,5,22,0,0.0,0.0,assigned_gt
hy_hierarchical__ni_k3_r4,L4,30,5,9,0,0.0,0.0,assigned_gt
hy_hierarchical__ni_k3_r4,L5,225,18,69,10,0.5555555555555556,0.14492753623188406,assigned_gt
hy_hierarchical__ni_k3_r4,R1,190,9,14,2,0.2222222222222222,0.14285714285714285,assigned_gt
hy_hierarchical__ni_k3_r4,R2,182,8,27,1,0.125,0.037037037037037035,assigned_gt
hy_hierarchical__ni_k3_r4,R3,146,7,22,2,0.2857142857142857,0.09090909090909091,assigned_gt
hy_hierarchical__ni_k3_r4,R4,118,22,28,5,0.22727272727272727,0.17857142857142858,assigned_gt
hy_hierarchical__ni_k3_r4,R5,134,27,32,10,0.37037037037037035,0.3125,assigned_gt
hy_hierarchical__ni_k5_r1,L1,252,45,18,0,0.0,0.0,all_gt
hy_hierarchical__ni_k5_r1,L2,207,25,21,0,0.0,0.0,all_gt
hy_hierarchical__ni_k5_r1,L3,110,20,20,0,0.0,0.0,all_gt
hy_hierarchical__ni_k5_r1,L4,38,13,8,0,0.0,0.0,all_gt
hy_hierarchical__ni_k5_r1,L5,279,72,65,10,0.1388888888888889,0.15384615384615385,all_gt
hy_hierarchical__ni_k5_r1,R1,252,71,7,0,0.0,0.0,all_gt
hy_hierarchical__ni_k5_r1,R2,193,19,24,1,0.05263157894736842,0.041666666666666664,all_gt
hy_hierarchical__ni_k5_r1,R3,160,21,17,2,0.09523809523809523,0.11764705882352941,all_gt
hy_hierarchical__ni_k5_r1,R4,136,40,18,1,0.025,0.05555555555555555,all_gt
hy_hierarchical__ni_k5_r1,R5,173,66,24,9,0.13636363636363635,0.375,all_gt
hy_hierarchical__ni_k5_r1,L1,217,10,18,0,0.0,0.0,assigned_gt
hy_hierarchical__ni_k5_r1,L2,188,6,21,0,0.0,0.0,assigned_gt
hy_hierarchical__ni_k5_r1,L3,95,5,20,0,0.0,0.0,assigned_gt
hy_hierarchical__ni_k5_r1,L4,30,5,8,0,0.0,0.0,assigned_gt
hy_hierarchical__ni_k5_r1,L5,225,18,65,10,0.5555555555555556,0.15384615384615385,assigned_gt
hy_hierarchical__ni_k5_r1,R1,190,9,7,0,0.0,0.0,assigned_gt
hy_hierarchical__ni_k5_r1,R2,182,8,24,1,0.125,0.041666666666666664,assigned_gt
hy_hierarchical__ni_k5_r1,R3,146,7,17,2,0.2857142857142857,0.11764705882352941,assigned_gt
hy_hierarchical__ni_k5_r1,R4,118,22,18,1,0.045454545454545456,0.05555555555555555,assigned_gt
hy_hierarchical__ni_k5_r1,R5,134,27,24,9,0.3333333333333333,0.375,assigned_gt
hy_hierarchical__ni_k5_r2,L1,252,45,18,0,0.0,0.0,all_gt
hy_hierarchical__ni_k5_r2,L2,207,25,21,0,0.0,0.0,all_gt
hy_hierarchical__ni_k5_r2,L3,110,20,20,0,0.0,0.0,all_gt
hy_hierarchical__ni_k5_r2,L4,38,13,8,0,0.0,0.0,all_gt
hy_hierarchical__ni_k5_r2,L5,279,72,65,10,0.1388888888888889,0.15384615384615385,all_gt
hy_hierarchical__ni_k5_r2,R1,252,71,7,0,0.0,0.0,all_gt
hy_hierarchical__ni_k5_r2,R2,193,19,24,1,0.05263157894736842,0.041666666666666664,all_gt
hy_hierarchical__ni_k5_r2,R3,160,21,17,2,0.09523809523809523,0.11764705882352941,all_gt
hy_hierarchical__ni_k5_r2,R4,136,40,18,1,0.025,0.05555555555555555,all_gt
hy_hierarchical__ni_k5_r2,R5,173,66,24,9,0.13636363636363635,0.375,all_gt
hy_hierarchical__ni_k5_r2,L1,217,10,18,0,0.0,0.0,assigned_gt
hy_hierarchical__ni_k5_r2,L2,188,6,21,0,0.0,0.0,assigned_gt
hy_hierarchical__ni_k5_r2,L3,95,5,20,0,0.0,0.0,assigned_gt
hy_hierarchical__ni_k5_r2,L4,30,5,8,0,0.0,0.0,assigned_gt
hy_hierarchical__ni_k5_r2,L5,225,18,65,10,0.5555555555555556,0.15384615384615385,assigned_gt
hy_hierarchical__ni_k5_r2,R1,190,9,7,0,0.0,0.0,assigned_gt
hy_hierarchical__ni_k5_r2,R2,182,8,24,1,0.125,0.041666666666666664,assigned_gt
hy_hierarchical__ni_k5_r2,R3,146,7,17,2,0.2857142857142857,0.11764705882352941,assigned_gt
hy_hierarchical__ni_k5_r2,R4,118,22,18,1,0.045454545454545456,0.05555555555555555,assigned_gt
hy_hierarchical__ni_k5_r2,R5,134,27,24,9,0.3333333333333333,0.375,assigned_gt
hy_hierarchical__ni_k5_r4,L1,252,45,18,0,0.0,0.0,all_gt
hy_hierarchical__ni_k5_r4,L2,207,25,21,0,0.0,0.0,all_gt
hy_hierarchical__ni_k5_r4,L3,110,20,20,0,0.0,0.0,all_gt
hy_hierarchical__ni_k5_r4,L4,38,13,8,0,0.0,0.0,all_gt
hy_hierarchical__ni_k5_r4,L5,279,72,65,10,0.1388888888888889,0.15384615384615385,all_gt
hy_hierarchical__ni_k5_r4,R1,252,71,7,0,0.0,0.0,all_gt
hy_hierarchical__ni_k5_r4,R2,193,19,24,1,0.05263157894736842,0.041666666666666664,all_gt
hy_hierarchical__ni_k5_r4,R3,160,21,17,2,0.09523809523809523,0.11764705882352941,all_gt
hy_hierarchical__ni_k5_r4,R4,136,40,18,1,0.025,0.05555555555555555,all_gt
hy_hierarchical__ni_k5_r4,R5,173,66,24,9,0.13636363636363635,0.375,all_gt
hy_hierarchical__ni_k5_r4,L1,217,10,18,0,0.0,0.0,assigned_gt
hy_hierarchical__ni_k5_r4,L2,188,6,21,0,0.0,0.0,assigned_gt
hy_hierarchical__ni_k5_r4,L3,95,5,20,0,0.0,0.0,assigned_gt
hy_hierarchical__ni_k5_r4,L4,30,5,8,0,0.0,0.0,assigned_gt
hy_hierarchical__ni_k5_r4,L5,225,18,65,10,0.5555555555555556,0.15384615384615385,assigned_gt
hy_hierarchical__ni_k5_r4,R1,190,9,7,0,0.0,0.0,assigned_gt
hy_hierarchical__ni_k5_r4,R2,182,8,24,1,0.125,0.041666666666666664,assigned_gt
hy_hierarchical__ni_k5_r4,R3,146,7,17,2,0.2857142857142857,0.11764705882352941,assigned_gt
hy_hierarchical__ni_k5_r4,R4,118,22,18,1,0.045454545454545456,0.05555555555555555,assigned_gt
hy_hierarchical__ni_k5_r4,R5,134,27,24,9,0.3333333333333333,0.375,assigned_gt
