set_id,predicted_finger_id,eligible_notes,hard_count,hard_percentage
mandatory_missing,L1,56961,0,0.0
mandatory_missing,L2,42151,0,0.0
mandatory_missing,L3,32568,0,0.0
mandatory_missing,L4,17383,0,0.0
mandatory_missing,L5,41112,0,0.0
mandatory_missing,R1,65498,0,0.0
mandatory_missing,R2,58395,0,0.0
mandatory_missing,R3,48125,0,0.0
mandatory_missing,R4,31856,0,0.0
mandatory_missing,R5,40324,0,0.0
mandatory_missing,NA,0,0,
legacy_current_default,L1,56961,1796,0.03153034532399361
legacy_current_default,L2,42151,3694,0.0876373039785533
legacy_current_default,L3,32568,3734,0.1146524195529354
legacy_current_default,L4,17383,2484,0.14289823390669046
legacy_current_default,L5,41112,3892,0.09466822338976455
legacy_current_default,R1,65498,1801,0.02749702280985679
legacy_current_default,R2,58395,5509,0.09434026885863515
legacy_current_default,R3,48125,5447,0.11318441558441558
legacy_current_default,R4,31856,3638,0.11420140632847815
legacy_current_default,R5,40324,3005,0.07452137684753497
legacy_current_default,NA,0,0,
bl_span_practical,L1,56961,4550,0.07987921560365864
bl_span_practical,L2,42151,3918,0.09295153139901782
bl_span_practical,L3,32568,4050,0.12435519528371408
bl_span_practical,L4,17383,3486,0.20054075821204626
bl_span_practical,L5,41112,8177,0.1988956995524421
bl_span_practical,R1,65498,1960,0.029924577849705335
bl_span_practical,R2,58395,3188,0.05459371521534378
bl_span_practical,R3,48125,3512,0.07297662337662338
bl_span_practical,R4,31856,3060,0.0960572576594676
bl_span_practical,R5,40324,3542,0.08783850808451542
bl_span_practical,NA,0,0,
bl_span_comfortable,L1,56961,6793,0.11925703551552817
bl_span_comfortable,L2,42151,7004,0.16616450380773884
bl_span_comfortable,L3,32568,7644,0.23470891672807664
bl_span_comfortable,L4,17383,4986,0.2868319622619801
bl_span_comfortable,L5,41112,11217,0.27284004670169293
bl_span_comfortable,R1,65498,4299,0.06563559192647103
bl_span_comfortable,R2,58395,7165,0.12269886120387019
bl_span_comfortable,R3,48125,7627,0.1584831168831169
bl_span_comfortable,R4,31856,6156,0.19324460070316424
bl_span_comfortable,R5,40324,6415,0.15908640015871442
bl_span_comfortable,NA,0,0,
bl_span_relative,L1,56961,22719,0.39885184599989465
bl_span_relative,L2,42151,18632,0.442029845080781
bl_span_relative,L3,32568,14112,0.4333087693441415
bl_span_relative,L4,17383,8160,0.4694241500316401
bl_span_relative,L5,41112,23168,0.5635337614321853
bl_span_relative,R1,65498,24498,0.3740266878377966
bl_span_relative,R2,58395,20239,0.346587892799041
bl_span_relative,R3,48125,18462,0.38362597402597404
bl_span_relative,R4,31856,12877,0.4042252636865897
bl_span_relative,R5,40324,19871,0.4927834540224184
bl_span_relative,NA,0,0,
bl_crossing,L1,56961,0,0.0
bl_crossing,L2,42151,914,0.021683945813859695
bl_crossing,L3,32568,1323,0.04062269712601326
bl_crossing,L4,17383,1052,0.060518897773686936
bl_crossing,L5,41112,1487,0.036169488227281575
bl_crossing,R1,65498,0,0.0
bl_crossing,R2,58395,1191,0.02039558181351143
bl_crossing,R3,48125,1477,0.03069090909090909
bl_crossing,R4,31856,1179,0.03701029633350075
bl_crossing,R5,40324,1084,0.026882253744668187
bl_crossing,NA,0,0,
bl_step_crossing,L1,56961,0,0.0
bl_step_crossing,L2,42151,266,0.006310645061801618
bl_step_crossing,L3,32568,448,0.013755833947433063
bl_step_crossing,L4,17383,280,0.016107691422654318
bl_step_crossing,L5,41112,332,0.00807550107024713
bl_step_crossing,R1,65498,0,0.0
bl_step_crossing,R2,58395,485,0.00830550560835688
bl_step_crossing,R3,48125,707,0.014690909090909091
bl_step_crossing,R4,31856,589,0.01848945253641386
bl_step_crossing,R5,40324,524,0.012994742585061007
bl_step_crossing,NA,0,0,
bl_rate_q995,L1,56961,929,0.016309404680395358
bl_rate_q995,L2,42151,163,0.0038670494175701642
bl_rate_q995,L3,32568,109,0.003346843527388848
bl_rate_q995,L4,17383,116,0.006673186446528217
bl_rate_q995,L5,41112,474,0.011529480443666083
bl_rate_q995,R1,65498,1044,0.015939417997496107
bl_rate_q995,R2,58395,228,0.0039044438736193167
bl_rate_q995,R3,48125,295,0.00612987012987013
bl_rate_q995,R4,31856,401,0.01258789552988448
bl_rate_q995,R5,40324,986,0.024451939291736932
bl_rate_q995,NA,0,0,
bl_rate_q990,L1,56961,1193,0.020944154772563683
bl_rate_q990,L2,42151,224,0.00531422742046452
bl_rate_q990,L3,32568,146,0.004482928027511668
bl_rate_q990,L4,17383,173,0.009952252200425704
bl_rate_q990,L5,41112,668,0.016248297334111695
bl_rate_q990,R1,65498,1493,0.02279458914776024
bl_rate_q990,R2,58395,343,0.0058737905642606385
bl_rate_q990,R3,48125,379,0.007875324675324676
bl_rate_q990,R4,31856,518,0.01626067302862883
bl_rate_q990,R5,40324,1214,0.030106140263862713
bl_rate_q990,NA,0,0,
bl_rate_q975,L1,56961,2332,0.04094029248082021
bl_rate_q975,L2,42151,692,0.016417166852506465
bl_rate_q975,L3,32568,524,0.016089412920658314
bl_rate_q975,L4,17383,386,0.02220560317551631
bl_rate_q975,L5,41112,1441,0.035050593500681064
bl_rate_q975,R1,65498,3350,0.051146599896180034
bl_rate_q975,R2,58395,1469,0.02515626337871393
bl_rate_q975,R3,48125,1127,0.023418181818181817
bl_rate_q975,R4,31856,1050,0.03296082370668006
bl_rate_q975,R5,40324,2284,0.05664120622954072
bl_rate_q975,NA,0,0,
bl_hmm_disagreement,L1,56961,21312,0.37415073471322485
bl_hmm_disagreement,L2,42151,33631,0.797869564185903
bl_hmm_disagreement,L3,32568,29571,0.9079771554900515
bl_hmm_disagreement,L4,17383,16884,0.9712937927860553
bl_hmm_disagreement,L5,41112,22011,0.5353911266783421
bl_hmm_disagreement,R1,65498,29762,0.4543955540627195
bl_hmm_disagreement,R2,58395,37947,0.6498330336501413
bl_hmm_disagreement,R3,48125,39820,0.8274285714285714
bl_hmm_disagreement,R4,31856,28689,0.9005838774485183
bl_hmm_disagreement,R5,40324,19913,0.49382501735938894
bl_hmm_disagreement,NA,0,0,
bl_practical_or_rate995,L1,56961,5479,0.096188620284054
bl_practical_or_rate995,L2,42151,4080,0.09679485658703234
bl_practical_or_rate995,L3,32568,4159,0.12770203881110292
bl_practical_or_rate995,L4,17383,3602,0.20721394465857446
bl_practical_or_rate995,L5,41112,8651,0.21042517999610819
bl_practical_or_rate995,R1,65498,3001,0.04581819292192128
bl_practical_or_rate995,R2,58395,3413,0.0584467848274681
bl_practical_or_rate995,R3,48125,3806,0.07908571428571429
bl_practical_or_rate995,R4,31856,3454,0.10842541436464088
bl_practical_or_rate995,R5,40324,4527,0.11226564824918163
bl_practical_or_rate995,NA,0,0,
bl_practical_or_crossing,L1,56961,4550,0.07987921560365864
bl_practical_or_crossing,L2,42151,3918,0.09295153139901782
bl_practical_or_crossing,L3,32568,4050,0.12435519528371408
bl_practical_or_crossing,L4,17383,3486,0.20054075821204626
bl_practical_or_crossing,L5,41112,8177,0.1988956995524421
bl_practical_or_crossing,R1,65498,1960,0.029924577849705335
bl_practical_or_crossing,R2,58395,3188,0.05459371521534378
bl_practical_or_crossing,R3,48125,3512,0.07297662337662338
bl_practical_or_crossing,R4,31856,3060,0.0960572576594676
bl_practical_or_crossing,R5,40324,3542,0.08783850808451542
bl_practical_or_crossing,NA,0,0,
bl_two_signal_strict,L1,56961,1701,0.029862537525675463
bl_two_signal_strict,L2,42151,3620,0.08588171099143556
bl_two_signal_strict,L3,32568,4035,0.12389462048636699
bl_two_signal_strict,L4,17383,3567,0.2052004832307427
bl_two_signal_strict,L5,41112,4544,0.1105273399494065
bl_two_signal_strict,R1,65498,1113,0.016992885278939815
bl_two_signal_strict,R2,58395,2733,0.04680195222193681
bl_two_signal_strict,R3,48125,3602,0.07484675324675324
bl_two_signal_strict,R4,31856,3341,0.10487820190858865
bl_two_signal_strict,R5,40324,2810,0.06968554706874318
bl_two_signal_strict,NA,0,0,
wl_model_agreement,L1,56961,21312,0.37415073471322485
wl_model_agreement,L2,42151,33631,0.797869564185903
wl_model_agreement,L3,32568,29571,0.9079771554900515
wl_model_agreement,L4,17383,16884,0.9712937927860553
wl_model_agreement,L5,41112,22011,0.5353911266783421
wl_model_agreement,R1,65498,29762,0.4543955540627195
wl_model_agreement,R2,58395,37947,0.6498330336501413
wl_model_agreement,R3,48125,39820,0.8274285714285714
wl_model_agreement,R4,31856,28689,0.9005838774485183
wl_model_agreement,R5,40324,19913,0.49382501735938894
wl_model_agreement,NA,0,0,
wl_strict_obvious,L1,56961,36926,0.6482681132704833
wl_strict_obvious,L2,42151,36956,0.8767526274584233
wl_strict_obvious,L3,32568,30914,0.9492139523458609
wl_strict_obvious,L4,17383,17167,0.9875740666168096
wl_strict_obvious,L5,41112,34893,0.8487302977232924
wl_strict_obvious,R1,65498,46146,0.70454059665944
wl_strict_obvious,R2,58395,44980,0.7702714273482318
wl_strict_obvious,R3,48125,43009,0.8936935064935065
wl_strict_obvious,R4,31856,30115,0.9453478151682572
wl_strict_obvious,R5,40324,30642,0.7598948517012201
wl_strict_obvious,NA,0,0,
hy_direct_plus_corroborated,L1,56961,4811,0.08446129808114324
hy_direct_plus_corroborated,L2,42151,4060,0.09632037199591943
hy_direct_plus_corroborated,L3,32568,4181,0.12837754851387864
hy_direct_plus_corroborated,L4,17383,3651,0.21003279065753896
hy_direct_plus_corroborated,L5,41112,8304,0.20198482194979567
hy_direct_plus_corroborated,R1,65498,2105,0.03213838590491313
hy_direct_plus_corroborated,R2,58395,3401,0.05824128778148814
hy_direct_plus_corroborated,R3,48125,3837,0.07972987012987014
hy_direct_plus_corroborated,R4,31856,3483,0.10933576092415871
hy_direct_plus_corroborated,R5,40324,4095,0.10155242535462752
hy_direct_plus_corroborated,NA,0,0,
hy_two_of_three_families,L1,56961,2373,0.0416600832148312
hy_two_of_three_families,L2,42151,6061,0.14379255533676544
hy_two_of_three_families,L3,32568,7182,0.2205232129697863
hy_two_of_three_families,L4,17383,4978,0.2863717425070471
hy_two_of_three_families,L5,41112,5552,0.13504572874100018
hy_two_of_three_families,R1,65498,2132,0.03255061223243458
hy_two_of_three_families,R2,58395,5152,0.08822673174073123
hy_two_of_three_families,R3,48125,6806,0.14142337662337662
hy_two_of_three_families,R4,31856,5907,0.1854281767955801
hy_two_of_three_families,R5,40324,3605,0.08940085308997123
hy_two_of_three_families,NA,0,0,
hy_hierarchical,L1,56961,5454,0.0957497234950229
hy_hierarchical,L2,42151,6649,0.1577424023154848
hy_hierarchical,L3,32568,7431,0.22816875460574798
hy_hierarchical,L4,17383,5087,0.292642236668009
hy_hierarchical,L5,41112,9835,0.23922455730686903
hy_hierarchical,R1,65498,3075,0.04694799841216526
hy_hierarchical,R2,58395,6122,0.10483774295744498
hy_hierarchical,R3,48125,7231,0.15025454545454545
hy_hierarchical,R4,31856,6130,0.1924284279256655
hy_hierarchical,R5,40324,5211,0.12922825116555897
hy_hierarchical,NA,0,0,
ni_k2_r1,L1,56961,2716,0.047681747160337774
ni_k2_r1,L2,42151,2047,0.048563497900405685
ni_k2_r1,L3,32568,1613,0.04952714320805699
ni_k2_r1,L4,17383,1076,0.061899557038485875
ni_k2_r1,L5,41112,2042,0.04966919634170072
ni_k2_r1,R1,65498,3555,0.05427646645699105
ni_k2_r1,R2,58395,2597,0.04447298570083055
ni_k2_r1,R3,48125,2195,0.04561038961038961
ni_k2_r1,R4,31856,1758,0.05518583626318433
ni_k2_r1,R5,40324,2052,0.050887808749132034
ni_k2_r1,NA,0,0,
ni_k2_r2,L1,56961,5129,0.09004406523761872
ni_k2_r2,L2,42151,3856,0.09148062916656781
ni_k2_r2,L3,32568,3038,0.09328174895603046
ni_k2_r2,L4,17383,1974,0.11355922452971294
ni_k2_r2,L5,41112,3818,0.092868262307842
ni_k2_r2,R1,65498,6397,0.09766710433906378
ni_k2_r2,R2,58395,5025,0.08605188800410994
ni_k2_r2,R3,48125,4174,0.08673246753246754
ni_k2_r2,R4,31856,3259,0.1023041185334003
ni_k2_r2,R5,40324,3859,0.09569983136593592
ni_k2_r2,NA,0,0,
ni_k2_r4,L1,56961,9185,0.16125068029002299
ni_k2_r4,L2,42151,6924,0.16426656544328722
ni_k2_r4,L3,32568,5461,0.16767993122083028
ni_k2_r4,L4,17383,3426,0.1970891100500489
ni_k2_r4,L5,41112,6852,0.16666666666666666
ni_k2_r4,R1,65498,11175,0.17061589666860058
ni_k2_r4,R2,58395,9042,0.1548420241459029
ni_k2_r4,R3,48125,7639,0.15873246753246753
ni_k2_r4,R4,31856,5742,0.18024861878453038
ni_k2_r4,R5,40324,6927,0.1717835532189267
ni_k2_r4,NA,0,0,
ni_k3_r1,L1,56961,636,0.011165534312950967
ni_k3_r1,L2,42151,534,0.012668738582714527
ni_k3_r1,L3,32568,417,0.012803979366249078
ni_k3_r1,L4,17383,311,0.017891042973019616
ni_k3_r1,L5,41112,530,0.012891613154310177
ni_k3_r1,R1,65498,899,0.013725609942288315
ni_k3_r1,R2,58395,608,0.010411850329651511
ni_k3_r1,R3,48125,522,0.010846753246753247
ni_k3_r1,R4,31856,427,0.013404068307383225
ni_k3_r1,R5,40324,513,0.012721952187283008
ni_k3_r1,NA,0,0,
ni_k3_r2,L1,56961,1299,0.022805077158055513
ni_k3_r2,L2,42151,1016,0.024103817228535503
ni_k3_r2,L3,32568,831,0.02551584377302874
ni_k3_r2,L4,17383,585,0.0336535695794742
ni_k3_r2,L5,41112,988,0.02403191282350652
ni_k3_r2,R1,65498,1648,0.025161073620568568
ni_k3_r2,R2,58395,1218,0.02085795016696635
ni_k3_r2,R3,48125,1045,0.021714285714285714
ni_k3_r2,R4,31856,832,0.026117528879959818
ni_k3_r2,R5,40324,1014,0.02514631484971729
ni_k3_r2,NA,0,0,
ni_k3_r4,L1,56961,2472,0.04339811449939432
ni_k3_r4,L2,42151,1929,0.04576403881283955
ni_k3_r4,L3,32568,1528,0.046917219356423484
ni_k3_r4,L4,17383,1077,0.0619570845078525
ni_k3_r4,L5,41112,1859,0.045217941233703055
ni_k3_r4,R1,65498,3054,0.04662737793520413
ni_k3_r4,R2,58395,2312,0.039592430858806406
ni_k3_r4,R3,48125,2082,0.04326233766233766
ni_k3_r4,R4,31856,1599,0.050194625816172775
ni_k3_r4,R5,40324,1912,0.04741593095923023
ni_k3_r4,NA,0,0,
ni_k5_r1,L1,56961,71,0.0012464668808482998
ni_k5_r1,L2,42151,51,0.0012099357073379043
ni_k5_r1,L3,32568,60,0.0018422991893883567
ni_k5_r1,L4,17383,44,0.002531208652131393
ni_k5_r1,L5,41112,61,0.0014837517026658883
ni_k5_r1,R1,65498,85,0.001297749549604568
ni_k5_r1,R2,58395,55,0.0009418614607415018
ni_k5_r1,R3,48125,56,0.0011636363636363637
ni_k5_r1,R4,31856,39,0.0012242591662481165
ni_k5_r1,R5,40324,58,0.0014383493701021724
ni_k5_r1,NA,0,0,
ni_k5_r2,L1,56961,149,0.002615824862625305
ni_k5_r2,L2,42151,106,0.002514768332898389
ni_k5_r2,L3,32568,113,0.0034696634733480717
ni_k5_r2,L4,17383,80,0.004602197549329805
ni_k5_r2,L5,41112,109,0.002651294026075112
ni_k5_r2,R1,65498,172,0.0026260343827292434
ni_k5_r2,R2,58395,116,0.001986471444472986
ni_k5_r2,R3,48125,115,0.0023896103896103894
ni_k5_r2,R4,31856,83,0.002605474635861376
ni_k5_r2,R5,40324,106,0.0026287074694970737
ni_k5_r2,NA,0,0,
ni_k5_r4,L1,56961,257,0.0045118589912396204
ni_k5_r4,L2,42151,196,0.004649948992906455
ni_k5_r4,L3,32568,199,0.006110292311471383
ni_k5_r4,L4,17383,133,0.007651153425760801
ni_k5_r4,L5,41112,225,0.005472854640980736
ni_k5_r4,R1,65498,333,0.005084124706097896
ni_k5_r4,R2,58395,242,0.004144190427262608
ni_k5_r4,R3,48125,257,0.005340259740259741
ni_k5_r4,R4,31856,187,0.005870165745856353
ni_k5_r4,R5,40324,218,0.0054062097014185104
ni_k5_r4,NA,0,0,
ni_w5_q995,L1,56961,92,0.0016151401836344166
ni_w5_q995,L2,42151,77,0.0018267656757846788
ni_w5_q995,L3,32568,56,0.0017194792434291329
ni_w5_q995,L4,17383,36,0.002070988897198412
ni_w5_q995,L5,41112,72,0.0017513134851138354
ni_w5_q995,R1,65498,141,0.0021527374881675776
ni_w5_q995,R2,58395,94,0.0016097268601763849
ni_w5_q995,R3,48125,77,0.0016
ni_w5_q995,R4,31856,74,0.0023229532898041186
ni_w5_q995,R5,40324,66,0.0016367423866679894
ni_w5_q995,NA,0,0,
ni_w5_q990,L1,56961,92,0.0016151401836344166
ni_w5_q990,L2,42151,77,0.0018267656757846788
ni_w5_q990,L3,32568,56,0.0017194792434291329
ni_w5_q990,L4,17383,36,0.002070988897198412
ni_w5_q990,L5,41112,72,0.0017513134851138354
ni_w5_q990,R1,65498,141,0.0021527374881675776
ni_w5_q990,R2,58395,94,0.0016097268601763849
ni_w5_q990,R3,48125,77,0.0016
ni_w5_q990,R4,31856,74,0.0023229532898041186
ni_w5_q990,R5,40324,66,0.0016367423866679894
ni_w5_q990,NA,0,0,
ni_w5_q975,L1,56961,1058,0.01857411211179579
ni_w5_q975,L2,42151,811,0.019240350169628242
ni_w5_q975,L3,32568,651,0.019988946204863668
ni_w5_q975,L4,17383,456,0.026232526031179888
ni_w5_q975,L5,41112,836,0.020334695466043978
ni_w5_q975,R1,65498,1456,0.022229686402638248
ni_w5_q975,R2,58395,1009,0.017278876616148645
ni_w5_q975,R3,48125,864,0.017953246753246752
ni_w5_q975,R4,31856,691,0.021691361125062782
ni_w5_q975,R5,40324,795,0.019715306021228052
ni_w5_q975,NA,0,0,
ni_w9_q995,L1,56961,121,0.0021242604589104827
ni_w9_q995,L2,42151,113,0.002680837939787905
ni_w9_q995,L3,32568,87,0.002671333824613117
ni_w9_q995,L4,17383,59,0.003394120692630731
ni_w9_q995,L5,41112,100,0.0024323798404358825
ni_w9_q995,R1,65498,175,0.0026718373080094047
ni_w9_q995,R2,58395,126,0.0021577189827896226
ni_w9_q995,R3,48125,121,0.002514285714285714
ni_w9_q995,R4,31856,88,0.0027624309392265192
ni_w9_q995,R5,40324,104,0.0025791092153556196
ni_w9_q995,NA,0,0,
ni_w9_q990,L1,56961,615,0.01079686101016485
ni_w9_q990,L2,42151,491,0.011648596711821784
ni_w9_q990,L3,32568,415,0.012742569393269468
ni_w9_q990,L4,17383,296,0.01702813093252028
ni_w9_q990,L5,41112,468,0.01138353765323993
ni_w9_q990,R1,65498,813,0.012412592750923693
ni_w9_q990,R2,58395,593,0.010154979022176555
ni_w9_q990,R3,48125,465,0.009662337662337662
ni_w9_q990,R4,31856,395,0.012399547965846308
ni_w9_q990,R5,40324,509,0.012622755679000099
ni_w9_q990,NA,0,0,
ni_w9_q975,L1,56961,615,0.01079686101016485
ni_w9_q975,L2,42151,491,0.011648596711821784
ni_w9_q975,L3,32568,415,0.012742569393269468
ni_w9_q975,L4,17383,296,0.01702813093252028
ni_w9_q975,L5,41112,468,0.01138353765323993
ni_w9_q975,R1,65498,813,0.012412592750923693
ni_w9_q975,R2,58395,593,0.010154979022176555
ni_w9_q975,R3,48125,465,0.009662337662337662
ni_w9_q975,R4,31856,395,0.012399547965846308
ni_w9_q975,R5,40324,509,0.012622755679000099
ni_w9_q975,NA,0,0,
ni_w17_q995,L1,56961,115,0.002018925229543021
ni_w17_q995,L2,42151,91,0.0021589048895637114
ni_w17_q995,L3,32568,85,0.002609923851633505
ni_w17_q995,L4,17383,62,0.003566703100730599
ni_w17_q995,L5,41112,81,0.001970227670753065
ni_w17_q995,R1,65498,154,0.0023512168310482764
ni_w17_q995,R2,58395,116,0.001986471444472986
ni_w17_q995,R3,48125,90,0.0018701298701298702
ni_w17_q995,R4,31856,90,0.0028252134605725766
ni_w17_q995,R5,40324,120,0.0029758952484872534
ni_w17_q995,NA,0,0,
ni_w17_q990,L1,56961,313,0.005494987798669265
ni_w17_q990,L2,42151,231,0.005480297027354037
ni_w17_q990,L3,32568,202,0.006202407270940801
ni_w17_q990,L4,17383,151,0.008686647874360007
ni_w17_q990,L5,41112,232,0.005643121229811247
ni_w17_q990,R1,65498,389,0.005939112644660905
ni_w17_q990,R2,58395,272,0.004657933042212519
ni_w17_q990,R3,48125,239,0.004966233766233766
ni_w17_q990,R4,31856,211,0.0066235560020090406
ni_w17_q990,R5,40324,256,0.00634857653010614
ni_w17_q990,NA,0,0,
ni_w17_q975,L1,56961,744,0.013061568441565282
ni_w17_q975,L2,42151,580,0.013760053142274204
ni_w17_q975,L3,32568,464,0.014247113731269958
ni_w17_q975,L4,17383,355,0.02042225162515101
ni_w17_q975,L5,41112,574,0.013961860284101965
ni_w17_q975,R1,65498,949,0.014488992030291001
ni_w17_q975,R2,58395,680,0.011644832605531296
ni_w17_q975,R3,48125,595,0.012363636363636363
ni_w17_q975,R4,31856,478,0.015005022601707685
ni_w17_q975,R5,40324,587,0.014557087590516814
ni_w17_q975,NA,0,0,
mandatory_missing__ni_k2_r1,L1,56961,2716,0.047681747160337774
mandatory_missing__ni_k2_r1,L2,42151,2047,0.048563497900405685
mandatory_missing__ni_k2_r1,L3,32568,1613,0.04952714320805699
mandatory_missing__ni_k2_r1,L4,17383,1076,0.061899557038485875
mandatory_missing__ni_k2_r1,L5,41112,2042,0.04966919634170072
mandatory_missing__ni_k2_r1,R1,65498,3555,0.05427646645699105
mandatory_missing__ni_k2_r1,R2,58395,2597,0.04447298570083055
mandatory_missing__ni_k2_r1,R3,48125,2195,0.04561038961038961
mandatory_missing__ni_k2_r1,R4,31856,1758,0.05518583626318433
mandatory_missing__ni_k2_r1,R5,40324,2052,0.050887808749132034
mandatory_missing__ni_k2_r1,NA,0,0,
mandatory_missing__ni_k2_r2,L1,56961,5129,0.09004406523761872
mandatory_missing__ni_k2_r2,L2,42151,3856,0.09148062916656781
mandatory_missing__ni_k2_r2,L3,32568,3038,0.09328174895603046
mandatory_missing__ni_k2_r2,L4,17383,1974,0.11355922452971294
mandatory_missing__ni_k2_r2,L5,41112,3818,0.092868262307842
mandatory_missing__ni_k2_r2,R1,65498,6397,0.09766710433906378
mandatory_missing__ni_k2_r2,R2,58395,5025,0.08605188800410994
mandatory_missing__ni_k2_r2,R3,48125,4174,0.08673246753246754
mandatory_missing__ni_k2_r2,R4,31856,3259,0.1023041185334003
mandatory_missing__ni_k2_r2,R5,40324,3859,0.09569983136593592
mandatory_missing__ni_k2_r2,NA,0,0,
mandatory_missing__ni_k2_r4,L1,56961,9185,0.16125068029002299
mandatory_missing__ni_k2_r4,L2,42151,6924,0.16426656544328722
mandatory_missing__ni_k2_r4,L3,32568,5461,0.16767993122083028
mandatory_missing__ni_k2_r4,L4,17383,3426,0.1970891100500489
mandatory_missing__ni_k2_r4,L5,41112,6852,0.16666666666666666
mandatory_missing__ni_k2_r4,R1,65498,11175,0.17061589666860058
mandatory_missing__ni_k2_r4,R2,58395,9042,0.1548420241459029
mandatory_missing__ni_k2_r4,R3,48125,7639,0.15873246753246753
mandatory_missing__ni_k2_r4,R4,31856,5742,0.18024861878453038
mandatory_missing__ni_k2_r4,R5,40324,6927,0.1717835532189267
mandatory_missing__ni_k2_r4,NA,0,0,
mandatory_missing__ni_k3_r1,L1,56961,636,0.011165534312950967
mandatory_missing__ni_k3_r1,L2,42151,534,0.012668738582714527
mandatory_missing__ni_k3_r1,L3,32568,417,0.012803979366249078
mandatory_missing__ni_k3_r1,L4,17383,311,0.017891042973019616
mandatory_missing__ni_k3_r1,L5,41112,530,0.012891613154310177
mandatory_missing__ni_k3_r1,R1,65498,899,0.013725609942288315
mandatory_missing__ni_k3_r1,R2,58395,608,0.010411850329651511
mandatory_missing__ni_k3_r1,R3,48125,522,0.010846753246753247
mandatory_missing__ni_k3_r1,R4,31856,427,0.013404068307383225
mandatory_missing__ni_k3_r1,R5,40324,513,0.012721952187283008
mandatory_missing__ni_k3_r1,NA,0,0,
mandatory_missing__ni_k3_r2,L1,56961,1299,0.022805077158055513
mandatory_missing__ni_k3_r2,L2,42151,1016,0.024103817228535503
mandatory_missing__ni_k3_r2,L3,32568,831,0.02551584377302874
mandatory_missing__ni_k3_r2,L4,17383,585,0.0336535695794742
mandatory_missing__ni_k3_r2,L5,41112,988,0.02403191282350652
mandatory_missing__ni_k3_r2,R1,65498,1648,0.025161073620568568
mandatory_missing__ni_k3_r2,R2,58395,1218,0.02085795016696635
mandatory_missing__ni_k3_r2,R3,48125,1045,0.021714285714285714
mandatory_missing__ni_k3_r2,R4,31856,832,0.026117528879959818
mandatory_missing__ni_k3_r2,R5,40324,1014,0.02514631484971729
mandatory_missing__ni_k3_r2,NA,0,0,
mandatory_missing__ni_k3_r4,L1,56961,2472,0.04339811449939432
mandatory_missing__ni_k3_r4,L2,42151,1929,0.04576403881283955
mandatory_missing__ni_k3_r4,L3,32568,1528,0.046917219356423484
mandatory_missing__ni_k3_r4,L4,17383,1077,0.0619570845078525
mandatory_missing__ni_k3_r4,L5,41112,1859,0.045217941233703055
mandatory_missing__ni_k3_r4,R1,65498,3054,0.04662737793520413
mandatory_missing__ni_k3_r4,R2,58395,2312,0.039592430858806406
mandatory_missing__ni_k3_r4,R3,48125,2082,0.04326233766233766
mandatory_missing__ni_k3_r4,R4,31856,1599,0.050194625816172775
mandatory_missing__ni_k3_r4,R5,40324,1912,0.04741593095923023
mandatory_missing__ni_k3_r4,NA,0,0,
mandatory_missing__ni_k5_r1,L1,56961,71,0.0012464668808482998
mandatory_missing__ni_k5_r1,L2,42151,51,0.0012099357073379043
mandatory_missing__ni_k5_r1,L3,32568,60,0.0018422991893883567
mandatory_missing__ni_k5_r1,L4,17383,44,0.002531208652131393
mandatory_missing__ni_k5_r1,L5,41112,61,0.0014837517026658883
mandatory_missing__ni_k5_r1,R1,65498,85,0.001297749549604568
mandatory_missing__ni_k5_r1,R2,58395,55,0.0009418614607415018
mandatory_missing__ni_k5_r1,R3,48125,56,0.0011636363636363637
mandatory_missing__ni_k5_r1,R4,31856,39,0.0012242591662481165
mandatory_missing__ni_k5_r1,R5,40324,58,0.0014383493701021724
mandatory_missing__ni_k5_r1,NA,0,0,
mandatory_missing__ni_k5_r2,L1,56961,149,0.002615824862625305
mandatory_missing__ni_k5_r2,L2,42151,106,0.002514768332898389
mandatory_missing__ni_k5_r2,L3,32568,113,0.0034696634733480717
mandatory_missing__ni_k5_r2,L4,17383,80,0.004602197549329805
mandatory_missing__ni_k5_r2,L5,41112,109,0.002651294026075112
mandatory_missing__ni_k5_r2,R1,65498,172,0.0026260343827292434
mandatory_missing__ni_k5_r2,R2,58395,116,0.001986471444472986
mandatory_missing__ni_k5_r2,R3,48125,115,0.0023896103896103894
mandatory_missing__ni_k5_r2,R4,31856,83,0.002605474635861376
mandatory_missing__ni_k5_r2,R5,40324,106,0.0026287074694970737
mandatory_missing__ni_k5_r2,NA,0,0,
mandatory_missing__ni_k5_r4,L1,56961,257,0.0045118589912396204
mandatory_missing__ni_k5_r4,L2,42151,196,0.004649948992906455
mandatory_missing__ni_k5_r4,L3,32568,199,0.006110292311471383
mandatory_missing__ni_k5_r4,L4,17383,133,0.007651153425760801
mandatory_missing__ni_k5_r4,L5,41112,225,0.005472854640980736
mandatory_missing__ni_k5_r4,R1,65498,333,0.005084124706097896
mandatory_missing__ni_k5_r4,R2,58395,242,0.004144190427262608
mandatory_missing__ni_k5_r4,R3,48125,257,0.005340259740259741
mandatory_missing__ni_k5_r4,R4,31856,187,0.005870165745856353
mandatory_missing__ni_k5_r4,R5,40324,218,0.0054062097014185104
mandatory_missing__ni_k5_r4,NA,0,0,
legacy_current_default__ni_k2_r1,L1,56961,3784,0.066431417987746
legacy_current_default__ni_k2_r1,L2,42151,5016,0.11900073545111622
legacy_current_default__ni_k2_r1,L3,32568,4762,0.1462171456644559
legacy_current_default__ni_k2_r1,L4,17383,3093,0.17793246275096358
legacy_current_default__ni_k2_r1,L5,41112,5194,0.12633780891223972
legacy_current_default__ni_k2_r1,R1,65498,4357,0.06652111514855416
legacy_current_default__ni_k2_r1,R2,58395,7228,0.123777720695265
legacy_current_default__ni_k2_r1,R3,48125,6854,0.14242077922077923
legacy_current_default__ni_k2_r1,R4,31856,4747,0.1490143144148669
legacy_current_default__ni_k2_r1,R5,40324,4396,0.10901696260291638
legacy_current_default__ni_k2_r1,NA,0,0,
legacy_current_default__ni_k2_r2,L1,56961,5580,0.09796176331173961
legacy_current_default__ni_k2_r2,L2,42151,6306,0.1496049915778985
legacy_current_default__ni_k2_r2,L3,32568,5706,0.17520265291083273
legacy_current_default__ni_k2_r2,L4,17383,3656,0.2103204280043721
legacy_current_default__ni_k2_r2,L5,41112,6444,0.15674255691768826
legacy_current_default__ni_k2_r2,R1,65498,6531,0.09971296833491099
legacy_current_default__ni_k2_r2,R2,58395,8926,0.15285555270142992
legacy_current_default__ni_k2_r2,R3,48125,8187,0.17011948051948053
legacy_current_default__ni_k2_r2,R4,31856,5756,0.18068809643395278
legacy_current_default__ni_k2_r2,R5,40324,5670,0.1406110504910227
legacy_current_default__ni_k2_r2,NA,0,0,
legacy_current_default__ni_k2_r4,L1,56961,9578,0.16815013781359175
legacy_current_default__ni_k2_r4,L2,42151,9134,0.21669711276126308
legacy_current_default__ni_k2_r4,L3,32568,7878,0.24189388356669123
legacy_current_default__ni_k2_r4,L4,17383,4878,0.28061899557038483
legacy_current_default__ni_k2_r4,L5,41112,9167,0.22297625997275736
legacy_current_default__ni_k2_r4,R1,65498,11289,0.1723564078292467
legacy_current_default__ni_k2_r4,R2,58395,12588,0.21556640123298226
legacy_current_default__ni_k2_r4,R3,48125,11261,0.2339948051948052
legacy_current_default__ni_k2_r4,R4,31856,7961,0.2499058262179809
legacy_current_default__ni_k2_r4,R5,40324,8527,0.21146215653209008
legacy_current_default__ni_k2_r4,NA,0,0,
legacy_current_default__ni_k3_r1,L1,56961,1796,0.03153034532399361
legacy_current_default__ni_k3_r1,L2,42151,3694,0.0876373039785533
legacy_current_default__ni_k3_r1,L3,32568,3734,0.1146524195529354
legacy_current_default__ni_k3_r1,L4,17383,2484,0.14289823390669046
legacy_current_default__ni_k3_r1,L5,41112,3892,0.09466822338976455
legacy_current_default__ni_k3_r1,R1,65498,1801,0.02749702280985679
legacy_current_default__ni_k3_r1,R2,58395,5509,0.09434026885863515
legacy_current_default__ni_k3_r1,R3,48125,5447,0.11318441558441558
legacy_current_default__ni_k3_r1,R4,31856,3638,0.11420140632847815
legacy_current_default__ni_k3_r1,R5,40324,3005,0.07452137684753497
legacy_current_default__ni_k3_r1,NA,0,0,
legacy_current_default__ni_k3_r2,L1,56961,1796,0.03153034532399361
legacy_current_default__ni_k3_r2,L2,42151,3694,0.0876373039785533
legacy_current_default__ni_k3_r2,L3,32568,3734,0.1146524195529354
legacy_current_default__ni_k3_r2,L4,17383,2484,0.14289823390669046
legacy_current_default__ni_k3_r2,L5,41112,3892,0.09466822338976455
legacy_current_default__ni_k3_r2,R1,65498,1801,0.02749702280985679
legacy_current_default__ni_k3_r2,R2,58395,5509,0.09434026885863515
legacy_current_default__ni_k3_r2,R3,48125,5447,0.11318441558441558
legacy_current_default__ni_k3_r2,R4,31856,3638,0.11420140632847815
legacy_current_default__ni_k3_r2,R5,40324,3005,0.07452137684753497
legacy_current_default__ni_k3_r2,NA,0,0,
legacy_current_default__ni_k3_r4,L1,56961,2950,0.05178982110566879
legacy_current_default__ni_k3_r4,L2,42151,4521,0.10725724182107187
legacy_current_default__ni_k3_r4,L3,32568,4351,0.13359739621714567
legacy_current_default__ni_k3_r4,L4,17383,2886,0.16602427659207272
legacy_current_default__ni_k3_r4,L5,41112,4670,0.11359213854835572
legacy_current_default__ni_k3_r4,R1,65498,3201,0.04887172127393203
legacy_current_default__ni_k3_r4,R2,58395,6477,0.11091703056768559
legacy_current_default__ni_k3_r4,R3,48125,6343,0.1318025974025974
legacy_current_default__ni_k3_r4,R4,31856,4315,0.13545328980411853
legacy_current_default__ni_k3_r4,R5,40324,3856,0.09562543398472374
legacy_current_default__ni_k3_r4,NA,0,0,
legacy_current_default__ni_k5_r1,L1,56961,1796,0.03153034532399361
legacy_current_default__ni_k5_r1,L2,42151,3694,0.0876373039785533
legacy_current_default__ni_k5_r1,L3,32568,3734,0.1146524195529354
legacy_current_default__ni_k5_r1,L4,17383,2484,0.14289823390669046
legacy_current_default__ni_k5_r1,L5,41112,3892,0.09466822338976455
legacy_current_default__ni_k5_r1,R1,65498,1801,0.02749702280985679
legacy_current_default__ni_k5_r1,R2,58395,5509,0.09434026885863515
legacy_current_default__ni_k5_r1,R3,48125,5447,0.11318441558441558
legacy_current_default__ni_k5_r1,R4,31856,3638,0.11420140632847815
legacy_current_default__ni_k5_r1,R5,40324,3005,0.07452137684753497
legacy_current_default__ni_k5_r1,NA,0,0,
legacy_current_default__ni_k5_r2,L1,56961,1796,0.03153034532399361
legacy_current_default__ni_k5_r2,L2,42151,3694,0.0876373039785533
legacy_current_default__ni_k5_r2,L3,32568,3734,0.1146524195529354
legacy_current_default__ni_k5_r2,L4,17383,2484,0.14289823390669046
legacy_current_default__ni_k5_r2,L5,41112,3892,0.09466822338976455
legacy_current_default__ni_k5_r2,R1,65498,1801,0.02749702280985679
legacy_current_default__ni_k5_r2,R2,58395,5509,0.09434026885863515
legacy_current_default__ni_k5_r2,R3,48125,5447,0.11318441558441558
legacy_current_default__ni_k5_r2,R4,31856,3638,0.11420140632847815
legacy_current_default__ni_k5_r2,R5,40324,3005,0.07452137684753497
legacy_current_default__ni_k5_r2,NA,0,0,
legacy_current_default__ni_k5_r4,L1,56961,1889,0.03316304137918927
legacy_current_default__ni_k5_r4,L2,42151,3770,0.08944034542478232
legacy_current_default__ni_k5_r4,L3,32568,3793,0.11646401375583394
legacy_current_default__ni_k5_r4,L4,17383,2518,0.14485416786515562
legacy_current_default__ni_k5_r4,L5,41112,3981,0.09683304144775248
legacy_current_default__ni_k5_r4,R1,65498,1937,0.0295734220892241
legacy_current_default__ni_k5_r4,R2,58395,5603,0.09594999571881155
legacy_current_default__ni_k5_r4,R3,48125,5551,0.11534545454545454
legacy_current_default__ni_k5_r4,R4,31856,3718,0.11671270718232044
legacy_current_default__ni_k5_r4,R5,40324,3100,0.07687729391925405
legacy_current_default__ni_k5_r4,NA,0,0,
bl_span_practical__ni_k2_r1,L1,56961,6927,0.12160952230473482
bl_span_practical__ni_k2_r1,L2,42151,5577,0.13231002823183316
bl_span_practical__ni_k2_r1,L3,32568,5281,0.1621530336526652
bl_span_practical__ni_k2_r1,L4,17383,4216,0.24253581084968073
bl_span_practical__ni_k2_r1,L5,41112,9702,0.23598949211908932
bl_span_practical__ni_k2_r1,R1,65498,5332,0.08140706586460655
bl_span_practical__ni_k2_r1,R2,58395,5438,0.09312441133658704
bl_span_practical__ni_k2_r1,R3,48125,5375,0.11168831168831168
bl_span_practical__ni_k2_r1,R4,31856,4496,0.1411351079859367
bl_span_practical__ni_k2_r1,R5,40324,5288,0.13113778395000497
bl_span_practical__ni_k2_r1,NA,0,0,
bl_span_practical__ni_k2_r2,L1,56961,9117,0.16005688102385843
bl_span_practical__ni_k2_r2,L2,42151,7119,0.16889279020663803
bl_span_practical__ni_k2_r2,L3,32568,6464,0.19847703267010564
bl_span_practical__ni_k2_r2,L4,17383,4864,0.2798136109992521
bl_span_practical__ni_k2_r2,L5,41112,11107,0.2701644288772135
bl_span_practical__ni_k2_r2,R1,65498,8040,0.12275183975083209
bl_span_practical__ni_k2_r2,R2,58395,7647,0.1309529925507321
bl_span_practical__ni_k2_r2,R3,48125,7159,0.14875844155844156
bl_span_practical__ni_k2_r2,R4,31856,5779,0.18141009542943246
bl_span_practical__ni_k2_r2,R5,40324,6876,0.1705187977383196
bl_span_practical__ni_k2_r2,NA,0,0,
bl_span_practical__ni_k2_r4,L1,56961,12813,0.22494338231421498
bl_span_practical__ni_k2_r4,L2,42151,9819,0.23294821000688
bl_span_practical__ni_k2_r4,L3,32568,8512,0.2613608450012282
bl_span_practical__ni_k2_r4,L4,17383,5966,0.3432088822412702
bl_span_practical__ni_k2_r4,L5,41112,13441,0.32693617435298694
bl_span_practical__ni_k2_r4,R1,65498,12641,0.19299825948883936
bl_span_practical__ni_k2_r4,R2,58395,11397,0.19517081941947084
bl_span_practical__ni_k2_r4,R3,48125,10293,0.21388051948051948
bl_span_practical__ni_k2_r4,R4,31856,7988,0.2507533902561527
bl_span_practical__ni_k2_r4,R5,40324,9611,0.23834441027675826
bl_span_practical__ni_k2_r4,NA,0,0,
bl_span_practical__ni_k3_r1,L1,56961,5101,0.0895525008339039
bl_span_practical__ni_k3_r1,L2,42151,4343,0.10303432896016702
bl_span_practical__ni_k3_r1,L3,32568,4352,0.13362810120363547
bl_span_practical__ni_k3_r1,L4,17383,3687,0.2121037795547374
bl_span_practical__ni_k3_r1,L5,41112,8556,0.2081144191476941
bl_span_practical__ni_k3_r1,R1,65498,2794,0.04265779107759016
bl_span_practical__ni_k3_r1,R2,58395,3701,0.06337871393098725
bl_span_practical__ni_k3_r1,R3,48125,3945,0.08197402597402598
bl_span_practical__ni_k3_r1,R4,31856,3394,0.10654193872425917
bl_span_practical__ni_k3_r1,R5,40324,3959,0.09817974407300863
bl_span_practical__ni_k3_r1,NA,0,0,
bl_span_practical__ni_k3_r2,L1,56961,5679,0.09969979459630274
bl_span_practical__ni_k3_r2,L2,42151,4754,0.1127849873075372
bl_span_practical__ni_k3_r2,L3,32568,4686,0.14388356669123065
bl_span_practical__ni_k3_r2,L4,17383,3882,0.2233216360812288
bl_span_practical__ni_k3_r2,L5,41112,8906,0.21662774858921968
bl_span_practical__ni_k3_r2,R1,65498,3500,0.0534367461601881
bl_span_practical__ni_k3_r2,R2,58395,4250,0.07278020378457059
bl_span_practical__ni_k3_r2,R3,48125,4407,0.09157402597402597
bl_span_practical__ni_k3_r2,R4,31856,3720,0.1167754897036665
bl_span_practical__ni_k3_r2,R5,40324,4388,0.10881856958635056
bl_span_practical__ni_k3_r2,NA,0,0,
bl_span_practical__ni_k3_r4,L1,56961,6728,0.11811590386404733
bl_span_practical__ni_k3_r4,L2,42151,5527,0.1311238167540509
bl_span_practical__ni_k3_r4,L3,32568,5261,0.16153893392286908
bl_span_practical__ni_k3_r4,L4,17383,4235,0.24362883276764655
bl_span_practical__ni_k3_r4,L5,41112,9584,0.23311928390737496
bl_span_practical__ni_k3_r4,R1,65498,4831,0.07375797734281962
bl_span_practical__ni_k3_r4,R2,58395,5256,0.09000770613922425
bl_span_practical__ni_k3_r4,R3,48125,5321,0.11056623376623377
bl_span_practical__ni_k3_r4,R4,31856,4387,0.1377134605725766
bl_span_practical__ni_k3_r4,R5,40324,5190,0.1287074694970737
bl_span_practical__ni_k3_r4,NA,0,0,
bl_span_practical__ni_k5_r1,L1,56961,4609,0.08091501202577202
bl_span_practical__ni_k5_r1,L2,42151,3953,0.0937818794334654
bl_span_practical__ni_k5_r1,L3,32568,4089,0.1255526897568165
bl_span_practical__ni_k5_r1,L4,17383,3510,0.2019214174768452
bl_span_practical__ni_k5_r1,L5,41112,8220,0.19994162288382955
bl_span_practical__ni_k5_r1,R1,65498,2033,0.03103911569818926
bl_span_practical__ni_k5_r1,R2,58395,3230,0.055312954876273655
bl_span_practical__ni_k5_r1,R3,48125,3555,0.07387012987012986
bl_span_practical__ni_k5_r1,R4,31856,3086,0.09687343043696635
bl_span_practical__ni_k5_r1,R5,40324,3581,0.08880567404027379
bl_span_practical__ni_k5_r1,NA,0,0,
bl_span_practical__ni_k5_r2,L1,56961,4674,0.08205614367725286
bl_span_practical__ni_k5_r2,L2,42151,3993,0.0947308486156912
bl_span_practical__ni_k5_r2,L3,32568,4133,0.12690370916236796
bl_span_practical__ni_k5_r2,L4,17383,3536,0.20341713168037737
bl_span_practical__ni_k5_r2,L5,41112,8253,0.20074430823117337
bl_span_practical__ni_k5_r2,R1,65498,2112,0.0322452593972335
bl_span_practical__ni_k5_r2,R2,58395,3285,0.05625481633701516
bl_span_practical__ni_k5_r2,R3,48125,3608,0.07497142857142858
bl_span_practical__ni_k5_r2,R4,31856,3119,0.0979093420391763
bl_span_practical__ni_k5_r2,R5,40324,3623,0.08984723737724432
bl_span_practical__ni_k5_r2,NA,0,0,
bl_span_practical__ni_k5_r4,L1,56961,4763,0.08361861624620354
bl_span_practical__ni_k5_r4,L2,42151,4066,0.0964627173732533
bl_span_practical__ni_k5_r4,L3,32568,4204,0.1290837632031442
bl_span_practical__ni_k5_r4,L4,17383,3568,0.2052580107001093
bl_span_practical__ni_k5_r4,L5,41112,8339,0.20283615489394824
bl_span_practical__ni_k5_r4,R1,65498,2257,0.034459067452441296
bl_span_practical__ni_k5_r4,R2,58395,3395,0.058138539258498156
bl_span_practical__ni_k5_r4,R3,48125,3731,0.07752727272727272
bl_span_practical__ni_k5_r4,R4,31856,3206,0.10064038171772978
bl_span_practical__ni_k5_r4,R5,40324,3718,0.09220315444896339
bl_span_practical__ni_k5_r4,NA,0,0,
bl_span_comfortable__ni_k2_r1,L1,56961,9023,0.15840662909710151
bl_span_comfortable__ni_k2_r1,L2,42151,8469,0.20092050010675902
bl_span_comfortable__ni_k2_r1,L3,32568,8684,0.26664210267747485
bl_span_comfortable__ni_k2_r1,L4,17383,5624,0.3235344877178853
bl_span_comfortable__ni_k2_r1,L5,41112,12558,0.3054582603619381
bl_span_comfortable__ni_k2_r1,R1,65498,7477,0.11415615743992183
bl_span_comfortable__ni_k2_r1,R2,58395,9173,0.15708536689785085
bl_span_comfortable__ni_k2_r1,R3,48125,9235,0.1918961038961039
bl_span_comfortable__ni_k2_r1,R4,31856,7400,0.23229532898041186
bl_span_comfortable__ni_k2_r1,R5,40324,7970,0.19764904275369508
bl_span_comfortable__ni_k2_r1,NA,0,0,
bl_span_comfortable__ni_k2_r2,L1,56961,11125,0.1953090711188357
bl_span_comfortable__ni_k2_r2,L2,42151,9858,0.2338734549595502
bl_span_comfortable__ni_k2_r2,L3,32568,9693,0.29762343404568903
bl_span_comfortable__ni_k2_r2,L4,17383,6180,0.35551976068572744
bl_span_comfortable__ni_k2_r2,L5,41112,13781,0.335206265810469
bl_span_comfortable__ni_k2_r2,R1,65498,10039,0.15327185562917953
bl_span_comfortable__ni_k2_r2,R2,58395,11129,0.19058138539258498
bl_span_comfortable__ni_k2_r2,R3,48125,10766,0.2237090909090909
bl_span_comfortable__ni_k2_r2,R4,31856,8530,0.26776745354093423
bl_span_comfortable__ni_k2_r2,R5,40324,9407,0.23328538835432994
bl_span_comfortable__ni_k2_r2,NA,0,0,
bl_span_comfortable__ni_k2_r4,L1,56961,14612,0.25652639525289234
bl_span_comfortable__ni_k2_r4,L2,42151,12293,0.2916419539275462
bl_span_comfortable__ni_k2_r4,L3,32568,11424,0.3507737656595431
bl_span_comfortable__ni_k2_r4,L4,17383,7142,0.4108611862164183
bl_span_comfortable__ni_k2_r4,L5,41112,15828,0.38499708114419146
bl_span_comfortable__ni_k2_r4,R1,65498,14402,0.219884576628294
bl_span_comfortable__ni_k2_r4,R2,58395,14484,0.2480349344978166
bl_span_comfortable__ni_k2_r4,R3,48125,13450,0.2794805194805195
bl_span_comfortable__ni_k2_r4,R4,31856,10429,0.3273794575590156
bl_span_comfortable__ni_k2_r4,R5,40324,11887,0.2947872234897332
bl_span_comfortable__ni_k2_r4,NA,0,0,
bl_span_comfortable__ni_k3_r1,L1,56961,7308,0.12829830936956865
bl_span_comfortable__ni_k3_r1,L2,42151,7383,0.17515598680932837
bl_span_comfortable__ni_k3_r1,L3,32568,7902,0.24263080324244657
bl_span_comfortable__ni_k3_r1,L4,17383,5161,0.29689926940113903
bl_span_comfortable__ni_k3_r1,L5,41112,11552,0.2809885191671531
bl_span_comfortable__ni_k3_r1,R1,65498,5083,0.07760542306635317
bl_span_comfortable__ni_k3_r1,R2,58395,7617,0.13043924993578218
bl_span_comfortable__ni_k3_r1,R3,48125,7998,0.16619220779220778
bl_span_comfortable__ni_k3_r1,R4,31856,6456,0.20266197890507281
bl_span_comfortable__ni_k3_r1,R5,40324,6786,0.16828687630195416
bl_span_comfortable__ni_k3_r1,NA,0,0,
bl_span_comfortable__ni_k3_r2,L1,56961,7862,0.13802426221449765
bl_span_comfortable__ni_k3_r2,L2,42151,7754,0.18395767597447274
bl_span_comfortable__ni_k3_r2,L3,32568,8182,0.25122819945959224
bl_span_comfortable__ni_k3_r2,L4,17383,5326,0.30639130184663177
bl_span_comfortable__ni_k3_r2,L5,41112,11848,0.28818836349484334
bl_span_comfortable__ni_k3_r2,R1,65498,5758,0.08791108125438944
bl_span_comfortable__ni_k3_r2,R2,58395,8105,0.13879612980563405
bl_span_comfortable__ni_k3_r2,R3,48125,8399,0.17452467532467533
bl_span_comfortable__ni_k3_r2,R4,31856,6742,0.21163987945755902
bl_span_comfortable__ni_k3_r2,R5,40324,7176,0.17795853585953775
bl_span_comfortable__ni_k3_r2,NA,0,0,
bl_span_comfortable__ni_k3_r4,L1,56961,8842,0.1552290163445164
bl_span_comfortable__ni_k3_r4,L2,42151,8445,0.20035111859742355
bl_span_comfortable__ni_k3_r4,L3,32568,8664,0.2660280029476787
bl_span_comfortable__ni_k3_r4,L4,17383,5636,0.32422481735028474
bl_span_comfortable__ni_k3_r4,L5,41112,12450,0.30283129013426735
bl_span_comfortable__ni_k3_r4,R1,65498,7021,0.10719411279733733
bl_span_comfortable__ni_k3_r4,R2,58395,8998,0.1540885349773097
bl_span_comfortable__ni_k3_r4,R3,48125,9182,0.19079480519480518
bl_span_comfortable__ni_k3_r4,R4,31856,7319,0.22975263686589653
bl_span_comfortable__ni_k3_r4,R5,40324,7891,0.19568991171510763
bl_span_comfortable__ni_k3_r4,NA,0,0,
bl_span_comfortable__ni_k5_r1,L1,56961,6847,0.12020505257983533
bl_span_comfortable__ni_k5_r1,L2,42151,7036,0.1669236791535195
bl_span_comfortable__ni_k5_r1,L3,32568,7675,0.23566077130926064
bl_span_comfortable__ni_k5_r1,L4,17383,5008,0.2880975665880458
bl_span_comfortable__ni_k5_r1,L5,41112,11254,0.2737400272426542
bl_span_comfortable__ni_k5_r1,R1,65498,4364,0.06662798864087453
bl_span_comfortable__ni_k5_r1,R2,58395,7203,0.12334960184947341
bl_span_comfortable__ni_k5_r1,R3,48125,7664,0.15925194805194806
bl_span_comfortable__ni_k5_r1,R4,31856,6179,0.1939665996986439
bl_span_comfortable__ni_k5_r1,R5,40324,6451,0.1599791687332606
bl_span_comfortable__ni_k5_r1,NA,0,0,
bl_span_comfortable__ni_k5_r2,L1,56961,6908,0.12127596074507119
bl_span_comfortable__ni_k5_r2,L2,42151,7074,0.167825199876634
bl_span_comfortable__ni_k5_r2,L3,32568,7714,0.23685826578236305
bl_span_comfortable__ni_k5_r2,L4,17383,5031,0.2894206983834781
bl_span_comfortable__ni_k5_r2,L5,41112,11282,0.2744210935979763
bl_span_comfortable__ni_k5_r2,R1,65498,4443,0.06783413233991878
bl_span_comfortable__ni_k5_r2,R2,58395,7252,0.12418871478722493
bl_span_comfortable__ni_k5_r2,R3,48125,7713,0.16027012987012987
bl_span_comfortable__ni_k5_r2,R4,31856,6208,0.19487694625816174
bl_span_comfortable__ni_k5_r2,R5,40324,6488,0.16089673643487748
bl_span_comfortable__ni_k5_r2,NA,0,0,
bl_span_comfortable__ni_k5_r4,L1,56961,6991,0.12273309808465441
bl_span_comfortable__ni_k5_r4,L2,42151,7139,0.16936727479775093
bl_span_comfortable__ni_k5_r4,L3,32568,7777,0.23879267993122083
bl_span_comfortable__ni_k5_r4,L4,17383,5059,0.29103146752574355
bl_span_comfortable__ni_k5_r4,L5,41112,11360,0.2763183498735162
bl_span_comfortable__ni_k5_r4,R1,65498,4583,0.0699716021863263
bl_span_comfortable__ni_k5_r4,R2,58395,7351,0.12588406541655964
bl_span_comfortable__ni_k5_r4,R3,48125,7819,0.16247272727272727
bl_span_comfortable__ni_k5_r4,R4,31856,6283,0.19723129080863888
bl_span_comfortable__ni_k5_r4,R5,40324,6577,0.16310385874417221
bl_span_comfortable__ni_k5_r4,NA,0,0,
bl_span_relative__ni_k2_r1,L1,56961,24155,0.42406207756184056
bl_span_relative__ni_k2_r1,L2,42151,19563,0.4641171027970867
bl_span_relative__ni_k2_r1,L3,32568,14832,0.45541635961680177
bl_span_relative__ni_k2_r1,L4,17383,8614,0.49554162112408673
bl_span_relative__ni_k2_r1,L5,41112,23966,0.5829441525588636
bl_span_relative__ni_k2_r1,R1,65498,26576,0.40575284741518824
bl_span_relative__ni_k2_r1,R2,58395,21641,0.3705967976710335
bl_span_relative__ni_k2_r1,R3,48125,19610,0.4074805194805195
bl_span_relative__ni_k2_r1,R4,31856,13762,0.43200652938222
bl_span_relative__ni_k2_r1,R5,40324,20821,0.5163426247396091
bl_span_relative__ni_k2_r1,NA,0,0,
bl_span_relative__ni_k2_r2,L1,56961,25548,0.44851740664665296
bl_span_relative__ni_k2_r2,L2,42151,20469,0.4856112547745012
bl_span_relative__ni_k2_r2,L3,32568,15537,0.47706337509211494
bl_span_relative__ni_k2_r2,L4,17383,9000,0.5177472242996031
bl_span_relative__ni_k2_r2,L5,41112,24654,0.5996789258610624
bl_span_relative__ni_k2_r2,R1,65498,28161,0.4299520596048734
bl_span_relative__ni_k2_r2,R2,58395,22992,0.3937323400976111
bl_span_relative__ni_k2_r2,R3,48125,20667,0.42944415584415585
bl_span_relative__ni_k2_r2,R4,31856,14549,0.4567114515318935
bl_span_relative__ni_k2_r2,R5,40324,21653,0.5369754984624541
bl_span_relative__ni_k2_r2,NA,0,0,
bl_span_relative__ni_k2_r4,L1,56961,27773,0.4875792208704201
bl_span_relative__ni_k2_r4,L2,42151,22000,0.521933050224194
bl_span_relative__ni_k2_r4,L3,32568,16731,0.5137251289609432
bl_span_relative__ni_k2_r4,L4,17383,9661,0.5557728815509406
bl_span_relative__ni_k2_r4,L5,41112,25834,0.6283810079782058
bl_span_relative__ni_k2_r4,R1,65498,30859,0.47114415707349844
bl_span_relative__ni_k2_r4,R2,58395,25397,0.43491737306276224
bl_span_relative__ni_k2_r4,R3,48125,22497,0.46747012987012987
bl_span_relative__ni_k2_r4,R4,31856,15898,0.49905826217980914
bl_span_relative__ni_k2_r4,R5,40324,23077,0.5722894554111695
bl_span_relative__ni_k2_r4,NA,0,0,
bl_span_relative__ni_k3_r1,L1,56961,23048,0.40462772774354383
bl_span_relative__ni_k3_r1,L2,42151,18883,0.44798462669924793
bl_span_relative__ni_k3_r1,L3,32568,14293,0.43886637189879635
bl_span_relative__ni_k3_r1,L4,17383,8281,0.47638497382500145
bl_span_relative__ni_k3_r1,L5,41112,23368,0.568398521113057
bl_span_relative__ni_k3_r1,R1,65498,24997,0.3816452410760634
bl_span_relative__ni_k3_r1,R2,58395,20569,0.35223906156349005
bl_span_relative__ni_k3_r1,R3,48125,18725,0.3890909090909091
bl_span_relative__ni_k3_r1,R4,31856,13079,0.41056629834254144
bl_span_relative__ni_k3_r1,R5,40324,20100,0.49846245412161494
bl_span_relative__ni_k3_r1,NA,0,0,
bl_span_relative__ni_k3_r2,L1,56961,23414,0.411053176734959
bl_span_relative__ni_k3_r2,L2,42151,19130,0.4538445113994923
bl_span_relative__ni_k3_r2,L3,32568,14484,0.4447310243183493
bl_span_relative__ni_k3_r2,L4,17383,8389,0.48259794051659666
bl_span_relative__ni_k3_r2,L5,41112,23546,0.5727281572290329
bl_span_relative__ni_k3_r2,R1,65498,25386,0.3875843537207243
bl_span_relative__ni_k3_r2,R2,58395,20890,0.3577361075434541
bl_span_relative__ni_k3_r2,R3,48125,19002,0.3948467532467532
bl_span_relative__ni_k3_r2,R4,31856,13273,0.416656202913109
bl_span_relative__ni_k3_r2,R5,40324,20333,0.5042406507290943
bl_span_relative__ni_k3_r2,NA,0,0,
bl_span_relative__ni_k3_r4,L1,56961,24038,0.42200804058917507
bl_span_relative__ni_k3_r4,L2,42151,19583,0.46459158738819956
bl_span_relative__ni_k3_r4,L3,32568,14816,0.4549250798329649
bl_span_relative__ni_k3_r4,L4,17383,8597,0.49456365414485415
bl_span_relative__ni_k3_r4,L5,41112,23899,0.5813144580657715
bl_span_relative__ni_k3_r4,R1,65498,26160,0.39940150844300587
bl_span_relative__ni_k3_r4,R2,58395,21513,0.36840482918058054
bl_span_relative__ni_k3_r4,R3,48125,19534,0.4059012987012987
bl_span_relative__ni_k3_r4,R4,31856,13663,0.42889879457559016
bl_span_relative__ni_k3_r4,R5,40324,20734,0.5141851006844559
bl_span_relative__ni_k3_r4,NA,0,0,
bl_span_relative__ni_k5_r1,L1,56961,22754,0.3994663015045382
bl_span_relative__ni_k5_r1,L2,42151,18651,0.44248060544233825
bl_span_relative__ni_k5_r1,L3,32568,14133,0.4339535740604274
bl_span_relative__ni_k5_r1,L4,17383,8175,0.47028706207213944
bl_span_relative__ni_k5_r1,L5,41112,23192,0.5641175325938899
bl_span_relative__ni_k5_r1,R1,65498,24539,0.37465266114995877
bl_span_relative__ni_k5_r1,R2,58395,20270,0.34711876016782256
bl_span_relative__ni_k5_r1,R3,48125,18492,0.3842493506493507
bl_span_relative__ni_k5_r1,R4,31856,12892,0.4046961325966851
bl_span_relative__ni_k5_r1,R5,40324,19892,0.4933042356909037
bl_span_relative__ni_k5_r1,NA,0,0,
bl_span_relative__ni_k5_r2,L1,56961,22797,0.40022120398167166
bl_span_relative__ni_k5_r2,L2,42151,18678,0.44312115964034066
bl_span_relative__ni_k5_r2,L3,32568,14159,0.4347519037091624
bl_span_relative__ni_k5_r2,L4,17383,8189,0.47109244664327216
bl_span_relative__ni_k5_r2,L5,41112,23211,0.5645796847635727
bl_span_relative__ni_k5_r2,R1,65498,24583,0.3753244373874011
bl_span_relative__ni_k5_r2,R2,58395,20308,0.3477695008134258
bl_span_relative__ni_k5_r2,R3,48125,18529,0.3850181818181818
bl_span_relative__ni_k5_r2,R4,31856,12911,0.4052925665494726
bl_span_relative__ni_k5_r2,R5,40324,19917,0.4939242138676719
bl_span_relative__ni_k5_r2,NA,0,0,
bl_span_relative__ni_k5_r4,L1,56961,22851,0.40116922104597885
bl_span_relative__ni_k5_r4,L2,42151,18718,0.44407012882256647
bl_span_relative__ni_k5_r4,L3,32568,14199,0.43598010316875463
bl_span_relative__ni_k5_r4,L4,17383,8209,0.4722429960306046
bl_span_relative__ni_k5_r4,L5,41112,23257,0.5656985794901732
bl_span_relative__ni_k5_r4,R1,65498,24664,0.3765611163699655
bl_span_relative__ni_k5_r4,R2,58395,20376,0.3489339840739789
bl_span_relative__ni_k5_r4,R3,48125,18607,0.38663896103896106
bl_span_relative__ni_k5_r4,R4,31856,12960,0.40683073832245104
bl_span_relative__ni_k5_r4,R5,40324,19976,0.49538736236484476
bl_span_relative__ni_k5_r4,NA,0,0,
bl_crossing__ni_k2_r1,L1,56961,2716,0.047681747160337774
bl_crossing__ni_k2_r1,L2,42151,2871,0.06811226305425731
bl_crossing__ni_k2_r1,L3,32568,2827,0.08680299680668141
bl_crossing__ni_k2_r1,L4,17383,2025,0.11649312546741068
bl_crossing__ni_k2_r1,L5,41112,3402,0.08274956217162872
bl_crossing__ni_k2_r1,R1,65498,3555,0.05427646645699105
bl_crossing__ni_k2_r1,R2,58395,3659,0.06265947427005737
bl_crossing__ni_k2_r1,R3,48125,3541,0.07357922077922079
bl_crossing__ni_k2_r1,R4,31856,2829,0.088805876443998
bl_crossing__ni_k2_r1,R5,40324,3028,0.0750917567701617
bl_crossing__ni_k2_r1,NA,0,0,
bl_crossing__ni_k2_r2,L1,56961,5129,0.09004406523761872
bl_crossing__ni_k2_r2,L2,42151,4617,0.1095347678584138
bl_crossing__ni_k2_r2,L3,32568,4177,0.12825472856791942
bl_crossing__ni_k2_r2,L4,17383,2848,0.16383823275614107
bl_crossing__ni_k2_r2,L5,41112,5086,0.12371083868456899
bl_crossing__ni_k2_r2,R1,65498,6397,0.09766710433906378
bl_crossing__ni_k2_r2,R2,58395,6020,0.10309101806661529
bl_crossing__ni_k2_r2,R3,48125,5446,0.11316363636363637
bl_crossing__ni_k2_r2,R4,31856,4261,0.133758161727775
bl_crossing__ni_k2_r2,R5,40324,4763,0.11811824223787323
bl_crossing__ni_k2_r2,NA,0,0,
bl_crossing__ni_k2_r4,L1,56961,9185,0.16125068029002299
bl_crossing__ni_k2_r4,L2,42151,7595,0.18018552347512515
bl_crossing__ni_k2_r4,L3,32568,6483,0.19906042741341193
bl_crossing__ni_k2_r4,L4,17383,4213,0.24236322844158084
bl_crossing__ni_k2_r4,L5,41112,7946,0.1932769021210352
bl_crossing__ni_k2_r4,R1,65498,11175,0.17061589666860058
bl_crossing__ni_k2_r4,R2,58395,9928,0.1700145560407569
bl_crossing__ni_k2_r4,R3,48125,8784,0.1825246753246753
bl_crossing__ni_k2_r4,R4,31856,6643,0.20853214465092917
bl_crossing__ni_k2_r4,R5,40324,7728,0.1916476540025791
bl_crossing__ni_k2_r4,NA,0,0,
bl_crossing__ni_k3_r1,L1,56961,636,0.011165534312950967
bl_crossing__ni_k3_r1,L2,42151,1417,0.03361723328034922
bl_crossing__ni_k3_r1,L3,32568,1703,0.05229059199213952
bl_crossing__ni_k3_r1,L4,17383,1334,0.0767416441350745
bl_crossing__ni_k3_r1,L5,41112,1970,0.04791788285658689
bl_crossing__ni_k3_r1,R1,65498,899,0.013725609942288315
bl_crossing__ni_k3_r1,R2,58395,1761,0.030156691497559722
bl_crossing__ni_k3_r1,R3,48125,1968,0.040893506493506496
bl_crossing__ni_k3_r1,R4,31856,1571,0.04931567051732798
bl_crossing__ni_k3_r1,R5,40324,1559,0.03866183910326357
bl_crossing__ni_k3_r1,NA,0,0,
bl_crossing__ni_k3_r2,L1,56961,1299,0.022805077158055513
bl_crossing__ni_k3_r2,L2,42151,1880,0.044601551564612936
bl_crossing__ni_k3_r2,L3,32568,2087,0.06408130680422501
bl_crossing__ni_k3_r2,L4,17383,1575,0.09060576425243054
bl_crossing__ni_k3_r2,L5,41112,2398,0.05832846857365246
bl_crossing__ni_k3_r2,R1,65498,1648,0.025161073620568568
bl_crossing__ni_k3_r2,R2,58395,2346,0.04017467248908297
bl_crossing__ni_k3_r2,R3,48125,2463,0.05117922077922078
bl_crossing__ni_k3_r2,R4,31856,1948,0.06115017579105977
bl_crossing__ni_k3_r2,R5,40324,2030,0.050342227953576034
bl_crossing__ni_k3_r2,NA,0,0,
bl_crossing__ni_k3_r4,L1,56961,2472,0.04339811449939432
bl_crossing__ni_k3_r4,L2,42151,2753,0.06531280396669119
bl_crossing__ni_k3_r4,L3,32568,2743,0.08422377794153771
bl_crossing__ni_k3_r4,L4,17383,2034,0.11701087269171029
bl_crossing__ni_k3_r4,L5,41112,3213,0.0781523642732049
bl_crossing__ni_k3_r4,R1,65498,3054,0.04662737793520413
bl_crossing__ni_k3_r4,R2,58395,3410,0.05839541056597312
bl_crossing__ni_k3_r4,R3,48125,3454,0.07177142857142857
bl_crossing__ni_k3_r4,R4,31856,2678,0.08406579608237066
bl_crossing__ni_k3_r4,R5,40324,2905,0.07204146414046225
bl_crossing__ni_k3_r4,NA,0,0,
bl_crossing__ni_k5_r1,L1,56961,71,0.0012464668808482998
bl_crossing__ni_k5_r1,L2,42151,961,0.02279898460297502
bl_crossing__ni_k5_r1,L3,32568,1379,0.042342176369442396
bl_crossing__ni_k5_r1,L4,17383,1092,0.06281999654835184
bl_crossing__ni_k5_r1,L5,41112,1539,0.03743432574430823
bl_crossing__ni_k5_r1,R1,65498,85,0.001297749549604568
bl_crossing__ni_k5_r1,R2,58395,1237,0.02118332048976796
bl_crossing__ni_k5_r1,R3,48125,1526,0.03170909090909091
bl_crossing__ni_k5_r1,R4,31856,1214,0.038108990457056756
bl_crossing__ni_k5_r1,R5,40324,1134,0.028122210098204543
bl_crossing__ni_k5_r1,NA,0,0,
bl_crossing__ni_k5_r2,L1,56961,149,0.002615824862625305
bl_crossing__ni_k5_r2,L2,42151,1012,0.024008920310312924
bl_crossing__ni_k5_r2,L3,32568,1429,0.043877425693932694
bl_crossing__ni_k5_r2,L4,17383,1122,0.06454582062935052
bl_crossing__ni_k5_r2,L5,41112,1584,0.03852889667250438
bl_crossing__ni_k5_r2,R1,65498,172,0.0026260343827292434
bl_crossing__ni_k5_r2,R2,58395,1293,0.022142306704341124
bl_crossing__ni_k5_r2,R3,48125,1583,0.032893506493506496
bl_crossing__ni_k5_r2,R4,31856,1256,0.03942742340532396
bl_crossing__ni_k5_r2,R5,40324,1177,0.02918857256224581
bl_crossing__ni_k5_r2,NA,0,0,
bl_crossing__ni_k5_r4,L1,56961,257,0.0045118589912396204
bl_crossing__ni_k5_r4,L2,42151,1098,0.02604920405209841
bl_crossing__ni_k5_r4,L3,32568,1507,0.04627241464013756
bl_crossing__ni_k5_r4,L4,17383,1171,0.06736466662831501
bl_crossing__ni_k5_r4,L5,41112,1691,0.04113154310177077
bl_crossing__ni_k5_r4,R1,65498,333,0.005084124706097896
bl_crossing__ni_k5_r4,R2,58395,1412,0.024180152410309103
bl_crossing__ni_k5_r4,R3,48125,1715,0.03563636363636364
bl_crossing__ni_k5_r4,R4,31856,1353,0.04247237569060774
bl_crossing__ni_k5_r4,R5,40324,1281,0.03176768177760143
bl_crossing__ni_k5_r4,NA,0,0,
bl_step_crossing__ni_k2_r1,L1,56961,2716,0.047681747160337774
bl_step_crossing__ni_k2_r1,L2,42151,2301,0.05458945220753956
bl_step_crossing__ni_k2_r1,L3,32568,2040,0.06263817243920412
bl_step_crossing__ni_k2_r1,L4,17383,1338,0.07697175401254099
bl_step_crossing__ni_k2_r1,L5,41112,2350,0.05716092625024324
bl_step_crossing__ni_k2_r1,R1,65498,3555,0.05427646645699105
bl_step_crossing__ni_k2_r1,R2,58395,3038,0.05202500214059423
bl_step_crossing__ni_k2_r1,R3,48125,2851,0.05924155844155844
bl_step_crossing__ni_k2_r1,R4,31856,2307,0.07241963837267705
bl_step_crossing__ni_k2_r1,R5,40324,2523,0.0625681975994445
bl_step_crossing__ni_k2_r1,NA,0,0,
bl_step_crossing__ni_k2_r2,L1,56961,5129,0.09004406523761872
bl_step_crossing__ni_k2_r2,L2,42151,4098,0.09722189271903395
bl_step_crossing__ni_k2_r2,L3,32568,3451,0.10596290837632032
bl_step_crossing__ni_k2_r2,L4,17383,2216,0.1274808721164356
bl_step_crossing__ni_k2_r2,L5,41112,4105,0.09984919244989297
bl_step_crossing__ni_k2_r2,R1,65498,6397,0.09766710433906378
bl_step_crossing__ni_k2_r2,R2,58395,5446,0.09326140936724035
bl_step_crossing__ni_k2_r2,R3,48125,4801,0.09976103896103897
bl_step_crossing__ni_k2_r2,R4,31856,3774,0.11847061778001004
bl_step_crossing__ni_k2_r2,R5,40324,4302,0.10668584465826803
bl_step_crossing__ni_k2_r2,NA,0,0,
bl_step_crossing__ni_k2_r4,L1,56961,9185,0.16125068029002299
bl_step_crossing__ni_k2_r4,L2,42151,7136,0.169296102109084
bl_step_crossing__ni_k2_r4,L3,32568,5842,0.17937853107344634
bl_step_crossing__ni_k2_r4,L4,17383,3655,0.21026290053500546
bl_step_crossing__ni_k2_r4,L5,41112,7094,0.17255302588052152
bl_step_crossing__ni_k2_r4,R1,65498,11175,0.17061589666860058
bl_step_crossing__ni_k2_r4,R2,58395,9425,0.1614008048634301
bl_step_crossing__ni_k2_r4,R3,48125,8218,0.17076363636363637
bl_step_crossing__ni_k2_r4,R4,31856,6213,0.19503390256152686
bl_step_crossing__ni_k2_r4,R5,40324,7331,0.18180240055550045
bl_step_crossing__ni_k2_r4,NA,0,0,
bl_step_crossing__ni_k3_r1,L1,56961,636,0.011165534312950967
bl_step_crossing__ni_k3_r1,L2,42151,797,0.01890821095584921
bl_step_crossing__ni_k3_r1,L3,32568,861,0.026436993367722917
bl_step_crossing__ni_k3_r1,L4,17383,586,0.03371109704884082
bl_step_crossing__ni_k3_r1,L5,41112,855,0.020796847635726794
bl_step_crossing__ni_k3_r1,R1,65498,899,0.013725609942288315
bl_step_crossing__ni_k3_r1,R2,58395,1080,0.018494734138196762
bl_step_crossing__ni_k3_r1,R3,48125,1218,0.02530909090909091
bl_step_crossing__ni_k3_r1,R4,31856,1001,0.03142265193370166
bl_step_crossing__ni_k3_r1,R5,40324,1022,0.025344707866283105
bl_step_crossing__ni_k3_r1,NA,0,0,
bl_step_crossing__ni_k3_r2,L1,56961,1299,0.022805077158055513
bl_step_crossing__ni_k3_r2,L2,42151,1275,0.030248392683447606
bl_step_crossing__ni_k3_r2,L3,32568,1269,0.038964627855563747
bl_step_crossing__ni_k3_r2,L4,17383,852,0.04901340390036242
bl_step_crossing__ni_k3_r2,L5,41112,1303,0.03169390932087955
bl_step_crossing__ni_k3_r2,R1,65498,1648,0.025161073620568568
bl_step_crossing__ni_k3_r2,R2,58395,1683,0.028820960698689956
bl_step_crossing__ni_k3_r2,R3,48125,1732,0.03598961038961039
bl_step_crossing__ni_k3_r2,R4,31856,1396,0.04382219989954796
bl_step_crossing__ni_k3_r2,R5,40324,1506,0.03734748536851503
bl_step_crossing__ni_k3_r2,NA,0,0,
bl_step_crossing__ni_k3_r4,L1,56961,2472,0.04339811449939432
bl_step_crossing__ni_k3_r4,L2,42151,2175,0.05160019928352827
bl_step_crossing__ni_k3_r4,L3,32568,1956,0.06005895357406043
bl_step_crossing__ni_k3_r4,L4,17383,1339,0.07702928148190762
bl_step_crossing__ni_k3_r4,L5,41112,2157,0.052466433158201986
bl_step_crossing__ni_k3_r4,R1,65498,3054,0.04662737793520413
bl_step_crossing__ni_k3_r4,R2,58395,2767,0.047384193852213374
bl_step_crossing__ni_k3_r4,R3,48125,2750,0.05714285714285714
bl_step_crossing__ni_k3_r4,R4,31856,2149,0.06745981918633852
bl_step_crossing__ni_k3_r4,R5,40324,2397,0.05944350758853288
bl_step_crossing__ni_k3_r4,NA,0,0,
bl_step_crossing__ni_k5_r1,L1,56961,71,0.0012464668808482998
bl_step_crossing__ni_k5_r1,L2,42151,317,0.007520580769139522
bl_step_crossing__ni_k5_r1,L3,32568,508,0.01559813313682142
bl_step_crossing__ni_k5_r1,L4,17383,323,0.01858137260541909
bl_step_crossing__ni_k5_r1,L5,41112,391,0.0095106051761043
bl_step_crossing__ni_k5_r1,R1,65498,85,0.001297749549604568
bl_step_crossing__ni_k5_r1,R2,58395,536,0.009178868053771726
bl_step_crossing__ni_k5_r1,R3,48125,762,0.015833766233766235
bl_step_crossing__ni_k5_r1,R4,31856,627,0.01968232044198895
bl_step_crossing__ni_k5_r1,R5,40324,580,0.014383493701021724
bl_step_crossing__ni_k5_r1,NA,0,0,
bl_step_crossing__ni_k5_r2,L1,56961,149,0.002615824862625305
bl_step_crossing__ni_k5_r2,L2,42151,371,0.008801689165144361
bl_step_crossing__ni_k5_r2,L3,32568,560,0.01719479243429133
bl_step_crossing__ni_k5_r2,L4,17383,357,0.020537306563884253
bl_step_crossing__ni_k5_r2,L5,41112,438,0.010653823701109165
bl_step_crossing__ni_k5_r2,R1,65498,172,0.0026260343827292434
bl_step_crossing__ni_k5_r2,R2,58395,595,0.010189228529839884
bl_step_crossing__ni_k5_r2,R3,48125,821,0.01705974025974026
bl_step_crossing__ni_k5_r2,R4,31856,671,0.02106353591160221
bl_step_crossing__ni_k5_r2,R5,40324,627,0.015549052673345899
bl_step_crossing__ni_k5_r2,NA,0,0,
bl_step_crossing__ni_k5_r4,L1,56961,257,0.0045118589912396204
bl_step_crossing__ni_k5_r4,L2,42151,459,0.010889421366041138
bl_step_crossing__ni_k5_r4,L3,32568,644,0.01977401129943503
bl_step_crossing__ni_k5_r4,L4,17383,410,0.02358626244031525
bl_step_crossing__ni_k5_r4,L5,41112,551,0.013402412920801712
bl_step_crossing__ni_k5_r4,R1,65498,333,0.005084124706097896
bl_step_crossing__ni_k5_r4,R2,58395,717,0.01227844849730285
bl_step_crossing__ni_k5_r4,R3,48125,960,0.019948051948051947
bl_step_crossing__ni_k5_r4,R4,31856,772,0.024234053239578102
bl_step_crossing__ni_k5_r4,R5,40324,736,0.018252157524055155
bl_step_crossing__ni_k5_r4,NA,0,0,
bl_rate_q995__ni_k2_r1,L1,56961,3612,0.0634118080792121
bl_rate_q995__ni_k2_r1,L2,42151,2206,0.05233565039975327
bl_rate_q995__ni_k2_r1,L3,32568,1721,0.05284328174895603
bl_rate_q995__ni_k2_r1,L4,17383,1188,0.06834263360754761
bl_rate_q995__ni_k2_r1,L5,41112,2505,0.060931115002918854
bl_rate_q995__ni_k2_r1,R1,65498,4558,0.06958991114232496
bl_rate_q995__ni_k2_r1,R2,58395,2816,0.04822330678996489
bl_rate_q995__ni_k2_r1,R3,48125,2476,0.05144935064935065
bl_rate_q995__ni_k2_r1,R4,31856,2149,0.06745981918633852
bl_rate_q995__ni_k2_r1,R5,40324,3017,0.0748189663723837
bl_rate_q995__ni_k2_r1,NA,0,0,
bl_rate_q995__ni_k2_r2,L1,56961,5977,0.10493144432155334
bl_rate_q995__ni_k2_r2,L2,42151,4006,0.09503926359991459
bl_rate_q995__ni_k2_r2,L3,32568,3140,0.09641365757799067
bl_rate_q995__ni_k2_r2,L4,17383,2080,0.11965713628257493
bl_rate_q995__ni_k2_r2,L5,41112,4258,0.10357073360575987
bl_rate_q995__ni_k2_r2,R1,65498,7339,0.11204922287703441
bl_rate_q995__ni_k2_r2,R2,58395,5234,0.08963096155492765
bl_rate_q995__ni_k2_r2,R3,48125,4437,0.0921974025974026
bl_rate_q995__ni_k2_r2,R4,31856,3621,0.11366775489703666
bl_rate_q995__ni_k2_r2,R5,40324,4776,0.11844063088979268
bl_rate_q995__ni_k2_r2,NA,0,0,
bl_rate_q995__ni_k2_r4,L1,56961,9958,0.17482136900686435
bl_rate_q995__ni_k2_r4,L2,42151,7056,0.1673981637446324
bl_rate_q995__ni_k2_r4,L3,32568,5550,0.170412675018423
bl_rate_q995__ni_k2_r4,L4,17383,3513,0.20209399988494506
bl_rate_q995__ni_k2_r4,L5,41112,7256,0.17649348122202763
bl_rate_q995__ni_k2_r4,R1,65498,12013,0.1834101804635256
bl_rate_q995__ni_k2_r4,R2,58395,9233,0.15811285212775067
bl_rate_q995__ni_k2_r4,R3,48125,7863,0.163387012987013
bl_rate_q995__ni_k2_r4,R4,31856,6056,0.1901054746358614
bl_rate_q995__ni_k2_r4,R5,40324,7745,0.19206923916278146
bl_rate_q995__ni_k2_r4,NA,0,0,
bl_rate_q995__ni_k3_r1,L1,56961,1559,0.027369603763978862
bl_rate_q995__ni_k3_r1,L2,42151,694,0.016464615311617754
bl_rate_q995__ni_k3_r1,L3,32568,526,0.016150822893637926
bl_rate_q995__ni_k3_r1,L4,17383,427,0.024564229419547834
bl_rate_q995__ni_k3_r1,L5,41112,999,0.024299474605954465
bl_rate_q995__ni_k3_r1,R1,65498,1934,0.029527619163943936
bl_rate_q995__ni_k3_r1,R2,58395,834,0.014282044695607501
bl_rate_q995__ni_k3_r1,R3,48125,812,0.016872727272727272
bl_rate_q995__ni_k3_r1,R4,31856,823,0.02583500753390256
bl_rate_q995__ni_k3_r1,R5,40324,1493,0.037025096716595575
bl_rate_q995__ni_k3_r1,NA,0,0,
bl_rate_q995__ni_k3_r2,L1,56961,2212,0.038833587893470974
bl_rate_q995__ni_k3_r2,L2,42151,1172,0.02780479703921615
bl_rate_q995__ni_k3_r2,L3,32568,940,0.028862687300417588
bl_rate_q995__ni_k3_r2,L4,17383,699,0.040211701087269174
bl_rate_q995__ni_k3_r2,L5,41112,1453,0.03534247908153337
bl_rate_q995__ni_k3_r2,R1,65498,2666,0.04070353293230328
bl_rate_q995__ni_k3_r2,R2,58395,1436,0.02459114650226903
bl_rate_q995__ni_k3_r2,R3,48125,1331,0.027657142857142856
bl_rate_q995__ni_k3_r2,R4,31856,1223,0.038391511803114016
bl_rate_q995__ni_k3_r2,R5,40324,1983,0.04917666898125186
bl_rate_q995__ni_k3_r2,NA,0,0,
bl_rate_q995__ni_k3_r4,L1,56961,3357,0.05893506083109496
bl_rate_q995__ni_k3_r4,L2,42151,2080,0.049346397475741974
bl_rate_q995__ni_k3_r4,L3,32568,1635,0.05020265291083272
bl_rate_q995__ni_k3_r4,L4,17383,1181,0.06793994132198125
bl_rate_q995__ni_k3_r4,L5,41112,2313,0.05626094570928196
bl_rate_q995__ni_k3_r4,R1,65498,4043,0.06172707563589728
bl_rate_q995__ni_k3_r4,R2,58395,2526,0.04325712817878243
bl_rate_q995__ni_k3_r4,R3,48125,2353,0.048893506493506496
bl_rate_q995__ni_k3_r4,R4,31856,1975,0.06199773982923154
bl_rate_q995__ni_k3_r4,R5,40324,2853,0.07075190953278444
bl_rate_q995__ni_k3_r4,NA,0,0,
bl_rate_q995__ni_k5_r1,L1,56961,1000,0.017555871561243656
bl_rate_q995__ni_k5_r1,L2,42151,213,0.005053260895352424
bl_rate_q995__ni_k5_r1,L3,32568,169,0.005189142716777204
bl_rate_q995__ni_k5_r1,L4,17383,160,0.00920439509865961
bl_rate_q995__ni_k5_r1,L5,41112,535,0.01301323214633197
bl_rate_q995__ni_k5_r1,R1,65498,1129,0.017237167547100675
bl_rate_q995__ni_k5_r1,R2,58395,283,0.004846305334360819
bl_rate_q995__ni_k5_r1,R3,48125,350,0.007272727272727273
bl_rate_q995__ni_k5_r1,R4,31856,440,0.013812154696132596
bl_rate_q995__ni_k5_r1,R5,40324,1044,0.025890288661839102
bl_rate_q995__ni_k5_r1,NA,0,0,
bl_rate_q995__ni_k5_r2,L1,56961,1077,0.01890767367145942
bl_rate_q995__ni_k5_r2,L2,42151,268,0.006358093520912909
bl_rate_q995__ni_k5_r2,L3,32568,222,0.0068165070007369195
bl_rate_q995__ni_k5_r2,L4,17383,196,0.011275383995858023
bl_rate_q995__ni_k5_r2,L5,41112,583,0.014180774469741194
bl_rate_q995__ni_k5_r2,R1,65498,1215,0.018550184738465297
bl_rate_q995__ni_k5_r2,R2,58395,344,0.0058909153180923025
bl_rate_q995__ni_k5_r2,R3,48125,409,0.008498701298701299
bl_rate_q995__ni_k5_r2,R4,31856,484,0.015193370165745856
bl_rate_q995__ni_k5_r2,R5,40324,1089,0.027006249380021823
bl_rate_q995__ni_k5_r2,NA,0,0,
bl_rate_q995__ni_k5_r4,L1,56961,1184,0.020786151928512492
bl_rate_q995__ni_k5_r4,L2,42151,357,0.00846954995136533
bl_rate_q995__ni_k5_r4,L3,32568,308,0.009457135838860231
bl_rate_q995__ni_k5_r4,L4,17383,248,0.014266812402922395
bl_rate_q995__ni_k5_r4,L5,41112,699,0.017002335084646818
bl_rate_q995__ni_k5_r4,R1,65498,1373,0.02096247213655379
bl_rate_q995__ni_k5_r4,R2,58395,470,0.008048634300881924
bl_rate_q995__ni_k5_r4,R3,48125,551,0.01144935064935065
bl_rate_q995__ni_k5_r4,R4,31856,586,0.018395278754394777
bl_rate_q995__ni_k5_r4,R5,40324,1196,0.029659755976589625
bl_rate_q995__ni_k5_r4,NA,0,0,
bl_rate_q990__ni_k2_r1,L1,56961,3867,0.06788855532732922
bl_rate_q990__ni_k2_r1,L2,42151,2266,0.05375910417309198
bl_rate_q990__ni_k2_r1,L3,32568,1757,0.05394866126258904
bl_rate_q990__ni_k2_r1,L4,17383,1239,0.07127653454524535
bl_rate_q990__ni_k2_r1,L5,41112,2691,0.0654553415061296
bl_rate_q990__ni_k2_r1,R1,65498,4989,0.07617026474090811
bl_rate_q990__ni_k2_r1,R2,58395,2927,0.05012415446527956
bl_rate_q990__ni_k2_r1,R3,48125,2558,0.05315324675324675
bl_rate_q990__ni_k2_r1,R4,31856,2260,0.0709442491210447
bl_rate_q990__ni_k2_r1,R5,40324,3240,0.08034917170915584
bl_rate_q990__ni_k2_r1,NA,0,0,
bl_rate_q990__ni_k2_r2,L1,56961,6222,0.10923263285405804
bl_rate_q990__ni_k2_r2,L2,42151,4063,0.09639154468458637
bl_rate_q990__ni_k2_r2,L3,32568,3174,0.09745762711864407
bl_rate_q990__ni_k2_r2,L4,17383,2129,0.12247598228153944
bl_rate_q990__ni_k2_r2,L5,41112,4432,0.10780307452811831
bl_rate_q990__ni_k2_r2,R1,65498,7739,0.11815627958105591
bl_rate_q990__ni_k2_r2,R2,58395,5338,0.09141193595342068
bl_rate_q990__ni_k2_r2,R3,48125,4514,0.0937974025974026
bl_rate_q990__ni_k2_r2,R4,31856,3723,0.11686966348568559
bl_rate_q990__ni_k2_r2,R5,40324,4986,0.12364844757464537
bl_rate_q990__ni_k2_r2,NA,0,0,
bl_rate_q990__ni_k2_r4,L1,56961,10180,0.17871877249346044
bl_rate_q990__ni_k2_r4,L2,42151,7108,0.16863182368152593
bl_rate_q990__ni_k2_r4,L3,32568,5583,0.1714259395725866
bl_rate_q990__ni_k2_r4,L4,17383,3555,0.2045101535983432
bl_rate_q990__ni_k2_r4,L5,41112,7410,0.1802393461762989
bl_rate_q990__ni_k2_r4,R1,65498,12365,0.18878439036306452
bl_rate_q990__ni_k2_r4,R2,58395,9326,0.15970545423409538
bl_rate_q990__ni_k2_r4,R3,48125,7933,0.16484155844155843
bl_rate_q990__ni_k2_r4,R4,31856,6150,0.19305625313912606
bl_rate_q990__ni_k2_r4,R5,40324,7934,0.1967562741791489
bl_rate_q990__ni_k2_r4,NA,0,0,
bl_rate_q990__ni_k3_r1,L1,56961,1821,0.0319692421130247
bl_rate_q990__ni_k3_r1,L2,42151,754,0.017888069084956465
bl_rate_q990__ni_k3_r1,L3,32568,562,0.01725620240727094
bl_rate_q990__ni_k3_r1,L4,17383,481,0.027670712765345454
bl_rate_q990__ni_k3_r1,L5,41112,1190,0.028945320101187
bl_rate_q990__ni_k3_r1,R1,65498,2378,0.0363064521054078
bl_rate_q990__ni_k3_r1,R2,58395,949,0.01625139138624882
bl_rate_q990__ni_k3_r1,R3,48125,896,0.01861818181818182
bl_rate_q990__ni_k3_r1,R4,31856,938,0.029445002511300854
bl_rate_q990__ni_k3_r1,R5,40324,1721,0.042679297688721356
bl_rate_q990__ni_k3_r1,NA,0,0,
bl_rate_q990__ni_k3_r2,L1,56961,2472,0.04339811449939432
bl_rate_q990__ni_k3_r2,L2,42151,1232,0.02922825081255486
bl_rate_q990__ni_k3_r2,L3,32568,976,0.029968066814050603
bl_rate_q990__ni_k3_r2,L4,17383,753,0.043318184433066786
bl_rate_q990__ni_k3_r2,L5,41112,1643,0.03996400077836155
bl_rate_q990__ni_k3_r2,R1,65498,3104,0.047390760023206815
bl_rate_q990__ni_k3_r2,R2,58395,1549,0.026526243685247024
bl_rate_q990__ni_k3_r2,R3,48125,1413,0.029361038961038963
bl_rate_q990__ni_k3_r2,R4,31856,1334,0.041875941737820194
bl_rate_q990__ni_k3_r2,R5,40324,2209,0.05478127169923619
bl_rate_q990__ni_k3_r2,NA,0,0,
bl_rate_q990__ni_k3_r4,L1,56961,3612,0.0634118080792121
bl_rate_q990__ni_k3_r4,L2,42151,2138,0.050722402789969395
bl_rate_q990__ni_k3_r4,L3,32568,1670,0.051277327437975924
bl_rate_q990__ni_k3_r4,L4,17383,1231,0.07081631479031238
bl_rate_q990__ni_k3_r4,L5,41112,2498,0.060760848414088346
bl_rate_q990__ni_k3_r4,R1,65498,4461,0.06810894989159974
bl_rate_q990__ni_k3_r4,R2,58395,2632,0.04507235208493878
bl_rate_q990__ni_k3_r4,R3,48125,2432,0.05053506493506493
bl_rate_q990__ni_k3_r4,R4,31856,2080,0.06529382219989954
bl_rate_q990__ni_k3_r4,R5,40324,3072,0.07618291836127368
bl_rate_q990__ni_k3_r4,NA,0,0,
bl_rate_q990__ni_k5_r1,L1,56961,1264,0.022190621653411985
bl_rate_q990__ni_k5_r1,L2,42151,274,0.00650043889824678
bl_rate_q990__ni_k5_r1,L3,32568,206,0.006325227216900025
bl_rate_q990__ni_k5_r1,L4,17383,217,0.012483460852557096
bl_rate_q990__ni_k5_r1,L5,41112,728,0.017707725238373224
bl_rate_q990__ni_k5_r1,R1,65498,1578,0.024092338697364806
bl_rate_q990__ni_k5_r1,R2,58395,398,0.00681565202500214
bl_rate_q990__ni_k5_r1,R3,48125,434,0.009018181818181818
bl_rate_q990__ni_k5_r1,R4,31856,557,0.017484932194876946
bl_rate_q990__ni_k5_r1,R5,40324,1272,0.03154448963396488
bl_rate_q990__ni_k5_r1,NA,0,0,
bl_rate_q990__ni_k5_r2,L1,56961,1341,0.023542423763627744
bl_rate_q990__ni_k5_r2,L2,42151,329,0.007805271523807264
bl_rate_q990__ni_k5_r2,L3,32568,259,0.00795259150085974
bl_rate_q990__ni_k5_r2,L4,17383,253,0.014554449749755508
bl_rate_q990__ni_k5_r2,L5,41112,776,0.018875267561782448
bl_rate_q990__ni_k5_r2,R1,65498,1664,0.025405355888729428
bl_rate_q990__ni_k5_r2,R2,58395,459,0.007860262008733625
bl_rate_q990__ni_k5_r2,R3,48125,493,0.010244155844155844
bl_rate_q990__ni_k5_r2,R4,31856,601,0.018866147664490206
bl_rate_q990__ni_k5_r2,R5,40324,1317,0.0326604503521476
bl_rate_q990__ni_k5_r2,NA,0,0,
bl_rate_q990__ni_k5_r4,L1,56961,1448,0.025420902020680817
bl_rate_q990__ni_k5_r4,L2,42151,418,0.009916727954259685
bl_rate_q990__ni_k5_r4,L3,32568,345,0.01059322033898305
bl_rate_q990__ni_k5_r4,L4,17383,305,0.01754587815681988
bl_rate_q990__ni_k5_r4,L5,41112,892,0.021696828176688072
bl_rate_q990__ni_k5_r4,R1,65498,1819,0.027771840361537757
bl_rate_q990__ni_k5_r4,R2,58395,585,0.010017980991523246
bl_rate_q990__ni_k5_r4,R3,48125,635,0.013194805194805195
bl_rate_q990__ni_k5_r4,R4,31856,702,0.022036664992466096
bl_rate_q990__ni_k5_r4,R5,40324,1423,0.03528915782164468
bl_rate_q990__ni_k5_r4,NA,0,0,
bl_rate_q975__ni_k2_r1,L1,56961,4974,0.08732290514562595
bl_rate_q975__ni_k2_r1,L2,42151,2723,0.06460107708002183
bl_rate_q975__ni_k2_r1,L3,32568,2127,0.06530950626381725
bl_rate_q975__ni_k2_r1,L4,17383,1447,0.08324224817350284
bl_rate_q975__ni_k2_r1,L5,41112,3441,0.08369819030939872
bl_rate_q975__ni_k2_r1,R1,65498,6781,0.10352987877492442
bl_rate_q975__ni_k2_r1,R2,58395,4031,0.06902988269543625
bl_rate_q975__ni_k2_r1,R3,48125,3292,0.0684051948051948
bl_rate_q975__ni_k2_r1,R4,31856,2777,0.0871735308890005
bl_rate_q975__ni_k2_r1,R5,40324,4283,0.10621466124392422
bl_rate_q975__ni_k2_r1,NA,0,0,
bl_rate_q975__ni_k2_r2,L1,56961,7268,0.1275960745071189
bl_rate_q975__ni_k2_r2,L2,42151,4493,0.10659296339351379
bl_rate_q975__ni_k2_r2,L3,32568,3532,0.10845001228199459
bl_rate_q975__ni_k2_r2,L4,17383,2320,0.13346372893056435
bl_rate_q975__ni_k2_r2,L5,41112,5136,0.12492702860478692
bl_rate_q975__ni_k2_r2,R1,65498,9424,0.14388225594674647
bl_rate_q975__ni_k2_r2,R2,58395,6379,0.10923880469218256
bl_rate_q975__ni_k2_r2,R3,48125,5211,0.10828051948051948
bl_rate_q975__ni_k2_r2,R4,31856,4212,0.13221998995479659
bl_rate_q975__ni_k2_r2,R5,40324,5979,0.1482739807558774
bl_rate_q975__ni_k2_r2,NA,0,0,
bl_rate_q975__ni_k2_r4,L1,56961,11125,0.1953090711188357
bl_rate_q975__ni_k2_r4,L2,42151,7503,0.17800289435600578
bl_rate_q975__ni_k2_r4,L3,32568,5912,0.18152788012773274
bl_rate_q975__ni_k2_r4,L4,17383,3721,0.21405971351320255
bl_rate_q975__ni_k2_r4,L5,41112,8050,0.19580657715508853
bl_rate_q975__ni_k2_r4,R1,65498,13848,0.21142630309322422
bl_rate_q975__ni_k2_r4,R2,58395,10265,0.17578559808202757
bl_rate_q975__ni_k2_r4,R3,48125,8559,0.17784935064935065
bl_rate_q975__ni_k2_r4,R4,31856,6585,0.20671145153189352
bl_rate_q975__ni_k2_r4,R5,40324,8846,0.21937307806765202
bl_rate_q975__ni_k2_r4,NA,0,0,
bl_rate_q975__ni_k3_r1,L1,56961,2955,0.05187760046347501
bl_rate_q975__ni_k3_r1,L2,42151,1216,0.02884866313966454
bl_rate_q975__ni_k3_r1,L3,32568,938,0.028801277327437976
bl_rate_q975__ni_k3_r1,L4,17383,692,0.039809008801702815
bl_rate_q975__ni_k3_r1,L5,41112,1956,0.04757734967892586
bl_rate_q975__ni_k3_r1,R1,65498,4219,0.06441418058566674
bl_rate_q975__ni_k3_r1,R2,58395,2069,0.035431115677712136
bl_rate_q975__ni_k3_r1,R3,48125,1638,0.034036363636363635
bl_rate_q975__ni_k3_r1,R4,31856,1462,0.045894023103967854
bl_rate_q975__ni_k3_r1,R5,40324,2780,0.06894157325662137
bl_rate_q975__ni_k3_r1,NA,0,0,
bl_rate_q975__ni_k3_r2,L1,56961,3591,0.06304313477642598
bl_rate_q975__ni_k3_r2,L2,42151,1685,0.03997532680126213
bl_rate_q975__ni_k3_r2,L3,32568,1348,0.04139032178825841
bl_rate_q975__ni_k3_r2,L4,17383,959,0.05516884312259104
bl_rate_q975__ni_k3_r2,L5,41112,2399,0.05835279237205682
bl_rate_q975__ni_k3_r2,R1,65498,4920,0.07511679745946441
bl_rate_q975__ni_k3_r2,R2,58395,2648,0.0453463481462454
bl_rate_q975__ni_k3_r2,R3,48125,2147,0.044612987012987014
bl_rate_q975__ni_k3_r2,R4,31856,1855,0.05823078854846811
bl_rate_q975__ni_k3_r2,R5,40324,3254,0.08069635948814602
bl_rate_q975__ni_k3_r2,NA,0,0,
bl_rate_q975__ni_k3_r4,L1,56961,4693,0.08238970523691648
bl_rate_q975__ni_k3_r4,L2,42151,2582,0.061255960712675854
bl_rate_q975__ni_k3_r4,L3,32568,2030,0.06233112257430607
bl_rate_q975__ni_k3_r4,L4,17383,1429,0.08220675372490364
bl_rate_q975__ni_k3_r4,L5,41112,3235,0.0786874878381008
bl_rate_q975__ni_k3_r4,R1,65498,6209,0.09479678768817368
bl_rate_q975__ni_k3_r4,R2,58395,3696,0.06329309016182892
bl_rate_q975__ni_k3_r4,R3,48125,3150,0.06545454545454546
bl_rate_q975__ni_k3_r4,R4,31856,2584,0.08111501757910598
bl_rate_q975__ni_k3_r4,R5,40324,4091,0.10145322884634461
bl_rate_q975__ni_k3_r4,NA,0,0,
bl_rate_q975__ni_k5_r1,L1,56961,2401,0.04215164761854602
bl_rate_q975__ni_k5_r1,L2,42151,741,0.017579654100733078
bl_rate_q975__ni_k5_r1,L3,32568,584,0.017931712110046672
bl_rate_q975__ni_k5_r1,L4,17383,430,0.0247368118276477
bl_rate_q975__ni_k5_r1,L5,41112,1500,0.036485697606538234
bl_rate_q975__ni_k5_r1,R1,65498,3434,0.05242908180402455
bl_rate_q975__ni_k5_r1,R2,58395,1524,0.026098124839455433
bl_rate_q975__ni_k5_r1,R3,48125,1182,0.02456103896103896
bl_rate_q975__ni_k5_r1,R4,31856,1087,0.03412230035158212
bl_rate_q975__ni_k5_r1,R5,40324,2342,0.058079555599642896
bl_rate_q975__ni_k5_r1,NA,0,0,
bl_rate_q975__ni_k5_r2,L1,56961,2472,0.04339811449939432
bl_rate_q975__ni_k5_r2,L2,42151,795,0.018860762496737918
bl_rate_q975__ni_k5_r2,L3,32568,637,0.019559076394006388
bl_rate_q975__ni_k5_r2,L4,17383,464,0.02669274578611287
bl_rate_q975__ni_k5_r2,L5,41112,1547,0.0376289161315431
bl_rate_q975__ni_k5_r2,R1,65498,3516,0.05368102842834896
bl_rate_q975__ni_k5_r2,R2,58395,1584,0.027125610069355252
bl_rate_q975__ni_k5_r2,R3,48125,1241,0.025787012987012987
bl_rate_q975__ni_k5_r2,R4,31856,1131,0.03550351582119538
bl_rate_q975__ni_k5_r2,R5,40324,2387,0.05919551631782561
bl_rate_q975__ni_k5_r2,NA,0,0,
bl_rate_q975__ni_k5_r4,L1,56961,2577,0.045241481013324904
bl_rate_q975__ni_k5_r4,L2,42151,884,0.02097221892719034
bl_rate_q975__ni_k5_r4,L3,32568,723,0.022199705232129698
bl_rate_q975__ni_k5_r4,L4,17383,516,0.029684174193177242
bl_rate_q975__ni_k5_r4,L5,41112,1660,0.040377505351235646
bl_rate_q975__ni_k5_r4,R1,65498,3663,0.055925371767076855
bl_rate_q975__ni_k5_r4,R2,58395,1707,0.029231954790649883
bl_rate_q975__ni_k5_r4,R3,48125,1380,0.028675324675324677
bl_rate_q975__ni_k5_r4,R4,31856,1228,0.038548468106479154
bl_rate_q975__ni_k5_r4,R5,40324,2493,0.061824223787322684
bl_rate_q975__ni_k5_r4,NA,0,0,
bl_hmm_disagreement__ni_k2_r1,L1,56961,23038,0.4044521690279314
bl_hmm_disagreement__ni_k2_r1,L2,42151,33984,0.8062442172190458
bl_hmm_disagreement__ni_k2_r1,L3,32568,29706,0.9121223286661754
bl_hmm_disagreement__ni_k2_r1,L4,17383,16926,0.9737099464994535
bl_hmm_disagreement__ni_k2_r1,L5,41112,23054,0.5607608484140884
bl_hmm_disagreement__ni_k2_r1,R1,65498,31737,0.48454914653882564
bl_hmm_disagreement__ni_k2_r1,R2,58395,38755,0.6636698347461255
bl_hmm_disagreement__ni_k2_r1,R3,48125,40151,0.8343064935064936
bl_hmm_disagreement__ni_k2_r1,R4,31856,28866,0.9061401305876444
bl_hmm_disagreement__ni_k2_r1,R5,40324,20900,0.5183017557781966
bl_hmm_disagreement__ni_k2_r1,NA,0,0,
bl_hmm_disagreement__ni_k2_r2,L1,56961,24633,0.43245378416811503
bl_hmm_disagreement__ni_k2_r2,L2,42151,34340,0.8146900429408555
bl_hmm_disagreement__ni_k2_r2,L3,32568,29830,0.9159297469909113
bl_hmm_disagreement__ni_k2_r2,L4,17383,16963,0.9758384628660185
bl_hmm_disagreement__ni_k2_r2,L5,41112,23991,0.5835522475189726
bl_hmm_disagreement__ni_k2_r2,R1,65498,33402,0.5099697700693151
bl_hmm_disagreement__ni_k2_r2,R2,58395,39563,0.6775066358421098
bl_hmm_disagreement__ni_k2_r2,R3,48125,40450,0.8405194805194806
bl_hmm_disagreement__ni_k2_r2,R4,31856,29026,0.911162732295329
bl_hmm_disagreement__ni_k2_r2,R5,40324,21796,0.5405217736335681
bl_hmm_disagreement__ni_k2_r2,NA,0,0,
bl_hmm_disagreement__ni_k2_r4,L1,56961,27310,0.4794508523375643
bl_hmm_disagreement__ni_k2_r4,L2,42151,34963,0.8294702379540224
bl_hmm_disagreement__ni_k2_r4,L3,32568,30029,0.9220400393023827
bl_hmm_disagreement__ni_k2_r4,L4,17383,17004,0.9781970891100501
bl_hmm_disagreement__ni_k2_r4,L5,41112,25506,0.6204028021015762
bl_hmm_disagreement__ni_k2_r4,R1,65498,36189,0.5525206876545848
bl_hmm_disagreement__ni_k2_r4,R2,58395,40942,0.7011216713759739
bl_hmm_disagreement__ni_k2_r4,R3,48125,40975,0.8514285714285714
bl_hmm_disagreement__ni_k2_r4,R4,31856,29317,0.9202975891511803
bl_hmm_disagreement__ni_k2_r4,R5,40324,23358,0.5792580101180439
bl_hmm_disagreement__ni_k2_r4,NA,0,0,
bl_hmm_disagreement__ni_k3_r1,L1,56961,21717,0.3812608626955285
bl_hmm_disagreement__ni_k3_r1,L2,42151,33733,0.8002894356005789
bl_hmm_disagreement__ni_k3_r1,L3,32568,29602,0.9089290100712356
bl_hmm_disagreement__ni_k3_r1,L4,17383,16901,0.9722717597652879
bl_hmm_disagreement__ni_k3_r1,L5,41112,22295,0.54229908542518
bl_hmm_disagreement__ni_k3_r1,R1,65498,30259,0.4619835720174662
bl_hmm_disagreement__ni_k3_r1,R2,58395,38139,0.6531209863858207
bl_hmm_disagreement__ni_k3_r1,R3,48125,39898,0.8290493506493507
bl_hmm_disagreement__ni_k3_r1,R4,31856,28728,0.9018081366147664
bl_hmm_disagreement__ni_k3_r1,R5,40324,20143,0.4995288165856562
bl_hmm_disagreement__ni_k3_r1,NA,0,0,
bl_hmm_disagreement__ni_k3_r2,L1,56961,22168,0.3891785607696494
bl_hmm_disagreement__ni_k3_r2,L2,42151,33819,0.8023297193423644
bl_hmm_disagreement__ni_k3_r2,L3,32568,29639,0.9100650945713584
bl_hmm_disagreement__ni_k3_r2,L4,17383,16912,0.9729045619283208
bl_hmm_disagreement__ni_k3_r2,L5,41112,22535,0.5481367970422261
bl_hmm_disagreement__ni_k3_r2,R1,65498,30726,0.4691135607194113
bl_hmm_disagreement__ni_k3_r2,R2,58395,38348,0.6567000599366384
bl_hmm_disagreement__ni_k3_r2,R3,48125,39964,0.8304207792207792
bl_hmm_disagreement__ni_k3_r2,R4,31856,28773,0.9032207433450528
bl_hmm_disagreement__ni_k3_r2,R5,40324,20385,0.5055302053367722
bl_hmm_disagreement__ni_k3_r2,NA,0,0,
bl_hmm_disagreement__ni_k3_r4,L1,56961,22964,0.40315303453239937
bl_hmm_disagreement__ni_k3_r4,L2,42151,34013,0.8069322198761595
bl_hmm_disagreement__ni_k3_r4,L3,32568,29703,0.912030213706706
bl_hmm_disagreement__ni_k3_r4,L4,17383,16927,0.9737674739688201
bl_hmm_disagreement__ni_k3_r4,L5,41112,22967,0.5586446779529092
bl_hmm_disagreement__ni_k3_r4,R1,65498,31535,0.48146508290329476
bl_hmm_disagreement__ni_k3_r4,R2,58395,38731,0.6632588406541656
bl_hmm_disagreement__ni_k3_r4,R3,48125,40118,0.8336207792207793
bl_hmm_disagreement__ni_k3_r4,R4,31856,28855,0.905794826720241
bl_hmm_disagreement__ni_k3_r4,R5,40324,20853,0.5171361968058724
bl_hmm_disagreement__ni_k3_r4,NA,0,0,
bl_hmm_disagreement__ni_k5_r1,L1,56961,21360,0.37499341654816454
bl_hmm_disagreement__ni_k5_r1,L2,42151,33639,0.7980593580223482
bl_hmm_disagreement__ni_k5_r1,L3,32568,29577,0.9081613854089904
bl_hmm_disagreement__ni_k5_r1,L4,17383,16886,0.9714088477247886
bl_hmm_disagreement__ni_k5_r1,L5,41112,22039,0.5360721930336642
bl_hmm_disagreement__ni_k5_r1,R1,65498,29810,0.4551284008672021
bl_hmm_disagreement__ni_k5_r1,R2,58395,37964,0.6501241544652796
bl_hmm_disagreement__ni_k5_r1,R3,48125,39829,0.8276155844155845
bl_hmm_disagreement__ni_k5_r1,R4,31856,28693,0.9007094424912104
bl_hmm_disagreement__ni_k5_r1,R5,40324,19941,0.4945193929173693
bl_hmm_disagreement__ni_k5_r1,NA,0,0,
bl_hmm_disagreement__ni_k5_r2,L1,56961,21415,0.37595898948403295
bl_hmm_disagreement__ni_k5_r2,L2,42151,33651,0.7983440487770159
bl_hmm_disagreement__ni_k5_r2,L3,32568,29583,0.9083456153279292
bl_hmm_disagreement__ni_k5_r2,L4,17383,16887,0.9714663751941552
bl_hmm_disagreement__ni_k5_r2,L5,41112,22067,0.5367532593889862
bl_hmm_disagreement__ni_k5_r2,R1,65498,29859,0.4558765153134447
bl_hmm_disagreement__ni_k5_r2,R2,58395,37984,0.6504666495419128
bl_hmm_disagreement__ni_k5_r2,R3,48125,39838,0.8278025974025974
bl_hmm_disagreement__ni_k5_r2,R4,31856,28695,0.9007722250125565
bl_hmm_disagreement__ni_k5_r2,R5,40324,19963,0.4950649737129253
bl_hmm_disagreement__ni_k5_r2,NA,0,0,
bl_hmm_disagreement__ni_k5_r4,L1,56961,21483,0.3771527887501975
bl_hmm_disagreement__ni_k5_r4,L2,42151,33670,0.7987948091385733
bl_hmm_disagreement__ni_k5_r4,L3,32568,29592,0.9086219602063376
bl_hmm_disagreement__ni_k5_r4,L4,17383,16888,0.9715239026635218
bl_hmm_disagreement__ni_k5_r4,L5,41112,22125,0.538164039696439
bl_hmm_disagreement__ni_k5_r4,R1,65498,29955,0.45734220892240984
bl_hmm_disagreement__ni_k5_r4,R2,58395,38024,0.6511516396951794
bl_hmm_disagreement__ni_k5_r4,R3,48125,39860,0.8282597402597403
bl_hmm_disagreement__ni_k5_r4,R4,31856,28702,0.9009919638372677
bl_hmm_disagreement__ni_k5_r4,R5,40324,20033,0.4968009126078762
bl_hmm_disagreement__ni_k5_r4,NA,0,0,
bl_practical_or_rate995__ni_k2_r1,L1,56961,7823,0.13733958322360915
bl_practical_or_rate995__ni_k2_r1,L2,42151,5735,0.1360584565016251
bl_practical_or_rate995__ni_k2_r1,L3,32568,5389,0.16546917219356425
bl_practical_or_rate995__ni_k2_r1,L4,17383,4328,0.24897888741874244
bl_practical_or_rate995__ni_k2_r1,L5,41112,10165,0.24725141078030746
bl_practical_or_rate995__ni_k2_r1,R1,65498,6333,0.09668997526642036
bl_practical_or_rate995__ni_k2_r1,R2,58395,5654,0.0968233581642264
bl_practical_or_rate995__ni_k2_r1,R3,48125,5656,0.11752727272727273
bl_practical_or_rate995__ni_k2_r1,R4,31856,4880,0.1531893520843797
bl_practical_or_rate995__ni_k2_r1,R5,40324,6252,0.1550441424461859
bl_practical_or_rate995__ni_k2_r1,NA,0,0,
bl_practical_or_rate995__ni_k2_r2,L1,56961,9965,0.17494426010779304
bl_practical_or_rate995__ni_k2_r2,L2,42151,7268,0.17242770041042918
bl_practical_or_rate995__ni_k2_r2,L3,32568,6566,0.20160894129206583
bl_practical_or_rate995__ni_k2_r2,L4,17383,4970,0.2859115227521141
bl_practical_or_rate995__ni_k2_r2,L5,41112,11547,0.28086690017513133
bl_practical_or_rate995__ni_k2_r2,R1,65498,8980,0.1371034230052826
bl_practical_or_rate995__ni_k2_r2,R2,58395,7853,0.1344806918400548
bl_practical_or_rate995__ni_k2_r2,R3,48125,7422,0.15422337662337662
bl_practical_or_rate995__ni_k2_r2,R4,31856,6134,0.1925539929683576
bl_practical_or_rate995__ni_k2_r2,R5,40324,7792,0.19323479813510563
bl_practical_or_rate995__ni_k2_r2,NA,0,0,
bl_practical_or_rate995__ni_k2_r4,L1,56961,13586,0.23851407103105635
bl_practical_or_rate995__ni_k2_r4,L2,42151,9950,0.23605608407866954
bl_practical_or_rate995__ni_k2_r4,L3,32568,8601,0.26409358879882094
bl_practical_or_rate995__ni_k2_r4,L4,17383,6053,0.3482137720761664
bl_practical_or_rate995__ni_k2_r4,L5,41112,13845,0.33676298890834794
bl_practical_or_rate995__ni_k2_r4,R1,65498,13477,0.20576200800024427
bl_practical_or_rate995__ni_k2_r4,R2,58395,11585,0.1983902731398236
bl_practical_or_rate995__ni_k2_r4,R3,48125,10517,0.21853506493506494
bl_practical_or_rate995__ni_k2_r4,R4,31856,8295,0.26039050728277247
bl_practical_or_rate995__ni_k2_r4,R5,40324,10428,0.2586052970935423
bl_practical_or_rate995__ni_k2_r4,NA,0,0,
bl_practical_or_rate995__ni_k3_r1,L1,56961,6024,0.1057565702849318
bl_practical_or_rate995__ni_k3_r1,L2,42151,4502,0.1068064814595146
bl_practical_or_rate995__ni_k3_r1,L3,32568,4461,0.1369749447310243
bl_practical_or_rate995__ni_k3_r1,L4,17383,3803,0.21877696600126562
bl_practical_or_rate995__ni_k3_r1,L5,41112,9025,0.2195222805993384
bl_practical_or_rate995__ni_k3_r1,R1,65498,3827,0.05842926501572567
bl_practical_or_rate995__ni_k3_r1,R2,58395,3924,0.06719753403544824
bl_practical_or_rate995__ni_k3_r1,R3,48125,4235,0.088
bl_practical_or_rate995__ni_k3_r1,R4,31856,3783,0.1187531391260673
bl_practical_or_rate995__ni_k3_r1,R5,40324,4938,0.12245808947525047
bl_practical_or_rate995__ni_k3_r1,NA,0,0,
bl_practical_or_rate995__ni_k3_r2,L1,56961,6592,0.1157283053317182
bl_practical_or_rate995__ni_k3_r2,L2,42151,4909,0.11646224288866219
bl_practical_or_rate995__ni_k3_r2,L3,32568,4795,0.14723041021861952
bl_practical_or_rate995__ni_k3_r2,L4,17383,3996,0.22987976758902376
bl_practical_or_rate995__ni_k3_r2,L5,41112,9371,0.22793831484724655
bl_practical_or_rate995__ni_k3_r2,R1,65498,4516,0.0689486701884027
bl_practical_or_rate995__ni_k3_r2,R2,58395,4465,0.07646202585837829
bl_practical_or_rate995__ni_k3_r2,R3,48125,4693,0.09751688311688311
bl_practical_or_rate995__ni_k3_r2,R4,31856,4104,0.1288297338021095
bl_practical_or_rate995__ni_k3_r2,R5,40324,5356,0.1328241245908144
bl_practical_or_rate995__ni_k3_r2,NA,0,0,
bl_practical_or_rate995__ni_k3_r4,L1,56961,7613,0.13365285019574796
bl_practical_or_rate995__ni_k3_r4,L2,42151,5677,0.1346824511873977
bl_practical_or_rate995__ni_k3_r4,L3,32568,5368,0.1648243674772783
bl_practical_or_rate995__ni_k3_r4,L4,17383,4339,0.2496116895817753
bl_practical_or_rate995__ni_k3_r4,L5,41112,10038,0.2441622883829539
bl_practical_or_rate995__ni_k3_r4,R1,65498,5818,0.08882713975999267
bl_practical_or_rate995__ni_k3_r4,R2,58395,5467,0.09362102919770528
bl_practical_or_rate995__ni_k3_r4,R3,48125,5592,0.11619740259740259
bl_practical_or_rate995__ni_k3_r4,R4,31856,4756,0.14929683576092415
bl_practical_or_rate995__ni_k3_r4,R5,40324,6130,0.15201864894355718
bl_practical_or_rate995__ni_k3_r4,NA,0,0,
bl_practical_or_rate995__ni_k5_r1,L1,56961,5538,0.09722441670616738
bl_practical_or_rate995__ni_k5_r1,L2,42151,4114,0.09760148039192428
bl_practical_or_rate995__ni_k5_r1,L3,32568,4198,0.12889953328420536
bl_practical_or_rate995__ni_k5_r1,L4,17383,3626,0.20859460392337342
bl_practical_or_rate995__ni_k5_r1,L5,41112,8694,0.21147110332749564
bl_practical_or_rate995__ni_k5_r1,R1,65498,3074,0.046932730770405204
bl_practical_or_rate995__ni_k5_r1,R2,58395,3455,0.05916602448839798
bl_practical_or_rate995__ni_k5_r1,R3,48125,3848,0.07995844155844156
bl_practical_or_rate995__ni_k5_r1,R4,31856,3480,0.10924158714213963
bl_practical_or_rate995__ni_k5_r1,R5,40324,4566,0.11323281420493998
bl_practical_or_rate995__ni_k5_r1,NA,0,0,
bl_practical_or_rate995__ni_k5_r2,L1,56961,5602,0.09834799248608697
bl_practical_or_rate995__ni_k5_r2,L2,42151,4154,0.09855044957415007
bl_practical_or_rate995__ni_k5_r2,L3,32568,4242,0.13025055268975683
bl_practical_or_rate995__ni_k5_r2,L4,17383,3652,0.2100903181269056
bl_practical_or_rate995__ni_k5_r2,L5,41112,8727,0.21227378867483945
bl_practical_or_rate995__ni_k5_r2,R1,65498,3152,0.048123606827689396
bl_practical_or_rate995__ni_k5_r2,R2,58395,3510,0.06010788594913948
bl_practical_or_rate995__ni_k5_r2,R3,48125,3901,0.08105974025974026
bl_practical_or_rate995__ni_k5_r2,R4,31856,3513,0.11027749874434957
bl_practical_or_rate995__ni_k5_r2,R5,40324,4605,0.11419998016069835
bl_practical_or_rate995__ni_k5_r2,NA,0,0,
bl_practical_or_rate995__ni_k5_r4,L1,56961,5690,0.09989290918347642
bl_practical_or_rate995__ni_k5_r4,L2,42151,4226,0.10025859410215653
bl_practical_or_rate995__ni_k5_r4,L3,32568,4313,0.13243060673053303
bl_practical_or_rate995__ni_k5_r4,L4,17383,3683,0.2118736696772709
bl_practical_or_rate995__ni_k5_r4,L5,41112,8813,0.21436563533761432
bl_practical_or_rate995__ni_k5_r4,R1,65498,3294,0.05029161195761703
bl_practical_or_rate995__ni_k5_r4,R2,58395,3620,0.06199160887062249
bl_practical_or_rate995__ni_k5_r4,R3,48125,4024,0.08361558441558442
bl_practical_or_rate995__ni_k5_r4,R4,31856,3598,0.112945755901557
bl_practical_or_rate995__ni_k5_r4,R5,40324,4695,0.11643190159706378
bl_practical_or_rate995__ni_k5_r4,NA,0,0,
bl_practical_or_crossing__ni_k2_r1,L1,56961,6927,0.12160952230473482
bl_practical_or_crossing__ni_k2_r1,L2,42151,5577,0.13231002823183316
bl_practical_or_crossing__ni_k2_r1,L3,32568,5281,0.1621530336526652
bl_practical_or_crossing__ni_k2_r1,L4,17383,4216,0.24253581084968073
bl_practical_or_crossing__ni_k2_r1,L5,41112,9702,0.23598949211908932
bl_practical_or_crossing__ni_k2_r1,R1,65498,5332,0.08140706586460655
bl_practical_or_crossing__ni_k2_r1,R2,58395,5438,0.09312441133658704
bl_practical_or_crossing__ni_k2_r1,R3,48125,5375,0.11168831168831168
bl_practical_or_crossing__ni_k2_r1,R4,31856,4496,0.1411351079859367
bl_practical_or_crossing__ni_k2_r1,R5,40324,5288,0.13113778395000497
bl_practical_or_crossing__ni_k2_r1,NA,0,0,
bl_practical_or_crossing__ni_k2_r2,L1,56961,9117,0.16005688102385843
bl_practical_or_crossing__ni_k2_r2,L2,42151,7119,0.16889279020663803
bl_practical_or_crossing__ni_k2_r2,L3,32568,6464,0.19847703267010564
bl_practical_or_crossing__ni_k2_r2,L4,17383,4864,0.2798136109992521
bl_practical_or_crossing__ni_k2_r2,L5,41112,11107,0.2701644288772135
bl_practical_or_crossing__ni_k2_r2,R1,65498,8040,0.12275183975083209
bl_practical_or_crossing__ni_k2_r2,R2,58395,7647,0.1309529925507321
bl_practical_or_crossing__ni_k2_r2,R3,48125,7159,0.14875844155844156
bl_practical_or_crossing__ni_k2_r2,R4,31856,5779,0.18141009542943246
bl_practical_or_crossing__ni_k2_r2,R5,40324,6876,0.1705187977383196
bl_practical_or_crossing__ni_k2_r2,NA,0,0,
bl_practical_or_crossing__ni_k2_r4,L1,56961,12813,0.22494338231421498
bl_practical_or_crossing__ni_k2_r4,L2,42151,9819,0.23294821000688
bl_practical_or_crossing__ni_k2_r4,L3,32568,8512,0.2613608450012282
bl_practical_or_crossing__ni_k2_r4,L4,17383,5966,0.3432088822412702
bl_practical_or_crossing__ni_k2_r4,L5,41112,13441,0.32693617435298694
bl_practical_or_crossing__ni_k2_r4,R1,65498,12641,0.19299825948883936
bl_practical_or_crossing__ni_k2_r4,R2,58395,11397,0.19517081941947084
bl_practical_or_crossing__ni_k2_r4,R3,48125,10293,0.21388051948051948
bl_practical_or_crossing__ni_k2_r4,R4,31856,7988,0.2507533902561527
bl_practical_or_crossing__ni_k2_r4,R5,40324,9611,0.23834441027675826
bl_practical_or_crossing__ni_k2_r4,NA,0,0,
bl_practical_or_crossing__ni_k3_r1,L1,56961,5101,0.0895525008339039
bl_practical_or_crossing__ni_k3_r1,L2,42151,4343,0.10303432896016702
bl_practical_or_crossing__ni_k3_r1,L3,32568,4352,0.13362810120363547
bl_practical_or_crossing__ni_k3_r1,L4,17383,3687,0.2121037795547374
bl_practical_or_crossing__ni_k3_r1,L5,41112,8556,0.2081144191476941
bl_practical_or_crossing__ni_k3_r1,R1,65498,2794,0.04265779107759016
bl_practical_or_crossing__ni_k3_r1,R2,58395,3701,0.06337871393098725
bl_practical_or_crossing__ni_k3_r1,R3,48125,3945,0.08197402597402598
bl_practical_or_crossing__ni_k3_r1,R4,31856,3394,0.10654193872425917
bl_practical_or_crossing__ni_k3_r1,R5,40324,3959,0.09817974407300863
bl_practical_or_crossing__ni_k3_r1,NA,0,0,
bl_practical_or_crossing__ni_k3_r2,L1,56961,5679,0.09969979459630274
bl_practical_or_crossing__ni_k3_r2,L2,42151,4754,0.1127849873075372
bl_practical_or_crossing__ni_k3_r2,L3,32568,4686,0.14388356669123065
bl_practical_or_crossing__ni_k3_r2,L4,17383,3882,0.2233216360812288
bl_practical_or_crossing__ni_k3_r2,L5,41112,8906,0.21662774858921968
bl_practical_or_crossing__ni_k3_r2,R1,65498,3500,0.0534367461601881
bl_practical_or_crossing__ni_k3_r2,R2,58395,4250,0.07278020378457059
bl_practical_or_crossing__ni_k3_r2,R3,48125,4407,0.09157402597402597
bl_practical_or_crossing__ni_k3_r2,R4,31856,3720,0.1167754897036665
bl_practical_or_crossing__ni_k3_r2,R5,40324,4388,0.10881856958635056
bl_practical_or_crossing__ni_k3_r2,NA,0,0,
bl_practical_or_crossing__ni_k3_r4,L1,56961,6728,0.11811590386404733
bl_practical_or_crossing__ni_k3_r4,L2,42151,5527,0.1311238167540509
bl_practical_or_crossing__ni_k3_r4,L3,32568,5261,0.16153893392286908
bl_practical_or_crossing__ni_k3_r4,L4,17383,4235,0.24362883276764655
bl_practical_or_crossing__ni_k3_r4,L5,41112,9584,0.23311928390737496
bl_practical_or_crossing__ni_k3_r4,R1,65498,4831,0.07375797734281962
bl_practical_or_crossing__ni_k3_r4,R2,58395,5256,0.09000770613922425
bl_practical_or_crossing__ni_k3_r4,R3,48125,5321,0.11056623376623377
bl_practical_or_crossing__ni_k3_r4,R4,31856,4387,0.1377134605725766
bl_practical_or_crossing__ni_k3_r4,R5,40324,5190,0.1287074694970737
bl_practical_or_crossing__ni_k3_r4,NA,0,0,
bl_practical_or_crossing__ni_k5_r1,L1,56961,4609,0.08091501202577202
bl_practical_or_crossing__ni_k5_r1,L2,42151,3953,0.0937818794334654
bl_practical_or_crossing__ni_k5_r1,L3,32568,4089,0.1255526897568165
bl_practical_or_crossing__ni_k5_r1,L4,17383,3510,0.2019214174768452
bl_practical_or_crossing__ni_k5_r1,L5,41112,8220,0.19994162288382955
bl_practical_or_crossing__ni_k5_r1,R1,65498,2033,0.03103911569818926
bl_practical_or_crossing__ni_k5_r1,R2,58395,3230,0.055312954876273655
bl_practical_or_crossing__ni_k5_r1,R3,48125,3555,0.07387012987012986
bl_practical_or_crossing__ni_k5_r1,R4,31856,3086,0.09687343043696635
bl_practical_or_crossing__ni_k5_r1,R5,40324,3581,0.08880567404027379
bl_practical_or_crossing__ni_k5_r1,NA,0,0,
bl_practical_or_crossing__ni_k5_r2,L1,56961,4674,0.08205614367725286
bl_practical_or_crossing__ni_k5_r2,L2,42151,3993,0.0947308486156912
bl_practical_or_crossing__ni_k5_r2,L3,32568,4133,0.12690370916236796
bl_practical_or_crossing__ni_k5_r2,L4,17383,3536,0.20341713168037737
bl_practical_or_crossing__ni_k5_r2,L5,41112,8253,0.20074430823117337
bl_practical_or_crossing__ni_k5_r2,R1,65498,2112,0.0322452593972335
bl_practical_or_crossing__ni_k5_r2,R2,58395,3285,0.05625481633701516
bl_practical_or_crossing__ni_k5_r2,R3,48125,3608,0.07497142857142858
bl_practical_or_crossing__ni_k5_r2,R4,31856,3119,0.0979093420391763
bl_practical_or_crossing__ni_k5_r2,R5,40324,3623,0.08984723737724432
bl_practical_or_crossing__ni_k5_r2,NA,0,0,
bl_practical_or_crossing__ni_k5_r4,L1,56961,4763,0.08361861624620354
bl_practical_or_crossing__ni_k5_r4,L2,42151,4066,0.0964627173732533
bl_practical_or_crossing__ni_k5_r4,L3,32568,4204,0.1290837632031442
bl_practical_or_crossing__ni_k5_r4,L4,17383,3568,0.2052580107001093
bl_practical_or_crossing__ni_k5_r4,L5,41112,8339,0.20283615489394824
bl_practical_or_crossing__ni_k5_r4,R1,65498,2257,0.034459067452441296
bl_practical_or_crossing__ni_k5_r4,R2,58395,3395,0.058138539258498156
bl_practical_or_crossing__ni_k5_r4,R3,48125,3731,0.07752727272727272
bl_practical_or_crossing__ni_k5_r4,R4,31856,3206,0.10064038171772978
bl_practical_or_crossing__ni_k5_r4,R5,40324,3718,0.09220315444896339
bl_practical_or_crossing__ni_k5_r4,NA,0,0,
bl_two_signal_strict__ni_k2_r1,L1,56961,4284,0.07520935376836783
bl_two_signal_strict__ni_k2_r1,L2,42151,5310,0.1259756589404759
bl_two_signal_strict__ni_k2_r1,L3,32568,5273,0.16190739376074675
bl_two_signal_strict__ni_k2_r1,L4,17383,4300,0.247368118276477
bl_two_signal_strict__ni_k2_r1,L5,41112,6294,0.15309398715703446
bl_two_signal_strict__ni_k2_r1,R1,65498,4565,0.06969678463464533
bl_two_signal_strict__ni_k2_r1,R2,58395,5054,0.08654850586522819
bl_two_signal_strict__ni_k2_r1,R3,48125,5482,0.11391168831168831
bl_two_signal_strict__ni_k2_r1,R4,31856,4783,0.15014439979909594
bl_two_signal_strict__ni_k2_r1,R5,40324,4654,0.11541513738716397
bl_two_signal_strict__ni_k2_r1,NA,0,0,
bl_two_signal_strict__ni_k2_r2,L1,56961,6616,0.11614964624918804
bl_two_signal_strict__ni_k2_r2,L2,42151,6867,0.16291428435861546
bl_two_signal_strict__ni_k2_r2,L3,32568,6463,0.1984463276836158
bl_two_signal_strict__ni_k2_r2,L4,17383,4946,0.2845308634873152
bl_two_signal_strict__ni_k2_r2,L5,41112,7865,0.19130667445028215
bl_two_signal_strict__ni_k2_r2,R1,65498,7325,0.11183547589239366
bl_two_signal_strict__ni_k2_r2,R2,58395,7304,0.12507920198647143
bl_two_signal_strict__ni_k2_r2,R3,48125,7262,0.1508987012987013
bl_two_signal_strict__ni_k2_r2,R4,31856,6046,0.18979156202913108
bl_two_signal_strict__ni_k2_r2,R5,40324,6306,0.15638329530800515
bl_two_signal_strict__ni_k2_r2,NA,0,0,
bl_two_signal_strict__ni_k2_r4,L1,56961,10519,0.18467021295272204
bl_two_signal_strict__ni_k2_r4,L2,42151,9594,0.22761025835685986
bl_two_signal_strict__ni_k2_r4,L3,32568,8511,0.2613301400147384
bl_two_signal_strict__ni_k2_r4,L4,17383,6034,0.34712075015820054
bl_two_signal_strict__ni_k2_r4,L5,41112,10488,0.2551079976649154
bl_two_signal_strict__ni_k2_r4,R1,65498,12011,0.1833796451800055
bl_two_signal_strict__ni_k2_r4,R2,58395,11090,0.1899135199931501
bl_two_signal_strict__ni_k2_r4,R3,48125,10383,0.21575064935064936
bl_two_signal_strict__ni_k2_r4,R4,31856,8221,0.2580675539929684
bl_two_signal_strict__ni_k2_r4,R5,40324,9107,0.2258456502331118
bl_two_signal_strict__ni_k2_r4,NA,0,0,
bl_two_signal_strict__ni_k3_r1,L1,56961,2309,0.040536507434911606
bl_two_signal_strict__ni_k3_r1,L2,42151,4049,0.09605940547080734
bl_two_signal_strict__ni_k3_r1,L3,32568,4337,0.13316752640628837
bl_two_signal_strict__ni_k3_r1,L4,17383,3770,0.21687855951216706
bl_two_signal_strict__ni_k3_r1,L5,41112,4986,0.1212784588441331
bl_two_signal_strict__ni_k3_r1,R1,65498,1974,0.030138324834346086
bl_two_signal_strict__ni_k3_r1,R2,58395,3267,0.05594657076804521
bl_two_signal_strict__ni_k3_r1,R3,48125,4039,0.08392727272727273
bl_two_signal_strict__ni_k3_r1,R4,31856,3673,0.11530010045203415
bl_two_signal_strict__ni_k3_r1,R5,40324,3252,0.08064676123400456
bl_two_signal_strict__ni_k3_r1,NA,0,0,
bl_two_signal_strict__ni_k3_r2,L1,56961,2939,0.051596706518495114
bl_two_signal_strict__ni_k3_r2,L2,42151,4465,0.10592868496595573
bl_two_signal_strict__ni_k3_r2,L3,32568,4675,0.1435458118398428
bl_two_signal_strict__ni_k3_r2,L4,17383,3964,0.22803888856929183
bl_two_signal_strict__ni_k3_r2,L5,41112,5384,0.13095933060906792
bl_two_signal_strict__ni_k3_r2,R1,65498,2703,0.04126843567742527
bl_two_signal_strict__ni_k3_r2,R2,58395,3819,0.06539943488312355
bl_two_signal_strict__ni_k3_r2,R3,48125,4497,0.09344415584415584
bl_two_signal_strict__ni_k3_r2,R4,31856,3997,0.12547086891009543
bl_two_signal_strict__ni_k3_r2,R5,40324,3706,0.09190556492411467
bl_two_signal_strict__ni_k3_r2,NA,0,0,
bl_two_signal_strict__ni_k3_r4,L1,56961,4069,0.07143484138270044
bl_two_signal_strict__ni_k3_r4,L2,42151,5255,0.12467082631491543
bl_two_signal_strict__ni_k3_r4,L3,32568,5254,0.16132399901744043
bl_two_signal_strict__ni_k3_r4,L4,17383,4307,0.24777081056204336
bl_two_signal_strict__ni_k3_r4,L5,41112,6133,0.14917785561393268
bl_two_signal_strict__ni_k3_r4,R1,65498,4074,0.062200372530458944
bl_two_signal_strict__ni_k3_r4,R2,58395,4839,0.0828666837914205
bl_two_signal_strict__ni_k3_r4,R3,48125,5404,0.1122909090909091
bl_two_signal_strict__ni_k3_r4,R4,31856,4649,0.14593797086891008
bl_two_signal_strict__ni_k3_r4,R5,40324,4526,0.11224084912211091
bl_two_signal_strict__ni_k3_r4,NA,0,0,
bl_two_signal_strict__ni_k5_r1,L1,56961,1768,0.031038780920278786
bl_two_signal_strict__ni_k5_r1,L2,42151,3654,0.0866883347963275
bl_two_signal_strict__ni_k5_r1,L3,32568,4074,0.12509211495946942
bl_two_signal_strict__ni_k5_r1,L4,17383,3592,0.20663866996490823
bl_two_signal_strict__ni_k5_r1,L5,41112,4591,0.11167055847441136
bl_two_signal_strict__ni_k5_r1,R1,65498,1190,0.018168493694463952
bl_two_signal_strict__ni_k5_r1,R2,58395,2777,0.04755544139053001
bl_two_signal_strict__ni_k5_r1,R3,48125,3646,0.07576103896103896
bl_two_signal_strict__ni_k5_r1,R4,31856,3368,0.10572576594676042
bl_two_signal_strict__ni_k5_r1,R5,40324,2855,0.0708015077869259
bl_two_signal_strict__ni_k5_r1,NA,0,0,
bl_two_signal_strict__ni_k5_r2,L1,56961,1843,0.03235547128737206
bl_two_signal_strict__ni_k5_r2,L2,42151,3696,0.08768475243766459
bl_two_signal_strict__ni_k5_r2,L3,32568,4120,0.12650454433800049
bl_two_signal_strict__ni_k5_r2,L4,17383,3618,0.20813438416844043
bl_two_signal_strict__ni_k5_r2,L5,41112,4635,0.11274080560420316
bl_two_signal_strict__ni_k5_r2,R1,65498,1272,0.01942044031878836
bl_two_signal_strict__ni_k5_r2,R2,58395,2833,0.048514427605103175
bl_two_signal_strict__ni_k5_r2,R3,48125,3700,0.07688311688311689
bl_two_signal_strict__ni_k5_r2,R4,31856,3401,0.10676167754897037
bl_two_signal_strict__ni_k5_r2,R5,40324,2897,0.07184307112389644
bl_two_signal_strict__ni_k5_r2,NA,0,0,
bl_two_signal_strict__ni_k5_r4,L1,56961,1941,0.03407594670037394
bl_two_signal_strict__ni_k5_r4,L2,42151,3770,0.08944034542478232
bl_two_signal_strict__ni_k5_r4,L3,32568,4191,0.12868459837877672
bl_two_signal_strict__ni_k5_r4,L4,17383,3649,0.20991773571880573
bl_two_signal_strict__ni_k5_r4,L5,41112,4733,0.11512453784783032
bl_two_signal_strict__ni_k5_r4,R1,65498,1427,0.02178692479159669
bl_two_signal_strict__ni_k5_r4,R2,58395,2946,0.05044952478808117
bl_two_signal_strict__ni_k5_r4,R3,48125,3823,0.07943896103896105
bl_two_signal_strict__ni_k5_r4,R4,31856,3485,0.10939854344550477
bl_two_signal_strict__ni_k5_r4,R5,40324,2996,0.07429818470389843
bl_two_signal_strict__ni_k5_r4,NA,0,0,
wl_model_agreement__ni_k2_r1,L1,56961,23038,0.4044521690279314
wl_model_agreement__ni_k2_r1,L2,42151,33984,0.8062442172190458
wl_model_agreement__ni_k2_r1,L3,32568,29706,0.9121223286661754
wl_model_agreement__ni_k2_r1,L4,17383,16926,0.9737099464994535
wl_model_agreement__ni_k2_r1,L5,41112,23054,0.5607608484140884
wl_model_agreement__ni_k2_r1,R1,65498,31737,0.48454914653882564
wl_model_agreement__ni_k2_r1,R2,58395,38755,0.6636698347461255
wl_model_agreement__ni_k2_r1,R3,48125,40151,0.8343064935064936
wl_model_agreement__ni_k2_r1,R4,31856,28866,0.9061401305876444
wl_model_agreement__ni_k2_r1,R5,40324,20900,0.5183017557781966
wl_model_agreement__ni_k2_r1,NA,0,0,
wl_model_agreement__ni_k2_r2,L1,56961,24633,0.43245378416811503
wl_model_agreement__ni_k2_r2,L2,42151,34340,0.8146900429408555
wl_model_agreement__ni_k2_r2,L3,32568,29830,0.9159297469909113
wl_model_agreement__ni_k2_r2,L4,17383,16963,0.9758384628660185
wl_model_agreement__ni_k2_r2,L5,41112,23991,0.5835522475189726
wl_model_agreement__ni_k2_r2,R1,65498,33402,0.5099697700693151
wl_model_agreement__ni_k2_r2,R2,58395,39563,0.6775066358421098
wl_model_agreement__ni_k2_r2,R3,48125,40450,0.8405194805194806
wl_model_agreement__ni_k2_r2,R4,31856,29026,0.911162732295329
wl_model_agreement__ni_k2_r2,R5,40324,21796,0.5405217736335681
wl_model_agreement__ni_k2_r2,NA,0,0,
wl_model_agreement__ni_k2_r4,L1,56961,27310,0.4794508523375643
wl_model_agreement__ni_k2_r4,L2,42151,34963,0.8294702379540224
wl_model_agreement__ni_k2_r4,L3,32568,30029,0.9220400393023827
wl_model_agreement__ni_k2_r4,L4,17383,17004,0.9781970891100501
wl_model_agreement__ni_k2_r4,L5,41112,25506,0.6204028021015762
wl_model_agreement__ni_k2_r4,R1,65498,36189,0.5525206876545848
wl_model_agreement__ni_k2_r4,R2,58395,40942,0.7011216713759739
wl_model_agreement__ni_k2_r4,R3,48125,40975,0.8514285714285714
wl_model_agreement__ni_k2_r4,R4,31856,29317,0.9202975891511803
wl_model_agreement__ni_k2_r4,R5,40324,23358,0.5792580101180439
wl_model_agreement__ni_k2_r4,NA,0,0,
wl_model_agreement__ni_k3_r1,L1,56961,21717,0.3812608626955285
wl_model_agreement__ni_k3_r1,L2,42151,33733,0.8002894356005789
wl_model_agreement__ni_k3_r1,L3,32568,29602,0.9089290100712356
wl_model_agreement__ni_k3_r1,L4,17383,16901,0.9722717597652879
wl_model_agreement__ni_k3_r1,L5,41112,22295,0.54229908542518
wl_model_agreement__ni_k3_r1,R1,65498,30259,0.4619835720174662
wl_model_agreement__ni_k3_r1,R2,58395,38139,0.6531209863858207
wl_model_agreement__ni_k3_r1,R3,48125,39898,0.8290493506493507
wl_model_agreement__ni_k3_r1,R4,31856,28728,0.9018081366147664
wl_model_agreement__ni_k3_r1,R5,40324,20143,0.4995288165856562
wl_model_agreement__ni_k3_r1,NA,0,0,
wl_model_agreement__ni_k3_r2,L1,56961,22168,0.3891785607696494
wl_model_agreement__ni_k3_r2,L2,42151,33819,0.8023297193423644
wl_model_agreement__ni_k3_r2,L3,32568,29639,0.9100650945713584
wl_model_agreement__ni_k3_r2,L4,17383,16912,0.9729045619283208
wl_model_agreement__ni_k3_r2,L5,41112,22535,0.5481367970422261
wl_model_agreement__ni_k3_r2,R1,65498,30726,0.4691135607194113
wl_model_agreement__ni_k3_r2,R2,58395,38348,0.6567000599366384
wl_model_agreement__ni_k3_r2,R3,48125,39964,0.8304207792207792
wl_model_agreement__ni_k3_r2,R4,31856,28773,0.9032207433450528
wl_model_agreement__ni_k3_r2,R5,40324,20385,0.5055302053367722
wl_model_agreement__ni_k3_r2,NA,0,0,
wl_model_agreement__ni_k3_r4,L1,56961,22964,0.40315303453239937
wl_model_agreement__ni_k3_r4,L2,42151,34013,0.8069322198761595
wl_model_agreement__ni_k3_r4,L3,32568,29703,0.912030213706706
wl_model_agreement__ni_k3_r4,L4,17383,16927,0.9737674739688201
wl_model_agreement__ni_k3_r4,L5,41112,22967,0.5586446779529092
wl_model_agreement__ni_k3_r4,R1,65498,31535,0.48146508290329476
wl_model_agreement__ni_k3_r4,R2,58395,38731,0.6632588406541656
wl_model_agreement__ni_k3_r4,R3,48125,40118,0.8336207792207793
wl_model_agreement__ni_k3_r4,R4,31856,28855,0.905794826720241
wl_model_agreement__ni_k3_r4,R5,40324,20853,0.5171361968058724
wl_model_agreement__ni_k3_r4,NA,0,0,
wl_model_agreement__ni_k5_r1,L1,56961,21360,0.37499341654816454
wl_model_agreement__ni_k5_r1,L2,42151,33639,0.7980593580223482
wl_model_agreement__ni_k5_r1,L3,32568,29577,0.9081613854089904
wl_model_agreement__ni_k5_r1,L4,17383,16886,0.9714088477247886
wl_model_agreement__ni_k5_r1,L5,41112,22039,0.5360721930336642
wl_model_agreement__ni_k5_r1,R1,65498,29810,0.4551284008672021
wl_model_agreement__ni_k5_r1,R2,58395,37964,0.6501241544652796
wl_model_agreement__ni_k5_r1,R3,48125,39829,0.8276155844155845
wl_model_agreement__ni_k5_r1,R4,31856,28693,0.9007094424912104
wl_model_agreement__ni_k5_r1,R5,40324,19941,0.4945193929173693
wl_model_agreement__ni_k5_r1,NA,0,0,
wl_model_agreement__ni_k5_r2,L1,56961,21415,0.37595898948403295
wl_model_agreement__ni_k5_r2,L2,42151,33651,0.7983440487770159
wl_model_agreement__ni_k5_r2,L3,32568,29583,0.9083456153279292
wl_model_agreement__ni_k5_r2,L4,17383,16887,0.9714663751941552
wl_model_agreement__ni_k5_r2,L5,41112,22067,0.5367532593889862
wl_model_agreement__ni_k5_r2,R1,65498,29859,0.4558765153134447
wl_model_agreement__ni_k5_r2,R2,58395,37984,0.6504666495419128
wl_model_agreement__ni_k5_r2,R3,48125,39838,0.8278025974025974
wl_model_agreement__ni_k5_r2,R4,31856,28695,0.9007722250125565
wl_model_agreement__ni_k5_r2,R5,40324,19963,0.4950649737129253
wl_model_agreement__ni_k5_r2,NA,0,0,
wl_model_agreement__ni_k5_r4,L1,56961,21483,0.3771527887501975
wl_model_agreement__ni_k5_r4,L2,42151,33670,0.7987948091385733
wl_model_agreement__ni_k5_r4,L3,32568,29592,0.9086219602063376
wl_model_agreement__ni_k5_r4,L4,17383,16888,0.9715239026635218
wl_model_agreement__ni_k5_r4,L5,41112,22125,0.538164039696439
wl_model_agreement__ni_k5_r4,R1,65498,29955,0.45734220892240984
wl_model_agreement__ni_k5_r4,R2,58395,38024,0.6511516396951794
wl_model_agreement__ni_k5_r4,R3,48125,39860,0.8282597402597403
wl_model_agreement__ni_k5_r4,R4,31856,28702,0.9009919638372677
wl_model_agreement__ni_k5_r4,R5,40324,20033,0.4968009126078762
wl_model_agreement__ni_k5_r4,NA,0,0,
wl_strict_obvious__ni_k2_r1,L1,56961,37802,0.6636470567581327
wl_strict_obvious__ni_k2_r1,L2,42151,37129,0.88085691917155
wl_strict_obvious__ni_k2_r1,L3,32568,30965,0.9507799066568411
wl_strict_obvious__ni_k2_r1,L4,17383,17179,0.988264396249209
wl_strict_obvious__ni_k2_r1,L5,41112,35232,0.8569760653823701
wl_strict_obvious__ni_k2_r1,R1,65498,47197,0.7205868881492564
wl_strict_obvious__ni_k2_r1,R2,58395,45395,0.7773782001883723
wl_strict_obvious__ni_k2_r1,R3,48125,43184,0.8973298701298701
wl_strict_obvious__ni_k2_r1,R4,31856,30195,0.9478591160220995
wl_strict_obvious__ni_k2_r1,R5,40324,31088,0.7709552623747644
wl_strict_obvious__ni_k2_r1,NA,0,0,
wl_strict_obvious__ni_k2_r2,L1,56961,38672,0.6789206650164148
wl_strict_obvious__ni_k2_r2,L2,42151,37328,0.8855780408531233
wl_strict_obvious__ni_k2_r2,L3,32568,31031,0.9528064357651682
wl_strict_obvious__ni_k2_r2,L4,17383,17192,0.9890122533509751
wl_strict_obvious__ni_k2_r2,L5,41112,35542,0.8645164428877213
wl_strict_obvious__ni_k2_r2,R1,65498,48023,0.7331979602430608
wl_strict_obvious__ni_k2_r2,R2,58395,45845,0.7850843394126209
wl_strict_obvious__ni_k2_r2,R3,48125,43329,0.9003428571428571
wl_strict_obvious__ni_k2_r2,R4,31856,30267,0.9501192867905575
wl_strict_obvious__ni_k2_r2,R5,40324,31474,0.7805277254240651
wl_strict_obvious__ni_k2_r2,NA,0,0,
wl_strict_obvious__ni_k2_r4,L1,56961,40053,0.7031653236424922
wl_strict_obvious__ni_k2_r4,L2,42151,37677,0.8938577969680435
wl_strict_obvious__ni_k2_r4,L3,32568,31123,0.9556312945222304
wl_strict_obvious__ni_k2_r4,L4,17383,17204,0.9897025829833745
wl_strict_obvious__ni_k2_r4,L5,41112,36010,0.8758999805409613
wl_strict_obvious__ni_k2_r4,R1,65498,49362,0.7536413325597728
wl_strict_obvious__ni_k2_r4,R2,58395,46667,0.7991608870622485
wl_strict_obvious__ni_k2_r4,R3,48125,43593,0.9058285714285714
wl_strict_obvious__ni_k2_r4,R4,31856,30401,0.9543257157207433
wl_strict_obvious__ni_k2_r4,R5,40324,32154,0.7973911318321595
wl_strict_obvious__ni_k2_r4,NA,0,0,
wl_strict_obvious__ni_k3_r1,L1,56961,37123,0.6517266199680483
wl_strict_obvious__ni_k3_r1,L2,42151,37011,0.8780574600839838
wl_strict_obvious__ni_k3_r1,L3,32568,30925,0.9495517071972488
wl_strict_obvious__ni_k3_r1,L4,17383,17172,0.9878617039636426
wl_strict_obvious__ni_k3_r1,L5,41112,34982,0.8508951157812804
wl_strict_obvious__ni_k3_r1,R1,65498,46399,0.7084033100247336
wl_strict_obvious__ni_k3_r1,R2,58395,45078,0.7719496532237349
wl_strict_obvious__ni_k3_r1,R3,48125,43050,0.8945454545454545
wl_strict_obvious__ni_k3_r1,R4,31856,30132,0.9458814665996986
wl_strict_obvious__ni_k3_r1,R5,40324,30739,0.7623003670270806
wl_strict_obvious__ni_k3_r1,NA,0,0,
wl_strict_obvious__ni_k3_r2,L1,56961,37365,0.6559751408858693
wl_strict_obvious__ni_k3_r2,L2,42151,37064,0.8793148442504329
wl_strict_obvious__ni_k3_r2,L3,32568,30941,0.9500429869810857
wl_strict_obvious__ni_k3_r2,L4,17383,17177,0.9881493413104757
wl_strict_obvious__ni_k3_r2,L5,41112,35070,0.853035610040864
wl_strict_obvious__ni_k3_r2,R1,65498,46620,0.7117774588537055
wl_strict_obvious__ni_k3_r2,R2,58395,45193,0.7739189999143762
wl_strict_obvious__ni_k3_r2,R3,48125,43087,0.8953142857142857
wl_strict_obvious__ni_k3_r2,R4,31856,30151,0.9464779005524862
wl_strict_obvious__ni_k3_r2,R5,40324,30834,0.7646562840987997
wl_strict_obvious__ni_k3_r2,NA,0,0,
wl_strict_obvious__ni_k3_r4,L1,56961,37763,0.6629623777672442
wl_strict_obvious__ni_k3_r4,L2,42151,37169,0.8818058883537757
wl_strict_obvious__ni_k3_r4,L3,32568,30961,0.9506570867108819
wl_strict_obvious__ni_k3_r4,L4,17383,17181,0.9883794511879422
wl_strict_obvious__ni_k3_r4,L5,41112,35210,0.8564409418174742
wl_strict_obvious__ni_k3_r4,R1,65498,46990,0.7174264863049253
wl_strict_obvious__ni_k3_r4,R2,58395,45411,0.777652196249679
wl_strict_obvious__ni_k3_r4,R3,48125,43163,0.8968935064935065
wl_strict_obvious__ni_k3_r4,R4,31856,30188,0.9476393771973882
wl_strict_obvious__ni_k3_r4,R5,40324,31038,0.7697153060212281
wl_strict_obvious__ni_k3_r4,NA,0,0,
wl_strict_obvious__ni_k5_r1,L1,56961,36947,0.6486367865732694
wl_strict_obvious__ni_k5_r1,L2,42151,36960,0.8768475243766458
wl_strict_obvious__ni_k5_r1,L3,32568,30917,0.9493060673053304
wl_strict_obvious__ni_k5_r1,L4,17383,17168,0.9876315940861762
wl_strict_obvious__ni_k5_r1,L5,41112,34902,0.8489492119089317
wl_strict_obvious__ni_k5_r1,R1,65498,46166,0.7048459494946411
wl_strict_obvious__ni_k5_r1,R2,58395,44987,0.7703913006250536
wl_strict_obvious__ni_k5_r1,R3,48125,43013,0.8937766233766233
wl_strict_obvious__ni_k5_r1,R4,31856,30116,0.9453792064289301
wl_strict_obvious__ni_k5_r1,R5,40324,30651,0.7601180438448567
wl_strict_obvious__ni_k5_r1,NA,0,0,
wl_strict_obvious__ni_k5_r2,L1,56961,36974,0.649110795105423
wl_strict_obvious__ni_k5_r2,L2,42151,36968,0.877037318213091
wl_strict_obvious__ni_k5_r2,L3,32568,30918,0.9493367722918202
wl_strict_obvious__ni_k5_r2,L4,17383,17169,0.9876891215555428
wl_strict_obvious__ni_k5_r2,L5,41112,34910,0.8491438022961666
wl_strict_obvious__ni_k5_r2,R1,65498,46187,0.7051665699716022
wl_strict_obvious__ni_k5_r2,R2,58395,45002,0.7706481719325284
wl_strict_obvious__ni_k5_r2,R3,48125,43016,0.893838961038961
wl_strict_obvious__ni_k5_r2,R4,31856,30117,0.9454105976896032
wl_strict_obvious__ni_k5_r2,R5,40324,30661,0.7603660351155639
wl_strict_obvious__ni_k5_r2,NA,0,0,
wl_strict_obvious__ni_k5_r4,L1,56961,37006,0.6496725829953828
wl_strict_obvious__ni_k5_r4,L2,42151,36978,0.8772745605086475
wl_strict_obvious__ni_k5_r4,L3,32568,30919,0.94936747727831
wl_strict_obvious__ni_k5_r4,L4,17383,17170,0.9877466490249094
wl_strict_obvious__ni_k5_r4,L5,41112,34927,0.8495573068690406
wl_strict_obvious__ni_k5_r4,R1,65498,46226,0.7057620080002442
wl_strict_obvious__ni_k5_r4,R2,58395,45025,0.7710420412706568
wl_strict_obvious__ni_k5_r4,R3,48125,43031,0.8941506493506494
wl_strict_obvious__ni_k5_r4,R4,31856,30120,0.9455047714716223
wl_strict_obvious__ni_k5_r4,R5,40324,30693,0.7611596071818272
wl_strict_obvious__ni_k5_r4,NA,0,0,
hy_direct_plus_corroborated__ni_k2_r1,L1,56961,7178,0.126016046066607
hy_direct_plus_corroborated__ni_k2_r1,L2,42151,5715,0.13558397191051222
hy_direct_plus_corroborated__ni_k2_r1,L3,32568,5410,0.16611397690985016
hy_direct_plus_corroborated__ni_k2_r1,L4,17383,4372,0.2515100960708738
hy_direct_plus_corroborated__ni_k2_r1,L5,41112,9824,0.2389569955244211
hy_direct_plus_corroborated__ni_k2_r1,R1,65498,5469,0.08349873278573391
hy_direct_plus_corroborated__ni_k2_r1,R2,58395,5642,0.09661786111824643
hy_direct_plus_corroborated__ni_k2_r1,R3,48125,5685,0.11812987012987013
hy_direct_plus_corroborated__ni_k2_r1,R4,31856,4906,0.15400552486187846
hy_direct_plus_corroborated__ni_k2_r1,R5,40324,5831,0.14460370994940977
hy_direct_plus_corroborated__ni_k2_r1,NA,0,0,
hy_direct_plus_corroborated__ni_k2_r2,L1,56961,9356,0.16425273432699566
hy_direct_plus_corroborated__ni_k2_r2,L2,42151,7246,0.17190576736020496
hy_direct_plus_corroborated__ni_k2_r2,L3,32568,6587,0.20225374600835175
hy_direct_plus_corroborated__ni_k2_r2,L4,17383,5012,0.2883276764655123
hy_direct_plus_corroborated__ni_k2_r2,L5,41112,11226,0.27305896088733217
hy_direct_plus_corroborated__ni_k2_r2,R1,65498,8165,0.1246602949708388
hy_direct_plus_corroborated__ni_k2_r2,R2,58395,7844,0.13432656905556983
hy_direct_plus_corroborated__ni_k2_r2,R3,48125,7450,0.1548051948051948
hy_direct_plus_corroborated__ni_k2_r2,R4,31856,6159,0.19333877448518333
hy_direct_plus_corroborated__ni_k2_r2,R5,40324,7397,0.18343914294216843
hy_direct_plus_corroborated__ni_k2_r2,NA,0,0,
hy_direct_plus_corroborated__ni_k2_r4,L1,56961,13027,0.22870033882832114
hy_direct_plus_corroborated__ni_k2_r4,L2,42151,9934,0.23567649640577923
hy_direct_plus_corroborated__ni_k2_r4,L3,32568,8621,0.26470768852861704
hy_direct_plus_corroborated__ni_k2_r4,L4,17383,6089,0.3502847609733648
hy_direct_plus_corroborated__ni_k2_r4,L5,41112,13557,0.32975773496789257
hy_direct_plus_corroborated__ni_k2_r4,R1,65498,12751,0.19467770008244525
hy_direct_plus_corroborated__ni_k2_r4,R2,58395,11574,0.1982019008476753
hy_direct_plus_corroborated__ni_k2_r4,R3,48125,10547,0.21915844155844155
hy_direct_plus_corroborated__ni_k2_r4,R4,31856,8320,0.26117528879959817
hy_direct_plus_corroborated__ni_k2_r4,R5,40324,10084,0.2500743973812122
hy_direct_plus_corroborated__ni_k2_r4,NA,0,0,
hy_direct_plus_corroborated__ni_k3_r1,L1,56961,5359,0.09408191569670477
hy_direct_plus_corroborated__ni_k3_r1,L2,42151,4482,0.1063319968684017
hy_direct_plus_corroborated__ni_k3_r1,L3,32568,4482,0.13761974944731023
hy_direct_plus_corroborated__ni_k3_r1,L4,17383,3849,0.22142322959213023
hy_direct_plus_corroborated__ni_k3_r1,L5,41112,8681,0.21115489394823897
hy_direct_plus_corroborated__ni_k3_r1,R1,65498,2939,0.04487159913279795
hy_direct_plus_corroborated__ni_k3_r1,R2,58395,3912,0.06699203698946828
hy_direct_plus_corroborated__ni_k3_r1,R3,48125,4266,0.08864415584415584
hy_direct_plus_corroborated__ni_k3_r1,R4,31856,3812,0.11966348568558513
hy_direct_plus_corroborated__ni_k3_r1,R5,40324,4510,0.11184406308897926
hy_direct_plus_corroborated__ni_k3_r1,NA,0,0,
hy_direct_plus_corroborated__ni_k3_r2,L1,56961,5935,0.10419409771598111
hy_direct_plus_corroborated__ni_k3_r2,L2,42151,4890,0.11601148252710493
hy_direct_plus_corroborated__ni_k3_r2,L3,32568,4816,0.14787521493490544
hy_direct_plus_corroborated__ni_k3_r2,L4,17383,4042,0.2325260311798884
hy_direct_plus_corroborated__ni_k3_r2,L5,41112,9031,0.21966822338976455
hy_direct_plus_corroborated__ni_k3_r2,R1,65498,3642,0.05560475129011573
hy_direct_plus_corroborated__ni_k3_r2,R2,58395,4455,0.07629077832006165
hy_direct_plus_corroborated__ni_k3_r2,R3,48125,4722,0.09811948051948052
hy_direct_plus_corroborated__ni_k3_r2,R4,31856,4131,0.12967729784028126
hy_direct_plus_corroborated__ni_k3_r2,R5,40324,4937,0.12243329034817975
hy_direct_plus_corroborated__ni_k3_r2,NA,0,0,
hy_direct_plus_corroborated__ni_k3_r4,L1,56961,6978,0.12250487175435824
hy_direct_plus_corroborated__ni_k3_r4,L2,42151,5658,0.13423169082584044
hy_direct_plus_corroborated__ni_k3_r4,L3,32568,5388,0.16543846720707442
hy_direct_plus_corroborated__ni_k3_r4,L4,17383,4382,0.2520853707645401
hy_direct_plus_corroborated__ni_k3_r4,L5,41112,9709,0.23615975870791983
hy_direct_plus_corroborated__ni_k3_r4,R1,65498,4970,0.07588017954746709
hy_direct_plus_corroborated__ni_k3_r4,R2,58395,5455,0.09341553215172532
hy_direct_plus_corroborated__ni_k3_r4,R3,48125,5621,0.1168
hy_direct_plus_corroborated__ni_k3_r4,R4,31856,4781,0.15008161727774988
hy_direct_plus_corroborated__ni_k3_r4,R5,40324,5724,0.14195020335284197
hy_direct_plus_corroborated__ni_k3_r4,NA,0,0,
hy_direct_plus_corroborated__ni_k5_r1,L1,56961,4870,0.08549709450325661
hy_direct_plus_corroborated__ni_k5_r1,L2,42151,4094,0.09712699580081137
hy_direct_plus_corroborated__ni_k5_r1,L3,32568,4220,0.12957504298698108
hy_direct_plus_corroborated__ni_k5_r1,L4,17383,3675,0.2114134499223379
hy_direct_plus_corroborated__ni_k5_r1,L5,41112,8347,0.20303074528118312
hy_direct_plus_corroborated__ni_k5_r1,R1,65498,2178,0.03325292375339705
hy_direct_plus_corroborated__ni_k5_r1,R2,58395,3443,0.05896052744241802
hy_direct_plus_corroborated__ni_k5_r1,R3,48125,3879,0.0806025974025974
hy_direct_plus_corroborated__ni_k5_r1,R4,31856,3509,0.11015193370165746
hy_direct_plus_corroborated__ni_k5_r1,R5,40324,4134,0.10251959131038588
hy_direct_plus_corroborated__ni_k5_r1,NA,0,0,
hy_direct_plus_corroborated__ni_k5_r2,L1,56961,4935,0.08663822615473746
hy_direct_plus_corroborated__ni_k5_r2,L2,42151,4134,0.09807596498303718
hy_direct_plus_corroborated__ni_k5_r2,L3,32568,4264,0.13092606239253254
hy_direct_plus_corroborated__ni_k5_r2,L4,17383,3701,0.2129091641258701
hy_direct_plus_corroborated__ni_k5_r2,L5,41112,8380,0.20383343062852696
hy_direct_plus_corroborated__ni_k5_r2,R1,65498,2256,0.03444379981068124
hy_direct_plus_corroborated__ni_k5_r2,R2,58395,3498,0.05990238890315952
hy_direct_plus_corroborated__ni_k5_r2,R3,48125,3932,0.0817038961038961
hy_direct_plus_corroborated__ni_k5_r2,R4,31856,3542,0.1111878453038674
hy_direct_plus_corroborated__ni_k5_r2,R5,40324,4176,0.10356115464735641
hy_direct_plus_corroborated__ni_k5_r2,NA,0,0,
hy_direct_plus_corroborated__ni_k5_r4,L1,56961,5024,0.08820069872368813
hy_direct_plus_corroborated__ni_k5_r4,L2,42151,4206,0.09978410951104363
hy_direct_plus_corroborated__ni_k5_r4,L3,32568,4335,0.13310611643330877
hy_direct_plus_corroborated__ni_k5_r4,L4,17383,3732,0.2146925156762354
hy_direct_plus_corroborated__ni_k5_r4,L5,41112,8466,0.2059252772913018
hy_direct_plus_corroborated__ni_k5_r4,R1,65498,2401,0.036657607865889036
hy_direct_plus_corroborated__ni_k5_r4,R2,58395,3608,0.06178611182464252
hy_direct_plus_corroborated__ni_k5_r4,R3,48125,4055,0.08425974025974026
hy_direct_plus_corroborated__ni_k5_r4,R4,31856,3626,0.1138247112004018
hy_direct_plus_corroborated__ni_k5_r4,R5,40324,4268,0.1058426743378633
hy_direct_plus_corroborated__ni_k5_r4,NA,0,0,
hy_two_of_three_families__ni_k2_r1,L1,56961,4910,0.08619932936570636
hy_two_of_three_families__ni_k2_r1,L2,42151,7613,0.18061255960712677
hy_two_of_three_families__ni_k2_r1,L3,32568,8265,0.25377671333824614
hy_two_of_three_families__ni_k2_r1,L4,17383,5630,0.323879652534085
hy_two_of_three_families__ni_k2_r1,L5,41112,7277,0.17700428098851917
hy_two_of_three_families__ni_k2_r1,R1,65498,5496,0.08391095911325537
hy_two_of_three_families__ni_k2_r1,R2,58395,7352,0.1259011901703913
hy_two_of_three_families__ni_k2_r1,R3,48125,8485,0.1763116883116883
hy_two_of_three_families__ni_k2_r1,R4,31856,7193,0.22579733802109492
hy_two_of_three_families__ni_k2_r1,R5,40324,5399,0.13389048705485568
hy_two_of_three_families__ni_k2_r1,NA,0,0,
hy_two_of_three_families__ni_k2_r2,L1,56961,7215,0.12666561331437298
hy_two_of_three_families__ni_k2_r2,L2,42151,9049,0.21468055324903323
hy_two_of_three_families__ni_k2_r2,L3,32568,9297,0.28546425939572584
hy_two_of_three_families__ni_k2_r2,L4,17383,6191,0.3561525628487603
hy_two_of_three_families__ni_k2_r2,L5,41112,8798,0.21400077836154893
hy_two_of_three_families__ni_k2_r2,R1,65498,8181,0.12490457723899967
hy_two_of_three_families__ni_k2_r2,R2,58395,9433,0.1615378028940834
hy_two_of_three_families__ni_k2_r2,R3,48125,10054,0.20891428571428572
hy_two_of_three_families__ni_k2_r2,R4,31856,8329,0.26145781014565544
hy_two_of_three_families__ni_k2_r2,R5,40324,7005,0.1737178851304434
hy_two_of_three_families__ni_k2_r2,NA,0,0,
hy_two_of_three_families__ni_k2_r4,L1,56961,11069,0.19432594231140604
hy_two_of_three_families__ni_k2_r4,L2,42151,11573,0.27456050864748166
hy_two_of_three_families__ni_k2_r4,L3,32568,11058,0.33953574060427416
hy_two_of_three_families__ni_k2_r4,L4,17383,7148,0.4112063510326181
hy_two_of_three_families__ni_k2_r4,L5,41112,11336,0.2757345787118116
hy_two_of_three_families__ni_k2_r4,R1,65498,12759,0.1947998412165257
hy_two_of_three_families__ni_k2_r4,R2,58395,12981,0.2222964294888261
hy_two_of_three_families__ni_k2_r4,R3,48125,12811,0.2662025974025974
hy_two_of_three_families__ni_k2_r4,R4,31856,10257,0.32198016072325464
hy_two_of_three_families__ni_k2_r4,R5,40324,9747,0.24171709155837715
hy_two_of_three_families__ni_k2_r4,NA,0,0,
hy_two_of_three_families__ni_k3_r1,L1,56961,2975,0.052228717894699885
hy_two_of_three_families__ni_k3_r1,L2,42151,6460,0.15325852292946787
hy_two_of_three_families__ni_k3_r1,L3,32568,7445,0.22859862441660525
hy_two_of_three_families__ni_k3_r1,L4,17383,5160,0.29684174193177243
hy_two_of_three_families__ni_k3_r1,L5,41112,5997,0.14586981903093987
hy_two_of_three_families__ni_k3_r1,R1,65498,2966,0.0452838254603194
hy_two_of_three_families__ni_k3_r1,R2,58395,5657,0.09687473242572138
hy_two_of_three_families__ni_k3_r1,R3,48125,7195,0.1495064935064935
hy_two_of_three_families__ni_k3_r1,R4,31856,6212,0.19500251130085383
hy_two_of_three_families__ni_k3_r1,R5,40324,4033,0.10001487947624244
hy_two_of_three_families__ni_k3_r1,NA,0,0,
hy_two_of_three_families__ni_k3_r2,L1,56961,3597,0.06314847000579343
hy_two_of_three_families__ni_k3_r2,L2,42151,6839,0.1622500059310574
hy_two_of_three_families__ni_k3_r2,L3,32568,7736,0.2375337754851388
hy_two_of_three_families__ni_k3_r2,L4,17383,5325,0.30633377437726517
hy_two_of_three_families__ni_k3_r2,L5,41112,6386,0.15533177661023545
hy_two_of_three_families__ni_k3_r2,R1,65498,3680,0.05618492167699777
hy_two_of_three_families__ni_k3_r2,R2,58395,6164,0.10555698261837486
hy_two_of_three_families__ni_k3_r2,R3,48125,7604,0.15800519480519482
hy_two_of_three_families__ni_k3_r2,R4,31856,6501,0.20407458563535913
hy_two_of_three_families__ni_k3_r2,R5,40324,4482,0.11114968753099891
hy_two_of_three_families__ni_k3_r2,NA,0,0,
hy_two_of_three_families__ni_k3_r4,L1,56961,4713,0.08274082266814135
hy_two_of_three_families__ni_k3_r4,L2,42151,7570,0.17959241773623402
hy_two_of_three_families__ni_k3_r4,L3,32568,8235,0.25285556374355195
hy_two_of_three_families__ni_k3_r4,L4,17383,5628,0.32376459759535176
hy_two_of_three_families__ni_k3_r4,L5,41112,7105,0.17282058766296945
hy_two_of_three_families__ni_k3_r4,R1,65498,5019,0.07662829399370973
hy_two_of_three_families__ni_k3_r4,R2,58395,7113,0.12180837400462369
hy_two_of_three_families__ni_k3_r4,R3,48125,8408,0.17471168831168832
hy_two_of_three_families__ni_k3_r4,R4,31856,7080,0.2222501255650427
hy_two_of_three_families__ni_k3_r4,R5,40324,5266,0.13059220315444897
hy_two_of_three_families__ni_k3_r4,NA,0,0,
hy_two_of_three_families__ni_k5_r1,L1,56961,2440,0.042836326609434525
hy_two_of_three_families__ni_k5_r1,L2,42151,6095,0.14459917914165737
hy_two_of_three_families__ni_k5_r1,L3,32568,7213,0.22147506755097027
hy_two_of_three_families__ni_k5_r1,L4,17383,5001,0.2876948743024794
hy_two_of_three_families__ni_k5_r1,L5,41112,5600,0.13621327106440942
hy_two_of_three_families__ni_k5_r1,R1,65498,2205,0.0336651500809185
hy_two_of_three_families__ni_k5_r1,R2,58395,5197,0.08899734566315609
hy_two_of_three_families__ni_k5_r1,R3,48125,6847,0.14227532467532467
hy_two_of_three_families__ni_k5_r1,R4,31856,5932,0.18621295831240584
hy_two_of_three_families__ni_k5_r1,R5,40324,3651,0.09054161293522468
hy_two_of_three_families__ni_k5_r1,NA,0,0,
hy_two_of_three_families__ni_k5_r2,L1,56961,2513,0.044117905233405315
hy_two_of_three_families__ni_k5_r2,L2,42151,6135,0.1455481483238832
hy_two_of_three_families__ni_k5_r2,L3,32568,7256,0.22279538197003193
hy_two_of_three_families__ni_k5_r2,L4,17383,5024,0.28901800609791173
hy_two_of_three_families__ni_k5_r2,L5,41112,5643,0.13725919439579684
hy_two_of_three_families__ni_k5_r2,R1,65498,2287,0.03491709670524291
hy_two_of_three_families__ni_k5_r2,R2,58395,5249,0.08988783286240261
hy_two_of_three_families__ni_k5_r2,R3,48125,6900,0.14337662337662338
hy_two_of_three_families__ni_k5_r2,R4,31856,5962,0.1871546961325967
hy_two_of_three_families__ni_k5_r2,R5,40324,3691,0.09153357801805377
hy_two_of_three_families__ni_k5_r2,NA,0,0,
hy_two_of_three_families__ni_k5_r4,L1,56961,2610,0.04582082477484595
hy_two_of_three_families__ni_k5_r4,L2,42151,6205,0.14720884439277834
hy_two_of_three_families__ni_k5_r4,L3,32568,7323,0.22485261606484894
hy_two_of_three_families__ni_k5_r4,L4,17383,5051,0.29057124777081056
hy_two_of_three_families__ni_k5_r4,L5,41112,5737,0.1395456314458066
hy_two_of_three_families__ni_k5_r4,R1,65498,2439,0.037237778252771074
hy_two_of_three_families__ni_k5_r4,R2,58395,5356,0.09172018152239061
hy_two_of_three_families__ni_k5_r4,R3,48125,7010,0.14566233766233766
hy_two_of_three_families__ni_k5_r4,R4,31856,6035,0.18944625816172778
hy_two_of_three_families__ni_k5_r4,R5,40324,3793,0.09406308897926793
hy_two_of_three_families__ni_k5_r4,NA,0,0,
hy_hierarchical__ni_k2_r1,L1,56961,7776,0.13651445726023068
hy_hierarchical__ni_k2_r1,L2,42151,8143,0.1931864012716187
hy_hierarchical__ni_k2_r1,L3,32568,8491,0.2607160402849423
hy_hierarchical__ni_k2_r1,L4,17383,5724,0.32928723465454757
hy_hierarchical__ni_k2_r1,L5,41112,11273,0.27420217941233704
hy_hierarchical__ni_k2_r1,R1,65498,6353,0.09699532810162143
hy_hierarchical__ni_k2_r1,R2,58395,8207,0.14054285469646374
hy_hierarchical__ni_k2_r1,R3,48125,8867,0.18424935064935066
hy_hierarchical__ni_k2_r1,R4,31856,7389,0.23195002511300855
hy_hierarchical__ni_k2_r1,R5,40324,6859,0.17009721257811725
hy_hierarchical__ni_k2_r1,NA,0,0,
hy_hierarchical__ni_k2_r2,L1,56961,9930,0.17432980460314954
hy_hierarchical__ni_k2_r2,L2,42151,9545,0.22644777110863323
hy_hierarchical__ni_k2_r2,L3,32568,9506,0.2918816015720953
hy_hierarchical__ni_k2_r2,L4,17383,6277,0.3610999252142898
hy_hierarchical__ni_k2_r2,L5,41112,12591,0.306260945709282
hy_hierarchical__ni_k2_r2,R1,65498,8982,0.1371339582888027
hy_hierarchical__ni_k2_r2,R2,58395,10226,0.17511773268259267
hy_hierarchical__ni_k2_r2,R3,48125,10412,0.21635324675324674
hy_hierarchical__ni_k2_r2,R4,31856,8512,0.2672024108488197
hy_hierarchical__ni_k2_r2,R5,40324,8358,0.2072711040571372
hy_hierarchical__ni_k2_r2,NA,0,0,
hy_hierarchical__ni_k2_r4,L1,56961,13555,0.23796983901265778
hy_hierarchical__ni_k2_r4,L2,42151,12018,0.28511779079974375
hy_hierarchical__ni_k2_r4,L3,32568,11246,0.34530827806435765
hy_hierarchical__ni_k2_r4,L4,17383,7222,0.41546338376574815
hy_hierarchical__ni_k2_r4,L5,41112,14768,0.3592138548355711
hy_hierarchical__ni_k2_r4,R1,65498,13467,0.20560933158264375
hy_hierarchical__ni_k2_r4,R2,58395,13691,0.2344550047093073
hy_hierarchical__ni_k2_r4,R3,48125,13133,0.27289350649350647
hy_hierarchical__ni_k2_r4,R4,31856,10413,0.3268771973882471
hy_hierarchical__ni_k2_r4,R5,40324,10955,0.2716744370598155
hy_hierarchical__ni_k2_r4,NA,0,0,
hy_hierarchical__ni_k3_r1,L1,56961,5996,0.10526500588121697
hy_hierarchical__ni_k3_r1,L2,42151,7032,0.1668287822352969
hy_hierarchical__ni_k3_r1,L3,32568,7692,0.23618275607958733
hy_hierarchical__ni_k3_r1,L4,17383,5263,0.30276707127653457
hy_hierarchical__ni_k3_r1,L5,41112,10191,0.2478838295388208
hy_hierarchical__ni_k3_r1,R1,65498,3884,0.05929952059604873
hy_hierarchical__ni_k3_r1,R2,58395,6592,0.11288637725832691
hy_hierarchical__ni_k3_r1,R3,48125,7608,0.1580883116883117
hy_hierarchical__ni_k3_r1,R4,31856,6431,0.2018771973882471
hy_hierarchical__ni_k3_r1,R5,40324,5598,0.13882551334193036
hy_hierarchical__ni_k3_r1,NA,0,0,
hy_hierarchical__ni_k3_r2,L1,56961,6564,0.11523674092800337
hy_hierarchical__ni_k3_r2,L2,42151,7402,0.17560674717088562
hy_hierarchical__ni_k3_r2,L3,32568,7976,0.24490297224269222
hy_hierarchical__ni_k3_r2,L4,17383,5427,0.31220157625266065
hy_hierarchical__ni_k3_r2,L5,41112,10523,0.2559593306090679
hy_hierarchical__ni_k3_r2,R1,65498,4574,0.06983419341048581
hy_hierarchical__ni_k3_r2,R2,58395,7086,0.12134600565116876
hy_hierarchical__ni_k3_r2,R3,48125,8011,0.16646233766233767
hy_hierarchical__ni_k3_r2,R4,31856,6714,0.21076092415871422
hy_hierarchical__ni_k3_r2,R5,40324,6012,0.1490923519492114
hy_hierarchical__ni_k3_r2,NA,0,0,
hy_hierarchical__ni_k3_r4,L1,56961,7593,0.1333017327645231
hy_hierarchical__ni_k3_r4,L2,42151,8103,0.1922374320893929
hy_hierarchical__ni_k3_r4,L3,32568,8466,0.2599484156226971
hy_hierarchical__ni_k3_r4,L4,17383,5727,0.32945981706264743
hy_hierarchical__ni_k3_r4,L5,41112,11156,0.271356294999027
hy_hierarchical__ni_k3_r4,R1,65498,5871,0.08963632477327552
hy_hierarchical__ni_k3_r4,R2,58395,8007,0.137117903930131
hy_hierarchical__ni_k3_r4,R3,48125,8803,0.1829194805194805
hy_hierarchical__ni_k3_r4,R4,31856,7286,0.22871672526368658
hy_hierarchical__ni_k3_r4,R5,40324,6761,0.16766689812518598
hy_hierarchical__ni_k3_r4,NA,0,0,
hy_hierarchical__ni_k5_r1,L1,56961,5513,0.09678551991713628
hy_hierarchical__ni_k5_r1,L2,42151,6681,0.15850157766126546
hy_hierarchical__ni_k5_r1,L3,32568,7462,0.22912060918693195
hy_hierarchical__ni_k5_r1,L4,17383,5109,0.2939078409940747
hy_hierarchical__ni_k5_r1,L5,41112,9873,0.24014886164623467
hy_hierarchical__ni_k5_r1,R1,65498,3144,0.04800146569360896
hy_hierarchical__ni_k5_r1,R2,58395,6161,0.10550560835687987
hy_hierarchical__ni_k5_r1,R3,48125,7269,0.15104415584415584
hy_hierarchical__ni_k5_r1,R4,31856,6154,0.19318181818181818
hy_hierarchical__ni_k5_r1,R5,40324,5248,0.13014581886717588
hy_hierarchical__ni_k5_r1,NA,0,0,
hy_hierarchical__ni_k5_r2,L1,56961,5576,0.09789153982549463
hy_hierarchical__ni_k5_r2,L2,42151,6719,0.15940309838437997
hy_hierarchical__ni_k5_r2,L3,32568,7503,0.230379513633014
hy_hierarchical__ni_k5_r2,L4,17383,5132,0.295230972789507
hy_hierarchical__ni_k5_r2,L5,41112,9904,0.2409028993967698
hy_hierarchical__ni_k5_r2,R1,65498,3222,0.049192341750893154
hy_hierarchical__ni_k5_r2,R2,58395,6211,0.10636184604846305
hy_hierarchical__ni_k5_r2,R3,48125,7321,0.15212467532467533
hy_hierarchical__ni_k5_r2,R4,31856,6183,0.194092164741336
hy_hierarchical__ni_k5_r2,R5,40324,5287,0.13111298482293424
hy_hierarchical__ni_k5_r2,NA,0,0,
hy_hierarchical__ni_k5_r4,L1,56961,5664,0.09943645652288408
hy_hierarchical__ni_k5_r4,L2,42151,6786,0.16099262176460818
hy_hierarchical__ni_k5_r4,L3,32568,7569,0.2324060427413412
hy_hierarchical__ni_k5_r4,L4,17383,5159,0.2967842144624058
hy_hierarchical__ni_k5_r4,L5,41112,9983,0.24282447947071414
hy_hierarchical__ni_k5_r4,R1,65498,3364,0.051360346880820786
hy_hierarchical__ni_k5_r4,R2,58395,6314,0.10812569569312441
hy_hierarchical__ni_k5_r4,R3,48125,7430,0.15438961038961038
hy_hierarchical__ni_k5_r4,R4,31856,6255,0.19635233550979408
hy_hierarchical__ni_k5_r4,R5,40324,5378,0.1333697053863704
hy_hierarchical__ni_k5_r4,NA,0,0,
