{
  "metric/eval-loss": [
    2.601282835006714,
    6.5276970863342285,
    2.919337511062622,
    1.387892246246338,
    2.1720082759857178,
    3.42169451713562,
    1.2184607982635498,
    1.303842306137085,
    0.4078752398490906,
    0.4854297339916229,
    2.200068473815918,
    1.1433275938034058,
    0.37860578298568726,
    2.051698684692383
  ],
  "loss/onset": [
    0.016962040215730667,
    0.02234474942088127,
    0.02096172608435154,
    0.009726843796670437,
    0.007246595341712236,
    0.008478621020913124,
    0.011544052511453629,
    0.012289446778595448,
    0.0005758711486123502,
    0.0007007189560681581,
    0.03803174942731857,
    0.001318499562330544,
    0.0013762314338237047,
    0.016370564699172974
  ],
  "loss/offset": [
    0.011793185956776142,
    0.017692098394036293,
    0.014858510345220566,
    0.0038103903643786907,
    0.008007205091416836,
    0.01505687553435564,
    0.01093355379998684,
    0.014716750010848045,
    0.003115067956969142,
    0.002470024861395359,
    0.014615661464631557,
    0.0008147355983965099,
    0.004319442436099052,
    0.013592887669801712
  ],
  "loss/frame": [
    2.5591423511505127,
    6.476312637329102,
    2.8725333213806152,
    1.3616528511047363,
    2.1491637229919434,
    3.392892599105835,
    1.1850841045379639,
    1.2727186679840088,
    0.40046775341033936,
    0.48029011487960815,
    2.128121852874756,
    1.121160864830017,
    0.3624764382839203,
    2.0145976543426514
  ],
  "loss/velocity": [
    0.013385305181145668,
    0.011347695253789425,
    0.01098388247191906,
    0.01270213257521391,
    0.007590792141854763,
    0.005266517400741577,
    0.010899077169597149,
    0.00411747582256794,
    0.003716566599905491,
    0.0019688683096319437,
    0.019299330189824104,
    0.020033521577715874,
    0.010433660820126534,
    0.007137515116482973
  ],
  "metric/note/precision": [
    0.9574036511156186,
    0.957370159111378,
    0.9057471264367816,
    0.9816993464052287,
    0.9593147751605996,
    0.9441584158415841,
    0.9434167573449401,
    0.9322944653412144,
    1.0,
    1.0,
    0.9348370927318296,
    0.9822866344605475,
    1.0,
    0.9390018484288355
  ],
  "metric/note/recall": [
    0.25177809388335703,
    0.34110600064177987,
    0.23527070063694266,
    0.4518652226233454,
    0.3470178156467854,
    0.5493720474709067,
    0.3181651376146789,
    0.3448618564897635,
    0.8266666666666667,
    0.8383838383838383,
    0.16330998248686515,
    0.6380753138075314,
    0.6556291390728477,
    0.15259837789125863
  ],
  "metric/note/f1": [
    0.39870477263128257,
    0.5029968454258675,
    0.37351872333702,
    0.6188710341985991,
    0.5096700796359499,
    0.6945880981863208,
    0.47585071350164654,
    0.5034822983168892,
    0.9051094890510949,
    0.9120879120879121,
    0.2780469623555721,
    0.7736207989854154,
    0.792,
    0.262532299741602
  ],
  "metric/note/overlap": [
    0.10186094256503186,
    0.03033176546109538,
    0.08071640447651598,
    0.2498069318340196,
    0.16071973208171014,
    0.05078126865145954,
    0.25117950790042004,
    0.16662080502457216,
    0.3402847698145952,
    0.24152753550453748,
    0.2057712587668773,
    0.3289102333485666,
    0.26422959113947386,
    0.09604090106433001
  ],
  "metric/note-with-offsets/precision": [
    0.018255578093306288,
    0.005103572500750525,
    0.029885057471264367,
    0.06666666666666667,
    0.057815845824411134,
    0.021386138613861388,
    0.10990206746463548,
    0.12036539494895218,
    0.16129032258064516,
    0.0963855421686747,
    0.05513784461152882,
    0.20128824476650564,
    0.08080808080808081,
    0.04251386321626617
  ],
  "metric/note-with-offsets/recall": [
    0.004800853485064011,
    0.001818376296930153,
    0.007762738853503185,
    0.030685920577617327,
    0.020914020139426802,
    0.01244382993432423,
    0.03706422018348624,
    0.044523951500695685,
    0.13333333333333333,
    0.08080808080808081,
    0.009632224168126095,
    0.1307531380753138,
    0.052980132450331126,
    0.006908981676179033
  ],
  "metric/note-with-offsets/f1": [
    0.007602421512037168,
    0.0026813880126182964,
    0.012324221835993047,
    0.04202719406674907,
    0.030716723549488057,
    0.015733119673683446,
    0.05543358946212953,
    0.06500290191526407,
    0.145985401459854,
    0.08791208791208792,
    0.016399552739470743,
    0.15852885225110971,
    0.06399999999999999,
    0.011886304909560724
  ],
  "metric/note-with-offsets/overlap": [
    0.9233151936857447,
    0.844529442227622,
    0.9276967169643692,
    0.9004152751198963,
    0.9028283663480502,
    0.817371574997127,
    0.9360334760650372,
    0.7691998106060859,
    0.8824139233714774,
    0.8952037545787532,
    0.9341225833818069,
    0.9170991897353565,
    0.8862759820747496,
    0.9310426990528462
  ],
  "metric/note-with-velocity/precision": [
    0.7052062204192021,
    0.7208045631942359,
    0.6796934865900384,
    0.8954248366013072,
    0.8972162740899358,
    0.8635643564356436,
    0.794341675734494,
    0.8624395486297689,
    1.0,
    0.9759036144578314,
    0.6679197994987469,
    0.9484702093397746,
    1.0,
    0.8724584103512015
  ],
  "metric/note-with-velocity/recall": [
    0.1854551920341394,
    0.2568189111134881,
    0.17655254777070065,
    0.4121540312876053,
    0.3245546088303641,
    0.5024772439221108,
    0.26788990825688075,
    0.3190220632081097,
    0.8266666666666667,
    0.8181818181818182,
    0.11668126094570928,
    0.6161087866108786,
    0.6556291390728477,
    0.14178431961550014
  ],
  "metric/note-with-velocity/f1": [
    0.29367872729832467,
    0.3787066246056782,
    0.28029704534681626,
    0.5644829007004533,
    0.4766780432309443,
    0.6352975453419768,
    0.40065861690450055,
    0.4657573998839234,
    0.9051094890510949,
    0.8901098901098902,
    0.1986582184122251,
    0.746987951807229,
    0.792,
    0.24392764857881138
  ],
  "metric/note-with-velocity/overlap": [
    0.09742896431506703,
    0.03065092281649996,
    0.07679739595310298,
    0.251210508858201,
    0.15501246594469004,
    0.0520013157239249,
    0.24786874714208806,
    0.17064604610765416,
    0.3402847698145952,
    0.24684195104060744,
    0.2209476442725912,
    0.3336035929543292,
    0.26422959113947386,
    0.09867767794545095
  ],
  "metric/note-with-offsets-and-velocity/precision": [
    0.013522650439486139,
    0.004803362353647553,
    0.026053639846743294,
    0.06274509803921569,
    0.057815845824411134,
    0.020396039603960397,
    0.09357997823721437,
    0.11714132186996239,
    0.16129032258064516,
    0.0963855421686747,
    0.041353383458646614,
    0.1996779388083736,
    0.08080808080808081,
    0.04066543438077634
  ],
  "metric/note-with-offsets-and-velocity/recall": [
    0.0035561877667140826,
    0.0017114129853460264,
    0.006767515923566879,
    0.02888086642599278,
    0.020914020139426802,
    0.011867726696624035,
    0.03155963302752294,
    0.043331345656927055,
    0.13333333333333333,
    0.08080808080808081,
    0.007224168126094571,
    0.1297071129707113,
    0.052980132450331126,
    0.006608591168519075
  ],
  "metric/note-with-offsets-and-velocity/f1": [
    0.005631423342249753,
    0.0025236593059936906,
    0.010744193395481117,
    0.03955500618046972,
    0.030716723549488057,
    0.015004734503605507,
    0.04720087815587268,
    0.0632617527568195,
    0.145985401459854,
    0.08791208791208792,
    0.012299664554603056,
    0.15726062143310082,
    0.06399999999999999,
    0.011369509043927648
  ],
  "metric/note-with-offsets-and-velocity/overlap": [
    0.9148511358326352,
    0.8456820975842355,
    0.9183426536023525,
    0.9020196063821494,
    0.9028283663480502,
    0.8233537294076891,
    0.9335333015033624,
    0.7677404781762813,
    0.8824139233714774,
    0.8952037545787532,
    0.943767084573974,
    0.9171448355042615,
    0.8862759820747496,
    0.9506355490097937
  ],