{
  "metric/eval-loss": [
    0.3572258949279785,
    0.2589965760707855,
    0.22502849996089935,
    0.7290070056915283,
    0.11035911738872528,
    0.05055384710431099,
    0.30177927017211914,
    0.03088732622563839,
    0.004838661756366491,
    0.003967732191085815,
    0.3402501940727234,
    1.3747999668121338,
    0.008086005225777626,
    0.1355006992816925
  ],
  "loss/onset": [
    0.005178090650588274,
    0.013261032290756702,
    0.0057625314220786095,
    0.005560034420341253,
    0.0019567562267184258,
    0.0025399746373295784,
    0.003531367750838399,
    0.003999290522187948,
    9.207568655256182e-05,
    3.242820457671769e-05,
    0.011249128729104996,
    0.000749149126932025,
    0.0004044059896841645,
    0.004248256795108318
  ],
  "loss/offset": [
    0.0053903404623270035,
    0.015770703554153442,
    0.006728114560246468,
    0.0026689525693655014,
    0.004818888381123543,
    0.007097898982465267,
    0.0052095321007072926,
    0.00747158145532012,
    0.0009600878111086786,
    0.0006471725064329803,
    0.00849855225533247,
    0.0004596932849381119,
    0.0013604258419945836,
    0.0052698273211717606
  ],
  "loss/frame": [
    0.34136125445365906,
    0.22541028261184692,
    0.2082899659872055,
    0.7172905802726746,
    0.10085100680589676,
    0.038681820034980774,
    0.28903883695602417,
    0.01761479862034321,
    0.002718850038945675,
    0.00260744895786047,
    0.31303486227989197,
    1.3710715770721436,
    0.005184545647352934,
    0.12219874560832977
  ],
  "loss/velocity": [
    0.005296189337968826,
    0.004554556217044592,
    0.004247885663062334,
    0.0034874535631388426,
    0.0027324596885591745,
    0.002234154846519232,
    0.003999542444944382,
    0.0018016566755250096,
    0.0010676480596885085,
    0.0006806822493672371,
    0.0074676633812487125,
    0.002519445028156042,
    0.001136628445237875,
    0.003783864201977849
  ],
  "metric/note/precision": [
    0.958092485549133,
    0.9585295656724229,
    0.9446958270487682,
    0.9845938375350141,
    0.9035656401944895,
    0.9586572874244107,
    0.942630185348632,
    0.9887218045112782,
    1.0,
    1.0,
    0.9271396754692969,
    0.9818621523579202,
    0.9928057553956835,
    0.9101967799642218
  ],
  "metric/note/recall": [
    0.707325746799431,
    0.7837201839768959,
    0.7480095541401274,
    0.8459687123947052,
    0.8636715724244771,
    0.8950339900910244,
    0.7838532110091743,
    0.836414231763069,
    0.96,
    1.0,
    0.6379159369527145,
    0.8493723849372385,
    0.9139072847682119,
    0.764193451486933
  ],
  "metric/note/f1": [
    0.8138297872340426,
    0.8623550873889249,
    0.83492557209509,
    0.910032362459547,
    0.8831683168316832,
    0.9257537838159934,
    0.8559406932478462,
    0.9062129858942607,
    0.9795918367346939,
    1.0,
    0.7558033977434833,
    0.9108244531688166,
    0.9517241379310345,
    0.8308295231874591
  ],
  "metric/note/overlap": [
    0.558004547573794,
    0.5334470414703694,
    0.5854622278568081,
    0.44143553790756895,
    0.5611095404709345,
    0.7579591812212747,
    0.6247336293218623,
    0.8285757872196909,
    0.9027704699230179,
    0.898131287906263,
    0.5356221091843067,
    0.25823790227748034,
    0.854918571031235,
    0.6670554676341017
  ],
  "metric/note-with-offsets/precision": [
    0.36801541425818884,
    0.3782051282051282,
    0.42106586224233283,
    0.211484593837535,
    0.3371150729335494,
    0.6572874244107121,
    0.500882612533098,
    0.8277725563909775,
    0.8472222222222222,
    0.8585858585858586,
    0.3623926185173401,
    0.15840386940749698,
    0.7913669064748201,
    0.5184257602862254
  ],
  "metric/note-with-offsets/recall": [
    0.2716927453769559,
    0.3092309337897101,
    0.3333996815286624,
    0.18170878459687123,
    0.3222308288148722,
    0.6136651687982486,
    0.41651376146788993,
    0.7002583979328165,
    0.8133333333333334,
    0.8585858585858586,
    0.2493432574430823,
    0.13702928870292888,
    0.7284768211920529,
    0.43526584559927906
  ],
  "metric/note-with-offsets/f1": [
    0.31260229132569556,
    0.340257753192491,
    0.37213952455009996,
    0.1954692556634304,
    0.3295049504950495,
    0.6347276844237874,
    0.45481867361250256,
    0.7586949499300096,
    0.8299319727891157,
    0.8585858585858586,
    0.29542212423810144,
    0.14694335389792487,
    0.7586206896551724,
    0.47322011757021554
  ],
  "metric/note-with-offsets/overlap": [
    0.9721369351820666,
    0.9168156243686676,
    0.9325021260154138,
    0.8835268051384116,
    0.9594721626726006,
    0.9129052073420452,
    0.9723132949204002,
    0.890170454946451,
    0.9433651704858044,
    0.9607215784210934,
    0.9612261859912132,
    0.9776157553528589,
    0.9298794073642657,
    0.9717082598450434
  ],
  "metric/note-with-velocity/precision": [
    0.8805394990366089,
    0.9001831501831502,
    0.8926596279537456,
    0.9236694677871149,
    0.8614262560777958,
    0.9433543132173269,
    0.8781994704324801,
    0.974624060150376,
    1.0,
    1.0,
    0.785555202036271,
    0.9649334945586457,
    0.9928057553956835,
    0.8737030411449016
  ],
  "metric/note-with-velocity/recall": [
    0.6500711237553343,
    0.7360145470103754,
    0.7068073248407644,
    0.7936221419975933,
    0.8233927188226181,
    0.8807466297960594,
    0.7302752293577982,
    0.8244881733253826,
    0.96,
    1.0,
    0.5404991243432574,
    0.8347280334728033,
    0.9139072847682119,
    0.7335536197056173
  ],
  "metric/note-with-velocity/f1": [
    0.7479541734860884,
    0.8098628847172364,
    0.7889357920462119,
    0.8537216828478965,
    0.841980198019802,
    0.9109760457633178,
    0.7974353836906432,
    0.8932916980725746,
    0.9795918367346939,
    1.0,
    0.6403838672026975,
    0.8951205832865955,
    0.9517241379310345,
    0.7975179621162639
  ],
  "metric/note-with-velocity/overlap": [
    0.5719760415896191,
    0.5393567185943967,
    0.5893200692653913,
    0.4535615269736856,
    0.5641418929293945,
    0.7602932085431733,
    0.6368384867775883,
    0.83010790066565,
    0.9027704699230179,
    0.898131287906263,
    0.5465351026055413,
    0.2608189622001188,
    0.854918571031235,
    0.669502578067312
  ],
  "metric/note-with-offsets-and-velocity/precision": [
    0.3504335260115607,
    0.35949764521193095,
    0.3996983408748115,
    0.20798319327731093,
    0.3241491085899514,
    0.6491422929779094,
    0.4801412180052957,
    0.8171992481203008,
    0.8472222222222222,
    0.8585858585858586,
    0.3245307031498568,
    0.15598548972188633,
    0.7913669064748201,
    0.5001788908765653
  ],
  "metric/note-with-offsets-and-velocity/recall": [
    0.2587126600284495,
    0.29393518023318,
    0.31648089171974525,
    0.17870036101083034,
    0.30983733539891556,
    0.6060606060606061,
    0.39926605504587154,
    0.6913138541045518,
    0.8133333333333334,
    0.8585858585858586,
    0.22329246935201402,
    0.13493723849372385,
    0.7284768211920529,
    0.4199459297086212
  ],
  "metric/note-with-offsets-and-velocity/f1": [
    0.29766775777414073,
    0.32342729359147887,
    0.35325483225949794,
    0.19223300970873788,
    0.31683168316831684,
    0.626862114169944,
    0.4359847725906632,
    0.749003984063745,
    0.8299319727891157,
    0.8585858585858586,
    0.2645571261833744,
    0.14469994391475044,
    0.7586206896551724,
    0.4565643370346179
  ],
  "metric/note-with-offsets-and-velocity/overlap": [
    0.9723259023093836,
    0.9168552904453501,
    0.9333342982436285,
    0.8833500617705689,
    0.9592175050920132,
    0.913624887677614,
    0.9725518918106322,
    0.8909831973534769,
    0.9433651704858044,
    0.9607215784210934,
    0.9602248874384498,
    0.9773009400363112,
    0.9298794073642657,
    0.9723228214625602
  ],