{
  "metric/eval-loss": [
    4.323122024536133,
    5.78705358505249,
    4.772153854370117,
    2.47686767578125,
    0.9091288447380066,
    2.6265642642974854,
    1.5859508514404297,
    2.270026445388794,
    0.10947824269533157,
    0.4781268537044525,
    1.768261194229126,
    1.0599262714385986,
    0.048132024705410004,
    2.214891195297241
  ],
  "loss/onset": [
    0.009596806019544601,
    0.017302216961979866,
    0.010811840184032917,
    0.00872652605175972,
    0.0031678262166678905,
    0.009071082808077335,
    0.009271628223359585,
    0.014897944405674934,
    0.001851214561611414,
    0.0022129183635115623,
    0.02050001733005047,
    0.0014083771966397762,
    0.0012104768538847566,
    0.010142648592591286
  ],
  "loss/offset": [
    0.02122422307729721,
    0.03581484779715538,
    0.03063032031059265,
    0.00551944924518466,
    0.010415280237793922,
    0.03035871870815754,
    0.02063213288784027,
    0.03158276155591011,
    0.0024086327757686377,
    0.0038032943848520517,
    0.027261683717370033,
    0.0008041168912313879,
    0.0029971550684422255,
    0.022285331040620804
  ],
  "loss/frame": [
    4.2706499099731445,
    5.718784332275391,
    4.719513893127441,
    2.4594898223876953,
    0.8928025364875793,
    2.581265687942505,
    1.544646978378296,
    2.2185373306274414,
    0.09952964633703232,
    0.46939849853515625,
    1.7110029458999634,
    1.046350359916687,
    0.038689956068992615,
    2.172841787338257
  ],
  "loss/velocity": [
    0.02165110595524311,
    0.015151931904256344,
    0.011197720654308796,
    0.003131919540464878,
    0.0027431596536189318,
    0.0058686016127467155,
    0.01140014547854662,
    0.005008420906960964,
    0.005688747391104698,
    0.002712140791118145,
    0.009496568702161312,
    0.011363363824784756,
    0.0052344342693686485,
    0.009621485136449337
  ],
  "metric/note/precision": [
    0.7907725321888412,
    0.789312196369215,
    0.7446708831107988,
    0.6401015228426395,
    0.8504672897196262,
    0.5848311277898479,
    0.7230070635721494,
    0.5730221383216063,
    0.3541666666666667,
    0.3865546218487395,
    0.7761194029850746,
    0.7396984924623116,
    0.6035242290748899,
    0.7887700534759359
  ],
  "metric/note/recall": [
    0.5241820768136558,
    0.6603914857203979,
    0.6327627388535032,
    0.7587244283995187,
    0.7048799380325329,
    0.682336674732112,
    0.5258715596330276,
    0.6636851520572451,
    0.9066666666666666,
    0.9292929292929293,
    0.43257443082311736,
    0.7698744769874477,
    0.9072847682119205,
    0.44307599879843795
  ],
  "metric/note/f1": [
    0.630453378956373,
    0.7191194455768446,
    0.6841708813085118,
    0.6943832599118942,
    0.7708598051673019,
    0.6298324913586812,
    0.6088803909071596,
    0.615030392337447,
    0.5093632958801498,
    0.5459940652818991,
    0.5555243182457127,
    0.7544848795489493,
    0.7248677248677249,
    0.5674168109251779
  ],
  "metric/note/overlap": [
    0.05820109060759692,
    0.018689894633303235,
    0.035406306362254086,
    0.20789763076241197,
    0.15243088160492532,
    0.03712285339765266,
    0.1650930522120051,
    0.017117415140997953,
    0.35140906959829465,
    0.07452475112559875,
    0.1344205206713512,
    0.2554055043594022,
    0.4482033804348517,
    0.06828816141532944
  ],
  "metric/note-with-offsets/precision": [
    0.006437768240343348,
    0.0021733571976476603,
    0.0016397282736003748,
    0.04517766497461929,
    0.028037383177570093,
    0.006320363420896702,
    0.03229061553985873,
    0.006692980950746525,
    0.010416666666666666,
    0.0,
    0.024351924587588374,
    0.09246231155778895,
    0.1013215859030837,
    0.009625668449197862
  ],
  "metric/note-with-offsets/recall": [
    0.004267425320056899,
    0.001818376296930153,
    0.001393312101910828,
    0.05354993983152828,
    0.023237800154918668,
    0.0073741214425625074,
    0.02348623853211009,
    0.007751937984496124,
    0.02666666666666667,
    0.0,
    0.013572679509632224,
    0.09623430962343096,
    0.152317880794702,
    0.0054070291378792434
  ],
  "metric/note-with-offsets/f1": [
    0.0051325919589392645,
    0.0019800826975714864,
    0.0015065102765522435,
    0.049008810572687224,
    0.025412960609911054,
    0.006806700345652752,
    0.027193541533885705,
    0.007183643396573955,
    0.014981273408239699,
    0.0,
    0.01743041889232499,
    0.09431060994361866,
    0.12169312169312169,
    0.006924408540103866
  ],
  "metric/note-with-offsets/overlap": [
    0.8432905535228121,
    0.7448425948461804,
    0.6716208222418735,
    0.9042022719203967,
    0.9282024159979849,
    0.7427485370049272,
    0.9052001491772994,
    0.5779202279201126,
    0.9200968523002453,
    0.0,
    0.8953617599910504,
    0.9359287332389477,
    0.8983167239574555,
    0.8735174997921606
  ],
  "metric/note-with-velocity/precision": [
    0.5598175965665236,
    0.5801585272308872,
    0.5832747716092762,
    0.5350253807106599,
    0.814018691588785,
    0.5401935611297649,
    0.5898082744702321,
    0.5270293461472456,
    0.3489583333333333,
    0.3865546218487395,
    0.5958366064414768,
    0.7256281407035176,
    0.6035242290748899,
    0.7352941176470589
  ],
  "metric/note-with-velocity/recall": [
    0.37108819345661453,
    0.4853995079687667,
    0.49562101910828027,
    0.6341756919374247,
    0.6746707978311387,
    0.6302569420440143,
    0.4289908256880734,
    0.6104154243689127,
    0.8933333333333333,
    0.9292929292929293,
    0.33209281961471104,
    0.7552301255230126,
    0.9072847682119205,
    0.4130369480324422
  ],
  "metric/note-with-velocity/f1": [
    0.4463216424294269,
    0.5285656047987887,
    0.5358872269450125,
    0.580396475770925,
    0.7378229563744177,
    0.5817601701675086,
    0.49670703207988104,
    0.5656658684840671,
    0.50187265917603,
    0.5459940652818991,
    0.42648299128479056,
    0.7401332649923116,
    0.7248677248677249,
    0.5289478745912676
  ],
  "metric/note-with-velocity/overlap": [
    0.06902621018232047,
    0.022517269180551358,
    0.03763777816574326,
    0.22333171829585216,
    0.1539056514708537,
    0.03850057157805448,
    0.18233668153790678,
    0.01815331651096807,
    0.3502968777128076,
    0.07452475112559875,
    0.14910228501831516,
    0.25481463928123677,
    0.4482033804348517,
    0.07013420247263663
  ],
  "metric/note-with-offsets-and-velocity/precision": [
    0.005901287553648069,
    0.0021733571976476603,
    0.0016397282736003748,
    0.04517766497461929,
    0.026168224299065422,
    0.006320363420896702,
    0.030272452068617558,
    0.006692980950746525,
    0.010416666666666666,
    0.0,
    0.022388059701492536,
    0.09045226130653267,
    0.1013215859030837,
    0.009625668449197862
  ],
  "metric/note-with-offsets-and-velocity/recall": [
    0.0039118065433854906,
    0.001818376296930153,
    0.001393312101910828,
    0.05354993983152828,
    0.021688613477924088,
    0.0073741214425625074,
    0.022018348623853212,
    0.007751937984496124,
    0.02666666666666667,
    0.0,
    0.012478108581436076,
    0.09414225941422594,
    0.152317880794702,
    0.0054070291378792434
  ],
  "metric/note-with-offsets-and-velocity/f1": [
    0.004704875962360992,
    0.0019800826975714864,
    0.0015065102765522435,
    0.049008810572687224,
    0.02371876323591698,
    0.006806700345652752,
    0.025493945188017845,
    0.007183643396573955,
    0.014981273408239699,
    0.0,
    0.016024739949395555,
    0.09226037929267043,
    0.12169312169312169,
    0.006924408540103866
  ],
  "metric/note-with-offsets-and-velocity/overlap": [
    0.8445411785015696,
    0.7448425948461804,
    0.6716208222418735,
    0.9042022719203967,
    0.9239594952989035,
    0.7427485370049272,
    0.9061681229652933,
    0.5779202279201126,
    0.9200968523002453,
    0.0,
    0.8919570303973041,
    0.9370589948622402,
    0.8983167239574555,
    0.8735174997921606
  ],